Date,Expiry,Option Type,Strike Price,LTP,Open Interest,Underlying Value
29-Dec-2025,03-Feb-2026,CE,24300.0,,,25942.1
29-Dec-2025,03-Feb-2026,CE,24350.0,,,25942.1
29-Dec-2025,03-Feb-2026,CE,24400.0,,,25942.1
29-Dec-2025,03-Feb-2026,CE,24450.0,,,25942.1
29-Dec-2025,03-Feb-2026,CE,24500.0,,,25942.1
29-Dec-2025,03-Feb-2026,CE,24550.0,,,25942.1
29-Dec-2025,03-Feb-2026,CE,24600.0,,,25942.1
29-Dec-2025,03-Feb-2026,CE,24650.0,,,25942.1
29-Dec-2025,03-Feb-2026,CE,24700.0,,,25942.1
29-Dec-2025,03-Feb-2026,CE,24750.0,,,25942.1
29-Dec-2025,03-Feb-2026,CE,24800.0,,,25942.1
29-Dec-2025,03-Feb-2026,CE,24850.0,,,25942.1
29-Dec-2025,03-Feb-2026,CE,24900.0,,,25942.1
29-Dec-2025,03-Feb-2026,CE,24950.0,,,25942.1
29-Dec-2025,03-Feb-2026,CE,25000.0,,,25942.1
29-Dec-2025,03-Feb-2026,CE,25050.0,,,25942.1
29-Dec-2025,03-Feb-2026,CE,25100.0,,,25942.1
29-Dec-2025,03-Feb-2026,CE,25150.0,,,25942.1
29-Dec-2025,03-Feb-2026,CE,25200.0,,,25942.1
29-Dec-2025,03-Feb-2026,CE,25250.0,,,25942.1
29-Dec-2025,03-Feb-2026,CE,25300.0,,,25942.1
29-Dec-2025,03-Feb-2026,CE,25350.0,,,25942.1
29-Dec-2025,03-Feb-2026,CE,25400.0,,,25942.1
29-Dec-2025,03-Feb-2026,CE,25450.0,,,25942.1
29-Dec-2025,03-Feb-2026,CE,25500.0,,,25942.1
29-Dec-2025,03-Feb-2026,CE,25550.0,,,25942.1
29-Dec-2025,03-Feb-2026,CE,25600.0,,,25942.1
29-Dec-2025,03-Feb-2026,CE,25650.0,,,25942.1
29-Dec-2025,03-Feb-2026,CE,25700.0,704.55,845.0,25942.1
29-Dec-2025,03-Feb-2026,CE,25750.0,,,25942.1
29-Dec-2025,03-Feb-2026,CE,25800.0,570.0,65.0,25942.1
29-Dec-2025,03-Feb-2026,CE,25850.0,,,25942.1
29-Dec-2025,03-Feb-2026,CE,25900.0,488.05,325.0,25942.1
29-Dec-2025,03-Feb-2026,CE,25950.0,477.85,455.0,25942.1
29-Dec-2025,03-Feb-2026,CE,26000.0,437.45,7540.0,25942.1
29-Dec-2025,03-Feb-2026,CE,26050.0,396.8,130.0,25942.1
29-Dec-2025,03-Feb-2026,CE,26100.0,372.35,455.0,25942.1
29-Dec-2025,03-Feb-2026,CE,26150.0,337.0,65.0,25942.1
29-Dec-2025,03-Feb-2026,CE,26200.0,338.95,1495.0,25942.1
29-Dec-2025,03-Feb-2026,CE,26250.0,,,25942.1
29-Dec-2025,03-Feb-2026,CE,26300.0,263.9,260.0,25942.1
29-Dec-2025,03-Feb-2026,CE,26350.0,,,25942.1
29-Dec-2025,03-Feb-2026,CE,26400.0,218.05,1755.0,25942.1
29-Dec-2025,03-Feb-2026,CE,26450.0,246.65,65.0,25942.1
29-Dec-2025,03-Feb-2026,CE,26500.0,188.0,15015.0,25942.1
29-Dec-2025,03-Feb-2026,CE,26550.0,,,25942.1
29-Dec-2025,03-Feb-2026,CE,26600.0,,,25942.1
29-Dec-2025,03-Feb-2026,CE,26650.0,,,25942.1
29-Dec-2025,03-Feb-2026,CE,26700.0,,,25942.1
29-Dec-2025,03-Feb-2026,CE,26750.0,,,25942.1
29-Dec-2025,03-Feb-2026,CE,26800.0,,,25942.1
29-Dec-2025,03-Feb-2026,CE,26850.0,75.15,650.0,25942.1
29-Dec-2025,03-Feb-2026,CE,26900.0,,,25942.1
29-Dec-2025,03-Feb-2026,CE,26950.0,,,25942.1
29-Dec-2025,03-Feb-2026,CE,27000.0,65.0,12935.0,25942.1
29-Dec-2025,03-Feb-2026,CE,27050.0,,,25942.1
29-Dec-2025,03-Feb-2026,CE,27100.0,,,25942.1
29-Dec-2025,03-Feb-2026,CE,27150.0,,,25942.1
29-Dec-2025,03-Feb-2026,CE,27200.0,,,25942.1
29-Dec-2025,03-Feb-2026,CE,27250.0,,,25942.1
29-Dec-2025,03-Feb-2026,CE,27300.0,,,25942.1
29-Dec-2025,03-Feb-2026,CE,27350.0,,,25942.1
29-Dec-2025,03-Feb-2026,CE,27400.0,,,25942.1
29-Dec-2025,03-Feb-2026,CE,27450.0,,,25942.1
29-Dec-2025,03-Feb-2026,CE,27500.0,,,25942.1
29-Dec-2025,03-Feb-2026,CE,27550.0,,,25942.1
29-Dec-2025,03-Feb-2026,CE,27600.0,,,25942.1
29-Dec-2025,03-Feb-2026,CE,27650.0,,,25942.1
29-Dec-2025,03-Feb-2026,CE,27700.0,,,25942.1
29-Dec-2025,03-Feb-2026,CE,27750.0,,,25942.1
29-Dec-2025,03-Feb-2026,CE,27800.0,11.65,4225.0,25942.1
29-Dec-2025,03-Feb-2026,CE,27850.0,,,25942.1
29-Dec-2025,03-Feb-2026,CE,27900.0,,,25942.1
29-Dec-2025,03-Feb-2026,CE,27950.0,10.75,2600.0,25942.1
29-Dec-2025,03-Feb-2026,PE,24300.0,,,25942.1
29-Dec-2025,03-Feb-2026,PE,24350.0,,,25942.1
29-Dec-2025,03-Feb-2026,PE,24400.0,,,25942.1
29-Dec-2025,03-Feb-2026,PE,24450.0,,,25942.1
29-Dec-2025,03-Feb-2026,PE,24500.0,19.25,5070.0,25942.1
29-Dec-2025,03-Feb-2026,PE,24550.0,,,25942.1
29-Dec-2025,03-Feb-2026,PE,24600.0,,,25942.1
29-Dec-2025,03-Feb-2026,PE,24650.0,,,25942.1
29-Dec-2025,03-Feb-2026,PE,24700.0,,,25942.1
29-Dec-2025,03-Feb-2026,PE,24750.0,,,25942.1
29-Dec-2025,03-Feb-2026,PE,24800.0,,,25942.1
29-Dec-2025,03-Feb-2026,PE,24850.0,,,25942.1
29-Dec-2025,03-Feb-2026,PE,24900.0,,,25942.1
29-Dec-2025,03-Feb-2026,PE,24950.0,,,25942.1
29-Dec-2025,03-Feb-2026,PE,25000.0,50.0,16575.0,25942.1
29-Dec-2025,03-Feb-2026,PE,25050.0,,,25942.1
29-Dec-2025,03-Feb-2026,PE,25100.0,,,25942.1
29-Dec-2025,03-Feb-2026,PE,25150.0,,,25942.1
29-Dec-2025,03-Feb-2026,PE,25200.0,,,25942.1
29-Dec-2025,03-Feb-2026,PE,25250.0,,,25942.1
29-Dec-2025,03-Feb-2026,PE,25300.0,,,25942.1
29-Dec-2025,03-Feb-2026,PE,25350.0,,,25942.1
29-Dec-2025,03-Feb-2026,PE,25400.0,,,25942.1
29-Dec-2025,03-Feb-2026,PE,25450.0,,,25942.1
29-Dec-2025,03-Feb-2026,PE,25500.0,111.95,18785.0,25942.1
29-Dec-2025,03-Feb-2026,PE,25550.0,,,25942.1
29-Dec-2025,03-Feb-2026,PE,25600.0,,,25942.1
29-Dec-2025,03-Feb-2026,PE,25650.0,,,25942.1
29-Dec-2025,03-Feb-2026,PE,25700.0,,,25942.1
29-Dec-2025,03-Feb-2026,PE,25750.0,,,25942.1
29-Dec-2025,03-Feb-2026,PE,25800.0,,,25942.1
29-Dec-2025,03-Feb-2026,PE,25850.0,,,25942.1
29-Dec-2025,03-Feb-2026,PE,25900.0,210.8,1690.0,25942.1
29-Dec-2025,03-Feb-2026,PE,25950.0,,,25942.1
29-Dec-2025,03-Feb-2026,PE,26000.0,247.5,6565.0,25942.1
29-Dec-2025,03-Feb-2026,PE,26050.0,,,25942.1
29-Dec-2025,03-Feb-2026,PE,26100.0,,,25942.1
29-Dec-2025,03-Feb-2026,PE,26150.0,,,25942.1
29-Dec-2025,03-Feb-2026,PE,26200.0,334.0,1235.0,25942.1
29-Dec-2025,03-Feb-2026,PE,26250.0,309.5,130.0,25942.1
29-Dec-2025,03-Feb-2026,PE,26300.0,337.0,1495.0,25942.1
29-Dec-2025,03-Feb-2026,PE,26350.0,,,25942.1
29-Dec-2025,03-Feb-2026,PE,26400.0,434.45,1300.0,25942.1
29-Dec-2025,03-Feb-2026,PE,26450.0,,,25942.1
29-Dec-2025,03-Feb-2026,PE,26500.0,478.4,650.0,25942.1
29-Dec-2025,03-Feb-2026,PE,26550.0,,,25942.1
29-Dec-2025,03-Feb-2026,PE,26600.0,,,25942.1
29-Dec-2025,03-Feb-2026,PE,26650.0,,,25942.1
29-Dec-2025,03-Feb-2026,PE,26700.0,,,25942.1
29-Dec-2025,03-Feb-2026,PE,26750.0,,,25942.1
29-Dec-2025,03-Feb-2026,PE,26800.0,,,25942.1
29-Dec-2025,03-Feb-2026,PE,26850.0,,,25942.1
29-Dec-2025,03-Feb-2026,PE,26900.0,,,25942.1
29-Dec-2025,03-Feb-2026,PE,26950.0,,,25942.1
29-Dec-2025,03-Feb-2026,PE,27000.0,,,25942.1
29-Dec-2025,03-Feb-2026,PE,27050.0,890.0,130.0,25942.1
29-Dec-2025,03-Feb-2026,PE,27100.0,,,25942.1
29-Dec-2025,03-Feb-2026,PE,27150.0,,,25942.1
29-Dec-2025,03-Feb-2026,PE,27200.0,,,25942.1
29-Dec-2025,03-Feb-2026,PE,27250.0,,,25942.1
29-Dec-2025,03-Feb-2026,PE,27300.0,,,25942.1
29-Dec-2025,03-Feb-2026,PE,27350.0,,,25942.1
29-Dec-2025,03-Feb-2026,PE,27400.0,,,25942.1
29-Dec-2025,03-Feb-2026,PE,27450.0,,,25942.1
29-Dec-2025,03-Feb-2026,PE,27500.0,,,25942.1
29-Dec-2025,03-Feb-2026,PE,27550.0,,,25942.1
29-Dec-2025,03-Feb-2026,PE,27600.0,,,25942.1
29-Dec-2025,03-Feb-2026,PE,27650.0,,,25942.1
29-Dec-2025,03-Feb-2026,PE,27700.0,,,25942.1
29-Dec-2025,03-Feb-2026,PE,27750.0,,,25942.1
29-Dec-2025,03-Feb-2026,PE,27800.0,,,25942.1
29-Dec-2025,03-Feb-2026,PE,27850.0,,,25942.1
29-Dec-2025,03-Feb-2026,PE,27900.0,,,25942.1
29-Dec-2025,03-Feb-2026,PE,27950.0,,,25942.1
30-Dec-2025,03-Feb-2026,CE,24200.0,,,25938.85
30-Dec-2025,03-Feb-2026,CE,24250.0,,,25938.85
30-Dec-2025,03-Feb-2026,CE,24300.0,,,25938.85
30-Dec-2025,03-Feb-2026,CE,24350.0,,,25938.85
30-Dec-2025,03-Feb-2026,CE,24400.0,,,25938.85
30-Dec-2025,03-Feb-2026,CE,24450.0,,,25938.85
30-Dec-2025,03-Feb-2026,CE,24500.0,,,25938.85
30-Dec-2025,03-Feb-2026,CE,24550.0,,,25938.85
30-Dec-2025,03-Feb-2026,CE,24600.0,,,25938.85
30-Dec-2025,03-Feb-2026,CE,24650.0,,,25938.85
30-Dec-2025,03-Feb-2026,CE,24700.0,,,25938.85
30-Dec-2025,03-Feb-2026,CE,24750.0,,,25938.85
30-Dec-2025,03-Feb-2026,CE,24800.0,,,25938.85
30-Dec-2025,03-Feb-2026,CE,24850.0,,,25938.85
30-Dec-2025,03-Feb-2026,CE,24900.0,,,25938.85
30-Dec-2025,03-Feb-2026,CE,24950.0,,,25938.85
30-Dec-2025,03-Feb-2026,CE,25000.0,,,25938.85
30-Dec-2025,03-Feb-2026,CE,25050.0,,,25938.85
30-Dec-2025,03-Feb-2026,CE,25100.0,,,25938.85
30-Dec-2025,03-Feb-2026,CE,25150.0,,,25938.85
30-Dec-2025,03-Feb-2026,CE,25200.0,,,25938.85
30-Dec-2025,03-Feb-2026,CE,25250.0,,,25938.85
30-Dec-2025,03-Feb-2026,CE,25300.0,,,25938.85
30-Dec-2025,03-Feb-2026,CE,25350.0,,,25938.85
30-Dec-2025,03-Feb-2026,CE,25400.0,,,25938.85
30-Dec-2025,03-Feb-2026,CE,25450.0,,,25938.85
30-Dec-2025,03-Feb-2026,CE,25500.0,,,25938.85
30-Dec-2025,03-Feb-2026,CE,25550.0,,,25938.85
30-Dec-2025,03-Feb-2026,CE,25600.0,,,25938.85
30-Dec-2025,03-Feb-2026,CE,25650.0,,,25938.85
30-Dec-2025,03-Feb-2026,CE,25700.0,610.0,1040.0,25938.85
30-Dec-2025,03-Feb-2026,CE,25750.0,,,25938.85
30-Dec-2025,03-Feb-2026,CE,25800.0,570.0,65.0,25938.85
30-Dec-2025,03-Feb-2026,CE,25850.0,,,25938.85
30-Dec-2025,03-Feb-2026,CE,25900.0,482.7,1625.0,25938.85
30-Dec-2025,03-Feb-2026,CE,25950.0,452.85,715.0,25938.85
30-Dec-2025,03-Feb-2026,CE,26000.0,429.75,14560.0,25938.85
30-Dec-2025,03-Feb-2026,CE,26050.0,396.8,130.0,25938.85
30-Dec-2025,03-Feb-2026,CE,26100.0,369.6,1300.0,25938.85
30-Dec-2025,03-Feb-2026,CE,26150.0,325.0,260.0,25938.85
30-Dec-2025,03-Feb-2026,CE,26200.0,319.95,2405.0,25938.85
30-Dec-2025,03-Feb-2026,CE,26250.0,,,25938.85
30-Dec-2025,03-Feb-2026,CE,26300.0,259.7,10140.0,25938.85
30-Dec-2025,03-Feb-2026,CE,26350.0,,,25938.85
30-Dec-2025,03-Feb-2026,CE,26400.0,227.4,2210.0,25938.85
30-Dec-2025,03-Feb-2026,CE,26450.0,196.2,65.0,25938.85
30-Dec-2025,03-Feb-2026,CE,26500.0,184.5,33670.0,25938.85
30-Dec-2025,03-Feb-2026,CE,26550.0,,,25938.85
30-Dec-2025,03-Feb-2026,CE,26600.0,,,25938.85
30-Dec-2025,03-Feb-2026,CE,26650.0,,,25938.85
30-Dec-2025,03-Feb-2026,CE,26700.0,,,25938.85
30-Dec-2025,03-Feb-2026,CE,26750.0,,,25938.85
30-Dec-2025,03-Feb-2026,CE,26800.0,,,25938.85
30-Dec-2025,03-Feb-2026,CE,26850.0,81.7,845.0,25938.85
30-Dec-2025,03-Feb-2026,CE,26900.0,,,25938.85
30-Dec-2025,03-Feb-2026,CE,26950.0,,,25938.85
30-Dec-2025,03-Feb-2026,CE,27000.0,60.25,28860.0,25938.85
30-Dec-2025,03-Feb-2026,CE,27050.0,,,25938.85
30-Dec-2025,03-Feb-2026,CE,27100.0,,,25938.85
30-Dec-2025,03-Feb-2026,CE,27150.0,,,25938.85
30-Dec-2025,03-Feb-2026,CE,27200.0,,,25938.85
30-Dec-2025,03-Feb-2026,CE,27250.0,,,25938.85
30-Dec-2025,03-Feb-2026,CE,27300.0,,,25938.85
30-Dec-2025,03-Feb-2026,CE,27350.0,,,25938.85
30-Dec-2025,03-Feb-2026,CE,27400.0,,,25938.85
30-Dec-2025,03-Feb-2026,CE,27450.0,,,25938.85
30-Dec-2025,03-Feb-2026,CE,27500.0,,,25938.85
30-Dec-2025,03-Feb-2026,CE,27550.0,,,25938.85
30-Dec-2025,03-Feb-2026,CE,27600.0,,,25938.85
30-Dec-2025,03-Feb-2026,CE,27650.0,,,25938.85
30-Dec-2025,03-Feb-2026,CE,27700.0,,,25938.85
30-Dec-2025,03-Feb-2026,CE,27750.0,,,25938.85
30-Dec-2025,03-Feb-2026,CE,27800.0,11.6,6695.0,25938.85
30-Dec-2025,03-Feb-2026,CE,27850.0,,,25938.85
30-Dec-2025,03-Feb-2026,CE,27900.0,7.3,,25938.85
30-Dec-2025,03-Feb-2026,CE,27950.0,10.5,3185.0,25938.85
30-Dec-2025,03-Feb-2026,PE,24200.0,,,25938.85
30-Dec-2025,03-Feb-2026,PE,24250.0,,,25938.85
30-Dec-2025,03-Feb-2026,PE,24300.0,,,25938.85
30-Dec-2025,03-Feb-2026,PE,24350.0,,,25938.85
30-Dec-2025,03-Feb-2026,PE,24400.0,,,25938.85
30-Dec-2025,03-Feb-2026,PE,24450.0,,,25938.85
30-Dec-2025,03-Feb-2026,PE,24500.0,19.4,6370.0,25938.85
30-Dec-2025,03-Feb-2026,PE,24550.0,,,25938.85
30-Dec-2025,03-Feb-2026,PE,24600.0,,,25938.85
30-Dec-2025,03-Feb-2026,PE,24650.0,,,25938.85
30-Dec-2025,03-Feb-2026,PE,24700.0,,,25938.85
30-Dec-2025,03-Feb-2026,PE,24750.0,,,25938.85
30-Dec-2025,03-Feb-2026,PE,24800.0,,,25938.85
30-Dec-2025,03-Feb-2026,PE,24850.0,,,25938.85
30-Dec-2025,03-Feb-2026,PE,24900.0,,,25938.85
30-Dec-2025,03-Feb-2026,PE,24950.0,,,25938.85
30-Dec-2025,03-Feb-2026,PE,25000.0,43.35,27495.0,25938.85
30-Dec-2025,03-Feb-2026,PE,25050.0,,,25938.85
30-Dec-2025,03-Feb-2026,PE,25100.0,,,25938.85
30-Dec-2025,03-Feb-2026,PE,25150.0,,,25938.85
30-Dec-2025,03-Feb-2026,PE,25200.0,,,25938.85
30-Dec-2025,03-Feb-2026,PE,25250.0,,,25938.85
30-Dec-2025,03-Feb-2026,PE,25300.0,,,25938.85
30-Dec-2025,03-Feb-2026,PE,25350.0,,,25938.85
30-Dec-2025,03-Feb-2026,PE,25400.0,,,25938.85
30-Dec-2025,03-Feb-2026,PE,25450.0,,,25938.85
30-Dec-2025,03-Feb-2026,PE,25500.0,107.75,23010.0,25938.85
30-Dec-2025,03-Feb-2026,PE,25550.0,,,25938.85
30-Dec-2025,03-Feb-2026,PE,25600.0,,,25938.85
30-Dec-2025,03-Feb-2026,PE,25650.0,,,25938.85
30-Dec-2025,03-Feb-2026,PE,25700.0,,,25938.85
30-Dec-2025,03-Feb-2026,PE,25750.0,,,25938.85
30-Dec-2025,03-Feb-2026,PE,25800.0,,,25938.85
30-Dec-2025,03-Feb-2026,PE,25850.0,200.95,130.0,25938.85
30-Dec-2025,03-Feb-2026,PE,25900.0,215.15,2860.0,25938.85
30-Dec-2025,03-Feb-2026,PE,25950.0,221.5,650.0,25938.85
30-Dec-2025,03-Feb-2026,PE,26000.0,239.8,13130.0,25938.85
30-Dec-2025,03-Feb-2026,PE,26050.0,,,25938.85
30-Dec-2025,03-Feb-2026,PE,26100.0,315.0,910.0,25938.85
30-Dec-2025,03-Feb-2026,PE,26150.0,,,25938.85
30-Dec-2025,03-Feb-2026,PE,26200.0,320.4,1495.0,25938.85
30-Dec-2025,03-Feb-2026,PE,26250.0,309.5,130.0,25938.85
30-Dec-2025,03-Feb-2026,PE,26300.0,337.0,1495.0,25938.85
30-Dec-2025,03-Feb-2026,PE,26350.0,,,25938.85
30-Dec-2025,03-Feb-2026,PE,26400.0,447.2,1040.0,25938.85
30-Dec-2025,03-Feb-2026,PE,26450.0,,,25938.85
30-Dec-2025,03-Feb-2026,PE,26500.0,501.0,715.0,25938.85
30-Dec-2025,03-Feb-2026,PE,26550.0,,,25938.85
30-Dec-2025,03-Feb-2026,PE,26600.0,,,25938.85
30-Dec-2025,03-Feb-2026,PE,26650.0,,,25938.85
30-Dec-2025,03-Feb-2026,PE,26700.0,,,25938.85
30-Dec-2025,03-Feb-2026,PE,26750.0,,,25938.85
30-Dec-2025,03-Feb-2026,PE,26800.0,,,25938.85
30-Dec-2025,03-Feb-2026,PE,26850.0,,,25938.85
30-Dec-2025,03-Feb-2026,PE,26900.0,,,25938.85
30-Dec-2025,03-Feb-2026,PE,26950.0,,,25938.85
30-Dec-2025,03-Feb-2026,PE,27000.0,,,25938.85
30-Dec-2025,03-Feb-2026,PE,27050.0,950.0,325.0,25938.85
30-Dec-2025,03-Feb-2026,PE,27100.0,,,25938.85
30-Dec-2025,03-Feb-2026,PE,27150.0,,,25938.85
30-Dec-2025,03-Feb-2026,PE,27200.0,,,25938.85
30-Dec-2025,03-Feb-2026,PE,27250.0,,,25938.85
30-Dec-2025,03-Feb-2026,PE,27300.0,,,25938.85
30-Dec-2025,03-Feb-2026,PE,27350.0,,,25938.85
30-Dec-2025,03-Feb-2026,PE,27400.0,,,25938.85
30-Dec-2025,03-Feb-2026,PE,27450.0,,,25938.85
30-Dec-2025,03-Feb-2026,PE,27500.0,,,25938.85
30-Dec-2025,03-Feb-2026,PE,27550.0,,,25938.85
30-Dec-2025,03-Feb-2026,PE,27600.0,,,25938.85
30-Dec-2025,03-Feb-2026,PE,27650.0,,,25938.85
30-Dec-2025,03-Feb-2026,PE,27700.0,,,25938.85
30-Dec-2025,03-Feb-2026,PE,27750.0,,,25938.85
30-Dec-2025,03-Feb-2026,PE,27800.0,,,25938.85
30-Dec-2025,03-Feb-2026,PE,27850.0,,,25938.85
30-Dec-2025,03-Feb-2026,PE,27900.0,,,25938.85
30-Dec-2025,03-Feb-2026,PE,27950.0,,,25938.85
31-Dec-2025,03-Feb-2026,CE,24200.0,,,26129.6
31-Dec-2025,03-Feb-2026,CE,24250.0,,,26129.6
31-Dec-2025,03-Feb-2026,CE,24300.0,,,26129.6
31-Dec-2025,03-Feb-2026,CE,24350.0,,,26129.6
31-Dec-2025,03-Feb-2026,CE,24400.0,,,26129.6
31-Dec-2025,03-Feb-2026,CE,24450.0,,,26129.6
31-Dec-2025,03-Feb-2026,CE,24500.0,,,26129.6
31-Dec-2025,03-Feb-2026,CE,24550.0,,,26129.6
31-Dec-2025,03-Feb-2026,CE,24600.0,,,26129.6
31-Dec-2025,03-Feb-2026,CE,24650.0,,,26129.6
31-Dec-2025,03-Feb-2026,CE,24700.0,,,26129.6
31-Dec-2025,03-Feb-2026,CE,24750.0,,,26129.6
31-Dec-2025,03-Feb-2026,CE,24800.0,,,26129.6
31-Dec-2025,03-Feb-2026,CE,24850.0,,,26129.6
31-Dec-2025,03-Feb-2026,CE,24900.0,,,26129.6
31-Dec-2025,03-Feb-2026,CE,24950.0,,,26129.6
31-Dec-2025,03-Feb-2026,CE,25000.0,,,26129.6
31-Dec-2025,03-Feb-2026,CE,25050.0,,,26129.6
31-Dec-2025,03-Feb-2026,CE,25100.0,,,26129.6
31-Dec-2025,03-Feb-2026,CE,25150.0,,,26129.6
31-Dec-2025,03-Feb-2026,CE,25200.0,,,26129.6
31-Dec-2025,03-Feb-2026,CE,25250.0,,,26129.6
31-Dec-2025,03-Feb-2026,CE,25300.0,,,26129.6
31-Dec-2025,03-Feb-2026,CE,25350.0,,,26129.6
31-Dec-2025,03-Feb-2026,CE,25400.0,,,26129.6
31-Dec-2025,03-Feb-2026,CE,25450.0,,,26129.6
31-Dec-2025,03-Feb-2026,CE,25500.0,,,26129.6
31-Dec-2025,03-Feb-2026,CE,25550.0,,,26129.6
31-Dec-2025,03-Feb-2026,CE,25600.0,,,26129.6
31-Dec-2025,03-Feb-2026,CE,25650.0,,,26129.6
31-Dec-2025,03-Feb-2026,CE,25700.0,742.5,1105.0,26129.6
31-Dec-2025,03-Feb-2026,CE,25750.0,,,26129.6
31-Dec-2025,03-Feb-2026,CE,25800.0,677.9,715.0,26129.6
31-Dec-2025,03-Feb-2026,CE,25850.0,,,26129.6
31-Dec-2025,03-Feb-2026,CE,25900.0,597.3,1560.0,26129.6
31-Dec-2025,03-Feb-2026,CE,25950.0,571.5,975.0,26129.6
31-Dec-2025,03-Feb-2026,CE,26000.0,531.4,38545.0,26129.6
31-Dec-2025,03-Feb-2026,CE,26050.0,464.65,910.0,26129.6
31-Dec-2025,03-Feb-2026,CE,26100.0,467.85,3250.0,26129.6
31-Dec-2025,03-Feb-2026,CE,26150.0,421.6,2340.0,26129.6
31-Dec-2025,03-Feb-2026,CE,26200.0,401.05,5395.0,26129.6
31-Dec-2025,03-Feb-2026,CE,26250.0,,,26129.6
31-Dec-2025,03-Feb-2026,CE,26300.0,345.2,11765.0,26129.6
31-Dec-2025,03-Feb-2026,CE,26350.0,319.1,910.0,26129.6
31-Dec-2025,03-Feb-2026,CE,26400.0,289.95,3055.0,26129.6
31-Dec-2025,03-Feb-2026,CE,26450.0,266.5,1560.0,26129.6
31-Dec-2025,03-Feb-2026,CE,26500.0,248.25,56095.0,26129.6
31-Dec-2025,03-Feb-2026,CE,26550.0,220.1,1365.0,26129.6
31-Dec-2025,03-Feb-2026,CE,26600.0,,,26129.6
31-Dec-2025,03-Feb-2026,CE,26650.0,,,26129.6
31-Dec-2025,03-Feb-2026,CE,26700.0,,,26129.6
31-Dec-2025,03-Feb-2026,CE,26750.0,,,26129.6
31-Dec-2025,03-Feb-2026,CE,26800.0,,,26129.6
31-Dec-2025,03-Feb-2026,CE,26850.0,115.75,2080.0,26129.6
31-Dec-2025,03-Feb-2026,CE,26900.0,,,26129.6
31-Dec-2025,03-Feb-2026,CE,26950.0,,,26129.6
31-Dec-2025,03-Feb-2026,CE,27000.0,83.95,45110.0,26129.6
31-Dec-2025,03-Feb-2026,CE,27050.0,,,26129.6
31-Dec-2025,03-Feb-2026,CE,27100.0,,,26129.6
31-Dec-2025,03-Feb-2026,CE,27150.0,,,26129.6
31-Dec-2025,03-Feb-2026,CE,27200.0,,,26129.6
31-Dec-2025,03-Feb-2026,CE,27250.0,,,26129.6
31-Dec-2025,03-Feb-2026,CE,27300.0,,,26129.6
31-Dec-2025,03-Feb-2026,CE,27350.0,,,26129.6
31-Dec-2025,03-Feb-2026,CE,27400.0,,,26129.6
31-Dec-2025,03-Feb-2026,CE,27450.0,,,26129.6
31-Dec-2025,03-Feb-2026,CE,27500.0,,,26129.6
31-Dec-2025,03-Feb-2026,CE,27550.0,,,26129.6
31-Dec-2025,03-Feb-2026,CE,27600.0,,,26129.6
31-Dec-2025,03-Feb-2026,CE,27650.0,,,26129.6
31-Dec-2025,03-Feb-2026,CE,27700.0,,,26129.6
31-Dec-2025,03-Feb-2026,CE,27750.0,,,26129.6
31-Dec-2025,03-Feb-2026,CE,27800.0,12.0,12415.0,26129.6
31-Dec-2025,03-Feb-2026,CE,27850.0,,,26129.6
31-Dec-2025,03-Feb-2026,CE,27900.0,9.05,3250.0,26129.6
31-Dec-2025,03-Feb-2026,CE,27950.0,8.0,9815.0,26129.6
31-Dec-2025,03-Feb-2026,PE,24200.0,,,26129.6
31-Dec-2025,03-Feb-2026,PE,24250.0,,,26129.6
31-Dec-2025,03-Feb-2026,PE,24300.0,,,26129.6
31-Dec-2025,03-Feb-2026,PE,24350.0,,,26129.6
31-Dec-2025,03-Feb-2026,PE,24400.0,14.8,715.0,26129.6
31-Dec-2025,03-Feb-2026,PE,24450.0,15.7,390.0,26129.6
31-Dec-2025,03-Feb-2026,PE,24500.0,14.9,8060.0,26129.6
31-Dec-2025,03-Feb-2026,PE,24550.0,16.05,780.0,26129.6
31-Dec-2025,03-Feb-2026,PE,24600.0,19.35,845.0,26129.6
31-Dec-2025,03-Feb-2026,PE,24650.0,19.65,780.0,26129.6
31-Dec-2025,03-Feb-2026,PE,24700.0,20.95,780.0,26129.6
31-Dec-2025,03-Feb-2026,PE,24750.0,22.3,715.0,26129.6
31-Dec-2025,03-Feb-2026,PE,24800.0,22.6,715.0,26129.6
31-Dec-2025,03-Feb-2026,PE,24850.0,,,26129.6
31-Dec-2025,03-Feb-2026,PE,24900.0,,,26129.6
31-Dec-2025,03-Feb-2026,PE,24950.0,,,26129.6
31-Dec-2025,03-Feb-2026,PE,25000.0,33.65,37700.0,26129.6
31-Dec-2025,03-Feb-2026,PE,25050.0,,,26129.6
31-Dec-2025,03-Feb-2026,PE,25100.0,,,26129.6
31-Dec-2025,03-Feb-2026,PE,25150.0,,,26129.6
31-Dec-2025,03-Feb-2026,PE,25200.0,,,26129.6
31-Dec-2025,03-Feb-2026,PE,25250.0,,,26129.6
31-Dec-2025,03-Feb-2026,PE,25300.0,,,26129.6
31-Dec-2025,03-Feb-2026,PE,25350.0,,,26129.6
31-Dec-2025,03-Feb-2026,PE,25400.0,,,26129.6
31-Dec-2025,03-Feb-2026,PE,25450.0,,,26129.6
31-Dec-2025,03-Feb-2026,PE,25500.0,76.7,36855.0,26129.6
31-Dec-2025,03-Feb-2026,PE,25550.0,,,26129.6
31-Dec-2025,03-Feb-2026,PE,25600.0,,,26129.6
31-Dec-2025,03-Feb-2026,PE,25650.0,,,26129.6
31-Dec-2025,03-Feb-2026,PE,25700.0,,,26129.6
31-Dec-2025,03-Feb-2026,PE,25750.0,,,26129.6
31-Dec-2025,03-Feb-2026,PE,25800.0,,,26129.6
31-Dec-2025,03-Feb-2026,PE,25850.0,134.4,1170.0,26129.6
31-Dec-2025,03-Feb-2026,PE,25900.0,149.65,3705.0,26129.6
31-Dec-2025,03-Feb-2026,PE,25950.0,162.25,715.0,26129.6
31-Dec-2025,03-Feb-2026,PE,26000.0,180.1,39845.0,26129.6
31-Dec-2025,03-Feb-2026,PE,26050.0,190.8,4875.0,26129.6
31-Dec-2025,03-Feb-2026,PE,26100.0,211.8,2340.0,26129.6
31-Dec-2025,03-Feb-2026,PE,26150.0,,,26129.6
31-Dec-2025,03-Feb-2026,PE,26200.0,245.95,1430.0,26129.6
31-Dec-2025,03-Feb-2026,PE,26250.0,262.7,65.0,26129.6
31-Dec-2025,03-Feb-2026,PE,26300.0,287.0,910.0,26129.6
31-Dec-2025,03-Feb-2026,PE,26350.0,,,26129.6
31-Dec-2025,03-Feb-2026,PE,26400.0,332.4,1040.0,26129.6
31-Dec-2025,03-Feb-2026,PE,26450.0,,,26129.6
31-Dec-2025,03-Feb-2026,PE,26500.0,388.0,1235.0,26129.6
31-Dec-2025,03-Feb-2026,PE,26550.0,,,26129.6
31-Dec-2025,03-Feb-2026,PE,26600.0,,,26129.6
31-Dec-2025,03-Feb-2026,PE,26650.0,,,26129.6
31-Dec-2025,03-Feb-2026,PE,26700.0,,,26129.6
31-Dec-2025,03-Feb-2026,PE,26750.0,,,26129.6
31-Dec-2025,03-Feb-2026,PE,26800.0,,,26129.6
31-Dec-2025,03-Feb-2026,PE,26850.0,,,26129.6
31-Dec-2025,03-Feb-2026,PE,26900.0,,,26129.6
31-Dec-2025,03-Feb-2026,PE,26950.0,,,26129.6
31-Dec-2025,03-Feb-2026,PE,27000.0,,,26129.6
31-Dec-2025,03-Feb-2026,PE,27050.0,950.0,325.0,26129.6
31-Dec-2025,03-Feb-2026,PE,27100.0,,,26129.6
31-Dec-2025,03-Feb-2026,PE,27150.0,820.0,65.0,26129.6
31-Dec-2025,03-Feb-2026,PE,27200.0,,,26129.6
31-Dec-2025,03-Feb-2026,PE,27250.0,,,26129.6
31-Dec-2025,03-Feb-2026,PE,27300.0,,,26129.6
31-Dec-2025,03-Feb-2026,PE,27350.0,,,26129.6
31-Dec-2025,03-Feb-2026,PE,27400.0,,,26129.6
31-Dec-2025,03-Feb-2026,PE,27450.0,,,26129.6
31-Dec-2025,03-Feb-2026,PE,27500.0,,,26129.6
31-Dec-2025,03-Feb-2026,PE,27550.0,,,26129.6
31-Dec-2025,03-Feb-2026,PE,27600.0,,,26129.6
31-Dec-2025,03-Feb-2026,PE,27650.0,,,26129.6
31-Dec-2025,03-Feb-2026,PE,27700.0,,,26129.6
31-Dec-2025,03-Feb-2026,PE,27750.0,,,26129.6
31-Dec-2025,03-Feb-2026,PE,27800.0,,,26129.6
31-Dec-2025,03-Feb-2026,PE,27850.0,,,26129.6
31-Dec-2025,03-Feb-2026,PE,27900.0,,,26129.6
31-Dec-2025,03-Feb-2026,PE,27950.0,,,26129.6
01-Jan-2026,03-Feb-2026,CE,24200.0,,,26146.55
01-Jan-2026,03-Feb-2026,CE,24250.0,,,26146.55
01-Jan-2026,03-Feb-2026,CE,24300.0,,,26146.55
01-Jan-2026,03-Feb-2026,CE,24350.0,,,26146.55
01-Jan-2026,03-Feb-2026,CE,24400.0,,,26146.55
01-Jan-2026,03-Feb-2026,CE,24450.0,,,26146.55
01-Jan-2026,03-Feb-2026,CE,24500.0,,,26146.55
01-Jan-2026,03-Feb-2026,CE,24550.0,,,26146.55
01-Jan-2026,03-Feb-2026,CE,24600.0,,,26146.55
01-Jan-2026,03-Feb-2026,CE,24650.0,,,26146.55
01-Jan-2026,03-Feb-2026,CE,24700.0,,,26146.55
01-Jan-2026,03-Feb-2026,CE,24750.0,,,26146.55
01-Jan-2026,03-Feb-2026,CE,24800.0,,,26146.55
01-Jan-2026,03-Feb-2026,CE,24850.0,,,26146.55
01-Jan-2026,03-Feb-2026,CE,24900.0,,,26146.55
01-Jan-2026,03-Feb-2026,CE,24950.0,,,26146.55
01-Jan-2026,03-Feb-2026,CE,25000.0,,,26146.55
01-Jan-2026,03-Feb-2026,CE,25050.0,,,26146.55
01-Jan-2026,03-Feb-2026,CE,25100.0,,,26146.55
01-Jan-2026,03-Feb-2026,CE,25150.0,,,26146.55
01-Jan-2026,03-Feb-2026,CE,25200.0,,,26146.55
01-Jan-2026,03-Feb-2026,CE,25250.0,,,26146.55
01-Jan-2026,03-Feb-2026,CE,25300.0,,,26146.55
01-Jan-2026,03-Feb-2026,CE,25350.0,,,26146.55
01-Jan-2026,03-Feb-2026,CE,25400.0,,,26146.55
01-Jan-2026,03-Feb-2026,CE,25450.0,,,26146.55
01-Jan-2026,03-Feb-2026,CE,25500.0,,,26146.55
01-Jan-2026,03-Feb-2026,CE,25550.0,,,26146.55
01-Jan-2026,03-Feb-2026,CE,25600.0,,,26146.55
01-Jan-2026,03-Feb-2026,CE,25650.0,,,26146.55
01-Jan-2026,03-Feb-2026,CE,25700.0,745.6,975.0,26146.55
01-Jan-2026,03-Feb-2026,CE,25750.0,,,26146.55
01-Jan-2026,03-Feb-2026,CE,25800.0,670.0,715.0,26146.55
01-Jan-2026,03-Feb-2026,CE,25850.0,,,26146.55
01-Jan-2026,03-Feb-2026,CE,25900.0,585.2,1690.0,26146.55
01-Jan-2026,03-Feb-2026,CE,25950.0,571.5,975.0,26146.55
01-Jan-2026,03-Feb-2026,CE,26000.0,520.0,39195.0,26146.55
01-Jan-2026,03-Feb-2026,CE,26050.0,505.05,910.0,26146.55
01-Jan-2026,03-Feb-2026,CE,26100.0,455.25,3315.0,26146.55
01-Jan-2026,03-Feb-2026,CE,26150.0,427.2,2210.0,26146.55
01-Jan-2026,03-Feb-2026,CE,26200.0,390.8,6500.0,26146.55
01-Jan-2026,03-Feb-2026,CE,26250.0,,,26146.55
01-Jan-2026,03-Feb-2026,CE,26300.0,322.7,12285.0,26146.55
01-Jan-2026,03-Feb-2026,CE,26350.0,304.8,1040.0,26146.55
01-Jan-2026,03-Feb-2026,CE,26400.0,279.25,2405.0,26146.55
01-Jan-2026,03-Feb-2026,CE,26450.0,266.5,1560.0,26146.55
01-Jan-2026,03-Feb-2026,CE,26500.0,236.0,72410.0,26146.55
01-Jan-2026,03-Feb-2026,CE,26550.0,210.35,2145.0,26146.55
01-Jan-2026,03-Feb-2026,CE,26600.0,,,26146.55
01-Jan-2026,03-Feb-2026,CE,26650.0,,,26146.55
01-Jan-2026,03-Feb-2026,CE,26700.0,,,26146.55
01-Jan-2026,03-Feb-2026,CE,26750.0,,,26146.55
01-Jan-2026,03-Feb-2026,CE,26800.0,,,26146.55
01-Jan-2026,03-Feb-2026,CE,26850.0,102.4,3640.0,26146.55
01-Jan-2026,03-Feb-2026,CE,26900.0,,,26146.55
01-Jan-2026,03-Feb-2026,CE,26950.0,,,26146.55
01-Jan-2026,03-Feb-2026,CE,27000.0,72.7,51935.0,26146.55
01-Jan-2026,03-Feb-2026,CE,27050.0,,,26146.55
01-Jan-2026,03-Feb-2026,CE,27100.0,55.2,390.0,26146.55
01-Jan-2026,03-Feb-2026,CE,27150.0,,,26146.55
01-Jan-2026,03-Feb-2026,CE,27200.0,43.7,780.0,26146.55
01-Jan-2026,03-Feb-2026,CE,27250.0,,,26146.55
01-Jan-2026,03-Feb-2026,CE,27300.0,,,26146.55
01-Jan-2026,03-Feb-2026,CE,27350.0,,,26146.55
01-Jan-2026,03-Feb-2026,CE,27400.0,,,26146.55
01-Jan-2026,03-Feb-2026,CE,27450.0,,,26146.55
01-Jan-2026,03-Feb-2026,CE,27500.0,,,26146.55
01-Jan-2026,03-Feb-2026,CE,27550.0,,,26146.55
01-Jan-2026,03-Feb-2026,CE,27600.0,,,26146.55
01-Jan-2026,03-Feb-2026,CE,27650.0,,,26146.55
01-Jan-2026,03-Feb-2026,CE,27700.0,,,26146.55
01-Jan-2026,03-Feb-2026,CE,27750.0,,,26146.55
01-Jan-2026,03-Feb-2026,CE,27800.0,9.2,16900.0,26146.55
01-Jan-2026,03-Feb-2026,CE,27850.0,,,26146.55
01-Jan-2026,03-Feb-2026,CE,27900.0,8.35,3250.0,26146.55
01-Jan-2026,03-Feb-2026,CE,27950.0,8.0,14950.0,26146.55
01-Jan-2026,03-Feb-2026,PE,24200.0,,,26146.55
01-Jan-2026,03-Feb-2026,PE,24250.0,,,26146.55
01-Jan-2026,03-Feb-2026,PE,24300.0,,,26146.55
01-Jan-2026,03-Feb-2026,PE,24350.0,,,26146.55
01-Jan-2026,03-Feb-2026,PE,24400.0,13.6,2990.0,26146.55
01-Jan-2026,03-Feb-2026,PE,24450.0,15.7,390.0,26146.55
01-Jan-2026,03-Feb-2026,PE,24500.0,14.65,9230.0,26146.55
01-Jan-2026,03-Feb-2026,PE,24550.0,16.05,1105.0,26146.55
01-Jan-2026,03-Feb-2026,PE,24600.0,19.35,845.0,26146.55
01-Jan-2026,03-Feb-2026,PE,24650.0,18.95,845.0,26146.55
01-Jan-2026,03-Feb-2026,PE,24700.0,18.75,845.0,26146.55
01-Jan-2026,03-Feb-2026,PE,24750.0,19.25,1105.0,26146.55
01-Jan-2026,03-Feb-2026,PE,24800.0,22.0,1495.0,26146.55
01-Jan-2026,03-Feb-2026,PE,24850.0,23.55,1300.0,26146.55
01-Jan-2026,03-Feb-2026,PE,24900.0,,,26146.55
01-Jan-2026,03-Feb-2026,PE,24950.0,,,26146.55
01-Jan-2026,03-Feb-2026,PE,25000.0,28.05,39910.0,26146.55
01-Jan-2026,03-Feb-2026,PE,25050.0,,,26146.55
01-Jan-2026,03-Feb-2026,PE,25100.0,,,26146.55
01-Jan-2026,03-Feb-2026,PE,25150.0,36.0,2275.0,26146.55
01-Jan-2026,03-Feb-2026,PE,25200.0,52.45,65.0,26146.55
01-Jan-2026,03-Feb-2026,PE,25250.0,,,26146.55
01-Jan-2026,03-Feb-2026,PE,25300.0,,,26146.55
01-Jan-2026,03-Feb-2026,PE,25350.0,,,26146.55
01-Jan-2026,03-Feb-2026,PE,25400.0,,,26146.55
01-Jan-2026,03-Feb-2026,PE,25450.0,,,26146.55
01-Jan-2026,03-Feb-2026,PE,25500.0,69.9,39650.0,26146.55
01-Jan-2026,03-Feb-2026,PE,25550.0,,,26146.55
01-Jan-2026,03-Feb-2026,PE,25600.0,,,26146.55
01-Jan-2026,03-Feb-2026,PE,25650.0,,,26146.55
01-Jan-2026,03-Feb-2026,PE,25700.0,,,26146.55
01-Jan-2026,03-Feb-2026,PE,25750.0,,,26146.55
01-Jan-2026,03-Feb-2026,PE,25800.0,,,26146.55
01-Jan-2026,03-Feb-2026,PE,25850.0,134.4,2795.0,26146.55
01-Jan-2026,03-Feb-2026,PE,25900.0,138.4,4745.0,26146.55
01-Jan-2026,03-Feb-2026,PE,25950.0,158.0,650.0,26146.55
01-Jan-2026,03-Feb-2026,PE,26000.0,175.0,44915.0,26146.55
01-Jan-2026,03-Feb-2026,PE,26050.0,192.55,5135.0,26146.55
01-Jan-2026,03-Feb-2026,PE,26100.0,206.95,5330.0,26146.55
01-Jan-2026,03-Feb-2026,PE,26150.0,228.0,845.0,26146.55
01-Jan-2026,03-Feb-2026,PE,26200.0,237.0,5070.0,26146.55
01-Jan-2026,03-Feb-2026,PE,26250.0,262.7,65.0,26146.55
01-Jan-2026,03-Feb-2026,PE,26300.0,274.3,1820.0,26146.55
01-Jan-2026,03-Feb-2026,PE,26350.0,,,26146.55
01-Jan-2026,03-Feb-2026,PE,26400.0,324.1,1820.0,26146.55
01-Jan-2026,03-Feb-2026,PE,26450.0,,,26146.55
01-Jan-2026,03-Feb-2026,PE,26500.0,382.0,2405.0,26146.55
01-Jan-2026,03-Feb-2026,PE,26550.0,,,26146.55
01-Jan-2026,03-Feb-2026,PE,26600.0,,,26146.55
01-Jan-2026,03-Feb-2026,PE,26650.0,,,26146.55
01-Jan-2026,03-Feb-2026,PE,26700.0,,,26146.55
01-Jan-2026,03-Feb-2026,PE,26750.0,,,26146.55
01-Jan-2026,03-Feb-2026,PE,26800.0,,,26146.55
01-Jan-2026,03-Feb-2026,PE,26850.0,,,26146.55
01-Jan-2026,03-Feb-2026,PE,26900.0,,,26146.55
01-Jan-2026,03-Feb-2026,PE,26950.0,660.0,65.0,26146.55
01-Jan-2026,03-Feb-2026,PE,27000.0,,,26146.55
01-Jan-2026,03-Feb-2026,PE,27050.0,950.0,325.0,26146.55
01-Jan-2026,03-Feb-2026,PE,27100.0,792.0,65.0,26146.55
01-Jan-2026,03-Feb-2026,PE,27150.0,840.0,130.0,26146.55
01-Jan-2026,03-Feb-2026,PE,27200.0,,,26146.55
01-Jan-2026,03-Feb-2026,PE,27250.0,,,26146.55
01-Jan-2026,03-Feb-2026,PE,27300.0,,,26146.55
01-Jan-2026,03-Feb-2026,PE,27350.0,,,26146.55
01-Jan-2026,03-Feb-2026,PE,27400.0,,,26146.55
01-Jan-2026,03-Feb-2026,PE,27450.0,,,26146.55
01-Jan-2026,03-Feb-2026,PE,27500.0,,,26146.55
01-Jan-2026,03-Feb-2026,PE,27550.0,,,26146.55
01-Jan-2026,03-Feb-2026,PE,27600.0,,,26146.55
01-Jan-2026,03-Feb-2026,PE,27650.0,,,26146.55
01-Jan-2026,03-Feb-2026,PE,27700.0,,,26146.55
01-Jan-2026,03-Feb-2026,PE,27750.0,,,26146.55
01-Jan-2026,03-Feb-2026,PE,27800.0,,,26146.55
01-Jan-2026,03-Feb-2026,PE,27850.0,,,26146.55
01-Jan-2026,03-Feb-2026,PE,27900.0,,,26146.55
01-Jan-2026,03-Feb-2026,PE,27950.0,,,26146.55
02-Jan-2026,03-Feb-2026,CE,24200.0,,,26328.55
02-Jan-2026,03-Feb-2026,CE,24250.0,,,26328.55
02-Jan-2026,03-Feb-2026,CE,24300.0,,,26328.55
02-Jan-2026,03-Feb-2026,CE,24350.0,,,26328.55
02-Jan-2026,03-Feb-2026,CE,24400.0,,,26328.55
02-Jan-2026,03-Feb-2026,CE,24450.0,,,26328.55
02-Jan-2026,03-Feb-2026,CE,24500.0,,,26328.55
02-Jan-2026,03-Feb-2026,CE,24550.0,,,26328.55
02-Jan-2026,03-Feb-2026,CE,24600.0,,,26328.55
02-Jan-2026,03-Feb-2026,CE,24650.0,,,26328.55
02-Jan-2026,03-Feb-2026,CE,24700.0,,,26328.55
02-Jan-2026,03-Feb-2026,CE,24750.0,,,26328.55
02-Jan-2026,03-Feb-2026,CE,24800.0,,,26328.55
02-Jan-2026,03-Feb-2026,CE,24850.0,,,26328.55
02-Jan-2026,03-Feb-2026,CE,24900.0,,,26328.55
02-Jan-2026,03-Feb-2026,CE,24950.0,,,26328.55
02-Jan-2026,03-Feb-2026,CE,25000.0,,,26328.55
02-Jan-2026,03-Feb-2026,CE,25050.0,,,26328.55
02-Jan-2026,03-Feb-2026,CE,25100.0,,,26328.55
02-Jan-2026,03-Feb-2026,CE,25150.0,,,26328.55
02-Jan-2026,03-Feb-2026,CE,25200.0,,,26328.55
02-Jan-2026,03-Feb-2026,CE,25250.0,,,26328.55
02-Jan-2026,03-Feb-2026,CE,25300.0,,,26328.55
02-Jan-2026,03-Feb-2026,CE,25350.0,,,26328.55
02-Jan-2026,03-Feb-2026,CE,25400.0,,,26328.55
02-Jan-2026,03-Feb-2026,CE,25450.0,,,26328.55
02-Jan-2026,03-Feb-2026,CE,25500.0,,,26328.55
02-Jan-2026,03-Feb-2026,CE,25550.0,,,26328.55
02-Jan-2026,03-Feb-2026,CE,25600.0,,,26328.55
02-Jan-2026,03-Feb-2026,CE,25650.0,,,26328.55
02-Jan-2026,03-Feb-2026,CE,25700.0,861.85,845.0,26328.55
02-Jan-2026,03-Feb-2026,CE,25750.0,,,26328.55
02-Jan-2026,03-Feb-2026,CE,25800.0,770.55,715.0,26328.55
02-Jan-2026,03-Feb-2026,CE,25850.0,,,26328.55
02-Jan-2026,03-Feb-2026,CE,25900.0,710.65,650.0,26328.55
02-Jan-2026,03-Feb-2026,CE,25950.0,571.5,975.0,26328.55
02-Jan-2026,03-Feb-2026,CE,26000.0,629.55,42770.0,26328.55
02-Jan-2026,03-Feb-2026,CE,26050.0,505.05,910.0,26328.55
02-Jan-2026,03-Feb-2026,CE,26100.0,542.7,1950.0,26328.55
02-Jan-2026,03-Feb-2026,CE,26150.0,512.0,1885.0,26328.55
02-Jan-2026,03-Feb-2026,CE,26200.0,489.35,5915.0,26328.55
02-Jan-2026,03-Feb-2026,CE,26250.0,,,26328.55
02-Jan-2026,03-Feb-2026,CE,26300.0,438.8,13975.0,26328.55
02-Jan-2026,03-Feb-2026,CE,26350.0,402.35,1170.0,26328.55
02-Jan-2026,03-Feb-2026,CE,26400.0,367.8,3965.0,26328.55
02-Jan-2026,03-Feb-2026,CE,26450.0,305.3,1820.0,26328.55
02-Jan-2026,03-Feb-2026,CE,26500.0,323.0,79885.0,26328.55
02-Jan-2026,03-Feb-2026,CE,26550.0,298.6,2340.0,26328.55
02-Jan-2026,03-Feb-2026,CE,26600.0,265.6,2210.0,26328.55
02-Jan-2026,03-Feb-2026,CE,26650.0,,,26328.55
02-Jan-2026,03-Feb-2026,CE,26700.0,215.7,3770.0,26328.55
02-Jan-2026,03-Feb-2026,CE,26750.0,,,26328.55
02-Jan-2026,03-Feb-2026,CE,26800.0,168.0,1625.0,26328.55
02-Jan-2026,03-Feb-2026,CE,26850.0,139.75,7995.0,26328.55
02-Jan-2026,03-Feb-2026,CE,26900.0,,,26328.55
02-Jan-2026,03-Feb-2026,CE,26950.0,,,26328.55
02-Jan-2026,03-Feb-2026,CE,27000.0,119.65,64155.0,26328.55
02-Jan-2026,03-Feb-2026,CE,27050.0,,,26328.55
02-Jan-2026,03-Feb-2026,CE,27100.0,90.8,5915.0,26328.55
02-Jan-2026,03-Feb-2026,CE,27150.0,,,26328.55
02-Jan-2026,03-Feb-2026,CE,27200.0,74.95,14560.0,26328.55
02-Jan-2026,03-Feb-2026,CE,27250.0,,,26328.55
02-Jan-2026,03-Feb-2026,CE,27300.0,,,26328.55
02-Jan-2026,03-Feb-2026,CE,27350.0,,,26328.55
02-Jan-2026,03-Feb-2026,CE,27400.0,,,26328.55
02-Jan-2026,03-Feb-2026,CE,27450.0,,,26328.55
02-Jan-2026,03-Feb-2026,CE,27500.0,,,26328.55
02-Jan-2026,03-Feb-2026,CE,27550.0,,,26328.55
02-Jan-2026,03-Feb-2026,CE,27600.0,,,26328.55
02-Jan-2026,03-Feb-2026,CE,27650.0,,,26328.55
02-Jan-2026,03-Feb-2026,CE,27700.0,,,26328.55
02-Jan-2026,03-Feb-2026,CE,27750.0,,,26328.55
02-Jan-2026,03-Feb-2026,CE,27800.0,15.0,29640.0,26328.55
02-Jan-2026,03-Feb-2026,CE,27850.0,,,26328.55
02-Jan-2026,03-Feb-2026,CE,27900.0,10.5,7930.0,26328.55
02-Jan-2026,03-Feb-2026,CE,27950.0,12.25,16900.0,26328.55
02-Jan-2026,03-Feb-2026,PE,24200.0,,,26328.55
02-Jan-2026,03-Feb-2026,PE,24250.0,,,26328.55
02-Jan-2026,03-Feb-2026,PE,24300.0,,,26328.55
02-Jan-2026,03-Feb-2026,PE,24350.0,,,26328.55
02-Jan-2026,03-Feb-2026,PE,24400.0,12.0,3315.0,26328.55
02-Jan-2026,03-Feb-2026,PE,24450.0,15.7,390.0,26328.55
02-Jan-2026,03-Feb-2026,PE,24500.0,13.1,7995.0,26328.55
02-Jan-2026,03-Feb-2026,PE,24550.0,16.05,1105.0,26328.55
02-Jan-2026,03-Feb-2026,PE,24600.0,14.65,1625.0,26328.55
02-Jan-2026,03-Feb-2026,PE,24650.0,18.95,845.0,26328.55
02-Jan-2026,03-Feb-2026,PE,24700.0,16.55,1625.0,26328.55
02-Jan-2026,03-Feb-2026,PE,24750.0,19.25,1105.0,26328.55
02-Jan-2026,03-Feb-2026,PE,24800.0,17.7,1560.0,26328.55
02-Jan-2026,03-Feb-2026,PE,24850.0,19.25,2340.0,26328.55
02-Jan-2026,03-Feb-2026,PE,24900.0,21.2,780.0,26328.55
02-Jan-2026,03-Feb-2026,PE,24950.0,23.45,845.0,26328.55
02-Jan-2026,03-Feb-2026,PE,25000.0,23.65,44785.0,26328.55
02-Jan-2026,03-Feb-2026,PE,25050.0,26.3,325.0,26328.55
02-Jan-2026,03-Feb-2026,PE,25100.0,,,26328.55
02-Jan-2026,03-Feb-2026,PE,25150.0,29.05,4485.0,26328.55
02-Jan-2026,03-Feb-2026,PE,25200.0,32.0,3770.0,26328.55
02-Jan-2026,03-Feb-2026,PE,25250.0,,,26328.55
02-Jan-2026,03-Feb-2026,PE,25300.0,,,26328.55
02-Jan-2026,03-Feb-2026,PE,25350.0,,,26328.55
02-Jan-2026,03-Feb-2026,PE,25400.0,,,26328.55
02-Jan-2026,03-Feb-2026,PE,25450.0,,,26328.55
02-Jan-2026,03-Feb-2026,PE,25500.0,56.3,40365.0,26328.55
02-Jan-2026,03-Feb-2026,PE,25550.0,,,26328.55
02-Jan-2026,03-Feb-2026,PE,25600.0,,,26328.55
02-Jan-2026,03-Feb-2026,PE,25650.0,,,26328.55
02-Jan-2026,03-Feb-2026,PE,25700.0,,,26328.55
02-Jan-2026,03-Feb-2026,PE,25750.0,,,26328.55
02-Jan-2026,03-Feb-2026,PE,25800.0,91.05,1495.0,26328.55
02-Jan-2026,03-Feb-2026,PE,25850.0,96.15,9230.0,26328.55
02-Jan-2026,03-Feb-2026,PE,25900.0,106.15,11830.0,26328.55
02-Jan-2026,03-Feb-2026,PE,25950.0,130.85,910.0,26328.55
02-Jan-2026,03-Feb-2026,PE,26000.0,128.45,55900.0,26328.55
02-Jan-2026,03-Feb-2026,PE,26050.0,151.85,5850.0,26328.55
02-Jan-2026,03-Feb-2026,PE,26100.0,153.1,8385.0,26328.55
02-Jan-2026,03-Feb-2026,PE,26150.0,166.95,3120.0,26328.55
02-Jan-2026,03-Feb-2026,PE,26200.0,183.5,9035.0,26328.55
02-Jan-2026,03-Feb-2026,PE,26250.0,194.6,1235.0,26328.55
02-Jan-2026,03-Feb-2026,PE,26300.0,212.35,16315.0,26328.55
02-Jan-2026,03-Feb-2026,PE,26350.0,241.0,715.0,26328.55
02-Jan-2026,03-Feb-2026,PE,26400.0,256.0,4160.0,26328.55
02-Jan-2026,03-Feb-2026,PE,26450.0,,,26328.55
02-Jan-2026,03-Feb-2026,PE,26500.0,293.35,26520.0,26328.55
02-Jan-2026,03-Feb-2026,PE,26550.0,,,26328.55
02-Jan-2026,03-Feb-2026,PE,26600.0,,,26328.55
02-Jan-2026,03-Feb-2026,PE,26650.0,,,26328.55
02-Jan-2026,03-Feb-2026,PE,26700.0,,,26328.55
02-Jan-2026,03-Feb-2026,PE,26750.0,645.0,65.0,26328.55
02-Jan-2026,03-Feb-2026,PE,26800.0,,,26328.55
02-Jan-2026,03-Feb-2026,PE,26850.0,,,26328.55
02-Jan-2026,03-Feb-2026,PE,26900.0,,,26328.55
02-Jan-2026,03-Feb-2026,PE,26950.0,660.0,65.0,26328.55
02-Jan-2026,03-Feb-2026,PE,27000.0,,,26328.55
02-Jan-2026,03-Feb-2026,PE,27050.0,950.0,325.0,26328.55
02-Jan-2026,03-Feb-2026,PE,27100.0,792.0,65.0,26328.55
02-Jan-2026,03-Feb-2026,PE,27150.0,715.0,260.0,26328.55
02-Jan-2026,03-Feb-2026,PE,27200.0,,,26328.55
02-Jan-2026,03-Feb-2026,PE,27250.0,,,26328.55
02-Jan-2026,03-Feb-2026,PE,27300.0,,,26328.55
02-Jan-2026,03-Feb-2026,PE,27350.0,,,26328.55
02-Jan-2026,03-Feb-2026,PE,27400.0,,,26328.55
02-Jan-2026,03-Feb-2026,PE,27450.0,,,26328.55
02-Jan-2026,03-Feb-2026,PE,27500.0,,,26328.55
02-Jan-2026,03-Feb-2026,PE,27550.0,,,26328.55
02-Jan-2026,03-Feb-2026,PE,27600.0,,,26328.55
02-Jan-2026,03-Feb-2026,PE,27650.0,,,26328.55
02-Jan-2026,03-Feb-2026,PE,27700.0,,,26328.55
02-Jan-2026,03-Feb-2026,PE,27750.0,,,26328.55
02-Jan-2026,03-Feb-2026,PE,27800.0,,,26328.55
02-Jan-2026,03-Feb-2026,PE,27850.0,,,26328.55
02-Jan-2026,03-Feb-2026,PE,27900.0,,,26328.55
02-Jan-2026,03-Feb-2026,PE,27950.0,,,26328.55
05-Jan-2026,03-Feb-2026,CE,24200.0,,,26250.3
05-Jan-2026,03-Feb-2026,CE,24250.0,,,26250.3
05-Jan-2026,03-Feb-2026,CE,24300.0,,,26250.3
05-Jan-2026,03-Feb-2026,CE,24350.0,,,26250.3
05-Jan-2026,03-Feb-2026,CE,24400.0,,,26250.3
05-Jan-2026,03-Feb-2026,CE,24450.0,,,26250.3
05-Jan-2026,03-Feb-2026,CE,24500.0,,,26250.3
05-Jan-2026,03-Feb-2026,CE,24550.0,,,26250.3
05-Jan-2026,03-Feb-2026,CE,24600.0,,,26250.3
05-Jan-2026,03-Feb-2026,CE,24650.0,,,26250.3
05-Jan-2026,03-Feb-2026,CE,24700.0,,,26250.3
05-Jan-2026,03-Feb-2026,CE,24750.0,,,26250.3
05-Jan-2026,03-Feb-2026,CE,24800.0,,,26250.3
05-Jan-2026,03-Feb-2026,CE,24850.0,,,26250.3
05-Jan-2026,03-Feb-2026,CE,24900.0,,,26250.3
05-Jan-2026,03-Feb-2026,CE,24950.0,,,26250.3
05-Jan-2026,03-Feb-2026,CE,25000.0,,,26250.3
05-Jan-2026,03-Feb-2026,CE,25050.0,,,26250.3
05-Jan-2026,03-Feb-2026,CE,25100.0,,,26250.3
05-Jan-2026,03-Feb-2026,CE,25150.0,,,26250.3
05-Jan-2026,03-Feb-2026,CE,25200.0,,,26250.3
05-Jan-2026,03-Feb-2026,CE,25250.0,,,26250.3
05-Jan-2026,03-Feb-2026,CE,25300.0,,,26250.3
05-Jan-2026,03-Feb-2026,CE,25350.0,,,26250.3
05-Jan-2026,03-Feb-2026,CE,25400.0,,,26250.3
05-Jan-2026,03-Feb-2026,CE,25450.0,,,26250.3
05-Jan-2026,03-Feb-2026,CE,25500.0,1018.1,65.0,26250.3
05-Jan-2026,03-Feb-2026,CE,25550.0,,,26250.3
05-Jan-2026,03-Feb-2026,CE,25600.0,,,26250.3
05-Jan-2026,03-Feb-2026,CE,25650.0,,,26250.3
05-Jan-2026,03-Feb-2026,CE,25700.0,861.85,845.0,26250.3
05-Jan-2026,03-Feb-2026,CE,25750.0,,,26250.3
05-Jan-2026,03-Feb-2026,CE,25800.0,770.55,715.0,26250.3
05-Jan-2026,03-Feb-2026,CE,25850.0,,,26250.3
05-Jan-2026,03-Feb-2026,CE,25900.0,635.2,585.0,26250.3
05-Jan-2026,03-Feb-2026,CE,25950.0,571.5,975.0,26250.3
05-Jan-2026,03-Feb-2026,CE,26000.0,542.05,41600.0,26250.3
05-Jan-2026,03-Feb-2026,CE,26050.0,505.05,910.0,26250.3
05-Jan-2026,03-Feb-2026,CE,26100.0,477.35,3900.0,26250.3
05-Jan-2026,03-Feb-2026,CE,26150.0,468.55,1820.0,26250.3
05-Jan-2026,03-Feb-2026,CE,26200.0,415.05,7930.0,26250.3
05-Jan-2026,03-Feb-2026,CE,26250.0,389.35,1885.0,26250.3
05-Jan-2026,03-Feb-2026,CE,26300.0,357.6,24180.0,26250.3
05-Jan-2026,03-Feb-2026,CE,26350.0,325.65,4745.0,26250.3
05-Jan-2026,03-Feb-2026,CE,26400.0,299.3,13715.0,26250.3
05-Jan-2026,03-Feb-2026,CE,26450.0,278.95,2925.0,26250.3
05-Jan-2026,03-Feb-2026,CE,26500.0,257.05,79365.0,26250.3
05-Jan-2026,03-Feb-2026,CE,26550.0,242.2,4160.0,26250.3
05-Jan-2026,03-Feb-2026,CE,26600.0,211.95,8645.0,26250.3
05-Jan-2026,03-Feb-2026,CE,26650.0,199.25,1820.0,26250.3
05-Jan-2026,03-Feb-2026,CE,26700.0,175.5,22100.0,26250.3
05-Jan-2026,03-Feb-2026,CE,26750.0,,,26250.3
05-Jan-2026,03-Feb-2026,CE,26800.0,133.45,4355.0,26250.3
05-Jan-2026,03-Feb-2026,CE,26850.0,117.3,7995.0,26250.3
05-Jan-2026,03-Feb-2026,CE,26900.0,,,26250.3
05-Jan-2026,03-Feb-2026,CE,26950.0,,,26250.3
05-Jan-2026,03-Feb-2026,CE,27000.0,87.85,73840.0,26250.3
05-Jan-2026,03-Feb-2026,CE,27050.0,,,26250.3
05-Jan-2026,03-Feb-2026,CE,27100.0,68.7,6045.0,26250.3
05-Jan-2026,03-Feb-2026,CE,27150.0,,,26250.3
05-Jan-2026,03-Feb-2026,CE,27200.0,53.85,22360.0,26250.3
05-Jan-2026,03-Feb-2026,CE,27250.0,,,26250.3
05-Jan-2026,03-Feb-2026,CE,27300.0,,,26250.3
05-Jan-2026,03-Feb-2026,CE,27350.0,,,26250.3
05-Jan-2026,03-Feb-2026,CE,27400.0,,,26250.3
05-Jan-2026,03-Feb-2026,CE,27450.0,,,26250.3
05-Jan-2026,03-Feb-2026,CE,27500.0,,,26250.3
05-Jan-2026,03-Feb-2026,CE,27550.0,,,26250.3
05-Jan-2026,03-Feb-2026,CE,27600.0,,,26250.3
05-Jan-2026,03-Feb-2026,CE,27650.0,,,26250.3
05-Jan-2026,03-Feb-2026,CE,27700.0,,,26250.3
05-Jan-2026,03-Feb-2026,CE,27750.0,,,26250.3
05-Jan-2026,03-Feb-2026,CE,27800.0,12.7,32695.0,26250.3
05-Jan-2026,03-Feb-2026,CE,27850.0,,,26250.3
05-Jan-2026,03-Feb-2026,CE,27900.0,11.4,9035.0,26250.3
05-Jan-2026,03-Feb-2026,CE,27950.0,11.0,18590.0,26250.3
05-Jan-2026,03-Feb-2026,CE,28000.0,9.5,8775.0,26250.3
05-Jan-2026,03-Feb-2026,CE,28050.0,9.5,5005.0,26250.3
05-Jan-2026,03-Feb-2026,CE,28100.0,8.5,3315.0,26250.3
05-Jan-2026,03-Feb-2026,PE,24200.0,,,26250.3
05-Jan-2026,03-Feb-2026,PE,24250.0,,,26250.3
05-Jan-2026,03-Feb-2026,PE,24300.0,,,26250.3
05-Jan-2026,03-Feb-2026,PE,24350.0,,,26250.3
05-Jan-2026,03-Feb-2026,PE,24400.0,12.0,4355.0,26250.3
05-Jan-2026,03-Feb-2026,PE,24450.0,15.7,390.0,26250.3
05-Jan-2026,03-Feb-2026,PE,24500.0,13.2,11635.0,26250.3
05-Jan-2026,03-Feb-2026,PE,24550.0,16.05,1105.0,26250.3
05-Jan-2026,03-Feb-2026,PE,24600.0,16.9,2275.0,26250.3
05-Jan-2026,03-Feb-2026,PE,24650.0,18.95,845.0,26250.3
05-Jan-2026,03-Feb-2026,PE,24700.0,16.8,2145.0,26250.3
05-Jan-2026,03-Feb-2026,PE,24750.0,19.25,1105.0,26250.3
05-Jan-2026,03-Feb-2026,PE,24800.0,19.45,2145.0,26250.3
05-Jan-2026,03-Feb-2026,PE,24850.0,20.55,2600.0,26250.3
05-Jan-2026,03-Feb-2026,PE,24900.0,21.2,1105.0,26250.3
05-Jan-2026,03-Feb-2026,PE,24950.0,23.05,1170.0,26250.3
05-Jan-2026,03-Feb-2026,PE,25000.0,26.2,46995.0,26250.3
05-Jan-2026,03-Feb-2026,PE,25050.0,26.4,1365.0,26250.3
05-Jan-2026,03-Feb-2026,PE,25100.0,31.45,1690.0,26250.3
05-Jan-2026,03-Feb-2026,PE,25150.0,33.25,4810.0,26250.3
05-Jan-2026,03-Feb-2026,PE,25200.0,36.05,6760.0,26250.3
05-Jan-2026,03-Feb-2026,PE,25250.0,39.55,910.0,26250.3
05-Jan-2026,03-Feb-2026,PE,25300.0,43.55,1040.0,26250.3
05-Jan-2026,03-Feb-2026,PE,25350.0,49.5,325.0,26250.3
05-Jan-2026,03-Feb-2026,PE,25400.0,54.65,325.0,26250.3
05-Jan-2026,03-Feb-2026,PE,25450.0,57.25,975.0,26250.3
05-Jan-2026,03-Feb-2026,PE,25500.0,62.5,39585.0,26250.3
05-Jan-2026,03-Feb-2026,PE,25550.0,,,26250.3
05-Jan-2026,03-Feb-2026,PE,25600.0,,,26250.3
05-Jan-2026,03-Feb-2026,PE,25650.0,,,26250.3
05-Jan-2026,03-Feb-2026,PE,25700.0,91.0,5850.0,26250.3
05-Jan-2026,03-Feb-2026,PE,25750.0,,,26250.3
05-Jan-2026,03-Feb-2026,PE,25800.0,110.95,4810.0,26250.3
05-Jan-2026,03-Feb-2026,PE,25850.0,118.55,5395.0,26250.3
05-Jan-2026,03-Feb-2026,PE,25900.0,131.15,7020.0,26250.3
05-Jan-2026,03-Feb-2026,PE,25950.0,137.25,1950.0,26250.3
05-Jan-2026,03-Feb-2026,PE,26000.0,161.1,56550.0,26250.3
05-Jan-2026,03-Feb-2026,PE,26050.0,174.05,5525.0,26250.3
05-Jan-2026,03-Feb-2026,PE,26100.0,191.4,9035.0,26250.3
05-Jan-2026,03-Feb-2026,PE,26150.0,211.95,1755.0,26250.3
05-Jan-2026,03-Feb-2026,PE,26200.0,230.1,10400.0,26250.3
05-Jan-2026,03-Feb-2026,PE,26250.0,251.75,1885.0,26250.3
05-Jan-2026,03-Feb-2026,PE,26300.0,266.3,10400.0,26250.3
05-Jan-2026,03-Feb-2026,PE,26350.0,293.6,1560.0,26250.3
05-Jan-2026,03-Feb-2026,PE,26400.0,309.85,3510.0,26250.3
05-Jan-2026,03-Feb-2026,PE,26450.0,,,26250.3
05-Jan-2026,03-Feb-2026,PE,26500.0,364.9,40170.0,26250.3
05-Jan-2026,03-Feb-2026,PE,26550.0,,,26250.3
05-Jan-2026,03-Feb-2026,PE,26600.0,,,26250.3
05-Jan-2026,03-Feb-2026,PE,26650.0,,,26250.3
05-Jan-2026,03-Feb-2026,PE,26700.0,,,26250.3
05-Jan-2026,03-Feb-2026,PE,26750.0,645.0,65.0,26250.3
05-Jan-2026,03-Feb-2026,PE,26800.0,,,26250.3
05-Jan-2026,03-Feb-2026,PE,26850.0,,,26250.3
05-Jan-2026,03-Feb-2026,PE,26900.0,,,26250.3
05-Jan-2026,03-Feb-2026,PE,26950.0,660.0,65.0,26250.3
05-Jan-2026,03-Feb-2026,PE,27000.0,696.2,260.0,26250.3
05-Jan-2026,03-Feb-2026,PE,27050.0,950.0,325.0,26250.3
05-Jan-2026,03-Feb-2026,PE,27100.0,792.0,65.0,26250.3
05-Jan-2026,03-Feb-2026,PE,27150.0,715.0,260.0,26250.3
05-Jan-2026,03-Feb-2026,PE,27200.0,,,26250.3
05-Jan-2026,03-Feb-2026,PE,27250.0,,,26250.3
05-Jan-2026,03-Feb-2026,PE,27300.0,,,26250.3
05-Jan-2026,03-Feb-2026,PE,27350.0,,,26250.3
05-Jan-2026,03-Feb-2026,PE,27400.0,,,26250.3
05-Jan-2026,03-Feb-2026,PE,27450.0,,,26250.3
05-Jan-2026,03-Feb-2026,PE,27500.0,,,26250.3
05-Jan-2026,03-Feb-2026,PE,27550.0,,,26250.3
05-Jan-2026,03-Feb-2026,PE,27600.0,,,26250.3
05-Jan-2026,03-Feb-2026,PE,27650.0,,,26250.3
05-Jan-2026,03-Feb-2026,PE,27700.0,,,26250.3
05-Jan-2026,03-Feb-2026,PE,27750.0,,,26250.3
05-Jan-2026,03-Feb-2026,PE,27800.0,,,26250.3
05-Jan-2026,03-Feb-2026,PE,27850.0,,,26250.3
05-Jan-2026,03-Feb-2026,PE,27900.0,,,26250.3
05-Jan-2026,03-Feb-2026,PE,27950.0,,,26250.3
05-Jan-2026,03-Feb-2026,PE,28000.0,,,26250.3
05-Jan-2026,03-Feb-2026,PE,28050.0,,,26250.3
05-Jan-2026,03-Feb-2026,PE,28100.0,,,26250.3
06-Jan-2026,03-Feb-2026,CE,24200.0,,,26178.7
06-Jan-2026,03-Feb-2026,CE,24250.0,,,26178.7
06-Jan-2026,03-Feb-2026,CE,24300.0,,,26178.7
06-Jan-2026,03-Feb-2026,CE,24350.0,,,26178.7
06-Jan-2026,03-Feb-2026,CE,24400.0,,,26178.7
06-Jan-2026,03-Feb-2026,CE,24450.0,,,26178.7
06-Jan-2026,03-Feb-2026,CE,24500.0,,,26178.7
06-Jan-2026,03-Feb-2026,CE,24550.0,,,26178.7
06-Jan-2026,03-Feb-2026,CE,24600.0,,,26178.7
06-Jan-2026,03-Feb-2026,CE,24650.0,,,26178.7
06-Jan-2026,03-Feb-2026,CE,24700.0,,,26178.7
06-Jan-2026,03-Feb-2026,CE,24750.0,,,26178.7
06-Jan-2026,03-Feb-2026,CE,24800.0,,,26178.7
06-Jan-2026,03-Feb-2026,CE,24850.0,,,26178.7
06-Jan-2026,03-Feb-2026,CE,24900.0,,,26178.7
06-Jan-2026,03-Feb-2026,CE,24950.0,,,26178.7
06-Jan-2026,03-Feb-2026,CE,25000.0,,,26178.7
06-Jan-2026,03-Feb-2026,CE,25050.0,,,26178.7
06-Jan-2026,03-Feb-2026,CE,25100.0,,,26178.7
06-Jan-2026,03-Feb-2026,CE,25150.0,,,26178.7
06-Jan-2026,03-Feb-2026,CE,25200.0,,,26178.7
06-Jan-2026,03-Feb-2026,CE,25250.0,,,26178.7
06-Jan-2026,03-Feb-2026,CE,25300.0,,,26178.7
06-Jan-2026,03-Feb-2026,CE,25350.0,,,26178.7
06-Jan-2026,03-Feb-2026,CE,25400.0,,,26178.7
06-Jan-2026,03-Feb-2026,CE,25450.0,,,26178.7
06-Jan-2026,03-Feb-2026,CE,25500.0,1018.1,65.0,26178.7
06-Jan-2026,03-Feb-2026,CE,25550.0,,,26178.7
06-Jan-2026,03-Feb-2026,CE,25600.0,,,26178.7
06-Jan-2026,03-Feb-2026,CE,25650.0,,,26178.7
06-Jan-2026,03-Feb-2026,CE,25700.0,861.85,845.0,26178.7
06-Jan-2026,03-Feb-2026,CE,25750.0,,,26178.7
06-Jan-2026,03-Feb-2026,CE,25800.0,770.55,715.0,26178.7
06-Jan-2026,03-Feb-2026,CE,25850.0,,,26178.7
06-Jan-2026,03-Feb-2026,CE,25900.0,580.0,910.0,26178.7
06-Jan-2026,03-Feb-2026,CE,25950.0,571.5,975.0,26178.7
06-Jan-2026,03-Feb-2026,CE,26000.0,501.2,43095.0,26178.7
06-Jan-2026,03-Feb-2026,CE,26050.0,482.15,1755.0,26178.7
06-Jan-2026,03-Feb-2026,CE,26100.0,447.0,5395.0,26178.7
06-Jan-2026,03-Feb-2026,CE,26150.0,422.6,6045.0,26178.7
06-Jan-2026,03-Feb-2026,CE,26200.0,384.7,15080.0,26178.7
06-Jan-2026,03-Feb-2026,CE,26250.0,361.95,5070.0,26178.7
06-Jan-2026,03-Feb-2026,CE,26300.0,328.0,25480.0,26178.7
06-Jan-2026,03-Feb-2026,CE,26350.0,305.0,7085.0,26178.7
06-Jan-2026,03-Feb-2026,CE,26400.0,280.0,25740.0,26178.7
06-Jan-2026,03-Feb-2026,CE,26450.0,259.95,5590.0,26178.7
06-Jan-2026,03-Feb-2026,CE,26500.0,231.95,110305.0,26178.7
06-Jan-2026,03-Feb-2026,CE,26550.0,211.0,5005.0,26178.7
06-Jan-2026,03-Feb-2026,CE,26600.0,186.8,31590.0,26178.7
06-Jan-2026,03-Feb-2026,CE,26650.0,172.05,8840.0,26178.7
06-Jan-2026,03-Feb-2026,CE,26700.0,153.95,23595.0,26178.7
06-Jan-2026,03-Feb-2026,CE,26750.0,,,26178.7
06-Jan-2026,03-Feb-2026,CE,26800.0,121.45,35685.0,26178.7
06-Jan-2026,03-Feb-2026,CE,26850.0,103.4,6695.0,26178.7
06-Jan-2026,03-Feb-2026,CE,26900.0,,,26178.7
06-Jan-2026,03-Feb-2026,CE,26950.0,,,26178.7
06-Jan-2026,03-Feb-2026,CE,27000.0,71.25,131170.0,26178.7
06-Jan-2026,03-Feb-2026,CE,27050.0,63.45,455.0,26178.7
06-Jan-2026,03-Feb-2026,CE,27100.0,56.5,15210.0,26178.7
06-Jan-2026,03-Feb-2026,CE,27150.0,,,26178.7
06-Jan-2026,03-Feb-2026,CE,27200.0,43.55,30160.0,26178.7
06-Jan-2026,03-Feb-2026,CE,27250.0,,,26178.7
06-Jan-2026,03-Feb-2026,CE,27300.0,,,26178.7
06-Jan-2026,03-Feb-2026,CE,27350.0,,,26178.7
06-Jan-2026,03-Feb-2026,CE,27400.0,,,26178.7
06-Jan-2026,03-Feb-2026,CE,27450.0,,,26178.7
06-Jan-2026,03-Feb-2026,CE,27500.0,19.8,16705.0,26178.7
06-Jan-2026,03-Feb-2026,CE,27550.0,,,26178.7
06-Jan-2026,03-Feb-2026,CE,27600.0,,,26178.7
06-Jan-2026,03-Feb-2026,CE,27650.0,15.75,585.0,26178.7
06-Jan-2026,03-Feb-2026,CE,27700.0,,,26178.7
06-Jan-2026,03-Feb-2026,CE,27750.0,,,26178.7
06-Jan-2026,03-Feb-2026,CE,27800.0,11.6,36595.0,26178.7
06-Jan-2026,03-Feb-2026,CE,27850.0,11.35,910.0,26178.7
06-Jan-2026,03-Feb-2026,CE,27900.0,9.75,7865.0,26178.7
06-Jan-2026,03-Feb-2026,CE,27950.0,8.75,18850.0,26178.7
06-Jan-2026,03-Feb-2026,CE,28000.0,9.25,14820.0,26178.7
06-Jan-2026,03-Feb-2026,CE,28050.0,10.5,11050.0,26178.7
06-Jan-2026,03-Feb-2026,CE,28100.0,8.55,9685.0,26178.7
06-Jan-2026,03-Feb-2026,PE,24200.0,,,26178.7
06-Jan-2026,03-Feb-2026,PE,24250.0,,,26178.7
06-Jan-2026,03-Feb-2026,PE,24300.0,,,26178.7
06-Jan-2026,03-Feb-2026,PE,24350.0,,,26178.7
06-Jan-2026,03-Feb-2026,PE,24400.0,10.75,4680.0,26178.7
06-Jan-2026,03-Feb-2026,PE,24450.0,15.7,390.0,26178.7
06-Jan-2026,03-Feb-2026,PE,24500.0,12.4,15275.0,26178.7
06-Jan-2026,03-Feb-2026,PE,24550.0,15.0,780.0,26178.7
06-Jan-2026,03-Feb-2026,PE,24600.0,14.6,2340.0,26178.7
06-Jan-2026,03-Feb-2026,PE,24650.0,18.95,845.0,26178.7
06-Jan-2026,03-Feb-2026,PE,24700.0,17.65,2405.0,26178.7
06-Jan-2026,03-Feb-2026,PE,24750.0,18.9,1235.0,26178.7
06-Jan-2026,03-Feb-2026,PE,24800.0,18.4,2405.0,26178.7
06-Jan-2026,03-Feb-2026,PE,24850.0,20.7,2015.0,26178.7
06-Jan-2026,03-Feb-2026,PE,24900.0,21.85,1560.0,26178.7
06-Jan-2026,03-Feb-2026,PE,24950.0,23.8,1495.0,26178.7
06-Jan-2026,03-Feb-2026,PE,25000.0,26.0,57915.0,26178.7
06-Jan-2026,03-Feb-2026,PE,25050.0,27.65,1820.0,26178.7
06-Jan-2026,03-Feb-2026,PE,25100.0,29.6,2535.0,26178.7
06-Jan-2026,03-Feb-2026,PE,25150.0,31.85,5005.0,26178.7
06-Jan-2026,03-Feb-2026,PE,25200.0,35.95,9425.0,26178.7
06-Jan-2026,03-Feb-2026,PE,25250.0,39.9,1560.0,26178.7
06-Jan-2026,03-Feb-2026,PE,25300.0,42.3,7735.0,26178.7
06-Jan-2026,03-Feb-2026,PE,25350.0,49.55,1560.0,26178.7
06-Jan-2026,03-Feb-2026,PE,25400.0,51.0,3900.0,26178.7
06-Jan-2026,03-Feb-2026,PE,25450.0,58.0,2275.0,26178.7
06-Jan-2026,03-Feb-2026,PE,25500.0,62.65,52325.0,26178.7
06-Jan-2026,03-Feb-2026,PE,25550.0,,,26178.7
06-Jan-2026,03-Feb-2026,PE,25600.0,78.0,2860.0,26178.7
06-Jan-2026,03-Feb-2026,PE,25650.0,85.85,2405.0,26178.7
06-Jan-2026,03-Feb-2026,PE,25700.0,93.0,17940.0,26178.7
06-Jan-2026,03-Feb-2026,PE,25750.0,97.55,780.0,26178.7
06-Jan-2026,03-Feb-2026,PE,25800.0,115.05,30160.0,26178.7
06-Jan-2026,03-Feb-2026,PE,25850.0,121.85,4225.0,26178.7
06-Jan-2026,03-Feb-2026,PE,25900.0,140.65,12870.0,26178.7
06-Jan-2026,03-Feb-2026,PE,25950.0,154.05,2145.0,26178.7
06-Jan-2026,03-Feb-2026,PE,26000.0,168.5,70395.0,26178.7
06-Jan-2026,03-Feb-2026,PE,26050.0,189.85,4745.0,26178.7
06-Jan-2026,03-Feb-2026,PE,26100.0,204.4,9295.0,26178.7
06-Jan-2026,03-Feb-2026,PE,26150.0,225.4,3510.0,26178.7
06-Jan-2026,03-Feb-2026,PE,26200.0,244.65,12870.0,26178.7
06-Jan-2026,03-Feb-2026,PE,26250.0,265.85,3380.0,26178.7
06-Jan-2026,03-Feb-2026,PE,26300.0,286.65,10075.0,26178.7
06-Jan-2026,03-Feb-2026,PE,26350.0,302.35,1885.0,26178.7
06-Jan-2026,03-Feb-2026,PE,26400.0,328.7,4745.0,26178.7
06-Jan-2026,03-Feb-2026,PE,26450.0,,,26178.7
06-Jan-2026,03-Feb-2026,PE,26500.0,390.2,47320.0,26178.7
06-Jan-2026,03-Feb-2026,PE,26550.0,,,26178.7
06-Jan-2026,03-Feb-2026,PE,26600.0,,,26178.7
06-Jan-2026,03-Feb-2026,PE,26650.0,,,26178.7
06-Jan-2026,03-Feb-2026,PE,26700.0,,,26178.7
06-Jan-2026,03-Feb-2026,PE,26750.0,645.0,65.0,26178.7
06-Jan-2026,03-Feb-2026,PE,26800.0,,,26178.7
06-Jan-2026,03-Feb-2026,PE,26850.0,,,26178.7
06-Jan-2026,03-Feb-2026,PE,26900.0,,,26178.7
06-Jan-2026,03-Feb-2026,PE,26950.0,660.0,65.0,26178.7
06-Jan-2026,03-Feb-2026,PE,27000.0,728.35,390.0,26178.7
06-Jan-2026,03-Feb-2026,PE,27050.0,950.0,325.0,26178.7
06-Jan-2026,03-Feb-2026,PE,27100.0,792.0,65.0,26178.7
06-Jan-2026,03-Feb-2026,PE,27150.0,795.0,325.0,26178.7
06-Jan-2026,03-Feb-2026,PE,27200.0,825.0,65.0,26178.7
06-Jan-2026,03-Feb-2026,PE,27250.0,,,26178.7
06-Jan-2026,03-Feb-2026,PE,27300.0,,,26178.7
06-Jan-2026,03-Feb-2026,PE,27350.0,,,26178.7
06-Jan-2026,03-Feb-2026,PE,27400.0,,,26178.7
06-Jan-2026,03-Feb-2026,PE,27450.0,,,26178.7
06-Jan-2026,03-Feb-2026,PE,27500.0,,,26178.7
06-Jan-2026,03-Feb-2026,PE,27550.0,,,26178.7
06-Jan-2026,03-Feb-2026,PE,27600.0,,,26178.7
06-Jan-2026,03-Feb-2026,PE,27650.0,,,26178.7
06-Jan-2026,03-Feb-2026,PE,27700.0,,,26178.7
06-Jan-2026,03-Feb-2026,PE,27750.0,,,26178.7
06-Jan-2026,03-Feb-2026,PE,27800.0,,,26178.7
06-Jan-2026,03-Feb-2026,PE,27850.0,,,26178.7
06-Jan-2026,03-Feb-2026,PE,27900.0,,,26178.7
06-Jan-2026,03-Feb-2026,PE,27950.0,,,26178.7
06-Jan-2026,03-Feb-2026,PE,28000.0,,,26178.7
06-Jan-2026,03-Feb-2026,PE,28050.0,,,26178.7
06-Jan-2026,03-Feb-2026,PE,28100.0,,,26178.7
07-Jan-2026,03-Feb-2026,CE,24200.0,,,26140.75
07-Jan-2026,03-Feb-2026,CE,24250.0,,,26140.75
07-Jan-2026,03-Feb-2026,CE,24300.0,,,26140.75
07-Jan-2026,03-Feb-2026,CE,24350.0,,,26140.75
07-Jan-2026,03-Feb-2026,CE,24400.0,,,26140.75
07-Jan-2026,03-Feb-2026,CE,24450.0,,,26140.75
07-Jan-2026,03-Feb-2026,CE,24500.0,,,26140.75
07-Jan-2026,03-Feb-2026,CE,24550.0,1739.05,65.0,26140.75
07-Jan-2026,03-Feb-2026,CE,24600.0,,,26140.75
07-Jan-2026,03-Feb-2026,CE,24650.0,,,26140.75
07-Jan-2026,03-Feb-2026,CE,24700.0,,,26140.75
07-Jan-2026,03-Feb-2026,CE,24750.0,1544.25,65.0,26140.75
07-Jan-2026,03-Feb-2026,CE,24800.0,1495.5,65.0,26140.75
07-Jan-2026,03-Feb-2026,CE,24850.0,1447.55,65.0,26140.75
07-Jan-2026,03-Feb-2026,CE,24900.0,,,26140.75
07-Jan-2026,03-Feb-2026,CE,24950.0,1352.1,65.0,26140.75
07-Jan-2026,03-Feb-2026,CE,25000.0,1304.2,,26140.75
07-Jan-2026,03-Feb-2026,CE,25050.0,1256.9,65.0,26140.75
07-Jan-2026,03-Feb-2026,CE,25100.0,1210.05,65.0,26140.75
07-Jan-2026,03-Feb-2026,CE,25150.0,1163.15,65.0,26140.75
07-Jan-2026,03-Feb-2026,CE,25200.0,1124.35,65.0,26140.75
07-Jan-2026,03-Feb-2026,CE,25250.0,1078.2,65.0,26140.75
07-Jan-2026,03-Feb-2026,CE,25300.0,1032.45,65.0,26140.75
07-Jan-2026,03-Feb-2026,CE,25350.0,979.1,65.0,26140.75
07-Jan-2026,03-Feb-2026,CE,25400.0,934.05,65.0,26140.75
07-Jan-2026,03-Feb-2026,CE,25450.0,891.1,130.0,26140.75
07-Jan-2026,03-Feb-2026,CE,25500.0,852.35,390.0,26140.75
07-Jan-2026,03-Feb-2026,CE,25550.0,805.7,65.0,26140.75
07-Jan-2026,03-Feb-2026,CE,25600.0,764.5,,26140.75
07-Jan-2026,03-Feb-2026,CE,25650.0,729.05,325.0,26140.75
07-Jan-2026,03-Feb-2026,CE,25700.0,684.55,845.0,26140.75
07-Jan-2026,03-Feb-2026,CE,25750.0,646.15,260.0,26140.75
07-Jan-2026,03-Feb-2026,CE,25800.0,612.55,4355.0,26140.75
07-Jan-2026,03-Feb-2026,CE,25850.0,570.25,195.0,26140.75
07-Jan-2026,03-Feb-2026,CE,25900.0,531.0,2340.0,26140.75
07-Jan-2026,03-Feb-2026,CE,25950.0,506.35,1170.0,26140.75
07-Jan-2026,03-Feb-2026,CE,26000.0,465.4,50765.0,26140.75
07-Jan-2026,03-Feb-2026,CE,26050.0,435.9,2600.0,26140.75
07-Jan-2026,03-Feb-2026,CE,26100.0,405.2,12415.0,26140.75
07-Jan-2026,03-Feb-2026,CE,26150.0,375.55,9360.0,26140.75
07-Jan-2026,03-Feb-2026,CE,26200.0,343.7,27820.0,26140.75
07-Jan-2026,03-Feb-2026,CE,26250.0,319.2,9880.0,26140.75
07-Jan-2026,03-Feb-2026,CE,26300.0,290.9,57980.0,26140.75
07-Jan-2026,03-Feb-2026,CE,26350.0,268.3,12740.0,26140.75
07-Jan-2026,03-Feb-2026,CE,26400.0,246.05,39000.0,26140.75
07-Jan-2026,03-Feb-2026,CE,26450.0,223.35,6110.0,26140.75
07-Jan-2026,03-Feb-2026,CE,26500.0,201.1,137670.0,26140.75
07-Jan-2026,03-Feb-2026,CE,26550.0,183.15,9880.0,26140.75
07-Jan-2026,03-Feb-2026,CE,26600.0,163.0,35230.0,26140.75
07-Jan-2026,03-Feb-2026,CE,26650.0,146.6,4420.0,26140.75
07-Jan-2026,03-Feb-2026,CE,26700.0,129.25,36725.0,26140.75
07-Jan-2026,03-Feb-2026,CE,26750.0,,,26140.75
07-Jan-2026,03-Feb-2026,CE,26800.0,100.85,32435.0,26140.75
07-Jan-2026,03-Feb-2026,CE,26850.0,90.4,8645.0,26140.75
07-Jan-2026,03-Feb-2026,CE,26900.0,,,26140.75
07-Jan-2026,03-Feb-2026,CE,26950.0,,,26140.75
07-Jan-2026,03-Feb-2026,CE,27000.0,59.0,141180.0,26140.75
07-Jan-2026,03-Feb-2026,CE,27050.0,55.25,1625.0,26140.75
07-Jan-2026,03-Feb-2026,CE,27100.0,49.0,27105.0,26140.75
07-Jan-2026,03-Feb-2026,CE,27150.0,39.4,1300.0,26140.75
07-Jan-2026,03-Feb-2026,CE,27200.0,37.6,46410.0,26140.75
07-Jan-2026,03-Feb-2026,CE,27250.0,,,26140.75
07-Jan-2026,03-Feb-2026,CE,27300.0,27.65,9750.0,26140.75
07-Jan-2026,03-Feb-2026,CE,27350.0,,,26140.75
07-Jan-2026,03-Feb-2026,CE,27400.0,,,26140.75
07-Jan-2026,03-Feb-2026,CE,27450.0,,,26140.75
07-Jan-2026,03-Feb-2026,CE,27500.0,17.45,33150.0,26140.75
07-Jan-2026,03-Feb-2026,CE,27550.0,,,26140.75
07-Jan-2026,03-Feb-2026,CE,27600.0,14.55,4745.0,26140.75
07-Jan-2026,03-Feb-2026,CE,27650.0,14.05,1170.0,26140.75
07-Jan-2026,03-Feb-2026,CE,27700.0,,,26140.75
07-Jan-2026,03-Feb-2026,CE,27750.0,11.75,910.0,26140.75
07-Jan-2026,03-Feb-2026,CE,27800.0,10.5,35490.0,26140.75
07-Jan-2026,03-Feb-2026,CE,27850.0,10.15,1040.0,26140.75
07-Jan-2026,03-Feb-2026,CE,27900.0,8.9,7670.0,26140.75
07-Jan-2026,03-Feb-2026,CE,27950.0,7.9,17940.0,26140.75
07-Jan-2026,03-Feb-2026,CE,28000.0,8.9,29640.0,26140.75
07-Jan-2026,03-Feb-2026,CE,28050.0,8.95,12480.0,26140.75
07-Jan-2026,03-Feb-2026,CE,28100.0,7.0,16640.0,26140.75
07-Jan-2026,03-Feb-2026,PE,24200.0,,,26140.75
07-Jan-2026,03-Feb-2026,PE,24250.0,,,26140.75
07-Jan-2026,03-Feb-2026,PE,24300.0,10.65,1820.0,26140.75
07-Jan-2026,03-Feb-2026,PE,24350.0,,,26140.75
07-Jan-2026,03-Feb-2026,PE,24400.0,11.1,15730.0,26140.75
07-Jan-2026,03-Feb-2026,PE,24450.0,15.7,390.0,26140.75
07-Jan-2026,03-Feb-2026,PE,24500.0,12.65,21385.0,26140.75
07-Jan-2026,03-Feb-2026,PE,24550.0,15.0,780.0,26140.75
07-Jan-2026,03-Feb-2026,PE,24600.0,13.2,3315.0,26140.75
07-Jan-2026,03-Feb-2026,PE,24650.0,18.95,845.0,26140.75
07-Jan-2026,03-Feb-2026,PE,24700.0,15.9,2145.0,26140.75
07-Jan-2026,03-Feb-2026,PE,24750.0,16.65,1105.0,26140.75
07-Jan-2026,03-Feb-2026,PE,24800.0,18.6,2730.0,26140.75
07-Jan-2026,03-Feb-2026,PE,24850.0,20.0,1690.0,26140.75
07-Jan-2026,03-Feb-2026,PE,24900.0,21.25,2015.0,26140.75
07-Jan-2026,03-Feb-2026,PE,24950.0,23.55,1040.0,26140.75
07-Jan-2026,03-Feb-2026,PE,25000.0,24.0,53365.0,26140.75
07-Jan-2026,03-Feb-2026,PE,25050.0,27.9,1365.0,26140.75
07-Jan-2026,03-Feb-2026,PE,25100.0,29.0,3640.0,26140.75
07-Jan-2026,03-Feb-2026,PE,25150.0,31.45,4940.0,26140.75
07-Jan-2026,03-Feb-2026,PE,25200.0,34.7,12740.0,26140.75
07-Jan-2026,03-Feb-2026,PE,25250.0,41.0,2795.0,26140.75
07-Jan-2026,03-Feb-2026,PE,25300.0,41.95,13780.0,26140.75
07-Jan-2026,03-Feb-2026,PE,25350.0,46.5,2730.0,26140.75
07-Jan-2026,03-Feb-2026,PE,25400.0,52.3,7020.0,26140.75
07-Jan-2026,03-Feb-2026,PE,25450.0,58.45,2210.0,26140.75
07-Jan-2026,03-Feb-2026,PE,25500.0,63.8,63700.0,26140.75
07-Jan-2026,03-Feb-2026,PE,25550.0,,,26140.75
07-Jan-2026,03-Feb-2026,PE,25600.0,79.35,4420.0,26140.75
07-Jan-2026,03-Feb-2026,PE,25650.0,87.5,2340.0,26140.75
07-Jan-2026,03-Feb-2026,PE,25700.0,96.3,20150.0,26140.75
07-Jan-2026,03-Feb-2026,PE,25750.0,109.1,1755.0,26140.75
07-Jan-2026,03-Feb-2026,PE,25800.0,120.2,39260.0,26140.75
07-Jan-2026,03-Feb-2026,PE,25850.0,135.5,4615.0,26140.75
07-Jan-2026,03-Feb-2026,PE,25900.0,147.55,24115.0,26140.75
07-Jan-2026,03-Feb-2026,PE,25950.0,160.8,2535.0,26140.75
07-Jan-2026,03-Feb-2026,PE,26000.0,179.65,82290.0,26140.75
07-Jan-2026,03-Feb-2026,PE,26050.0,197.4,6305.0,26140.75
07-Jan-2026,03-Feb-2026,PE,26100.0,212.3,26520.0,26140.75
07-Jan-2026,03-Feb-2026,PE,26150.0,231.8,5395.0,26140.75
07-Jan-2026,03-Feb-2026,PE,26200.0,256.0,19435.0,26140.75
07-Jan-2026,03-Feb-2026,PE,26250.0,275.5,3900.0,26140.75
07-Jan-2026,03-Feb-2026,PE,26300.0,299.1,16510.0,26140.75
07-Jan-2026,03-Feb-2026,PE,26350.0,324.35,3120.0,26140.75
07-Jan-2026,03-Feb-2026,PE,26400.0,349.45,7345.0,26140.75
07-Jan-2026,03-Feb-2026,PE,26450.0,376.1,325.0,26140.75
07-Jan-2026,03-Feb-2026,PE,26500.0,406.6,47255.0,26140.75
07-Jan-2026,03-Feb-2026,PE,26550.0,433.35,65.0,26140.75
07-Jan-2026,03-Feb-2026,PE,26600.0,467.35,1105.0,26140.75
07-Jan-2026,03-Feb-2026,PE,26650.0,502.45,65.0,26140.75
07-Jan-2026,03-Feb-2026,PE,26700.0,535.9,6435.0,26140.75
07-Jan-2026,03-Feb-2026,PE,26750.0,571.75,130.0,26140.75
07-Jan-2026,03-Feb-2026,PE,26800.0,634.35,650.0,26140.75
07-Jan-2026,03-Feb-2026,PE,26850.0,645.7,65.0,26140.75
07-Jan-2026,03-Feb-2026,PE,26900.0,685.25,65.0,26140.75
07-Jan-2026,03-Feb-2026,PE,26950.0,725.4,65.0,26140.75
07-Jan-2026,03-Feb-2026,PE,27000.0,765.0,1300.0,26140.75
07-Jan-2026,03-Feb-2026,PE,27050.0,790.45,325.0,26140.75
07-Jan-2026,03-Feb-2026,PE,27100.0,852.65,130.0,26140.75
07-Jan-2026,03-Feb-2026,PE,27150.0,908.4,325.0,26140.75
07-Jan-2026,03-Feb-2026,PE,27200.0,941.35,130.0,26140.75
07-Jan-2026,03-Feb-2026,PE,27250.0,986.05,65.0,26140.75
07-Jan-2026,03-Feb-2026,PE,27300.0,1031.5,65.0,26140.75
07-Jan-2026,03-Feb-2026,PE,27350.0,1078.2,65.0,26140.75
07-Jan-2026,03-Feb-2026,PE,27400.0,1124.55,65.0,26140.75
07-Jan-2026,03-Feb-2026,PE,27450.0,1172.5,65.0,26140.75
07-Jan-2026,03-Feb-2026,PE,27500.0,1220.05,65.0,26140.75
07-Jan-2026,03-Feb-2026,PE,27550.0,1266.9,65.0,26140.75
07-Jan-2026,03-Feb-2026,PE,27600.0,1315.0,65.0,26140.75
07-Jan-2026,03-Feb-2026,PE,27650.0,1363.7,65.0,26140.75
07-Jan-2026,03-Feb-2026,PE,27700.0,1412.25,65.0,26140.75
07-Jan-2026,03-Feb-2026,PE,27750.0,1459.8,65.0,26140.75
07-Jan-2026,03-Feb-2026,PE,27800.0,1508.7,65.0,26140.75
07-Jan-2026,03-Feb-2026,PE,27850.0,1557.05,65.0,26140.75
07-Jan-2026,03-Feb-2026,PE,27900.0,1610.65,65.0,26140.75
07-Jan-2026,03-Feb-2026,PE,27950.0,1654.95,65.0,26140.75
07-Jan-2026,03-Feb-2026,PE,28000.0,1709.2,65.0,26140.75
07-Jan-2026,03-Feb-2026,PE,28050.0,1758.95,65.0,26140.75
07-Jan-2026,03-Feb-2026,PE,28100.0,1807.8,65.0,26140.75
08-Jan-2026,03-Feb-2026,CE,24200.0,1831.45,,25876.85
08-Jan-2026,03-Feb-2026,CE,24250.0,1781.8,,25876.85
08-Jan-2026,03-Feb-2026,CE,24300.0,1732.85,,25876.85
08-Jan-2026,03-Feb-2026,CE,24350.0,1684.05,,25876.85
08-Jan-2026,03-Feb-2026,CE,24400.0,1638.0,65.0,25876.85
08-Jan-2026,03-Feb-2026,CE,24450.0,1590.65,65.0,25876.85
08-Jan-2026,03-Feb-2026,CE,24500.0,1542.05,65.0,25876.85
08-Jan-2026,03-Feb-2026,CE,24550.0,1489.9,65.0,25876.85
08-Jan-2026,03-Feb-2026,CE,24600.0,1445.8,65.0,25876.85
08-Jan-2026,03-Feb-2026,CE,24650.0,1388.0,65.0,25876.85
08-Jan-2026,03-Feb-2026,CE,24700.0,1340.65,65.0,25876.85
08-Jan-2026,03-Feb-2026,CE,24750.0,1491.3,65.0,25876.85
08-Jan-2026,03-Feb-2026,CE,24800.0,1260.45,130.0,25876.85
08-Jan-2026,03-Feb-2026,CE,24850.0,1238.3,130.0,25876.85
08-Jan-2026,03-Feb-2026,CE,24900.0,1197.1,65.0,25876.85
08-Jan-2026,03-Feb-2026,CE,24950.0,1158.9,130.0,25876.85
08-Jan-2026,03-Feb-2026,CE,25000.0,1075.0,7215.0,25876.85
08-Jan-2026,03-Feb-2026,CE,25050.0,1062.5,130.0,25876.85
08-Jan-2026,03-Feb-2026,CE,25100.0,1019.6,195.0,25876.85
08-Jan-2026,03-Feb-2026,CE,25150.0,961.75,195.0,25876.85
08-Jan-2026,03-Feb-2026,CE,25200.0,878.65,65.0,25876.85
08-Jan-2026,03-Feb-2026,CE,25250.0,833.75,130.0,25876.85
08-Jan-2026,03-Feb-2026,CE,25300.0,808.15,585.0,25876.85
08-Jan-2026,03-Feb-2026,CE,25350.0,803.95,195.0,25876.85
08-Jan-2026,03-Feb-2026,CE,25400.0,729.3,390.0,25876.85
08-Jan-2026,03-Feb-2026,CE,25450.0,723.6,195.0,25876.85
08-Jan-2026,03-Feb-2026,CE,25500.0,640.0,845.0,25876.85
08-Jan-2026,03-Feb-2026,CE,25550.0,649.5,195.0,25876.85
08-Jan-2026,03-Feb-2026,CE,25600.0,569.0,16120.0,25876.85
08-Jan-2026,03-Feb-2026,CE,25650.0,576.75,325.0,25876.85
08-Jan-2026,03-Feb-2026,CE,25700.0,500.75,10140.0,25876.85
08-Jan-2026,03-Feb-2026,CE,25750.0,504.0,1625.0,25876.85
08-Jan-2026,03-Feb-2026,CE,25800.0,436.2,5655.0,25876.85
08-Jan-2026,03-Feb-2026,CE,25850.0,409.7,6045.0,25876.85
08-Jan-2026,03-Feb-2026,CE,25900.0,369.2,17160.0,25876.85
08-Jan-2026,03-Feb-2026,CE,25950.0,344.3,9100.0,25876.85
08-Jan-2026,03-Feb-2026,CE,26000.0,314.8,249860.0,25876.85
08-Jan-2026,03-Feb-2026,CE,26050.0,288.75,18590.0,25876.85
08-Jan-2026,03-Feb-2026,CE,26100.0,264.85,199615.0,25876.85
08-Jan-2026,03-Feb-2026,CE,26150.0,247.6,17745.0,25876.85
08-Jan-2026,03-Feb-2026,CE,26200.0,220.55,54665.0,25876.85
08-Jan-2026,03-Feb-2026,CE,26250.0,201.1,11115.0,25876.85
08-Jan-2026,03-Feb-2026,CE,26300.0,180.0,64545.0,25876.85
08-Jan-2026,03-Feb-2026,CE,26350.0,165.3,7215.0,25876.85
08-Jan-2026,03-Feb-2026,CE,26400.0,148.75,40950.0,25876.85
08-Jan-2026,03-Feb-2026,CE,26450.0,133.55,4485.0,25876.85
08-Jan-2026,03-Feb-2026,CE,26500.0,118.9,165230.0,25876.85
08-Jan-2026,03-Feb-2026,CE,26550.0,106.65,9230.0,25876.85
08-Jan-2026,03-Feb-2026,CE,26600.0,93.65,43485.0,25876.85
08-Jan-2026,03-Feb-2026,CE,26650.0,83.95,6500.0,25876.85
08-Jan-2026,03-Feb-2026,CE,26700.0,75.55,41145.0,25876.85
08-Jan-2026,03-Feb-2026,CE,26750.0,68.7,2795.0,25876.85
08-Jan-2026,03-Feb-2026,CE,26800.0,58.0,35685.0,25876.85
08-Jan-2026,03-Feb-2026,CE,26850.0,52.55,8775.0,25876.85
08-Jan-2026,03-Feb-2026,CE,26900.0,47.45,10335.0,25876.85
08-Jan-2026,03-Feb-2026,CE,26950.0,42.95,7215.0,25876.85
08-Jan-2026,03-Feb-2026,CE,27000.0,39.2,183170.0,25876.85
08-Jan-2026,03-Feb-2026,CE,27050.0,34.7,4680.0,25876.85
08-Jan-2026,03-Feb-2026,CE,27100.0,29.85,22880.0,25876.85
08-Jan-2026,03-Feb-2026,CE,27150.0,26.4,780.0,25876.85
08-Jan-2026,03-Feb-2026,CE,27200.0,23.4,30550.0,25876.85
08-Jan-2026,03-Feb-2026,CE,27250.0,,,25876.85
08-Jan-2026,03-Feb-2026,CE,27300.0,18.8,15210.0,25876.85
08-Jan-2026,03-Feb-2026,CE,27350.0,,,25876.85
08-Jan-2026,03-Feb-2026,CE,27400.0,14.95,2665.0,25876.85
08-Jan-2026,03-Feb-2026,CE,27450.0,15.75,2405.0,25876.85
08-Jan-2026,03-Feb-2026,CE,27500.0,12.95,43615.0,25876.85
08-Jan-2026,03-Feb-2026,CE,27550.0,13.2,520.0,25876.85
08-Jan-2026,03-Feb-2026,CE,27600.0,10.9,5395.0,25876.85
08-Jan-2026,03-Feb-2026,CE,27650.0,13.2,1170.0,25876.85
08-Jan-2026,03-Feb-2026,CE,27700.0,11.9,1300.0,25876.85
08-Jan-2026,03-Feb-2026,CE,27750.0,11.85,975.0,25876.85
08-Jan-2026,03-Feb-2026,CE,27800.0,8.9,38805.0,25876.85
08-Jan-2026,03-Feb-2026,CE,27850.0,9.05,1105.0,25876.85
08-Jan-2026,03-Feb-2026,CE,27900.0,9.05,7800.0,25876.85
08-Jan-2026,03-Feb-2026,CE,27950.0,8.05,18265.0,25876.85
08-Jan-2026,03-Feb-2026,CE,28000.0,6.95,45175.0,25876.85
08-Jan-2026,03-Feb-2026,CE,28050.0,8.5,16510.0,25876.85
08-Jan-2026,03-Feb-2026,CE,28100.0,7.9,28210.0,25876.85
08-Jan-2026,03-Feb-2026,PE,24200.0,12.9,650.0,25876.85
08-Jan-2026,03-Feb-2026,PE,24250.0,,,25876.85
08-Jan-2026,03-Feb-2026,PE,24300.0,16.05,3900.0,25876.85
08-Jan-2026,03-Feb-2026,PE,24350.0,,,25876.85
08-Jan-2026,03-Feb-2026,PE,24400.0,16.4,27170.0,25876.85
08-Jan-2026,03-Feb-2026,PE,24450.0,17.4,260.0,25876.85
08-Jan-2026,03-Feb-2026,PE,24500.0,21.0,34710.0,25876.85
08-Jan-2026,03-Feb-2026,PE,24550.0,20.2,1430.0,25876.85
08-Jan-2026,03-Feb-2026,PE,24600.0,22.85,2795.0,25876.85
08-Jan-2026,03-Feb-2026,PE,24650.0,25.05,845.0,25876.85
08-Jan-2026,03-Feb-2026,PE,24700.0,26.9,15080.0,25876.85
08-Jan-2026,03-Feb-2026,PE,24750.0,28.15,1105.0,25876.85
08-Jan-2026,03-Feb-2026,PE,24800.0,30.4,4680.0,25876.85
08-Jan-2026,03-Feb-2026,PE,24850.0,33.8,1950.0,25876.85
08-Jan-2026,03-Feb-2026,PE,24900.0,37.25,4615.0,25876.85
08-Jan-2026,03-Feb-2026,PE,24950.0,39.45,1105.0,25876.85
08-Jan-2026,03-Feb-2026,PE,25000.0,46.05,68900.0,25876.85
08-Jan-2026,03-Feb-2026,PE,25050.0,48.65,975.0,25876.85
08-Jan-2026,03-Feb-2026,PE,25100.0,55.55,10335.0,25876.85
08-Jan-2026,03-Feb-2026,PE,25150.0,59.7,4420.0,25876.85
08-Jan-2026,03-Feb-2026,PE,25200.0,73.15,14820.0,25876.85
08-Jan-2026,03-Feb-2026,PE,25250.0,73.2,2210.0,25876.85
08-Jan-2026,03-Feb-2026,PE,25300.0,80.7,24440.0,25876.85
08-Jan-2026,03-Feb-2026,PE,25350.0,85.95,2015.0,25876.85
08-Jan-2026,03-Feb-2026,PE,25400.0,98.0,21255.0,25876.85
08-Jan-2026,03-Feb-2026,PE,25450.0,103.7,2535.0,25876.85
08-Jan-2026,03-Feb-2026,PE,25500.0,120.35,103090.0,25876.85
08-Jan-2026,03-Feb-2026,PE,25550.0,118.25,260.0,25876.85
08-Jan-2026,03-Feb-2026,PE,25600.0,146.2,30420.0,25876.85
08-Jan-2026,03-Feb-2026,PE,25650.0,157.3,3250.0,25876.85
08-Jan-2026,03-Feb-2026,PE,25700.0,172.8,29315.0,25876.85
08-Jan-2026,03-Feb-2026,PE,25750.0,187.2,2405.0,25876.85
08-Jan-2026,03-Feb-2026,PE,25800.0,209.7,56030.0,25876.85
08-Jan-2026,03-Feb-2026,PE,25850.0,226.65,6305.0,25876.85
08-Jan-2026,03-Feb-2026,PE,25900.0,245.1,27690.0,25876.85
08-Jan-2026,03-Feb-2026,PE,25950.0,274.55,4290.0,25876.85
08-Jan-2026,03-Feb-2026,PE,26000.0,298.6,252265.0,25876.85
08-Jan-2026,03-Feb-2026,PE,26050.0,316.6,5395.0,25876.85
08-Jan-2026,03-Feb-2026,PE,26100.0,347.4,178555.0,25876.85
08-Jan-2026,03-Feb-2026,PE,26150.0,348.15,5135.0,25876.85
08-Jan-2026,03-Feb-2026,PE,26200.0,406.55,28405.0,25876.85
08-Jan-2026,03-Feb-2026,PE,26250.0,421.45,4290.0,25876.85
08-Jan-2026,03-Feb-2026,PE,26300.0,459.05,18590.0,25876.85
08-Jan-2026,03-Feb-2026,PE,26350.0,425.55,4550.0,25876.85
08-Jan-2026,03-Feb-2026,PE,26400.0,520.0,11115.0,25876.85
08-Jan-2026,03-Feb-2026,PE,26450.0,510.3,520.0,25876.85
08-Jan-2026,03-Feb-2026,PE,26500.0,586.1,40040.0,25876.85
08-Jan-2026,03-Feb-2026,PE,26550.0,581.8,65.0,25876.85
08-Jan-2026,03-Feb-2026,PE,26600.0,659.75,7930.0,25876.85
08-Jan-2026,03-Feb-2026,PE,26650.0,666.75,130.0,25876.85
08-Jan-2026,03-Feb-2026,PE,26700.0,718.45,6435.0,25876.85
08-Jan-2026,03-Feb-2026,PE,26750.0,747.5,130.0,25876.85
08-Jan-2026,03-Feb-2026,PE,26800.0,690.15,910.0,25876.85
08-Jan-2026,03-Feb-2026,PE,26850.0,835.55,65.0,25876.85
08-Jan-2026,03-Feb-2026,PE,26900.0,883.5,195.0,25876.85
08-Jan-2026,03-Feb-2026,PE,26950.0,921.85,130.0,25876.85
08-Jan-2026,03-Feb-2026,PE,27000.0,848.55,975.0,25876.85
08-Jan-2026,03-Feb-2026,PE,27050.0,986.9,325.0,25876.85
08-Jan-2026,03-Feb-2026,PE,27100.0,1053.2,65.0,25876.85
08-Jan-2026,03-Feb-2026,PE,27150.0,1077.0,325.0,25876.85
08-Jan-2026,03-Feb-2026,PE,27200.0,1144.9,65.0,25876.85
08-Jan-2026,03-Feb-2026,PE,27250.0,1223.1,130.0,25876.85
08-Jan-2026,03-Feb-2026,PE,27300.0,1291.5,130.0,25876.85
08-Jan-2026,03-Feb-2026,PE,27350.0,1297.0,65.0,25876.85
08-Jan-2026,03-Feb-2026,PE,27400.0,1343.95,65.0,25876.85
08-Jan-2026,03-Feb-2026,PE,27450.0,1435.15,65.0,25876.85
08-Jan-2026,03-Feb-2026,PE,27500.0,1462.3,,25876.85
08-Jan-2026,03-Feb-2026,PE,27550.0,1518.5,65.0,25876.85
08-Jan-2026,03-Feb-2026,PE,27600.0,1567.2,65.0,25876.85
08-Jan-2026,03-Feb-2026,PE,27650.0,1620.3,65.0,25876.85
08-Jan-2026,03-Feb-2026,PE,27700.0,1669.25,65.0,25876.85
08-Jan-2026,03-Feb-2026,PE,27750.0,1708.5,,25876.85
08-Jan-2026,03-Feb-2026,PE,27800.0,1762.45,,25876.85
08-Jan-2026,03-Feb-2026,PE,27850.0,1557.05,65.0,25876.85
08-Jan-2026,03-Feb-2026,PE,27900.0,1610.65,65.0,25876.85
08-Jan-2026,03-Feb-2026,PE,27950.0,1654.95,65.0,25876.85
08-Jan-2026,03-Feb-2026,PE,28000.0,1709.2,65.0,25876.85
08-Jan-2026,03-Feb-2026,PE,28050.0,1758.95,65.0,25876.85
08-Jan-2026,03-Feb-2026,PE,28100.0,1807.8,65.0,25876.85
09-Jan-2026,03-Feb-2026,CE,24150.0,1678.3,65.0,25683.3
09-Jan-2026,03-Feb-2026,CE,24200.0,1629.45,65.0,25683.3
09-Jan-2026,03-Feb-2026,CE,24250.0,1614.65,65.0,25683.3
09-Jan-2026,03-Feb-2026,CE,24300.0,1555.35,,25683.3
09-Jan-2026,03-Feb-2026,CE,24350.0,1501.85,,25683.3
09-Jan-2026,03-Feb-2026,CE,24400.0,1455.85,130.0,25683.3
09-Jan-2026,03-Feb-2026,CE,24450.0,1407.2,130.0,25683.3
09-Jan-2026,03-Feb-2026,CE,24500.0,1358.95,130.0,25683.3
09-Jan-2026,03-Feb-2026,CE,24550.0,1288.25,130.0,25683.3
09-Jan-2026,03-Feb-2026,CE,24600.0,1240.95,130.0,25683.3
09-Jan-2026,03-Feb-2026,CE,24650.0,1192.1,130.0,25683.3
09-Jan-2026,03-Feb-2026,CE,24700.0,1145.85,130.0,25683.3
09-Jan-2026,03-Feb-2026,CE,24750.0,1106.7,195.0,25683.3
09-Jan-2026,03-Feb-2026,CE,24800.0,1063.4,195.0,25683.3
09-Jan-2026,03-Feb-2026,CE,24850.0,1023.9,260.0,25683.3
09-Jan-2026,03-Feb-2026,CE,24900.0,964.05,130.0,25683.3
09-Jan-2026,03-Feb-2026,CE,24950.0,919.8,195.0,25683.3
09-Jan-2026,03-Feb-2026,CE,25000.0,909.65,28535.0,25683.3
09-Jan-2026,03-Feb-2026,CE,25050.0,838.25,195.0,25683.3
09-Jan-2026,03-Feb-2026,CE,25100.0,798.95,325.0,25683.3
09-Jan-2026,03-Feb-2026,CE,25150.0,759.85,260.0,25683.3
09-Jan-2026,03-Feb-2026,CE,25200.0,717.15,260.0,25683.3
09-Jan-2026,03-Feb-2026,CE,25250.0,672.8,260.0,25683.3
09-Jan-2026,03-Feb-2026,CE,25300.0,625.0,650.0,25683.3
09-Jan-2026,03-Feb-2026,CE,25350.0,596.45,715.0,25683.3
09-Jan-2026,03-Feb-2026,CE,25400.0,565.25,455.0,25683.3
09-Jan-2026,03-Feb-2026,CE,25450.0,529.85,1300.0,25683.3
09-Jan-2026,03-Feb-2026,CE,25500.0,518.0,15470.0,25683.3
09-Jan-2026,03-Feb-2026,CE,25550.0,442.1,2990.0,25683.3
09-Jan-2026,03-Feb-2026,CE,25600.0,448.65,21775.0,25683.3
09-Jan-2026,03-Feb-2026,CE,25650.0,409.2,7085.0,25683.3
09-Jan-2026,03-Feb-2026,CE,25700.0,391.5,33475.0,25683.3
09-Jan-2026,03-Feb-2026,CE,25750.0,362.85,15470.0,25683.3
09-Jan-2026,03-Feb-2026,CE,25800.0,329.75,30745.0,25683.3
09-Jan-2026,03-Feb-2026,CE,25850.0,319.95,15275.0,25683.3
09-Jan-2026,03-Feb-2026,CE,25900.0,274.3,43680.0,25683.3
09-Jan-2026,03-Feb-2026,CE,25950.0,256.65,16055.0,25683.3
09-Jan-2026,03-Feb-2026,CE,26000.0,234.0,272740.0,25683.3
09-Jan-2026,03-Feb-2026,CE,26050.0,213.4,21385.0,25683.3
09-Jan-2026,03-Feb-2026,CE,26100.0,197.35,221715.0,25683.3
09-Jan-2026,03-Feb-2026,CE,26150.0,172.45,16705.0,25683.3
09-Jan-2026,03-Feb-2026,CE,26200.0,161.3,62595.0,25683.3
09-Jan-2026,03-Feb-2026,CE,26250.0,139.1,17810.0,25683.3
09-Jan-2026,03-Feb-2026,CE,26300.0,129.95,83135.0,25683.3
09-Jan-2026,03-Feb-2026,CE,26350.0,116.0,8775.0,25683.3
09-Jan-2026,03-Feb-2026,CE,26400.0,105.05,75725.0,25683.3
09-Jan-2026,03-Feb-2026,CE,26450.0,92.0,22490.0,25683.3
09-Jan-2026,03-Feb-2026,CE,26500.0,84.9,227435.0,25683.3
09-Jan-2026,03-Feb-2026,CE,26550.0,73.85,28210.0,25683.3
09-Jan-2026,03-Feb-2026,CE,26600.0,67.8,73840.0,25683.3
09-Jan-2026,03-Feb-2026,CE,26650.0,58.5,14690.0,25683.3
09-Jan-2026,03-Feb-2026,CE,26700.0,54.8,53625.0,25683.3
09-Jan-2026,03-Feb-2026,CE,26750.0,46.95,8840.0,25683.3
09-Jan-2026,03-Feb-2026,CE,26800.0,43.6,46280.0,25683.3
09-Jan-2026,03-Feb-2026,CE,26850.0,37.95,8775.0,25683.3
09-Jan-2026,03-Feb-2026,CE,26900.0,35.5,28860.0,25683.3
09-Jan-2026,03-Feb-2026,CE,26950.0,31.5,9230.0,25683.3
09-Jan-2026,03-Feb-2026,CE,27000.0,30.0,179660.0,25683.3
09-Jan-2026,03-Feb-2026,CE,27050.0,26.15,8125.0,25683.3
09-Jan-2026,03-Feb-2026,CE,27100.0,25.25,20085.0,25683.3
09-Jan-2026,03-Feb-2026,CE,27150.0,19.85,1430.0,25683.3
09-Jan-2026,03-Feb-2026,CE,27200.0,19.85,30680.0,25683.3
09-Jan-2026,03-Feb-2026,CE,27250.0,18.5,5070.0,25683.3
09-Jan-2026,03-Feb-2026,CE,27300.0,17.8,10140.0,25683.3
09-Jan-2026,03-Feb-2026,CE,27350.0,15.55,455.0,25683.3
09-Jan-2026,03-Feb-2026,CE,27400.0,17.55,2730.0,25683.3
09-Jan-2026,03-Feb-2026,CE,27450.0,13.95,2405.0,25683.3
09-Jan-2026,03-Feb-2026,CE,27500.0,11.5,29575.0,25683.3
09-Jan-2026,03-Feb-2026,CE,27550.0,10.55,455.0,25683.3
09-Jan-2026,03-Feb-2026,CE,27600.0,11.8,3120.0,25683.3
09-Jan-2026,03-Feb-2026,CE,27650.0,10.85,1560.0,25683.3
09-Jan-2026,03-Feb-2026,CE,27700.0,9.75,7995.0,25683.3
09-Jan-2026,03-Feb-2026,CE,27750.0,8.9,1300.0,25683.3
09-Jan-2026,03-Feb-2026,CE,27800.0,8.5,36595.0,25683.3
09-Jan-2026,03-Feb-2026,CE,27850.0,7.25,1105.0,25683.3
09-Jan-2026,03-Feb-2026,CE,27900.0,7.8,7930.0,25683.3
09-Jan-2026,03-Feb-2026,CE,27950.0,7.85,17875.0,25683.3
09-Jan-2026,03-Feb-2026,CE,28000.0,6.6,42315.0,25683.3
09-Jan-2026,03-Feb-2026,CE,28050.0,5.55,16770.0,25683.3
09-Jan-2026,03-Feb-2026,CE,28100.0,6.25,28145.0,25683.3
09-Jan-2026,03-Feb-2026,PE,24150.0,21.7,6305.0,25683.3
09-Jan-2026,03-Feb-2026,PE,24200.0,23.85,6435.0,25683.3
09-Jan-2026,03-Feb-2026,PE,24250.0,21.05,520.0,25683.3
09-Jan-2026,03-Feb-2026,PE,24300.0,23.55,6305.0,25683.3
09-Jan-2026,03-Feb-2026,PE,24350.0,24.0,1040.0,25683.3
09-Jan-2026,03-Feb-2026,PE,24400.0,25.45,16640.0,25683.3
09-Jan-2026,03-Feb-2026,PE,24450.0,27.0,2730.0,25683.3
09-Jan-2026,03-Feb-2026,PE,24500.0,29.5,62725.0,25683.3
09-Jan-2026,03-Feb-2026,PE,24550.0,31.85,3120.0,25683.3
09-Jan-2026,03-Feb-2026,PE,24600.0,33.8,5590.0,25683.3
09-Jan-2026,03-Feb-2026,PE,24650.0,37.15,2145.0,25683.3
09-Jan-2026,03-Feb-2026,PE,24700.0,39.3,14950.0,25683.3
09-Jan-2026,03-Feb-2026,PE,24750.0,42.65,4550.0,25683.3
09-Jan-2026,03-Feb-2026,PE,24800.0,44.3,11830.0,25683.3
09-Jan-2026,03-Feb-2026,PE,24850.0,50.0,4810.0,25683.3
09-Jan-2026,03-Feb-2026,PE,24900.0,55.0,6370.0,25683.3
09-Jan-2026,03-Feb-2026,PE,24950.0,61.1,3705.0,25683.3
09-Jan-2026,03-Feb-2026,PE,25000.0,64.6,74035.0,25683.3
09-Jan-2026,03-Feb-2026,PE,25050.0,72.95,3120.0,25683.3
09-Jan-2026,03-Feb-2026,PE,25100.0,80.4,16445.0,25683.3
09-Jan-2026,03-Feb-2026,PE,25150.0,89.6,5525.0,25683.3
09-Jan-2026,03-Feb-2026,PE,25200.0,96.4,21840.0,25683.3
09-Jan-2026,03-Feb-2026,PE,25250.0,107.25,3510.0,25683.3
09-Jan-2026,03-Feb-2026,PE,25300.0,115.95,21840.0,25683.3
09-Jan-2026,03-Feb-2026,PE,25350.0,129.1,4615.0,25683.3
09-Jan-2026,03-Feb-2026,PE,25400.0,138.6,55705.0,25683.3
09-Jan-2026,03-Feb-2026,PE,25450.0,154.55,6435.0,25683.3
09-Jan-2026,03-Feb-2026,PE,25500.0,165.55,123695.0,25683.3
09-Jan-2026,03-Feb-2026,PE,25550.0,180.4,4550.0,25683.3
09-Jan-2026,03-Feb-2026,PE,25600.0,196.75,23985.0,25683.3
09-Jan-2026,03-Feb-2026,PE,25650.0,214.95,13780.0,25683.3
09-Jan-2026,03-Feb-2026,PE,25700.0,232.0,34515.0,25683.3
09-Jan-2026,03-Feb-2026,PE,25750.0,255.0,9815.0,25683.3
09-Jan-2026,03-Feb-2026,PE,25800.0,265.35,88790.0,25683.3
09-Jan-2026,03-Feb-2026,PE,25850.0,305.4,9685.0,25683.3
09-Jan-2026,03-Feb-2026,PE,25900.0,321.45,31850.0,25683.3
09-Jan-2026,03-Feb-2026,PE,25950.0,367.8,5330.0,25683.3
09-Jan-2026,03-Feb-2026,PE,26000.0,378.25,249860.0,25683.3
09-Jan-2026,03-Feb-2026,PE,26050.0,415.45,5980.0,25683.3
09-Jan-2026,03-Feb-2026,PE,26100.0,446.15,176020.0,25683.3
09-Jan-2026,03-Feb-2026,PE,26150.0,475.0,4095.0,25683.3
09-Jan-2026,03-Feb-2026,PE,26200.0,499.15,27950.0,25683.3
09-Jan-2026,03-Feb-2026,PE,26250.0,554.15,3510.0,25683.3
09-Jan-2026,03-Feb-2026,PE,26300.0,571.6,19045.0,25683.3
09-Jan-2026,03-Feb-2026,PE,26350.0,642.85,4355.0,25683.3
09-Jan-2026,03-Feb-2026,PE,26400.0,655.05,10205.0,25683.3
09-Jan-2026,03-Feb-2026,PE,26450.0,704.0,520.0,25683.3
09-Jan-2026,03-Feb-2026,PE,26500.0,721.0,35815.0,25683.3
09-Jan-2026,03-Feb-2026,PE,26550.0,800.55,130.0,25683.3
09-Jan-2026,03-Feb-2026,PE,26600.0,814.4,5655.0,25683.3
09-Jan-2026,03-Feb-2026,PE,26650.0,879.9,260.0,25683.3
09-Jan-2026,03-Feb-2026,PE,26700.0,909.8,3445.0,25683.3
09-Jan-2026,03-Feb-2026,PE,26750.0,973.5,130.0,25683.3
09-Jan-2026,03-Feb-2026,PE,26800.0,1009.0,520.0,25683.3
09-Jan-2026,03-Feb-2026,PE,26850.0,1059.5,130.0,25683.3
09-Jan-2026,03-Feb-2026,PE,26900.0,1082.9,130.0,25683.3
09-Jan-2026,03-Feb-2026,PE,26950.0,1153.9,130.0,25683.3
09-Jan-2026,03-Feb-2026,PE,27000.0,1170.3,910.0,25683.3
09-Jan-2026,03-Feb-2026,PE,27050.0,1251.2,325.0,25683.3
09-Jan-2026,03-Feb-2026,PE,27100.0,1300.55,130.0,25683.3
09-Jan-2026,03-Feb-2026,PE,27150.0,1332.55,325.0,25683.3
09-Jan-2026,03-Feb-2026,PE,27200.0,1375.7,65.0,25683.3
09-Jan-2026,03-Feb-2026,PE,27250.0,1420.05,65.0,25683.3
09-Jan-2026,03-Feb-2026,PE,27300.0,1469.95,65.0,25683.3
09-Jan-2026,03-Feb-2026,PE,27350.0,1534.85,65.0,25683.3
09-Jan-2026,03-Feb-2026,PE,27400.0,1565.5,65.0,25683.3
09-Jan-2026,03-Feb-2026,PE,27450.0,1614.3,65.0,25683.3
09-Jan-2026,03-Feb-2026,PE,27500.0,1664.15,65.0,25683.3
09-Jan-2026,03-Feb-2026,PE,27550.0,1712.05,65.0,25683.3
09-Jan-2026,03-Feb-2026,PE,27600.0,1761.75,65.0,25683.3
09-Jan-2026,03-Feb-2026,PE,27650.0,1822.15,65.0,25683.3
09-Jan-2026,03-Feb-2026,PE,27700.0,1859.2,,25683.3
09-Jan-2026,03-Feb-2026,PE,27750.0,1904.85,,25683.3
09-Jan-2026,03-Feb-2026,PE,27800.0,1956.1,,25683.3
09-Jan-2026,03-Feb-2026,PE,27850.0,2016.9,65.0,25683.3
09-Jan-2026,03-Feb-2026,PE,27900.0,2066.5,65.0,25683.3
09-Jan-2026,03-Feb-2026,PE,27950.0,2116.25,65.0,25683.3
09-Jan-2026,03-Feb-2026,PE,28000.0,2165.05,65.0,25683.3
09-Jan-2026,03-Feb-2026,PE,28050.0,1758.95,65.0,25683.3
09-Jan-2026,03-Feb-2026,PE,28100.0,2252.35,65.0,25683.3
12-Jan-2026,03-Feb-2026,CE,23950.0,1978.35,65.0,25790.25
12-Jan-2026,03-Feb-2026,CE,24000.0,1930.0,65.0,25790.25
12-Jan-2026,03-Feb-2026,CE,24050.0,1898.95,65.0,25790.25
12-Jan-2026,03-Feb-2026,CE,24100.0,1855.95,65.0,25790.25
12-Jan-2026,03-Feb-2026,CE,24150.0,1564.25,65.0,25790.25
12-Jan-2026,03-Feb-2026,CE,24200.0,1629.45,65.0,25790.25
12-Jan-2026,03-Feb-2026,CE,24250.0,1614.65,65.0,25790.25
12-Jan-2026,03-Feb-2026,CE,24300.0,1654.7,65.0,25790.25
12-Jan-2026,03-Feb-2026,CE,24350.0,1580.5,,25790.25
12-Jan-2026,03-Feb-2026,CE,24400.0,1533.85,130.0,25790.25
12-Jan-2026,03-Feb-2026,CE,24450.0,1450.0,260.0,25790.25
12-Jan-2026,03-Feb-2026,CE,24500.0,1445.0,195.0,25790.25
12-Jan-2026,03-Feb-2026,CE,24550.0,1392.75,130.0,25790.25
12-Jan-2026,03-Feb-2026,CE,24600.0,1344.65,130.0,25790.25
12-Jan-2026,03-Feb-2026,CE,24650.0,1297.15,130.0,25790.25
12-Jan-2026,03-Feb-2026,CE,24700.0,1248.3,195.0,25790.25
12-Jan-2026,03-Feb-2026,CE,24750.0,1218.1,195.0,25790.25
12-Jan-2026,03-Feb-2026,CE,24800.0,1158.9,195.0,25790.25
12-Jan-2026,03-Feb-2026,CE,24850.0,1108.9,260.0,25790.25
12-Jan-2026,03-Feb-2026,CE,24900.0,1075.75,195.0,25790.25
12-Jan-2026,03-Feb-2026,CE,24950.0,1037.2,260.0,25790.25
12-Jan-2026,03-Feb-2026,CE,25000.0,993.4,30940.0,25790.25
12-Jan-2026,03-Feb-2026,CE,25050.0,935.95,260.0,25790.25
12-Jan-2026,03-Feb-2026,CE,25100.0,888.85,3315.0,25790.25
12-Jan-2026,03-Feb-2026,CE,25150.0,823.0,325.0,25790.25
12-Jan-2026,03-Feb-2026,CE,25200.0,801.45,390.0,25790.25
12-Jan-2026,03-Feb-2026,CE,25250.0,650.9,325.0,25790.25
12-Jan-2026,03-Feb-2026,CE,25300.0,715.0,2015.0,25790.25
12-Jan-2026,03-Feb-2026,CE,25350.0,450.65,1105.0,25790.25
12-Jan-2026,03-Feb-2026,CE,25400.0,639.0,6955.0,25790.25
12-Jan-2026,03-Feb-2026,CE,25450.0,612.7,1560.0,25790.25
12-Jan-2026,03-Feb-2026,CE,25500.0,564.1,36855.0,25790.25
12-Jan-2026,03-Feb-2026,CE,25550.0,532.5,4485.0,25790.25
12-Jan-2026,03-Feb-2026,CE,25600.0,493.2,39715.0,25790.25
12-Jan-2026,03-Feb-2026,CE,25650.0,452.45,8580.0,25790.25
12-Jan-2026,03-Feb-2026,CE,25700.0,428.0,46215.0,25790.25
12-Jan-2026,03-Feb-2026,CE,25750.0,397.7,17615.0,25790.25
12-Jan-2026,03-Feb-2026,CE,25800.0,367.15,61880.0,25790.25
12-Jan-2026,03-Feb-2026,CE,25850.0,338.3,17225.0,25790.25
12-Jan-2026,03-Feb-2026,CE,25900.0,309.95,52065.0,25790.25
12-Jan-2026,03-Feb-2026,CE,25950.0,288.0,21190.0,25790.25
12-Jan-2026,03-Feb-2026,CE,26000.0,258.0,345605.0,25790.25
12-Jan-2026,03-Feb-2026,CE,26050.0,237.05,23140.0,25790.25
12-Jan-2026,03-Feb-2026,CE,26100.0,212.75,234910.0,25790.25
12-Jan-2026,03-Feb-2026,CE,26150.0,196.2,16185.0,25790.25
12-Jan-2026,03-Feb-2026,CE,26200.0,175.1,154765.0,25790.25
12-Jan-2026,03-Feb-2026,CE,26250.0,161.3,7475.0,25790.25
12-Jan-2026,03-Feb-2026,CE,26300.0,144.8,122070.0,25790.25
12-Jan-2026,03-Feb-2026,CE,26350.0,129.0,7670.0,25790.25
12-Jan-2026,03-Feb-2026,CE,26400.0,116.2,57330.0,25790.25
12-Jan-2026,03-Feb-2026,CE,26450.0,102.65,24570.0,25790.25
12-Jan-2026,03-Feb-2026,CE,26500.0,94.55,239720.0,25790.25
12-Jan-2026,03-Feb-2026,CE,26550.0,84.25,30355.0,25790.25
12-Jan-2026,03-Feb-2026,CE,26600.0,74.15,80275.0,25790.25
12-Jan-2026,03-Feb-2026,CE,26650.0,65.7,12025.0,25790.25
12-Jan-2026,03-Feb-2026,CE,26700.0,58.25,78715.0,25790.25
12-Jan-2026,03-Feb-2026,CE,26750.0,51.8,12675.0,25790.25
12-Jan-2026,03-Feb-2026,CE,26800.0,46.0,50895.0,25790.25
12-Jan-2026,03-Feb-2026,CE,26850.0,41.75,7800.0,25790.25
12-Jan-2026,03-Feb-2026,CE,26900.0,36.05,32240.0,25790.25
12-Jan-2026,03-Feb-2026,CE,26950.0,34.3,14040.0,25790.25
12-Jan-2026,03-Feb-2026,CE,27000.0,30.55,172965.0,25790.25
12-Jan-2026,03-Feb-2026,CE,27050.0,26.65,10270.0,25790.25
12-Jan-2026,03-Feb-2026,CE,27100.0,24.1,15795.0,25790.25
12-Jan-2026,03-Feb-2026,CE,27150.0,21.8,3250.0,25790.25
12-Jan-2026,03-Feb-2026,CE,27200.0,20.65,29575.0,25790.25
12-Jan-2026,03-Feb-2026,CE,27250.0,18.65,6435.0,25790.25
12-Jan-2026,03-Feb-2026,CE,27300.0,17.45,11700.0,25790.25
12-Jan-2026,03-Feb-2026,CE,27350.0,15.85,1625.0,25790.25
12-Jan-2026,03-Feb-2026,CE,27400.0,13.45,4680.0,25790.25
12-Jan-2026,03-Feb-2026,CE,27450.0,13.6,2405.0,25790.25
12-Jan-2026,03-Feb-2026,CE,27500.0,11.8,41275.0,25790.25
12-Jan-2026,03-Feb-2026,CE,27550.0,12.3,1885.0,25790.25
12-Jan-2026,03-Feb-2026,CE,27600.0,11.0,4485.0,25790.25
12-Jan-2026,03-Feb-2026,CE,27650.0,10.5,1755.0,25790.25
12-Jan-2026,03-Feb-2026,CE,27700.0,11.2,8385.0,25790.25
12-Jan-2026,03-Feb-2026,CE,27750.0,9.1,1950.0,25790.25
12-Jan-2026,03-Feb-2026,CE,27800.0,8.2,32825.0,25790.25
12-Jan-2026,03-Feb-2026,CE,27850.0,6.35,1560.0,25790.25
12-Jan-2026,03-Feb-2026,CE,27900.0,7.25,6955.0,25790.25
12-Jan-2026,03-Feb-2026,CE,27950.0,7.2,17875.0,25790.25
12-Jan-2026,03-Feb-2026,CE,28000.0,6.25,47060.0,25790.25
12-Jan-2026,03-Feb-2026,CE,28050.0,8.5,16510.0,25790.25
12-Jan-2026,03-Feb-2026,CE,28100.0,7.0,29185.0,25790.25
12-Jan-2026,03-Feb-2026,PE,23950.0,14.0,3640.0,25790.25
12-Jan-2026,03-Feb-2026,PE,24000.0,18.45,7085.0,25790.25
12-Jan-2026,03-Feb-2026,PE,24050.0,18.5,2145.0,25790.25
12-Jan-2026,03-Feb-2026,PE,24100.0,18.0,2925.0,25790.25
12-Jan-2026,03-Feb-2026,PE,24150.0,19.5,5980.0,25790.25
12-Jan-2026,03-Feb-2026,PE,24200.0,19.55,10530.0,25790.25
12-Jan-2026,03-Feb-2026,PE,24250.0,21.4,2080.0,25790.25
12-Jan-2026,03-Feb-2026,PE,24300.0,20.55,9230.0,25790.25
12-Jan-2026,03-Feb-2026,PE,24350.0,23.0,2145.0,25790.25
12-Jan-2026,03-Feb-2026,PE,24400.0,22.6,15860.0,25790.25
12-Jan-2026,03-Feb-2026,PE,24450.0,24.2,1885.0,25790.25
12-Jan-2026,03-Feb-2026,PE,24500.0,24.9,63895.0,25790.25
12-Jan-2026,03-Feb-2026,PE,24550.0,27.0,3510.0,25790.25
12-Jan-2026,03-Feb-2026,PE,24600.0,28.45,17290.0,25790.25
12-Jan-2026,03-Feb-2026,PE,24650.0,35.7,2275.0,25790.25
12-Jan-2026,03-Feb-2026,PE,24700.0,31.95,16510.0,25790.25
12-Jan-2026,03-Feb-2026,PE,24750.0,35.0,3900.0,25790.25
12-Jan-2026,03-Feb-2026,PE,24800.0,37.65,29120.0,25790.25
12-Jan-2026,03-Feb-2026,PE,24850.0,41.75,14300.0,25790.25
12-Jan-2026,03-Feb-2026,PE,24900.0,45.15,12545.0,25790.25
12-Jan-2026,03-Feb-2026,PE,24950.0,48.95,5850.0,25790.25
12-Jan-2026,03-Feb-2026,PE,25000.0,54.05,111540.0,25790.25
12-Jan-2026,03-Feb-2026,PE,25050.0,59.6,3120.0,25790.25
12-Jan-2026,03-Feb-2026,PE,25100.0,63.85,21580.0,25790.25
12-Jan-2026,03-Feb-2026,PE,25150.0,71.75,5070.0,25790.25
12-Jan-2026,03-Feb-2026,PE,25200.0,76.45,81055.0,25790.25
12-Jan-2026,03-Feb-2026,PE,25250.0,84.8,4225.0,25790.25
12-Jan-2026,03-Feb-2026,PE,25300.0,93.6,42315.0,25790.25
12-Jan-2026,03-Feb-2026,PE,25350.0,102.55,8645.0,25790.25
12-Jan-2026,03-Feb-2026,PE,25400.0,112.45,68055.0,25790.25
12-Jan-2026,03-Feb-2026,PE,25450.0,125.45,7410.0,25790.25
12-Jan-2026,03-Feb-2026,PE,25500.0,137.9,130585.0,25790.25
12-Jan-2026,03-Feb-2026,PE,25550.0,149.85,6565.0,25790.25
12-Jan-2026,03-Feb-2026,PE,25600.0,165.9,35295.0,25790.25
12-Jan-2026,03-Feb-2026,PE,25650.0,180.7,8125.0,25790.25
12-Jan-2026,03-Feb-2026,PE,25700.0,193.8,42575.0,25790.25
12-Jan-2026,03-Feb-2026,PE,25750.0,216.45,11180.0,25790.25
12-Jan-2026,03-Feb-2026,PE,25800.0,235.25,183755.0,25790.25
12-Jan-2026,03-Feb-2026,PE,25850.0,255.6,9945.0,25790.25
12-Jan-2026,03-Feb-2026,PE,25900.0,279.1,28340.0,25790.25
12-Jan-2026,03-Feb-2026,PE,25950.0,299.5,3835.0,25790.25
12-Jan-2026,03-Feb-2026,PE,26000.0,334.45,288860.0,25790.25
12-Jan-2026,03-Feb-2026,PE,26050.0,390.0,5590.0,25790.25
12-Jan-2026,03-Feb-2026,PE,26100.0,390.05,175435.0,25790.25
12-Jan-2026,03-Feb-2026,PE,26150.0,489.4,3900.0,25790.25
12-Jan-2026,03-Feb-2026,PE,26200.0,443.4,26000.0,25790.25
12-Jan-2026,03-Feb-2026,PE,26250.0,482.9,3835.0,25790.25
12-Jan-2026,03-Feb-2026,PE,26300.0,510.4,17030.0,25790.25
12-Jan-2026,03-Feb-2026,PE,26350.0,553.0,2990.0,25790.25
12-Jan-2026,03-Feb-2026,PE,26400.0,631.0,9880.0,25790.25
12-Jan-2026,03-Feb-2026,PE,26450.0,622.6,650.0,25790.25
12-Jan-2026,03-Feb-2026,PE,26500.0,654.85,33735.0,25790.25
12-Jan-2026,03-Feb-2026,PE,26550.0,703.1,260.0,25790.25
12-Jan-2026,03-Feb-2026,PE,26600.0,736.45,5655.0,25790.25
12-Jan-2026,03-Feb-2026,PE,26650.0,788.8,325.0,25790.25
12-Jan-2026,03-Feb-2026,PE,26700.0,818.2,2600.0,25790.25
12-Jan-2026,03-Feb-2026,PE,26750.0,863.7,195.0,25790.25
12-Jan-2026,03-Feb-2026,PE,26800.0,910.95,520.0,25790.25
12-Jan-2026,03-Feb-2026,PE,26850.0,948.2,195.0,25790.25
12-Jan-2026,03-Feb-2026,PE,26900.0,984.15,130.0,25790.25
12-Jan-2026,03-Feb-2026,PE,26950.0,1036.8,195.0,25790.25
12-Jan-2026,03-Feb-2026,PE,27000.0,1344.4,910.0,25790.25
12-Jan-2026,03-Feb-2026,PE,27050.0,1135.25,325.0,25790.25
12-Jan-2026,03-Feb-2026,PE,27100.0,1195.45,195.0,25790.25
12-Jan-2026,03-Feb-2026,PE,27150.0,1243.05,325.0,25790.25
12-Jan-2026,03-Feb-2026,PE,27200.0,1303.85,195.0,25790.25
12-Jan-2026,03-Feb-2026,PE,27250.0,1324.25,65.0,25790.25
12-Jan-2026,03-Feb-2026,PE,27300.0,1384.85,130.0,25790.25
12-Jan-2026,03-Feb-2026,PE,27350.0,1443.2,65.0,25790.25
12-Jan-2026,03-Feb-2026,PE,27400.0,1480.2,65.0,25790.25
12-Jan-2026,03-Feb-2026,PE,27450.0,1540.55,65.0,25790.25
12-Jan-2026,03-Feb-2026,PE,27500.0,1591.55,65.0,25790.25
12-Jan-2026,03-Feb-2026,PE,27550.0,1640.1,65.0,25790.25
12-Jan-2026,03-Feb-2026,PE,27600.0,1686.85,65.0,25790.25
12-Jan-2026,03-Feb-2026,PE,27650.0,1736.15,65.0,25790.25
12-Jan-2026,03-Feb-2026,PE,27700.0,1783.7,65.0,25790.25
12-Jan-2026,03-Feb-2026,PE,27750.0,1813.0,,25790.25
12-Jan-2026,03-Feb-2026,PE,27800.0,1858.5,,25790.25
12-Jan-2026,03-Feb-2026,PE,27850.0,1907.15,,25790.25
12-Jan-2026,03-Feb-2026,PE,27900.0,1977.4,65.0,25790.25
12-Jan-2026,03-Feb-2026,PE,27950.0,2005.75,,25790.25
12-Jan-2026,03-Feb-2026,PE,28000.0,2070.95,65.0,25790.25
12-Jan-2026,03-Feb-2026,PE,28050.0,2104.6,,25790.25
12-Jan-2026,03-Feb-2026,PE,28100.0,2154.25,,25790.25
13-Jan-2026,03-Feb-2026,CE,23950.0,1883.6,65.0,25732.3
13-Jan-2026,03-Feb-2026,CE,24000.0,1834.5,65.0,25732.3
13-Jan-2026,03-Feb-2026,CE,24050.0,1785.5,65.0,25732.3
13-Jan-2026,03-Feb-2026,CE,24100.0,1718.95,65.0,25732.3
13-Jan-2026,03-Feb-2026,CE,24150.0,1686.05,65.0,25732.3
13-Jan-2026,03-Feb-2026,CE,24200.0,1624.1,65.0,25732.3
13-Jan-2026,03-Feb-2026,CE,24250.0,1573.2,65.0,25732.3
13-Jan-2026,03-Feb-2026,CE,24300.0,1521.5,65.0,25732.3
13-Jan-2026,03-Feb-2026,CE,24350.0,1511.1,65.0,25732.3
13-Jan-2026,03-Feb-2026,CE,24400.0,1435.1,130.0,25732.3
13-Jan-2026,03-Feb-2026,CE,24450.0,1360.0,130.0,25732.3
13-Jan-2026,03-Feb-2026,CE,24500.0,1335.3,195.0,25732.3
13-Jan-2026,03-Feb-2026,CE,24550.0,1303.05,130.0,25732.3
13-Jan-2026,03-Feb-2026,CE,24600.0,1254.95,130.0,25732.3
13-Jan-2026,03-Feb-2026,CE,24650.0,1218.8,130.0,25732.3
13-Jan-2026,03-Feb-2026,CE,24700.0,1155.8,195.0,25732.3
13-Jan-2026,03-Feb-2026,CE,24750.0,1088.2,195.0,25732.3
13-Jan-2026,03-Feb-2026,CE,24800.0,1046.05,195.0,25732.3
13-Jan-2026,03-Feb-2026,CE,24850.0,1011.4,260.0,25732.3
13-Jan-2026,03-Feb-2026,CE,24900.0,993.9,325.0,25732.3
13-Jan-2026,03-Feb-2026,CE,24950.0,914.25,260.0,25732.3
13-Jan-2026,03-Feb-2026,CE,25000.0,892.25,33995.0,25732.3
13-Jan-2026,03-Feb-2026,CE,25050.0,836.25,325.0,25732.3
13-Jan-2026,03-Feb-2026,CE,25100.0,801.4,3380.0,25732.3
13-Jan-2026,03-Feb-2026,CE,25150.0,756.4,520.0,25732.3
13-Jan-2026,03-Feb-2026,CE,25200.0,727.15,650.0,25732.3
13-Jan-2026,03-Feb-2026,CE,25250.0,664.2,325.0,25732.3
13-Jan-2026,03-Feb-2026,CE,25300.0,645.45,3250.0,25732.3
13-Jan-2026,03-Feb-2026,CE,25350.0,587.5,1105.0,25732.3
13-Jan-2026,03-Feb-2026,CE,25400.0,552.5,13000.0,25732.3
13-Jan-2026,03-Feb-2026,CE,25450.0,517.2,2925.0,25732.3
13-Jan-2026,03-Feb-2026,CE,25500.0,482.35,47255.0,25732.3
13-Jan-2026,03-Feb-2026,CE,25550.0,429.7,5460.0,25732.3
13-Jan-2026,03-Feb-2026,CE,25600.0,412.05,57460.0,25732.3
13-Jan-2026,03-Feb-2026,CE,25650.0,391.0,14495.0,25732.3
13-Jan-2026,03-Feb-2026,CE,25700.0,351.3,55315.0,25732.3
13-Jan-2026,03-Feb-2026,CE,25750.0,327.35,21190.0,25732.3
13-Jan-2026,03-Feb-2026,CE,25800.0,300.15,135720.0,25732.3
13-Jan-2026,03-Feb-2026,CE,25850.0,273.7,20215.0,25732.3
13-Jan-2026,03-Feb-2026,CE,25900.0,252.45,69095.0,25732.3
13-Jan-2026,03-Feb-2026,CE,25950.0,231.6,18265.0,25732.3
13-Jan-2026,03-Feb-2026,CE,26000.0,207.55,392470.0,25732.3
13-Jan-2026,03-Feb-2026,CE,26050.0,189.9,22295.0,25732.3
13-Jan-2026,03-Feb-2026,CE,26100.0,166.5,248300.0,25732.3
13-Jan-2026,03-Feb-2026,CE,26150.0,150.05,13325.0,25732.3
13-Jan-2026,03-Feb-2026,CE,26200.0,132.8,169325.0,25732.3
13-Jan-2026,03-Feb-2026,CE,26250.0,120.5,9685.0,25732.3
13-Jan-2026,03-Feb-2026,CE,26300.0,108.95,154245.0,25732.3
13-Jan-2026,03-Feb-2026,CE,26350.0,97.0,11180.0,25732.3
13-Jan-2026,03-Feb-2026,CE,26400.0,85.7,71695.0,25732.3
13-Jan-2026,03-Feb-2026,CE,26450.0,76.0,22360.0,25732.3
13-Jan-2026,03-Feb-2026,CE,26500.0,69.1,262145.0,25732.3
13-Jan-2026,03-Feb-2026,CE,26550.0,63.0,31785.0,25732.3
13-Jan-2026,03-Feb-2026,CE,26600.0,54.0,84370.0,25732.3
13-Jan-2026,03-Feb-2026,CE,26650.0,47.65,16185.0,25732.3
13-Jan-2026,03-Feb-2026,CE,26700.0,42.0,71175.0,25732.3
13-Jan-2026,03-Feb-2026,CE,26750.0,36.3,11960.0,25732.3
13-Jan-2026,03-Feb-2026,CE,26800.0,33.15,45435.0,25732.3
13-Jan-2026,03-Feb-2026,CE,26850.0,32.6,8190.0,25732.3
13-Jan-2026,03-Feb-2026,CE,26900.0,26.85,31265.0,25732.3
13-Jan-2026,03-Feb-2026,CE,26950.0,26.65,14560.0,25732.3
13-Jan-2026,03-Feb-2026,CE,27000.0,22.8,201110.0,25732.3
13-Jan-2026,03-Feb-2026,CE,27050.0,21.2,10270.0,25732.3
13-Jan-2026,03-Feb-2026,CE,27100.0,17.9,22360.0,25732.3
13-Jan-2026,03-Feb-2026,CE,27150.0,17.65,2340.0,25732.3
13-Jan-2026,03-Feb-2026,CE,27200.0,15.95,27950.0,25732.3
13-Jan-2026,03-Feb-2026,CE,27250.0,15.8,6695.0,25732.3
13-Jan-2026,03-Feb-2026,CE,27300.0,17.8,11505.0,25732.3
13-Jan-2026,03-Feb-2026,CE,27350.0,13.6,1885.0,25732.3
13-Jan-2026,03-Feb-2026,CE,27400.0,12.8,4420.0,25732.3
13-Jan-2026,03-Feb-2026,CE,27450.0,12.1,2990.0,25732.3
13-Jan-2026,03-Feb-2026,CE,27500.0,9.55,40625.0,25732.3
13-Jan-2026,03-Feb-2026,CE,27550.0,12.3,1885.0,25732.3
13-Jan-2026,03-Feb-2026,CE,27600.0,9.95,5785.0,25732.3
13-Jan-2026,03-Feb-2026,CE,27650.0,10.0,2080.0,25732.3
13-Jan-2026,03-Feb-2026,CE,27700.0,8.9,8515.0,25732.3
13-Jan-2026,03-Feb-2026,CE,27750.0,8.5,2405.0,25732.3
13-Jan-2026,03-Feb-2026,CE,27800.0,7.7,33800.0,25732.3
13-Jan-2026,03-Feb-2026,CE,27850.0,6.35,1560.0,25732.3
13-Jan-2026,03-Feb-2026,CE,27900.0,6.55,6695.0,25732.3
13-Jan-2026,03-Feb-2026,CE,27950.0,7.55,18265.0,25732.3
13-Jan-2026,03-Feb-2026,CE,28000.0,6.0,55250.0,25732.3
13-Jan-2026,03-Feb-2026,CE,28050.0,6.3,16900.0,25732.3
13-Jan-2026,03-Feb-2026,CE,28100.0,7.4,30420.0,25732.3
13-Jan-2026,03-Feb-2026,PE,23950.0,12.5,9035.0,25732.3
13-Jan-2026,03-Feb-2026,PE,24000.0,14.4,18070.0,25732.3
13-Jan-2026,03-Feb-2026,PE,24050.0,13.9,1430.0,25732.3
13-Jan-2026,03-Feb-2026,PE,24100.0,16.0,3640.0,25732.3
13-Jan-2026,03-Feb-2026,PE,24150.0,14.75,6305.0,25732.3
13-Jan-2026,03-Feb-2026,PE,24200.0,18.05,11245.0,25732.3
13-Jan-2026,03-Feb-2026,PE,24250.0,19.35,7670.0,25732.3
13-Jan-2026,03-Feb-2026,PE,24300.0,19.9,9945.0,25732.3
13-Jan-2026,03-Feb-2026,PE,24350.0,23.2,1820.0,25732.3
13-Jan-2026,03-Feb-2026,PE,24400.0,21.6,17745.0,25732.3
13-Jan-2026,03-Feb-2026,PE,24450.0,22.55,2015.0,25732.3
13-Jan-2026,03-Feb-2026,PE,24500.0,25.25,65195.0,25732.3
13-Jan-2026,03-Feb-2026,PE,24550.0,27.25,3185.0,25732.3
13-Jan-2026,03-Feb-2026,PE,24600.0,27.0,19760.0,25732.3
13-Jan-2026,03-Feb-2026,PE,24650.0,30.35,6370.0,25732.3
13-Jan-2026,03-Feb-2026,PE,24700.0,40.3,17290.0,25732.3
13-Jan-2026,03-Feb-2026,PE,24750.0,36.0,6630.0,25732.3
13-Jan-2026,03-Feb-2026,PE,24800.0,38.4,43095.0,25732.3
13-Jan-2026,03-Feb-2026,PE,24850.0,43.5,11570.0,25732.3
13-Jan-2026,03-Feb-2026,PE,24900.0,46.65,13260.0,25732.3
13-Jan-2026,03-Feb-2026,PE,24950.0,51.45,10790.0,25732.3
13-Jan-2026,03-Feb-2026,PE,25000.0,57.1,105625.0,25732.3
13-Jan-2026,03-Feb-2026,PE,25050.0,63.7,3965.0,25732.3
13-Jan-2026,03-Feb-2026,PE,25100.0,69.4,21255.0,25732.3
13-Jan-2026,03-Feb-2026,PE,25150.0,76.75,6760.0,25732.3
13-Jan-2026,03-Feb-2026,PE,25200.0,84.25,96200.0,25732.3
13-Jan-2026,03-Feb-2026,PE,25250.0,93.9,5915.0,25732.3
13-Jan-2026,03-Feb-2026,PE,25300.0,104.05,51220.0,25732.3
13-Jan-2026,03-Feb-2026,PE,25350.0,110.2,9490.0,25732.3
13-Jan-2026,03-Feb-2026,PE,25400.0,125.55,71890.0,25732.3
13-Jan-2026,03-Feb-2026,PE,25450.0,140.5,8255.0,25732.3
13-Jan-2026,03-Feb-2026,PE,25500.0,156.0,171730.0,25732.3
13-Jan-2026,03-Feb-2026,PE,25550.0,169.35,9880.0,25732.3
13-Jan-2026,03-Feb-2026,PE,25600.0,187.35,46930.0,25732.3
13-Jan-2026,03-Feb-2026,PE,25650.0,206.0,9685.0,25732.3
13-Jan-2026,03-Feb-2026,PE,25700.0,224.6,56355.0,25732.3
13-Jan-2026,03-Feb-2026,PE,25750.0,248.8,10855.0,25732.3
13-Jan-2026,03-Feb-2026,PE,25800.0,269.8,239850.0,25732.3
13-Jan-2026,03-Feb-2026,PE,25850.0,295.6,12610.0,25732.3
13-Jan-2026,03-Feb-2026,PE,25900.0,319.85,41860.0,25732.3
13-Jan-2026,03-Feb-2026,PE,25950.0,341.65,4225.0,25732.3
13-Jan-2026,03-Feb-2026,PE,26000.0,387.5,289120.0,25732.3
13-Jan-2026,03-Feb-2026,PE,26050.0,400.0,4810.0,25732.3
13-Jan-2026,03-Feb-2026,PE,26100.0,442.9,175825.0,25732.3
13-Jan-2026,03-Feb-2026,PE,26150.0,465.5,3770.0,25732.3
13-Jan-2026,03-Feb-2026,PE,26200.0,501.0,35880.0,25732.3
13-Jan-2026,03-Feb-2026,PE,26250.0,565.25,3770.0,25732.3
13-Jan-2026,03-Feb-2026,PE,26300.0,578.3,18915.0,25732.3
13-Jan-2026,03-Feb-2026,PE,26350.0,636.9,2860.0,25732.3
13-Jan-2026,03-Feb-2026,PE,26400.0,641.8,8645.0,25732.3
13-Jan-2026,03-Feb-2026,PE,26450.0,744.55,650.0,25732.3
13-Jan-2026,03-Feb-2026,PE,26500.0,733.15,34060.0,25732.3
13-Jan-2026,03-Feb-2026,PE,26550.0,750.0,325.0,25732.3
13-Jan-2026,03-Feb-2026,PE,26600.0,826.55,5720.0,25732.3
13-Jan-2026,03-Feb-2026,PE,26650.0,760.35,390.0,25732.3
13-Jan-2026,03-Feb-2026,PE,26700.0,934.65,2275.0,25732.3
13-Jan-2026,03-Feb-2026,PE,26750.0,940.0,260.0,25732.3
13-Jan-2026,03-Feb-2026,PE,26800.0,946.7,520.0,25732.3
13-Jan-2026,03-Feb-2026,PE,26850.0,1031.4,130.0,25732.3
13-Jan-2026,03-Feb-2026,PE,26900.0,1077.4,65.0,25732.3
13-Jan-2026,03-Feb-2026,PE,26950.0,1119.9,130.0,25732.3
13-Jan-2026,03-Feb-2026,PE,27000.0,1196.45,1040.0,25732.3
13-Jan-2026,03-Feb-2026,PE,27050.0,1236.0,390.0,25732.3
13-Jan-2026,03-Feb-2026,PE,27100.0,1306.1,130.0,25732.3
13-Jan-2026,03-Feb-2026,PE,27150.0,1331.3,325.0,25732.3
13-Jan-2026,03-Feb-2026,PE,27200.0,1376.0,130.0,25732.3
13-Jan-2026,03-Feb-2026,PE,27250.0,1431.4,130.0,25732.3
13-Jan-2026,03-Feb-2026,PE,27300.0,1472.75,65.0,25732.3
13-Jan-2026,03-Feb-2026,PE,27350.0,1507.95,,25732.3
13-Jan-2026,03-Feb-2026,PE,27400.0,1553.9,,25732.3
13-Jan-2026,03-Feb-2026,PE,27450.0,1616.0,130.0,25732.3
13-Jan-2026,03-Feb-2026,PE,27500.0,1664.85,130.0,25732.3
13-Jan-2026,03-Feb-2026,PE,27550.0,1713.95,130.0,25732.3
13-Jan-2026,03-Feb-2026,PE,27600.0,1753.15,65.0,25732.3
13-Jan-2026,03-Feb-2026,PE,27650.0,1801.9,65.0,25732.3
13-Jan-2026,03-Feb-2026,PE,27700.0,1850.8,65.0,25732.3
13-Jan-2026,03-Feb-2026,PE,27750.0,1911.15,65.0,25732.3
13-Jan-2026,03-Feb-2026,PE,27800.0,1960.75,65.0,25732.3
13-Jan-2026,03-Feb-2026,PE,27850.0,2008.95,65.0,25732.3
13-Jan-2026,03-Feb-2026,PE,27900.0,2048.2,65.0,25732.3
13-Jan-2026,03-Feb-2026,PE,27950.0,2107.45,65.0,25732.3
13-Jan-2026,03-Feb-2026,PE,28000.0,2146.3,65.0,25732.3
13-Jan-2026,03-Feb-2026,PE,28050.0,2206.25,65.0,25732.3
13-Jan-2026,03-Feb-2026,PE,28100.0,2256.55,65.0,25732.3
14-Jan-2026,03-Feb-2026,CE,23950.0,1827.0,130.0,25665.6
14-Jan-2026,03-Feb-2026,CE,24000.0,1778.55,130.0,25665.6
14-Jan-2026,03-Feb-2026,CE,24050.0,1734.5,130.0,25665.6
14-Jan-2026,03-Feb-2026,CE,24100.0,1680.8,130.0,25665.6
14-Jan-2026,03-Feb-2026,CE,24150.0,1632.05,130.0,25665.6
14-Jan-2026,03-Feb-2026,CE,24200.0,1583.35,130.0,25665.6
14-Jan-2026,03-Feb-2026,CE,24250.0,1559.5,130.0,25665.6
14-Jan-2026,03-Feb-2026,CE,24300.0,1502.2,130.0,25665.6
14-Jan-2026,03-Feb-2026,CE,24350.0,1472.05,65.0,25665.6
14-Jan-2026,03-Feb-2026,CE,24400.0,1389.45,130.0,25665.6
14-Jan-2026,03-Feb-2026,CE,24450.0,1330.0,130.0,25665.6
14-Jan-2026,03-Feb-2026,CE,24500.0,1298.4,195.0,25665.6
14-Jan-2026,03-Feb-2026,CE,24550.0,1259.75,130.0,25665.6
14-Jan-2026,03-Feb-2026,CE,24600.0,1221.35,130.0,25665.6
14-Jan-2026,03-Feb-2026,CE,24650.0,1155.15,195.0,25665.6
14-Jan-2026,03-Feb-2026,CE,24700.0,1117.9,195.0,25665.6
14-Jan-2026,03-Feb-2026,CE,24750.0,1077.65,195.0,25665.6
14-Jan-2026,03-Feb-2026,CE,24800.0,1031.05,325.0,25665.6
14-Jan-2026,03-Feb-2026,CE,24850.0,1000.0,260.0,25665.6
14-Jan-2026,03-Feb-2026,CE,24900.0,940.2,390.0,25665.6
14-Jan-2026,03-Feb-2026,CE,24950.0,895.75,325.0,25665.6
14-Jan-2026,03-Feb-2026,CE,25000.0,830.0,35880.0,25665.6
14-Jan-2026,03-Feb-2026,CE,25050.0,795.05,520.0,25665.6
14-Jan-2026,03-Feb-2026,CE,25100.0,720.0,3640.0,25665.6
14-Jan-2026,03-Feb-2026,CE,25150.0,725.9,585.0,25665.6
14-Jan-2026,03-Feb-2026,CE,25200.0,682.35,1105.0,25665.6
14-Jan-2026,03-Feb-2026,CE,25250.0,629.1,845.0,25665.6
14-Jan-2026,03-Feb-2026,CE,25300.0,589.25,5265.0,25665.6
14-Jan-2026,03-Feb-2026,CE,25350.0,567.45,1170.0,25665.6
14-Jan-2026,03-Feb-2026,CE,25400.0,519.75,15665.0,25665.6
14-Jan-2026,03-Feb-2026,CE,25450.0,495.95,2925.0,25665.6
14-Jan-2026,03-Feb-2026,CE,25500.0,445.95,52715.0,25665.6
14-Jan-2026,03-Feb-2026,CE,25550.0,414.15,5070.0,25665.6
14-Jan-2026,03-Feb-2026,CE,25600.0,380.85,83590.0,25665.6
14-Jan-2026,03-Feb-2026,CE,25650.0,352.65,14170.0,25665.6
14-Jan-2026,03-Feb-2026,CE,25700.0,322.8,87360.0,25665.6
14-Jan-2026,03-Feb-2026,CE,25750.0,298.4,28015.0,25665.6
14-Jan-2026,03-Feb-2026,CE,25800.0,270.3,200460.0,25665.6
14-Jan-2026,03-Feb-2026,CE,25850.0,249.0,19370.0,25665.6
14-Jan-2026,03-Feb-2026,CE,25900.0,222.4,89960.0,25665.6
14-Jan-2026,03-Feb-2026,CE,25950.0,203.75,20215.0,25665.6
14-Jan-2026,03-Feb-2026,CE,26000.0,185.65,487695.0,25665.6
14-Jan-2026,03-Feb-2026,CE,26050.0,167.4,21710.0,25665.6
14-Jan-2026,03-Feb-2026,CE,26100.0,148.4,278200.0,25665.6
14-Jan-2026,03-Feb-2026,CE,26150.0,135.15,14560.0,25665.6
14-Jan-2026,03-Feb-2026,CE,26200.0,119.5,171795.0,25665.6
14-Jan-2026,03-Feb-2026,CE,26250.0,107.0,9555.0,25665.6
14-Jan-2026,03-Feb-2026,CE,26300.0,94.2,185250.0,25665.6
14-Jan-2026,03-Feb-2026,CE,26350.0,85.0,13065.0,25665.6
14-Jan-2026,03-Feb-2026,CE,26400.0,75.05,99775.0,25665.6
14-Jan-2026,03-Feb-2026,CE,26450.0,67.35,22685.0,25665.6
14-Jan-2026,03-Feb-2026,CE,26500.0,59.65,322010.0,25665.6
14-Jan-2026,03-Feb-2026,CE,26550.0,53.2,31460.0,25665.6
14-Jan-2026,03-Feb-2026,CE,26600.0,46.65,108355.0,25665.6
14-Jan-2026,03-Feb-2026,CE,26650.0,41.8,14495.0,25665.6
14-Jan-2026,03-Feb-2026,CE,26700.0,37.65,88855.0,25665.6
14-Jan-2026,03-Feb-2026,CE,26750.0,32.85,11960.0,25665.6
14-Jan-2026,03-Feb-2026,CE,26800.0,30.0,57980.0,25665.6
14-Jan-2026,03-Feb-2026,CE,26850.0,26.45,5980.0,25665.6
14-Jan-2026,03-Feb-2026,CE,26900.0,24.95,31655.0,25665.6
14-Jan-2026,03-Feb-2026,CE,26950.0,21.7,19890.0,25665.6
14-Jan-2026,03-Feb-2026,CE,27000.0,21.25,265330.0,25665.6
14-Jan-2026,03-Feb-2026,CE,27050.0,19.0,11050.0,25665.6
14-Jan-2026,03-Feb-2026,CE,27100.0,17.8,27755.0,25665.6
14-Jan-2026,03-Feb-2026,CE,27150.0,16.05,3640.0,25665.6
14-Jan-2026,03-Feb-2026,CE,27200.0,14.75,25350.0,25665.6
14-Jan-2026,03-Feb-2026,CE,27250.0,13.95,8775.0,25665.6
14-Jan-2026,03-Feb-2026,CE,27300.0,12.75,12935.0,25665.6
14-Jan-2026,03-Feb-2026,CE,27350.0,13.1,1235.0,25665.6
14-Jan-2026,03-Feb-2026,CE,27400.0,11.15,6175.0,25665.6
14-Jan-2026,03-Feb-2026,CE,27450.0,10.45,4940.0,25665.6
14-Jan-2026,03-Feb-2026,CE,27500.0,9.6,94120.0,25665.6
14-Jan-2026,03-Feb-2026,CE,27550.0,9.5,3770.0,25665.6
14-Jan-2026,03-Feb-2026,CE,27600.0,8.35,6435.0,25665.6
14-Jan-2026,03-Feb-2026,CE,27650.0,8.9,2275.0,25665.6
14-Jan-2026,03-Feb-2026,CE,27700.0,8.2,11895.0,25665.6
14-Jan-2026,03-Feb-2026,CE,27750.0,7.3,2535.0,25665.6
14-Jan-2026,03-Feb-2026,CE,27800.0,7.1,35100.0,25665.6
14-Jan-2026,03-Feb-2026,CE,27850.0,6.1,1560.0,25665.6
14-Jan-2026,03-Feb-2026,CE,27900.0,6.4,7540.0,25665.6
14-Jan-2026,03-Feb-2026,CE,27950.0,6.0,18395.0,25665.6
14-Jan-2026,03-Feb-2026,CE,28000.0,5.65,91260.0,25665.6
14-Jan-2026,03-Feb-2026,CE,28050.0,6.3,16900.0,25665.6
14-Jan-2026,03-Feb-2026,CE,28100.0,5.4,34385.0,25665.6
14-Jan-2026,03-Feb-2026,PE,23950.0,12.45,14495.0,25665.6
14-Jan-2026,03-Feb-2026,PE,24000.0,13.85,112970.0,25665.6
14-Jan-2026,03-Feb-2026,PE,24050.0,14.0,1625.0,25665.6
14-Jan-2026,03-Feb-2026,PE,24100.0,17.1,7150.0,25665.6
14-Jan-2026,03-Feb-2026,PE,24150.0,17.35,6760.0,25665.6
14-Jan-2026,03-Feb-2026,PE,24200.0,16.65,13260.0,25665.6
14-Jan-2026,03-Feb-2026,PE,24250.0,18.6,1235.0,25665.6
14-Jan-2026,03-Feb-2026,PE,24300.0,20.6,11375.0,25665.6
14-Jan-2026,03-Feb-2026,PE,24350.0,21.3,4030.0,25665.6
14-Jan-2026,03-Feb-2026,PE,24400.0,23.3,18655.0,25665.6
14-Jan-2026,03-Feb-2026,PE,24450.0,24.3,4745.0,25665.6
14-Jan-2026,03-Feb-2026,PE,24500.0,25.4,100425.0,25665.6
14-Jan-2026,03-Feb-2026,PE,24550.0,28.85,15210.0,25665.6
14-Jan-2026,03-Feb-2026,PE,24600.0,30.8,30420.0,25665.6
14-Jan-2026,03-Feb-2026,PE,24650.0,33.9,9295.0,25665.6
14-Jan-2026,03-Feb-2026,PE,24700.0,35.45,21255.0,25665.6
14-Jan-2026,03-Feb-2026,PE,24750.0,38.6,9165.0,25665.6
14-Jan-2026,03-Feb-2026,PE,24800.0,42.75,74945.0,25665.6
14-Jan-2026,03-Feb-2026,PE,24850.0,46.2,16900.0,25665.6
14-Jan-2026,03-Feb-2026,PE,24900.0,52.35,33150.0,25665.6
14-Jan-2026,03-Feb-2026,PE,24950.0,55.55,14495.0,25665.6
14-Jan-2026,03-Feb-2026,PE,25000.0,63.8,151320.0,25665.6
14-Jan-2026,03-Feb-2026,PE,25050.0,69.75,16055.0,25665.6
14-Jan-2026,03-Feb-2026,PE,25100.0,78.3,37050.0,25665.6
14-Jan-2026,03-Feb-2026,PE,25150.0,85.6,12675.0,25665.6
14-Jan-2026,03-Feb-2026,PE,25200.0,96.3,102700.0,25665.6
14-Jan-2026,03-Feb-2026,PE,25250.0,104.0,7670.0,25665.6
14-Jan-2026,03-Feb-2026,PE,25300.0,119.85,60580.0,25665.6
14-Jan-2026,03-Feb-2026,PE,25350.0,130.75,11115.0,25665.6
14-Jan-2026,03-Feb-2026,PE,25400.0,145.3,81120.0,25665.6
14-Jan-2026,03-Feb-2026,PE,25450.0,159.95,11570.0,25665.6
14-Jan-2026,03-Feb-2026,PE,25500.0,176.25,339040.0,25665.6
14-Jan-2026,03-Feb-2026,PE,25550.0,192.2,11700.0,25665.6
14-Jan-2026,03-Feb-2026,PE,25600.0,210.65,81185.0,25665.6
14-Jan-2026,03-Feb-2026,PE,25650.0,228.95,20735.0,25665.6
14-Jan-2026,03-Feb-2026,PE,25700.0,247.55,90675.0,25665.6
14-Jan-2026,03-Feb-2026,PE,25750.0,274.4,12220.0,25665.6
14-Jan-2026,03-Feb-2026,PE,25800.0,297.75,259935.0,25665.6
14-Jan-2026,03-Feb-2026,PE,25850.0,322.65,15470.0,25665.6
14-Jan-2026,03-Feb-2026,PE,25900.0,349.05,61685.0,25665.6
14-Jan-2026,03-Feb-2026,PE,25950.0,373.15,4355.0,25665.6
14-Jan-2026,03-Feb-2026,PE,26000.0,410.25,296140.0,25665.6
14-Jan-2026,03-Feb-2026,PE,26050.0,439.3,7020.0,25665.6
14-Jan-2026,03-Feb-2026,PE,26100.0,476.8,176280.0,25665.6
14-Jan-2026,03-Feb-2026,PE,26150.0,536.25,5265.0,25665.6
14-Jan-2026,03-Feb-2026,PE,26200.0,540.0,35230.0,25665.6
14-Jan-2026,03-Feb-2026,PE,26250.0,583.9,3510.0,25665.6
14-Jan-2026,03-Feb-2026,PE,26300.0,619.0,15535.0,25665.6
14-Jan-2026,03-Feb-2026,PE,26350.0,637.6,2730.0,25665.6
14-Jan-2026,03-Feb-2026,PE,26400.0,702.0,8125.0,25665.6
14-Jan-2026,03-Feb-2026,PE,26450.0,721.6,520.0,25665.6
14-Jan-2026,03-Feb-2026,PE,26500.0,757.35,34125.0,25665.6
14-Jan-2026,03-Feb-2026,PE,26550.0,807.05,195.0,25665.6
14-Jan-2026,03-Feb-2026,PE,26600.0,855.15,5720.0,25665.6
14-Jan-2026,03-Feb-2026,PE,26650.0,898.15,260.0,25665.6
14-Jan-2026,03-Feb-2026,PE,26700.0,951.8,2080.0,25665.6
14-Jan-2026,03-Feb-2026,PE,26750.0,989.0,130.0,25665.6
14-Jan-2026,03-Feb-2026,PE,26800.0,1033.4,390.0,25665.6
14-Jan-2026,03-Feb-2026,PE,26850.0,1069.05,65.0,25665.6
14-Jan-2026,03-Feb-2026,PE,26900.0,1149.8,65.0,25665.6
14-Jan-2026,03-Feb-2026,PE,26950.0,1180.05,65.0,25665.6
14-Jan-2026,03-Feb-2026,PE,27000.0,1224.35,715.0,25665.6
14-Jan-2026,03-Feb-2026,PE,27050.0,1281.85,390.0,25665.6
14-Jan-2026,03-Feb-2026,PE,27100.0,1305.8,130.0,25665.6
14-Jan-2026,03-Feb-2026,PE,27150.0,1390.35,325.0,25665.6
14-Jan-2026,03-Feb-2026,PE,27200.0,1436.1,130.0,25665.6
14-Jan-2026,03-Feb-2026,PE,27250.0,1459.45,65.0,25665.6
14-Jan-2026,03-Feb-2026,PE,27300.0,1519.0,,25665.6
14-Jan-2026,03-Feb-2026,PE,27350.0,1586.95,130.0,25665.6
14-Jan-2026,03-Feb-2026,PE,27400.0,1635.65,130.0,25665.6
14-Jan-2026,03-Feb-2026,PE,27450.0,1682.05,195.0,25665.6
14-Jan-2026,03-Feb-2026,PE,27500.0,1664.85,130.0,25665.6
14-Jan-2026,03-Feb-2026,PE,27550.0,1713.95,130.0,25665.6
14-Jan-2026,03-Feb-2026,PE,27600.0,1832.15,130.0,25665.6
14-Jan-2026,03-Feb-2026,PE,27650.0,1881.4,130.0,25665.6
14-Jan-2026,03-Feb-2026,PE,27700.0,1930.7,130.0,25665.6
14-Jan-2026,03-Feb-2026,PE,27750.0,1980.0,130.0,25665.6
14-Jan-2026,03-Feb-2026,PE,27800.0,2029.3,130.0,25665.6
14-Jan-2026,03-Feb-2026,PE,27850.0,2085.6,130.0,25665.6
14-Jan-2026,03-Feb-2026,PE,27900.0,2135.0,130.0,25665.6
14-Jan-2026,03-Feb-2026,PE,27950.0,2177.5,130.0,25665.6
14-Jan-2026,03-Feb-2026,PE,28000.0,2234.05,130.0,25665.6
14-Jan-2026,03-Feb-2026,PE,28050.0,2276.4,130.0,25665.6
14-Jan-2026,03-Feb-2026,PE,28100.0,2332.85,130.0,25665.6
14-Jan-2026,17-Feb-2026,CE,24000.0,,,25665.6
14-Jan-2026,17-Feb-2026,CE,24050.0,,,25665.6
14-Jan-2026,17-Feb-2026,CE,24100.0,,,25665.6
14-Jan-2026,17-Feb-2026,CE,24150.0,,,25665.6
14-Jan-2026,17-Feb-2026,CE,24200.0,,,25665.6
14-Jan-2026,17-Feb-2026,CE,24250.0,,,25665.6
14-Jan-2026,17-Feb-2026,CE,24300.0,,,25665.6
14-Jan-2026,17-Feb-2026,CE,24350.0,,,25665.6
14-Jan-2026,17-Feb-2026,CE,24400.0,,,25665.6
14-Jan-2026,17-Feb-2026,CE,24450.0,,,25665.6
14-Jan-2026,17-Feb-2026,CE,24500.0,,,25665.6
14-Jan-2026,17-Feb-2026,CE,24550.0,,,25665.6
14-Jan-2026,17-Feb-2026,CE,24600.0,,,25665.6
14-Jan-2026,17-Feb-2026,CE,24650.0,,,25665.6
14-Jan-2026,17-Feb-2026,CE,24700.0,,,25665.6
14-Jan-2026,17-Feb-2026,CE,24750.0,,,25665.6
14-Jan-2026,17-Feb-2026,CE,24800.0,,,25665.6
14-Jan-2026,17-Feb-2026,CE,24850.0,,,25665.6
14-Jan-2026,17-Feb-2026,CE,24900.0,,,25665.6
14-Jan-2026,17-Feb-2026,CE,24950.0,,,25665.6
14-Jan-2026,17-Feb-2026,CE,25000.0,,,25665.6
14-Jan-2026,17-Feb-2026,CE,25050.0,,,25665.6
14-Jan-2026,17-Feb-2026,CE,25100.0,,,25665.6
14-Jan-2026,17-Feb-2026,CE,25150.0,,,25665.6
14-Jan-2026,17-Feb-2026,CE,25200.0,,,25665.6
14-Jan-2026,17-Feb-2026,CE,25250.0,,,25665.6
14-Jan-2026,17-Feb-2026,CE,25300.0,,,25665.6
14-Jan-2026,17-Feb-2026,CE,25350.0,,,25665.6
14-Jan-2026,17-Feb-2026,CE,25400.0,,,25665.6
14-Jan-2026,17-Feb-2026,CE,25450.0,,,25665.6
14-Jan-2026,17-Feb-2026,CE,25500.0,,,25665.6
14-Jan-2026,17-Feb-2026,CE,25550.0,,,25665.6
14-Jan-2026,17-Feb-2026,CE,25600.0,,,25665.6
14-Jan-2026,17-Feb-2026,CE,25650.0,,,25665.6
14-Jan-2026,17-Feb-2026,CE,25700.0,434.5,195.0,25665.6
14-Jan-2026,17-Feb-2026,CE,25750.0,,,25665.6
14-Jan-2026,17-Feb-2026,CE,25800.0,368.95,2860.0,25665.6
14-Jan-2026,17-Feb-2026,CE,25850.0,,,25665.6
14-Jan-2026,17-Feb-2026,CE,25900.0,328.0,910.0,25665.6
14-Jan-2026,17-Feb-2026,CE,25950.0,,,25665.6
14-Jan-2026,17-Feb-2026,CE,26000.0,,,25665.6
14-Jan-2026,17-Feb-2026,CE,26050.0,,,25665.6
14-Jan-2026,17-Feb-2026,CE,26100.0,,,25665.6
14-Jan-2026,17-Feb-2026,CE,26150.0,,,25665.6
14-Jan-2026,17-Feb-2026,CE,26200.0,,,25665.6
14-Jan-2026,17-Feb-2026,CE,26250.0,,,25665.6
14-Jan-2026,17-Feb-2026,CE,26300.0,,,25665.6
14-Jan-2026,17-Feb-2026,CE,26350.0,,,25665.6
14-Jan-2026,17-Feb-2026,CE,26400.0,,,25665.6
14-Jan-2026,17-Feb-2026,CE,26450.0,,,25665.6
14-Jan-2026,17-Feb-2026,CE,26500.0,,,25665.6
14-Jan-2026,17-Feb-2026,CE,26550.0,,,25665.6
14-Jan-2026,17-Feb-2026,CE,26600.0,93.2,195.0,25665.6
14-Jan-2026,17-Feb-2026,CE,26650.0,,,25665.6
14-Jan-2026,17-Feb-2026,CE,26700.0,,,25665.6
14-Jan-2026,17-Feb-2026,CE,26750.0,,,25665.6
14-Jan-2026,17-Feb-2026,CE,26800.0,,,25665.6
14-Jan-2026,17-Feb-2026,CE,26850.0,,,25665.6
14-Jan-2026,17-Feb-2026,CE,26900.0,53.65,130.0,25665.6
14-Jan-2026,17-Feb-2026,CE,26950.0,,,25665.6
14-Jan-2026,17-Feb-2026,CE,27000.0,,,25665.6
14-Jan-2026,17-Feb-2026,CE,27050.0,,,25665.6
14-Jan-2026,17-Feb-2026,CE,27100.0,,,25665.6
14-Jan-2026,17-Feb-2026,CE,27150.0,,,25665.6
14-Jan-2026,17-Feb-2026,CE,27200.0,,,25665.6
14-Jan-2026,17-Feb-2026,CE,27250.0,,,25665.6
14-Jan-2026,17-Feb-2026,CE,27300.0,,,25665.6
14-Jan-2026,17-Feb-2026,CE,27350.0,,,25665.6
14-Jan-2026,17-Feb-2026,CE,27400.0,,,25665.6
14-Jan-2026,17-Feb-2026,CE,27450.0,,,25665.6
14-Jan-2026,17-Feb-2026,CE,27500.0,,,25665.6
14-Jan-2026,17-Feb-2026,PE,24000.0,,,25665.6
14-Jan-2026,17-Feb-2026,PE,24050.0,,,25665.6
14-Jan-2026,17-Feb-2026,PE,24100.0,24.1,715.0,25665.6
14-Jan-2026,17-Feb-2026,PE,24150.0,28.0,195.0,25665.6
14-Jan-2026,17-Feb-2026,PE,24200.0,,,25665.6
14-Jan-2026,17-Feb-2026,PE,24250.0,,,25665.6
14-Jan-2026,17-Feb-2026,PE,24300.0,,,25665.6
14-Jan-2026,17-Feb-2026,PE,24350.0,,,25665.6
14-Jan-2026,17-Feb-2026,PE,24400.0,,,25665.6
14-Jan-2026,17-Feb-2026,PE,24450.0,,,25665.6
14-Jan-2026,17-Feb-2026,PE,24500.0,,,25665.6
14-Jan-2026,17-Feb-2026,PE,24550.0,,,25665.6
14-Jan-2026,17-Feb-2026,PE,24600.0,,,25665.6
14-Jan-2026,17-Feb-2026,PE,24650.0,,,25665.6
14-Jan-2026,17-Feb-2026,PE,24700.0,,,25665.6
14-Jan-2026,17-Feb-2026,PE,24750.0,,,25665.6
14-Jan-2026,17-Feb-2026,PE,24800.0,,,25665.6
14-Jan-2026,17-Feb-2026,PE,24850.0,,,25665.6
14-Jan-2026,17-Feb-2026,PE,24900.0,,,25665.6
14-Jan-2026,17-Feb-2026,PE,24950.0,,,25665.6
14-Jan-2026,17-Feb-2026,PE,25000.0,,,25665.6
14-Jan-2026,17-Feb-2026,PE,25050.0,,,25665.6
14-Jan-2026,17-Feb-2026,PE,25100.0,,,25665.6
14-Jan-2026,17-Feb-2026,PE,25150.0,,,25665.6
14-Jan-2026,17-Feb-2026,PE,25200.0,,,25665.6
14-Jan-2026,17-Feb-2026,PE,25250.0,,,25665.6
14-Jan-2026,17-Feb-2026,PE,25300.0,,,25665.6
14-Jan-2026,17-Feb-2026,PE,25350.0,,,25665.6
14-Jan-2026,17-Feb-2026,PE,25400.0,,,25665.6
14-Jan-2026,17-Feb-2026,PE,25450.0,,,25665.6
14-Jan-2026,17-Feb-2026,PE,25500.0,212.6,260.0,25665.6
14-Jan-2026,17-Feb-2026,PE,25550.0,215.0,1495.0,25665.6
14-Jan-2026,17-Feb-2026,PE,25600.0,,,25665.6
14-Jan-2026,17-Feb-2026,PE,25650.0,,,25665.6
14-Jan-2026,17-Feb-2026,PE,25700.0,294.85,65.0,25665.6
14-Jan-2026,17-Feb-2026,PE,25750.0,309.4,325.0,25665.6
14-Jan-2026,17-Feb-2026,PE,25800.0,,,25665.6
14-Jan-2026,17-Feb-2026,PE,25850.0,,,25665.6
14-Jan-2026,17-Feb-2026,PE,25900.0,,,25665.6
14-Jan-2026,17-Feb-2026,PE,25950.0,,,25665.6
14-Jan-2026,17-Feb-2026,PE,26000.0,,,25665.6
14-Jan-2026,17-Feb-2026,PE,26050.0,,,25665.6
14-Jan-2026,17-Feb-2026,PE,26100.0,,,25665.6
14-Jan-2026,17-Feb-2026,PE,26150.0,,,25665.6
14-Jan-2026,17-Feb-2026,PE,26200.0,,,25665.6
14-Jan-2026,17-Feb-2026,PE,26250.0,,,25665.6
14-Jan-2026,17-Feb-2026,PE,26300.0,,,25665.6
14-Jan-2026,17-Feb-2026,PE,26350.0,,,25665.6
14-Jan-2026,17-Feb-2026,PE,26400.0,,,25665.6
14-Jan-2026,17-Feb-2026,PE,26450.0,,,25665.6
14-Jan-2026,17-Feb-2026,PE,26500.0,,,25665.6
14-Jan-2026,17-Feb-2026,PE,26550.0,,,25665.6
14-Jan-2026,17-Feb-2026,PE,26600.0,,,25665.6
14-Jan-2026,17-Feb-2026,PE,26650.0,,,25665.6
14-Jan-2026,17-Feb-2026,PE,26700.0,,,25665.6
14-Jan-2026,17-Feb-2026,PE,26750.0,,,25665.6
14-Jan-2026,17-Feb-2026,PE,26800.0,,,25665.6
14-Jan-2026,17-Feb-2026,PE,26850.0,,,25665.6
14-Jan-2026,17-Feb-2026,PE,26900.0,,,25665.6
14-Jan-2026,17-Feb-2026,PE,26950.0,,,25665.6
14-Jan-2026,17-Feb-2026,PE,27000.0,,,25665.6
14-Jan-2026,17-Feb-2026,PE,27050.0,,,25665.6
14-Jan-2026,17-Feb-2026,PE,27100.0,,,25665.6
14-Jan-2026,17-Feb-2026,PE,27150.0,1295.0,65.0,25665.6
14-Jan-2026,17-Feb-2026,PE,27200.0,,,25665.6
14-Jan-2026,17-Feb-2026,PE,27250.0,,,25665.6
14-Jan-2026,17-Feb-2026,PE,27300.0,,,25665.6
14-Jan-2026,17-Feb-2026,PE,27350.0,,,25665.6
14-Jan-2026,17-Feb-2026,PE,27400.0,,,25665.6
14-Jan-2026,17-Feb-2026,PE,27450.0,,,25665.6
14-Jan-2026,17-Feb-2026,PE,27500.0,,,25665.6
16-Jan-2026,03-Feb-2026,CE,23900.0,1918.0,65.0,25694.35
16-Jan-2026,03-Feb-2026,CE,23950.0,1848.75,130.0,25694.35
16-Jan-2026,03-Feb-2026,CE,24000.0,1799.0,130.0,25694.35
16-Jan-2026,03-Feb-2026,CE,24050.0,1750.5,195.0,25694.35
16-Jan-2026,03-Feb-2026,CE,24100.0,1700.8,130.0,25694.35
16-Jan-2026,03-Feb-2026,CE,24150.0,1649.25,130.0,25694.35
16-Jan-2026,03-Feb-2026,CE,24200.0,1604.2,130.0,25694.35
16-Jan-2026,03-Feb-2026,CE,24250.0,1569.8,130.0,25694.35
16-Jan-2026,03-Feb-2026,CE,24300.0,1506.55,130.0,25694.35
16-Jan-2026,03-Feb-2026,CE,24350.0,1454.45,65.0,25694.35
16-Jan-2026,03-Feb-2026,CE,24400.0,1414.05,130.0,25694.35
16-Jan-2026,03-Feb-2026,CE,24450.0,1370.0,130.0,25694.35
16-Jan-2026,03-Feb-2026,CE,24500.0,1318.75,325.0,25694.35
16-Jan-2026,03-Feb-2026,CE,24550.0,1263.9,195.0,25694.35
16-Jan-2026,03-Feb-2026,CE,24600.0,1220.95,195.0,25694.35
16-Jan-2026,03-Feb-2026,CE,24650.0,1167.95,195.0,25694.35
16-Jan-2026,03-Feb-2026,CE,24700.0,1120.55,195.0,25694.35
16-Jan-2026,03-Feb-2026,CE,24750.0,1073.5,195.0,25694.35
16-Jan-2026,03-Feb-2026,CE,24800.0,1036.25,325.0,25694.35
16-Jan-2026,03-Feb-2026,CE,24850.0,983.9,260.0,25694.35
16-Jan-2026,03-Feb-2026,CE,24900.0,945.05,390.0,25694.35
16-Jan-2026,03-Feb-2026,CE,24950.0,899.7,325.0,25694.35
16-Jan-2026,03-Feb-2026,CE,25000.0,849.25,25675.0,25694.35
16-Jan-2026,03-Feb-2026,CE,25050.0,811.35,520.0,25694.35
16-Jan-2026,03-Feb-2026,CE,25100.0,766.65,3770.0,25694.35
16-Jan-2026,03-Feb-2026,CE,25150.0,725.55,585.0,25694.35
16-Jan-2026,03-Feb-2026,CE,25200.0,674.85,1950.0,25694.35
16-Jan-2026,03-Feb-2026,CE,25250.0,644.9,845.0,25694.35
16-Jan-2026,03-Feb-2026,CE,25300.0,596.2,5720.0,25694.35
16-Jan-2026,03-Feb-2026,CE,25350.0,567.5,1170.0,25694.35
16-Jan-2026,03-Feb-2026,CE,25400.0,524.6,19370.0,25694.35
16-Jan-2026,03-Feb-2026,CE,25450.0,488.55,2925.0,25694.35
16-Jan-2026,03-Feb-2026,CE,25500.0,446.7,59540.0,25694.35
16-Jan-2026,03-Feb-2026,CE,25550.0,424.1,5590.0,25694.35
16-Jan-2026,03-Feb-2026,CE,25600.0,383.15,81965.0,25694.35
16-Jan-2026,03-Feb-2026,CE,25650.0,355.95,17550.0,25694.35
16-Jan-2026,03-Feb-2026,CE,25700.0,323.0,133965.0,25694.35
16-Jan-2026,03-Feb-2026,CE,25750.0,297.0,45565.0,25694.35
16-Jan-2026,03-Feb-2026,CE,25800.0,272.45,331955.0,25694.35
16-Jan-2026,03-Feb-2026,CE,25850.0,245.0,37440.0,25694.35
16-Jan-2026,03-Feb-2026,CE,25900.0,223.0,139100.0,25694.35
16-Jan-2026,03-Feb-2026,CE,25950.0,198.55,25090.0,25694.35
16-Jan-2026,03-Feb-2026,CE,26000.0,182.3,675090.0,25694.35
16-Jan-2026,03-Feb-2026,CE,26050.0,163.0,21190.0,25694.35
16-Jan-2026,03-Feb-2026,CE,26100.0,144.55,311480.0,25694.35
16-Jan-2026,03-Feb-2026,CE,26150.0,130.1,21385.0,25694.35
16-Jan-2026,03-Feb-2026,CE,26200.0,115.2,232830.0,25694.35
16-Jan-2026,03-Feb-2026,CE,26250.0,102.4,18005.0,25694.35
16-Jan-2026,03-Feb-2026,CE,26300.0,91.45,232635.0,25694.35
16-Jan-2026,03-Feb-2026,CE,26350.0,79.0,31785.0,25694.35
16-Jan-2026,03-Feb-2026,CE,26400.0,69.45,136825.0,25694.35
16-Jan-2026,03-Feb-2026,CE,26450.0,60.35,23985.0,25694.35
16-Jan-2026,03-Feb-2026,CE,26500.0,53.3,472420.0,25694.35
16-Jan-2026,03-Feb-2026,CE,26550.0,45.6,37830.0,25694.35
16-Jan-2026,03-Feb-2026,CE,26600.0,40.15,198575.0,25694.35
16-Jan-2026,03-Feb-2026,CE,26650.0,35.85,28015.0,25694.35
16-Jan-2026,03-Feb-2026,CE,26700.0,30.7,170040.0,25694.35
16-Jan-2026,03-Feb-2026,CE,26750.0,27.9,20475.0,25694.35
16-Jan-2026,03-Feb-2026,CE,26800.0,24.05,71955.0,25694.35
16-Jan-2026,03-Feb-2026,CE,26850.0,21.7,6890.0,25694.35
16-Jan-2026,03-Feb-2026,CE,26900.0,18.35,118950.0,25694.35
16-Jan-2026,03-Feb-2026,CE,26950.0,18.1,21385.0,25694.35
16-Jan-2026,03-Feb-2026,CE,27000.0,16.1,278135.0,25694.35
16-Jan-2026,03-Feb-2026,CE,27050.0,15.55,13650.0,25694.35
16-Jan-2026,03-Feb-2026,CE,27100.0,14.1,39065.0,25694.35
16-Jan-2026,03-Feb-2026,CE,27150.0,10.75,11180.0,25694.35
16-Jan-2026,03-Feb-2026,CE,27200.0,10.85,36985.0,25694.35
16-Jan-2026,03-Feb-2026,CE,27250.0,11.0,8970.0,25694.35
16-Jan-2026,03-Feb-2026,CE,27300.0,11.0,18655.0,25694.35
16-Jan-2026,03-Feb-2026,CE,27350.0,9.75,2730.0,25694.35
16-Jan-2026,03-Feb-2026,CE,27400.0,8.6,9555.0,25694.35
16-Jan-2026,03-Feb-2026,CE,27450.0,8.0,6890.0,25694.35
16-Jan-2026,03-Feb-2026,CE,27500.0,6.45,155090.0,25694.35
16-Jan-2026,03-Feb-2026,CE,27550.0,7.15,6630.0,25694.35
16-Jan-2026,03-Feb-2026,CE,27600.0,6.8,7215.0,25694.35
16-Jan-2026,03-Feb-2026,CE,27650.0,8.6,2665.0,25694.35
16-Jan-2026,03-Feb-2026,CE,27700.0,5.55,13195.0,25694.35
16-Jan-2026,03-Feb-2026,CE,27750.0,5.1,3185.0,25694.35
16-Jan-2026,03-Feb-2026,CE,27800.0,4.8,36920.0,25694.35
16-Jan-2026,03-Feb-2026,CE,27850.0,4.95,2730.0,25694.35
16-Jan-2026,03-Feb-2026,CE,27900.0,4.0,12740.0,25694.35
16-Jan-2026,03-Feb-2026,CE,27950.0,3.95,22425.0,25694.35
16-Jan-2026,03-Feb-2026,CE,28000.0,3.55,114725.0,25694.35
16-Jan-2026,03-Feb-2026,CE,28050.0,3.5,19435.0,25694.35
16-Jan-2026,03-Feb-2026,CE,28100.0,3.3,50180.0,25694.35
16-Jan-2026,03-Feb-2026,PE,23900.0,8.8,195.0,25694.35
16-Jan-2026,03-Feb-2026,PE,23950.0,7.5,19045.0,25694.35
16-Jan-2026,03-Feb-2026,PE,24000.0,8.0,96135.0,25694.35
16-Jan-2026,03-Feb-2026,PE,24050.0,8.5,6370.0,25694.35
16-Jan-2026,03-Feb-2026,PE,24100.0,9.25,11700.0,25694.35
16-Jan-2026,03-Feb-2026,PE,24150.0,10.0,9945.0,25694.35
16-Jan-2026,03-Feb-2026,PE,24200.0,10.3,12220.0,25694.35
16-Jan-2026,03-Feb-2026,PE,24250.0,11.55,9945.0,25694.35
16-Jan-2026,03-Feb-2026,PE,24300.0,12.25,10920.0,25694.35
16-Jan-2026,03-Feb-2026,PE,24350.0,13.55,4355.0,25694.35
16-Jan-2026,03-Feb-2026,PE,24400.0,15.45,16185.0,25694.35
16-Jan-2026,03-Feb-2026,PE,24450.0,15.85,7345.0,25694.35
16-Jan-2026,03-Feb-2026,PE,24500.0,17.7,106275.0,25694.35
16-Jan-2026,03-Feb-2026,PE,24550.0,18.8,17550.0,25694.35
16-Jan-2026,03-Feb-2026,PE,24600.0,19.85,38285.0,25694.35
16-Jan-2026,03-Feb-2026,PE,24650.0,22.45,16965.0,25694.35
16-Jan-2026,03-Feb-2026,PE,24700.0,25.6,27820.0,25694.35
16-Jan-2026,03-Feb-2026,PE,24750.0,27.3,12675.0,25694.35
16-Jan-2026,03-Feb-2026,PE,24800.0,30.0,97175.0,25694.35
16-Jan-2026,03-Feb-2026,PE,24850.0,34.25,18005.0,25694.35
16-Jan-2026,03-Feb-2026,PE,24900.0,36.95,53690.0,25694.35
16-Jan-2026,03-Feb-2026,PE,24950.0,41.3,20800.0,25694.35
16-Jan-2026,03-Feb-2026,PE,25000.0,46.8,241345.0,25694.35
16-Jan-2026,03-Feb-2026,PE,25050.0,52.35,20800.0,25694.35
16-Jan-2026,03-Feb-2026,PE,25100.0,60.3,53170.0,25694.35
16-Jan-2026,03-Feb-2026,PE,25150.0,67.45,17290.0,25694.35
16-Jan-2026,03-Feb-2026,PE,25200.0,75.5,133445.0,25694.35
16-Jan-2026,03-Feb-2026,PE,25250.0,83.0,17940.0,25694.35
16-Jan-2026,03-Feb-2026,PE,25300.0,93.1,113360.0,25694.35
16-Jan-2026,03-Feb-2026,PE,25350.0,107.45,14625.0,25694.35
16-Jan-2026,03-Feb-2026,PE,25400.0,121.4,109850.0,25694.35
16-Jan-2026,03-Feb-2026,PE,25450.0,134.25,16965.0,25694.35
16-Jan-2026,03-Feb-2026,PE,25500.0,151.85,392925.0,25694.35
16-Jan-2026,03-Feb-2026,PE,25550.0,163.9,18265.0,25694.35
16-Jan-2026,03-Feb-2026,PE,25600.0,184.75,105690.0,25694.35
16-Jan-2026,03-Feb-2026,PE,25650.0,201.35,29575.0,25694.35
16-Jan-2026,03-Feb-2026,PE,25700.0,222.3,146315.0,25694.35
16-Jan-2026,03-Feb-2026,PE,25750.0,243.6,38285.0,25694.35
16-Jan-2026,03-Feb-2026,PE,25800.0,266.0,367900.0,25694.35
16-Jan-2026,03-Feb-2026,PE,25850.0,292.15,27235.0,25694.35
16-Jan-2026,03-Feb-2026,PE,25900.0,314.6,113360.0,25694.35
16-Jan-2026,03-Feb-2026,PE,25950.0,346.2,9815.0,25694.35
16-Jan-2026,03-Feb-2026,PE,26000.0,381.4,325455.0,25694.35
16-Jan-2026,03-Feb-2026,PE,26050.0,403.5,10595.0,25694.35
16-Jan-2026,03-Feb-2026,PE,26100.0,442.45,175240.0,25694.35
16-Jan-2026,03-Feb-2026,PE,26150.0,472.75,13845.0,25694.35
16-Jan-2026,03-Feb-2026,PE,26200.0,511.45,40235.0,25694.35
16-Jan-2026,03-Feb-2026,PE,26250.0,539.4,3900.0,25694.35
16-Jan-2026,03-Feb-2026,PE,26300.0,578.35,30225.0,25694.35
16-Jan-2026,03-Feb-2026,PE,26350.0,611.95,2665.0,25694.35
16-Jan-2026,03-Feb-2026,PE,26400.0,663.0,7670.0,25694.35
16-Jan-2026,03-Feb-2026,PE,26450.0,703.5,390.0,25694.35
16-Jan-2026,03-Feb-2026,PE,26500.0,735.05,34320.0,25694.35
16-Jan-2026,03-Feb-2026,PE,26550.0,787.2,65.0,25694.35
16-Jan-2026,03-Feb-2026,PE,26600.0,726.4,5980.0,25694.35
16-Jan-2026,03-Feb-2026,PE,26650.0,875.7,195.0,25694.35
16-Jan-2026,03-Feb-2026,PE,26700.0,920.05,2015.0,25694.35
16-Jan-2026,03-Feb-2026,PE,26750.0,966.25,,25694.35
16-Jan-2026,03-Feb-2026,PE,26800.0,1009.45,260.0,25694.35
16-Jan-2026,03-Feb-2026,PE,26850.0,1066.05,65.0,25694.35
16-Jan-2026,03-Feb-2026,PE,26900.0,1101.2,,25694.35
16-Jan-2026,03-Feb-2026,PE,26950.0,1170.85,65.0,25694.35
16-Jan-2026,03-Feb-2026,PE,27000.0,1152.5,845.0,25694.35
16-Jan-2026,03-Feb-2026,PE,27050.0,1255.95,390.0,25694.35
16-Jan-2026,03-Feb-2026,PE,27100.0,1307.25,65.0,25694.35
16-Jan-2026,03-Feb-2026,PE,27150.0,1184.55,780.0,25694.35
16-Jan-2026,03-Feb-2026,PE,27200.0,1417.15,195.0,25694.35
16-Jan-2026,03-Feb-2026,PE,27250.0,1451.1,65.0,25694.35
16-Jan-2026,03-Feb-2026,PE,27300.0,1509.95,130.0,25694.35
16-Jan-2026,03-Feb-2026,PE,27350.0,1553.0,130.0,25694.35
16-Jan-2026,03-Feb-2026,PE,27400.0,1599.1,130.0,25694.35
16-Jan-2026,03-Feb-2026,PE,27450.0,1645.6,195.0,25694.35
16-Jan-2026,03-Feb-2026,PE,27500.0,1682.05,195.0,25694.35
16-Jan-2026,03-Feb-2026,PE,27550.0,1746.7,195.0,25694.35
16-Jan-2026,03-Feb-2026,PE,27600.0,1796.15,195.0,25694.35
16-Jan-2026,03-Feb-2026,PE,27650.0,1845.4,130.0,25694.35
16-Jan-2026,03-Feb-2026,PE,27700.0,1894.8,130.0,25694.35
16-Jan-2026,03-Feb-2026,PE,27750.0,1944.1,130.0,25694.35
16-Jan-2026,03-Feb-2026,PE,27800.0,1993.35,130.0,25694.35
16-Jan-2026,03-Feb-2026,PE,27850.0,2046.15,130.0,25694.35
16-Jan-2026,03-Feb-2026,PE,27900.0,2098.35,130.0,25694.35
16-Jan-2026,03-Feb-2026,PE,27950.0,2141.85,130.0,25694.35
16-Jan-2026,03-Feb-2026,PE,28000.0,2191.15,130.0,25694.35
16-Jan-2026,03-Feb-2026,PE,28050.0,2240.95,130.0,25694.35
16-Jan-2026,03-Feb-2026,PE,28100.0,2296.25,130.0,25694.35
16-Jan-2026,17-Feb-2026,CE,23900.0,,,25694.35
16-Jan-2026,17-Feb-2026,CE,23950.0,,,25694.35
16-Jan-2026,17-Feb-2026,CE,24000.0,,,25694.35
16-Jan-2026,17-Feb-2026,CE,24050.0,,,25694.35
16-Jan-2026,17-Feb-2026,CE,24100.0,,,25694.35
16-Jan-2026,17-Feb-2026,CE,24150.0,,,25694.35
16-Jan-2026,17-Feb-2026,CE,24200.0,,,25694.35
16-Jan-2026,17-Feb-2026,CE,24250.0,,,25694.35
16-Jan-2026,17-Feb-2026,CE,24300.0,,,25694.35
16-Jan-2026,17-Feb-2026,CE,24350.0,,,25694.35
16-Jan-2026,17-Feb-2026,CE,24400.0,,,25694.35
16-Jan-2026,17-Feb-2026,CE,24450.0,,,25694.35
16-Jan-2026,17-Feb-2026,CE,24500.0,,,25694.35
16-Jan-2026,17-Feb-2026,CE,24550.0,,,25694.35
16-Jan-2026,17-Feb-2026,CE,24600.0,,,25694.35
16-Jan-2026,17-Feb-2026,CE,24650.0,,,25694.35
16-Jan-2026,17-Feb-2026,CE,24700.0,,,25694.35
16-Jan-2026,17-Feb-2026,CE,24750.0,,,25694.35
16-Jan-2026,17-Feb-2026,CE,24800.0,,,25694.35
16-Jan-2026,17-Feb-2026,CE,24850.0,,,25694.35
16-Jan-2026,17-Feb-2026,CE,24900.0,,,25694.35
16-Jan-2026,17-Feb-2026,CE,24950.0,,,25694.35
16-Jan-2026,17-Feb-2026,CE,25000.0,,,25694.35
16-Jan-2026,17-Feb-2026,CE,25050.0,,,25694.35
16-Jan-2026,17-Feb-2026,CE,25100.0,,,25694.35
16-Jan-2026,17-Feb-2026,CE,25150.0,,,25694.35
16-Jan-2026,17-Feb-2026,CE,25200.0,,,25694.35
16-Jan-2026,17-Feb-2026,CE,25250.0,,,25694.35
16-Jan-2026,17-Feb-2026,CE,25300.0,,,25694.35
16-Jan-2026,17-Feb-2026,CE,25350.0,,,25694.35
16-Jan-2026,17-Feb-2026,CE,25400.0,,,25694.35
16-Jan-2026,17-Feb-2026,CE,25450.0,,,25694.35
16-Jan-2026,17-Feb-2026,CE,25500.0,,,25694.35
16-Jan-2026,17-Feb-2026,CE,25550.0,,,25694.35
16-Jan-2026,17-Feb-2026,CE,25600.0,,,25694.35
16-Jan-2026,17-Feb-2026,CE,25650.0,,,25694.35
16-Jan-2026,17-Feb-2026,CE,25700.0,449.3,650.0,25694.35
16-Jan-2026,17-Feb-2026,CE,25750.0,,,25694.35
16-Jan-2026,17-Feb-2026,CE,25800.0,390.05,3640.0,25694.35
16-Jan-2026,17-Feb-2026,CE,25850.0,,,25694.35
16-Jan-2026,17-Feb-2026,CE,25900.0,339.35,1040.0,25694.35
16-Jan-2026,17-Feb-2026,CE,25950.0,,,25694.35
16-Jan-2026,17-Feb-2026,CE,26000.0,,,25694.35
16-Jan-2026,17-Feb-2026,CE,26050.0,,,25694.35
16-Jan-2026,17-Feb-2026,CE,26100.0,250.45,195.0,25694.35
16-Jan-2026,17-Feb-2026,CE,26150.0,,,25694.35
16-Jan-2026,17-Feb-2026,CE,26200.0,,,25694.35
16-Jan-2026,17-Feb-2026,CE,26250.0,,,25694.35
16-Jan-2026,17-Feb-2026,CE,26300.0,168.2,455.0,25694.35
16-Jan-2026,17-Feb-2026,CE,26350.0,,,25694.35
16-Jan-2026,17-Feb-2026,CE,26400.0,,,25694.35
16-Jan-2026,17-Feb-2026,CE,26450.0,,,25694.35
16-Jan-2026,17-Feb-2026,CE,26500.0,,,25694.35
16-Jan-2026,17-Feb-2026,CE,26550.0,,,25694.35
16-Jan-2026,17-Feb-2026,CE,26600.0,98.2,22165.0,25694.35
16-Jan-2026,17-Feb-2026,CE,26650.0,,,25694.35
16-Jan-2026,17-Feb-2026,CE,26700.0,,,25694.35
16-Jan-2026,17-Feb-2026,CE,26750.0,,,25694.35
16-Jan-2026,17-Feb-2026,CE,26800.0,,,25694.35
16-Jan-2026,17-Feb-2026,CE,26850.0,,,25694.35
16-Jan-2026,17-Feb-2026,CE,26900.0,49.0,780.0,25694.35
16-Jan-2026,17-Feb-2026,CE,26950.0,,,25694.35
16-Jan-2026,17-Feb-2026,CE,27000.0,,,25694.35
16-Jan-2026,17-Feb-2026,CE,27050.0,,,25694.35
16-Jan-2026,17-Feb-2026,CE,27100.0,,,25694.35
16-Jan-2026,17-Feb-2026,CE,27150.0,,,25694.35
16-Jan-2026,17-Feb-2026,CE,27200.0,,,25694.35
16-Jan-2026,17-Feb-2026,CE,27250.0,,,25694.35
16-Jan-2026,17-Feb-2026,CE,27300.0,22.15,195.0,25694.35
16-Jan-2026,17-Feb-2026,CE,27350.0,,,25694.35
16-Jan-2026,17-Feb-2026,CE,27400.0,18.75,390.0,25694.35
16-Jan-2026,17-Feb-2026,CE,27450.0,,,25694.35
16-Jan-2026,17-Feb-2026,CE,27500.0,,,25694.35
16-Jan-2026,17-Feb-2026,PE,23900.0,,,25694.35
16-Jan-2026,17-Feb-2026,PE,23950.0,,,25694.35
16-Jan-2026,17-Feb-2026,PE,24000.0,17.1,390.0,25694.35
16-Jan-2026,17-Feb-2026,PE,24050.0,,,25694.35
16-Jan-2026,17-Feb-2026,PE,24100.0,19.0,1950.0,25694.35
16-Jan-2026,17-Feb-2026,PE,24150.0,22.4,455.0,25694.35
16-Jan-2026,17-Feb-2026,PE,24200.0,,,25694.35
16-Jan-2026,17-Feb-2026,PE,24250.0,,,25694.35
16-Jan-2026,17-Feb-2026,PE,24300.0,,,25694.35
16-Jan-2026,17-Feb-2026,PE,24350.0,,,25694.35
16-Jan-2026,17-Feb-2026,PE,24400.0,,,25694.35
16-Jan-2026,17-Feb-2026,PE,24450.0,,,25694.35
16-Jan-2026,17-Feb-2026,PE,24500.0,,,25694.35
16-Jan-2026,17-Feb-2026,PE,24550.0,,,25694.35
16-Jan-2026,17-Feb-2026,PE,24600.0,42.55,,25694.35
16-Jan-2026,17-Feb-2026,PE,24650.0,,,25694.35
16-Jan-2026,17-Feb-2026,PE,24700.0,,,25694.35
16-Jan-2026,17-Feb-2026,PE,24750.0,,,25694.35
16-Jan-2026,17-Feb-2026,PE,24800.0,,,25694.35
16-Jan-2026,17-Feb-2026,PE,24850.0,,,25694.35
16-Jan-2026,17-Feb-2026,PE,24900.0,,,25694.35
16-Jan-2026,17-Feb-2026,PE,24950.0,,,25694.35
16-Jan-2026,17-Feb-2026,PE,25000.0,79.1,2470.0,25694.35
16-Jan-2026,17-Feb-2026,PE,25050.0,,,25694.35
16-Jan-2026,17-Feb-2026,PE,25100.0,,,25694.35
16-Jan-2026,17-Feb-2026,PE,25150.0,,,25694.35
16-Jan-2026,17-Feb-2026,PE,25200.0,,,25694.35
16-Jan-2026,17-Feb-2026,PE,25250.0,,,25694.35
16-Jan-2026,17-Feb-2026,PE,25300.0,140.0,130.0,25694.35
16-Jan-2026,17-Feb-2026,PE,25350.0,,,25694.35
16-Jan-2026,17-Feb-2026,PE,25400.0,,,25694.35
16-Jan-2026,17-Feb-2026,PE,25450.0,,,25694.35
16-Jan-2026,17-Feb-2026,PE,25500.0,195.55,1300.0,25694.35
16-Jan-2026,17-Feb-2026,PE,25550.0,218.95,1560.0,25694.35
16-Jan-2026,17-Feb-2026,PE,25600.0,228.9,390.0,25694.35
16-Jan-2026,17-Feb-2026,PE,25650.0,,,25694.35
16-Jan-2026,17-Feb-2026,PE,25700.0,262.4,585.0,25694.35
16-Jan-2026,17-Feb-2026,PE,25750.0,286.0,455.0,25694.35
16-Jan-2026,17-Feb-2026,PE,25800.0,305.0,325.0,25694.35
16-Jan-2026,17-Feb-2026,PE,25850.0,,,25694.35
16-Jan-2026,17-Feb-2026,PE,25900.0,355.65,260.0,25694.35
16-Jan-2026,17-Feb-2026,PE,25950.0,,,25694.35
16-Jan-2026,17-Feb-2026,PE,26000.0,394.0,65.0,25694.35
16-Jan-2026,17-Feb-2026,PE,26050.0,,,25694.35
16-Jan-2026,17-Feb-2026,PE,26100.0,,,25694.35
16-Jan-2026,17-Feb-2026,PE,26150.0,,,25694.35
16-Jan-2026,17-Feb-2026,PE,26200.0,,,25694.35
16-Jan-2026,17-Feb-2026,PE,26250.0,,,25694.35
16-Jan-2026,17-Feb-2026,PE,26300.0,,,25694.35
16-Jan-2026,17-Feb-2026,PE,26350.0,,,25694.35
16-Jan-2026,17-Feb-2026,PE,26400.0,,,25694.35
16-Jan-2026,17-Feb-2026,PE,26450.0,,,25694.35
16-Jan-2026,17-Feb-2026,PE,26500.0,,,25694.35
16-Jan-2026,17-Feb-2026,PE,26550.0,,,25694.35
16-Jan-2026,17-Feb-2026,PE,26600.0,,,25694.35
16-Jan-2026,17-Feb-2026,PE,26650.0,,,25694.35
16-Jan-2026,17-Feb-2026,PE,26700.0,,,25694.35
16-Jan-2026,17-Feb-2026,PE,26750.0,,,25694.35
16-Jan-2026,17-Feb-2026,PE,26800.0,,,25694.35
16-Jan-2026,17-Feb-2026,PE,26850.0,,,25694.35
16-Jan-2026,17-Feb-2026,PE,26900.0,,,25694.35
16-Jan-2026,17-Feb-2026,PE,26950.0,,,25694.35
16-Jan-2026,17-Feb-2026,PE,27000.0,,,25694.35
16-Jan-2026,17-Feb-2026,PE,27050.0,,,25694.35
16-Jan-2026,17-Feb-2026,PE,27100.0,,,25694.35
16-Jan-2026,17-Feb-2026,PE,27150.0,1190.0,195.0,25694.35
16-Jan-2026,17-Feb-2026,PE,27200.0,,,25694.35
16-Jan-2026,17-Feb-2026,PE,27250.0,,,25694.35
16-Jan-2026,17-Feb-2026,PE,27300.0,,,25694.35
16-Jan-2026,17-Feb-2026,PE,27350.0,,,25694.35
16-Jan-2026,17-Feb-2026,PE,27400.0,,,25694.35
16-Jan-2026,17-Feb-2026,PE,27450.0,,,25694.35
16-Jan-2026,17-Feb-2026,PE,27500.0,,,25694.35
19-Jan-2026,03-Feb-2026,CE,23900.0,1749.25,65.0,25585.5
19-Jan-2026,03-Feb-2026,CE,23950.0,1750.5,130.0,25585.5
19-Jan-2026,03-Feb-2026,CE,24000.0,1695.0,260.0,25585.5
19-Jan-2026,03-Feb-2026,CE,24050.0,1619.5,130.0,25585.5
19-Jan-2026,03-Feb-2026,CE,24100.0,1599.7,130.0,25585.5
19-Jan-2026,03-Feb-2026,CE,24150.0,1524.5,130.0,25585.5
19-Jan-2026,03-Feb-2026,CE,24200.0,1508.7,130.0,25585.5
19-Jan-2026,03-Feb-2026,CE,24250.0,1425.9,130.0,25585.5
19-Jan-2026,03-Feb-2026,CE,24300.0,1380.45,195.0,25585.5
19-Jan-2026,03-Feb-2026,CE,24350.0,1358.85,130.0,25585.5
19-Jan-2026,03-Feb-2026,CE,24400.0,1304.45,130.0,25585.5
19-Jan-2026,03-Feb-2026,CE,24450.0,1267.4,130.0,25585.5
19-Jan-2026,03-Feb-2026,CE,24500.0,1155.8,1105.0,25585.5
19-Jan-2026,03-Feb-2026,CE,24550.0,1135.2,130.0,25585.5
19-Jan-2026,03-Feb-2026,CE,24600.0,1118.75,195.0,25585.5
19-Jan-2026,03-Feb-2026,CE,24650.0,1025.0,390.0,25585.5
19-Jan-2026,03-Feb-2026,CE,24700.0,1019.65,260.0,25585.5
19-Jan-2026,03-Feb-2026,CE,24750.0,982.4,195.0,25585.5
19-Jan-2026,03-Feb-2026,CE,24800.0,936.7,325.0,25585.5
19-Jan-2026,03-Feb-2026,CE,24850.0,895.8,260.0,25585.5
19-Jan-2026,03-Feb-2026,CE,24900.0,755.0,715.0,25585.5
19-Jan-2026,03-Feb-2026,CE,24950.0,799.0,325.0,25585.5
19-Jan-2026,03-Feb-2026,CE,25000.0,693.4,43485.0,25585.5
19-Jan-2026,03-Feb-2026,CE,25050.0,719.85,585.0,25585.5
19-Jan-2026,03-Feb-2026,CE,25100.0,608.5,3575.0,25585.5
19-Jan-2026,03-Feb-2026,CE,25150.0,628.35,650.0,25585.5
19-Jan-2026,03-Feb-2026,CE,25200.0,529.95,23595.0,25585.5
19-Jan-2026,03-Feb-2026,CE,25250.0,503.35,5915.0,25585.5
19-Jan-2026,03-Feb-2026,CE,25300.0,455.15,34645.0,25585.5
19-Jan-2026,03-Feb-2026,CE,25350.0,423.85,4875.0,25585.5
19-Jan-2026,03-Feb-2026,CE,25400.0,394.0,66755.0,25585.5
19-Jan-2026,03-Feb-2026,CE,25450.0,359.6,8840.0,25585.5
19-Jan-2026,03-Feb-2026,CE,25500.0,326.35,162240.0,25585.5
19-Jan-2026,03-Feb-2026,CE,25550.0,300.0,35815.0,25585.5
19-Jan-2026,03-Feb-2026,CE,25600.0,273.4,214110.0,25585.5
19-Jan-2026,03-Feb-2026,CE,25650.0,248.45,41730.0,25585.5
19-Jan-2026,03-Feb-2026,CE,25700.0,225.45,250380.0,25585.5
19-Jan-2026,03-Feb-2026,CE,25750.0,206.5,62335.0,25585.5
19-Jan-2026,03-Feb-2026,CE,25800.0,183.0,417105.0,25585.5
19-Jan-2026,03-Feb-2026,CE,25850.0,164.6,45695.0,25585.5
19-Jan-2026,03-Feb-2026,CE,25900.0,147.45,188175.0,25585.5
19-Jan-2026,03-Feb-2026,CE,25950.0,130.15,35620.0,25585.5
19-Jan-2026,03-Feb-2026,CE,26000.0,118.0,1017835.0,25585.5
19-Jan-2026,03-Feb-2026,CE,26050.0,103.6,73775.0,25585.5
19-Jan-2026,03-Feb-2026,CE,26100.0,90.1,392405.0,25585.5
19-Jan-2026,03-Feb-2026,CE,26150.0,80.85,48035.0,25585.5
19-Jan-2026,03-Feb-2026,CE,26200.0,70.3,320385.0,25585.5
19-Jan-2026,03-Feb-2026,CE,26250.0,61.6,33540.0,25585.5
19-Jan-2026,03-Feb-2026,CE,26300.0,54.65,285935.0,25585.5
19-Jan-2026,03-Feb-2026,CE,26350.0,47.35,30420.0,25585.5
19-Jan-2026,03-Feb-2026,CE,26400.0,40.4,205335.0,25585.5
19-Jan-2026,03-Feb-2026,CE,26450.0,36.15,35685.0,25585.5
19-Jan-2026,03-Feb-2026,CE,26500.0,31.0,528970.0,25585.5
19-Jan-2026,03-Feb-2026,CE,26550.0,27.5,46540.0,25585.5
19-Jan-2026,03-Feb-2026,CE,26600.0,23.85,130195.0,25585.5
19-Jan-2026,03-Feb-2026,CE,26650.0,21.4,20605.0,25585.5
19-Jan-2026,03-Feb-2026,CE,26700.0,18.85,150150.0,25585.5
19-Jan-2026,03-Feb-2026,CE,26750.0,17.8,24440.0,25585.5
19-Jan-2026,03-Feb-2026,CE,26800.0,15.5,84240.0,25585.5
19-Jan-2026,03-Feb-2026,CE,26850.0,13.65,7930.0,25585.5
19-Jan-2026,03-Feb-2026,CE,26900.0,12.75,51545.0,25585.5
19-Jan-2026,03-Feb-2026,CE,26950.0,11.3,18070.0,25585.5
19-Jan-2026,03-Feb-2026,CE,27000.0,10.35,328575.0,25585.5
19-Jan-2026,03-Feb-2026,CE,27050.0,9.6,14170.0,25585.5
19-Jan-2026,03-Feb-2026,CE,27100.0,8.9,35555.0,25585.5
19-Jan-2026,03-Feb-2026,CE,27150.0,8.1,8320.0,25585.5
19-Jan-2026,03-Feb-2026,CE,27200.0,7.9,37440.0,25585.5
19-Jan-2026,03-Feb-2026,CE,27250.0,7.0,10985.0,25585.5
19-Jan-2026,03-Feb-2026,CE,27300.0,6.2,18655.0,25585.5
19-Jan-2026,03-Feb-2026,CE,27350.0,7.0,2730.0,25585.5
19-Jan-2026,03-Feb-2026,CE,27400.0,5.75,8190.0,25585.5
19-Jan-2026,03-Feb-2026,CE,27450.0,5.55,5980.0,25585.5
19-Jan-2026,03-Feb-2026,CE,27500.0,5.0,209625.0,25585.5
19-Jan-2026,03-Feb-2026,CE,27550.0,4.85,4615.0,25585.5
19-Jan-2026,03-Feb-2026,CE,27600.0,4.4,14040.0,25585.5
19-Jan-2026,03-Feb-2026,CE,27650.0,5.6,2600.0,25585.5
19-Jan-2026,03-Feb-2026,CE,27700.0,4.15,29900.0,25585.5
19-Jan-2026,03-Feb-2026,CE,27750.0,4.35,3510.0,25585.5
19-Jan-2026,03-Feb-2026,CE,27800.0,3.55,55250.0,25585.5
19-Jan-2026,03-Feb-2026,CE,27850.0,4.05,2860.0,25585.5
19-Jan-2026,03-Feb-2026,CE,27900.0,3.4,17875.0,25585.5
19-Jan-2026,03-Feb-2026,CE,27950.0,2.85,31785.0,25585.5
19-Jan-2026,03-Feb-2026,CE,28000.0,3.0,114270.0,25585.5
19-Jan-2026,03-Feb-2026,CE,28050.0,3.05,31525.0,25585.5
19-Jan-2026,03-Feb-2026,CE,28100.0,2.9,56355.0,25585.5
19-Jan-2026,03-Feb-2026,PE,23900.0,8.2,19890.0,25585.5
19-Jan-2026,03-Feb-2026,PE,23950.0,9.5,15925.0,25585.5
19-Jan-2026,03-Feb-2026,PE,24000.0,10.05,173810.0,25585.5
19-Jan-2026,03-Feb-2026,PE,24050.0,11.4,7150.0,25585.5
19-Jan-2026,03-Feb-2026,PE,24100.0,12.0,19500.0,25585.5
19-Jan-2026,03-Feb-2026,PE,24150.0,12.2,13195.0,25585.5
19-Jan-2026,03-Feb-2026,PE,24200.0,12.15,24245.0,25585.5
19-Jan-2026,03-Feb-2026,PE,24250.0,15.25,11180.0,25585.5
19-Jan-2026,03-Feb-2026,PE,24300.0,16.0,21905.0,25585.5
19-Jan-2026,03-Feb-2026,PE,24350.0,16.8,8125.0,25585.5
19-Jan-2026,03-Feb-2026,PE,24400.0,19.3,57330.0,25585.5
19-Jan-2026,03-Feb-2026,PE,24450.0,21.2,7215.0,25585.5
19-Jan-2026,03-Feb-2026,PE,24500.0,23.3,177515.0,25585.5
19-Jan-2026,03-Feb-2026,PE,24550.0,24.85,22100.0,25585.5
19-Jan-2026,03-Feb-2026,PE,24600.0,28.75,60710.0,25585.5
19-Jan-2026,03-Feb-2026,PE,24650.0,31.9,16315.0,25585.5
19-Jan-2026,03-Feb-2026,PE,24700.0,35.05,67665.0,25585.5
19-Jan-2026,03-Feb-2026,PE,24750.0,39.2,17030.0,25585.5
19-Jan-2026,03-Feb-2026,PE,24800.0,46.2,157300.0,25585.5
19-Jan-2026,03-Feb-2026,PE,24850.0,49.1,21385.0,25585.5
19-Jan-2026,03-Feb-2026,PE,24900.0,55.5,64350.0,25585.5
19-Jan-2026,03-Feb-2026,PE,24950.0,61.45,20800.0,25585.5
19-Jan-2026,03-Feb-2026,PE,25000.0,69.1,303095.0,25585.5
19-Jan-2026,03-Feb-2026,PE,25050.0,77.75,22035.0,25585.5
19-Jan-2026,03-Feb-2026,PE,25100.0,87.1,70915.0,25585.5
19-Jan-2026,03-Feb-2026,PE,25150.0,98.15,19175.0,25585.5
19-Jan-2026,03-Feb-2026,PE,25200.0,110.35,165425.0,25585.5
19-Jan-2026,03-Feb-2026,PE,25250.0,122.85,22620.0,25585.5
19-Jan-2026,03-Feb-2026,PE,25300.0,137.95,157365.0,25585.5
19-Jan-2026,03-Feb-2026,PE,25350.0,150.8,31525.0,25585.5
19-Jan-2026,03-Feb-2026,PE,25400.0,168.95,145600.0,25585.5
19-Jan-2026,03-Feb-2026,PE,25450.0,190.05,21450.0,25585.5
19-Jan-2026,03-Feb-2026,PE,25500.0,207.5,490815.0,25585.5
19-Jan-2026,03-Feb-2026,PE,25550.0,225.55,30225.0,25585.5
19-Jan-2026,03-Feb-2026,PE,25600.0,250.1,210925.0,25585.5
19-Jan-2026,03-Feb-2026,PE,25650.0,277.15,27755.0,25585.5
19-Jan-2026,03-Feb-2026,PE,25700.0,301.9,177905.0,25585.5
19-Jan-2026,03-Feb-2026,PE,25750.0,331.4,38285.0,25585.5
19-Jan-2026,03-Feb-2026,PE,25800.0,358.45,385125.0,25585.5
19-Jan-2026,03-Feb-2026,PE,25850.0,390.75,26845.0,25585.5
19-Jan-2026,03-Feb-2026,PE,25900.0,420.2,124995.0,25585.5
19-Jan-2026,03-Feb-2026,PE,25950.0,485.75,22685.0,25585.5
19-Jan-2026,03-Feb-2026,PE,26000.0,498.25,336700.0,25585.5
19-Jan-2026,03-Feb-2026,PE,26050.0,515.0,11570.0,25585.5
19-Jan-2026,03-Feb-2026,PE,26100.0,566.6,175435.0,25585.5
19-Jan-2026,03-Feb-2026,PE,26150.0,608.4,14235.0,25585.5
19-Jan-2026,03-Feb-2026,PE,26200.0,643.0,36530.0,25585.5
19-Jan-2026,03-Feb-2026,PE,26250.0,663.0,3900.0,25585.5
19-Jan-2026,03-Feb-2026,PE,26300.0,730.0,29640.0,25585.5
19-Jan-2026,03-Feb-2026,PE,26350.0,768.2,2535.0,25585.5
19-Jan-2026,03-Feb-2026,PE,26400.0,809.0,7215.0,25585.5
19-Jan-2026,03-Feb-2026,PE,26450.0,786.2,650.0,25585.5
19-Jan-2026,03-Feb-2026,PE,26500.0,905.0,36985.0,25585.5
19-Jan-2026,03-Feb-2026,PE,26550.0,890.15,130.0,25585.5
19-Jan-2026,03-Feb-2026,PE,26600.0,926.8,5785.0,25585.5
19-Jan-2026,03-Feb-2026,PE,26650.0,982.45,130.0,25585.5
19-Jan-2026,03-Feb-2026,PE,26700.0,1021.6,1950.0,25585.5
19-Jan-2026,03-Feb-2026,PE,26750.0,1060.1,,25585.5
19-Jan-2026,03-Feb-2026,PE,26800.0,1131.05,650.0,25585.5
19-Jan-2026,03-Feb-2026,PE,26850.0,1153.7,65.0,25585.5
19-Jan-2026,03-Feb-2026,PE,26900.0,1207.0,,25585.5
19-Jan-2026,03-Feb-2026,PE,26950.0,1262.65,65.0,25585.5
19-Jan-2026,03-Feb-2026,PE,27000.0,1375.0,2600.0,25585.5
19-Jan-2026,03-Feb-2026,PE,27050.0,1363.15,325.0,25585.5
19-Jan-2026,03-Feb-2026,PE,27100.0,1410.6,65.0,25585.5
19-Jan-2026,03-Feb-2026,PE,27150.0,1481.35,780.0,25585.5
19-Jan-2026,03-Feb-2026,PE,27200.0,1552.95,130.0,25585.5
19-Jan-2026,03-Feb-2026,PE,27250.0,1586.7,65.0,25585.5
19-Jan-2026,03-Feb-2026,PE,27300.0,1638.0,130.0,25585.5
19-Jan-2026,03-Feb-2026,PE,27350.0,1711.3,130.0,25585.5
19-Jan-2026,03-Feb-2026,PE,27400.0,1760.7,130.0,25585.5
19-Jan-2026,03-Feb-2026,PE,27450.0,1809.9,130.0,25585.5
19-Jan-2026,03-Feb-2026,PE,27500.0,1820.2,195.0,25585.5
19-Jan-2026,03-Feb-2026,PE,27550.0,1911.7,130.0,25585.5
19-Jan-2026,03-Feb-2026,PE,27600.0,1975.1,130.0,25585.5
19-Jan-2026,03-Feb-2026,PE,27650.0,2008.1,130.0,25585.5
19-Jan-2026,03-Feb-2026,PE,27700.0,2057.65,130.0,25585.5
19-Jan-2026,03-Feb-2026,PE,27750.0,2107.25,130.0,25585.5
19-Jan-2026,03-Feb-2026,PE,27800.0,2156.95,130.0,25585.5
19-Jan-2026,03-Feb-2026,PE,27850.0,2206.5,130.0,25585.5
19-Jan-2026,03-Feb-2026,PE,27900.0,2256.15,130.0,25585.5
19-Jan-2026,03-Feb-2026,PE,27950.0,2306.0,130.0,25585.5
19-Jan-2026,03-Feb-2026,PE,28000.0,2355.25,130.0,25585.5
19-Jan-2026,03-Feb-2026,PE,28050.0,2405.25,130.0,25585.5
19-Jan-2026,03-Feb-2026,PE,28100.0,2454.85,130.0,25585.5
19-Jan-2026,17-Feb-2026,CE,23900.0,,,25585.5
19-Jan-2026,17-Feb-2026,CE,23950.0,,,25585.5
19-Jan-2026,17-Feb-2026,CE,24000.0,,,25585.5
19-Jan-2026,17-Feb-2026,CE,24050.0,,,25585.5
19-Jan-2026,17-Feb-2026,CE,24100.0,,,25585.5
19-Jan-2026,17-Feb-2026,CE,24150.0,,,25585.5
19-Jan-2026,17-Feb-2026,CE,24200.0,,,25585.5
19-Jan-2026,17-Feb-2026,CE,24250.0,,,25585.5
19-Jan-2026,17-Feb-2026,CE,24300.0,,,25585.5
19-Jan-2026,17-Feb-2026,CE,24350.0,,,25585.5
19-Jan-2026,17-Feb-2026,CE,24400.0,,,25585.5
19-Jan-2026,17-Feb-2026,CE,24450.0,,,25585.5
19-Jan-2026,17-Feb-2026,CE,24500.0,,,25585.5
19-Jan-2026,17-Feb-2026,CE,24550.0,,,25585.5
19-Jan-2026,17-Feb-2026,CE,24600.0,,,25585.5
19-Jan-2026,17-Feb-2026,CE,24650.0,,,25585.5
19-Jan-2026,17-Feb-2026,CE,24700.0,,,25585.5
19-Jan-2026,17-Feb-2026,CE,24750.0,,,25585.5
19-Jan-2026,17-Feb-2026,CE,24800.0,,,25585.5
19-Jan-2026,17-Feb-2026,CE,24850.0,,,25585.5
19-Jan-2026,17-Feb-2026,CE,24900.0,,,25585.5
19-Jan-2026,17-Feb-2026,CE,24950.0,,,25585.5
19-Jan-2026,17-Feb-2026,CE,25000.0,,,25585.5
19-Jan-2026,17-Feb-2026,CE,25050.0,,,25585.5
19-Jan-2026,17-Feb-2026,CE,25100.0,,,25585.5
19-Jan-2026,17-Feb-2026,CE,25150.0,,,25585.5
19-Jan-2026,17-Feb-2026,CE,25200.0,,,25585.5
19-Jan-2026,17-Feb-2026,CE,25250.0,,,25585.5
19-Jan-2026,17-Feb-2026,CE,25300.0,,,25585.5
19-Jan-2026,17-Feb-2026,CE,25350.0,,,25585.5
19-Jan-2026,17-Feb-2026,CE,25400.0,503.15,130.0,25585.5
19-Jan-2026,17-Feb-2026,CE,25450.0,,,25585.5
19-Jan-2026,17-Feb-2026,CE,25500.0,440.6,2795.0,25585.5
19-Jan-2026,17-Feb-2026,CE,25550.0,439.6,130.0,25585.5
19-Jan-2026,17-Feb-2026,CE,25600.0,395.4,1430.0,25585.5
19-Jan-2026,17-Feb-2026,CE,25650.0,361.8,195.0,25585.5
19-Jan-2026,17-Feb-2026,CE,25700.0,337.3,2470.0,25585.5
19-Jan-2026,17-Feb-2026,CE,25750.0,,,25585.5
19-Jan-2026,17-Feb-2026,CE,25800.0,286.0,4615.0,25585.5
19-Jan-2026,17-Feb-2026,CE,25850.0,,,25585.5
19-Jan-2026,17-Feb-2026,CE,25900.0,239.45,1560.0,25585.5
19-Jan-2026,17-Feb-2026,CE,25950.0,,,25585.5
19-Jan-2026,17-Feb-2026,CE,26000.0,201.05,4680.0,25585.5
19-Jan-2026,17-Feb-2026,CE,26050.0,209.95,455.0,25585.5
19-Jan-2026,17-Feb-2026,CE,26100.0,169.0,1885.0,25585.5
19-Jan-2026,17-Feb-2026,CE,26150.0,,,25585.5
19-Jan-2026,17-Feb-2026,CE,26200.0,168.35,195.0,25585.5
19-Jan-2026,17-Feb-2026,CE,26250.0,,,25585.5
19-Jan-2026,17-Feb-2026,CE,26300.0,117.65,7540.0,25585.5
19-Jan-2026,17-Feb-2026,CE,26350.0,156.65,65.0,25585.5
19-Jan-2026,17-Feb-2026,CE,26400.0,92.7,650.0,25585.5
19-Jan-2026,17-Feb-2026,CE,26450.0,88.15,325.0,25585.5
19-Jan-2026,17-Feb-2026,CE,26500.0,74.35,975.0,25585.5
19-Jan-2026,17-Feb-2026,CE,26550.0,81.2,585.0,25585.5
19-Jan-2026,17-Feb-2026,CE,26600.0,64.0,24505.0,25585.5
19-Jan-2026,17-Feb-2026,CE,26650.0,66.0,585.0,25585.5
19-Jan-2026,17-Feb-2026,CE,26700.0,,,25585.5
19-Jan-2026,17-Feb-2026,CE,26750.0,,,25585.5
19-Jan-2026,17-Feb-2026,CE,26800.0,,,25585.5
19-Jan-2026,17-Feb-2026,CE,26850.0,,,25585.5
19-Jan-2026,17-Feb-2026,CE,26900.0,36.0,910.0,25585.5
19-Jan-2026,17-Feb-2026,CE,26950.0,,,25585.5
19-Jan-2026,17-Feb-2026,CE,27000.0,27.3,1625.0,25585.5
19-Jan-2026,17-Feb-2026,CE,27050.0,,,25585.5
19-Jan-2026,17-Feb-2026,CE,27100.0,23.95,455.0,25585.5
19-Jan-2026,17-Feb-2026,CE,27150.0,,,25585.5
19-Jan-2026,17-Feb-2026,CE,27200.0,21.45,65.0,25585.5
19-Jan-2026,17-Feb-2026,CE,27250.0,,,25585.5
19-Jan-2026,17-Feb-2026,CE,27300.0,20.1,390.0,25585.5
19-Jan-2026,17-Feb-2026,CE,27350.0,,,25585.5
19-Jan-2026,17-Feb-2026,CE,27400.0,13.1,4030.0,25585.5
19-Jan-2026,17-Feb-2026,CE,27450.0,,,25585.5
19-Jan-2026,17-Feb-2026,CE,27500.0,,,25585.5
19-Jan-2026,17-Feb-2026,PE,23900.0,,,25585.5
19-Jan-2026,17-Feb-2026,PE,23950.0,,,25585.5
19-Jan-2026,17-Feb-2026,PE,24000.0,23.4,3120.0,25585.5
19-Jan-2026,17-Feb-2026,PE,24050.0,,,25585.5
19-Jan-2026,17-Feb-2026,PE,24100.0,22.7,1950.0,25585.5
19-Jan-2026,17-Feb-2026,PE,24150.0,22.4,455.0,25585.5
19-Jan-2026,17-Feb-2026,PE,24200.0,,,25585.5
19-Jan-2026,17-Feb-2026,PE,24250.0,,,25585.5
19-Jan-2026,17-Feb-2026,PE,24300.0,,,25585.5
19-Jan-2026,17-Feb-2026,PE,24350.0,,,25585.5
19-Jan-2026,17-Feb-2026,PE,24400.0,,,25585.5
19-Jan-2026,17-Feb-2026,PE,24450.0,,,25585.5
19-Jan-2026,17-Feb-2026,PE,24500.0,,,25585.5
19-Jan-2026,17-Feb-2026,PE,24550.0,,,25585.5
19-Jan-2026,17-Feb-2026,PE,24600.0,52.6,2600.0,25585.5
19-Jan-2026,17-Feb-2026,PE,24650.0,,,25585.5
19-Jan-2026,17-Feb-2026,PE,24700.0,,,25585.5
19-Jan-2026,17-Feb-2026,PE,24750.0,,,25585.5
19-Jan-2026,17-Feb-2026,PE,24800.0,,,25585.5
19-Jan-2026,17-Feb-2026,PE,24850.0,,,25585.5
19-Jan-2026,17-Feb-2026,PE,24900.0,92.8,130.0,25585.5
19-Jan-2026,17-Feb-2026,PE,24950.0,103.0,65.0,25585.5
19-Jan-2026,17-Feb-2026,PE,25000.0,109.95,3380.0,25585.5
19-Jan-2026,17-Feb-2026,PE,25050.0,,,25585.5
19-Jan-2026,17-Feb-2026,PE,25100.0,131.05,975.0,25585.5
19-Jan-2026,17-Feb-2026,PE,25150.0,,,25585.5
19-Jan-2026,17-Feb-2026,PE,25200.0,158.0,975.0,25585.5
19-Jan-2026,17-Feb-2026,PE,25250.0,,,25585.5
19-Jan-2026,17-Feb-2026,PE,25300.0,180.05,1755.0,25585.5
19-Jan-2026,17-Feb-2026,PE,25350.0,,,25585.5
19-Jan-2026,17-Feb-2026,PE,25400.0,,,25585.5
19-Jan-2026,17-Feb-2026,PE,25450.0,,,25585.5
19-Jan-2026,17-Feb-2026,PE,25500.0,255.05,4875.0,25585.5
19-Jan-2026,17-Feb-2026,PE,25550.0,230.75,1495.0,25585.5
19-Jan-2026,17-Feb-2026,PE,25600.0,290.0,455.0,25585.5
19-Jan-2026,17-Feb-2026,PE,25650.0,,,25585.5
19-Jan-2026,17-Feb-2026,PE,25700.0,345.05,2405.0,25585.5
19-Jan-2026,17-Feb-2026,PE,25750.0,334.25,390.0,25585.5
19-Jan-2026,17-Feb-2026,PE,25800.0,395.0,455.0,25585.5
19-Jan-2026,17-Feb-2026,PE,25850.0,,,25585.5
19-Jan-2026,17-Feb-2026,PE,25900.0,448.4,260.0,25585.5
19-Jan-2026,17-Feb-2026,PE,25950.0,,,25585.5
19-Jan-2026,17-Feb-2026,PE,26000.0,394.0,65.0,25585.5
19-Jan-2026,17-Feb-2026,PE,26050.0,,,25585.5
19-Jan-2026,17-Feb-2026,PE,26100.0,,,25585.5
19-Jan-2026,17-Feb-2026,PE,26150.0,,,25585.5
19-Jan-2026,17-Feb-2026,PE,26200.0,,,25585.5
19-Jan-2026,17-Feb-2026,PE,26250.0,,,25585.5
19-Jan-2026,17-Feb-2026,PE,26300.0,,,25585.5
19-Jan-2026,17-Feb-2026,PE,26350.0,,,25585.5
19-Jan-2026,17-Feb-2026,PE,26400.0,,,25585.5
19-Jan-2026,17-Feb-2026,PE,26450.0,,,25585.5
19-Jan-2026,17-Feb-2026,PE,26500.0,,,25585.5
19-Jan-2026,17-Feb-2026,PE,26550.0,,,25585.5
19-Jan-2026,17-Feb-2026,PE,26600.0,,,25585.5
19-Jan-2026,17-Feb-2026,PE,26650.0,,,25585.5
19-Jan-2026,17-Feb-2026,PE,26700.0,,,25585.5
19-Jan-2026,17-Feb-2026,PE,26750.0,,,25585.5
19-Jan-2026,17-Feb-2026,PE,26800.0,,,25585.5
19-Jan-2026,17-Feb-2026,PE,26850.0,,,25585.5
19-Jan-2026,17-Feb-2026,PE,26900.0,,,25585.5
19-Jan-2026,17-Feb-2026,PE,26950.0,,,25585.5
19-Jan-2026,17-Feb-2026,PE,27000.0,,,25585.5
19-Jan-2026,17-Feb-2026,PE,27050.0,,,25585.5
19-Jan-2026,17-Feb-2026,PE,27100.0,,,25585.5
19-Jan-2026,17-Feb-2026,PE,27150.0,1190.0,195.0,25585.5
19-Jan-2026,17-Feb-2026,PE,27200.0,,,25585.5
19-Jan-2026,17-Feb-2026,PE,27250.0,,,25585.5
19-Jan-2026,17-Feb-2026,PE,27300.0,,,25585.5
19-Jan-2026,17-Feb-2026,PE,27350.0,,,25585.5
19-Jan-2026,17-Feb-2026,PE,27400.0,,,25585.5
19-Jan-2026,17-Feb-2026,PE,27450.0,,,25585.5
19-Jan-2026,17-Feb-2026,PE,27500.0,,,25585.5
20-Jan-2026,03-Feb-2026,CE,23850.0,1568.25,65.0,25232.5
20-Jan-2026,03-Feb-2026,CE,23900.0,1749.25,65.0,25232.5
20-Jan-2026,03-Feb-2026,CE,23950.0,1435.45,130.0,25232.5
20-Jan-2026,03-Feb-2026,CE,24000.0,1310.0,1495.0,25232.5
20-Jan-2026,03-Feb-2026,CE,24050.0,1336.5,195.0,25232.5
20-Jan-2026,03-Feb-2026,CE,24100.0,1287.75,130.0,25232.5
20-Jan-2026,03-Feb-2026,CE,24150.0,1230.9,195.0,25232.5
20-Jan-2026,03-Feb-2026,CE,24200.0,1194.1,130.0,25232.5
20-Jan-2026,03-Feb-2026,CE,24250.0,1136.25,195.0,25232.5
20-Jan-2026,03-Feb-2026,CE,24300.0,1125.0,260.0,25232.5
20-Jan-2026,03-Feb-2026,CE,24350.0,1089.05,195.0,25232.5
20-Jan-2026,03-Feb-2026,CE,24400.0,1172.45,455.0,25232.5
20-Jan-2026,03-Feb-2026,CE,24450.0,937.0,130.0,25232.5
20-Jan-2026,03-Feb-2026,CE,24500.0,873.25,19825.0,25232.5
20-Jan-2026,03-Feb-2026,CE,24550.0,915.3,130.0,25232.5
20-Jan-2026,03-Feb-2026,CE,24600.0,751.3,585.0,25232.5
20-Jan-2026,03-Feb-2026,CE,24650.0,885.0,260.0,25232.5
20-Jan-2026,03-Feb-2026,CE,24700.0,688.2,1170.0,25232.5
20-Jan-2026,03-Feb-2026,CE,24750.0,621.4,260.0,25232.5
20-Jan-2026,03-Feb-2026,CE,24800.0,602.95,11765.0,25232.5
20-Jan-2026,03-Feb-2026,CE,24850.0,574.0,2600.0,25232.5
20-Jan-2026,03-Feb-2026,CE,24900.0,532.85,26325.0,25232.5
20-Jan-2026,03-Feb-2026,CE,24950.0,497.75,3965.0,25232.5
20-Jan-2026,03-Feb-2026,CE,25000.0,469.45,110240.0,25232.5
20-Jan-2026,03-Feb-2026,CE,25050.0,441.45,7540.0,25232.5
20-Jan-2026,03-Feb-2026,CE,25100.0,400.0,59215.0,25232.5
20-Jan-2026,03-Feb-2026,CE,25150.0,367.5,11310.0,25232.5
20-Jan-2026,03-Feb-2026,CE,25200.0,348.5,111280.0,25232.5
20-Jan-2026,03-Feb-2026,CE,25250.0,306.05,90870.0,25232.5
20-Jan-2026,03-Feb-2026,CE,25300.0,284.0,296660.0,25232.5
20-Jan-2026,03-Feb-2026,CE,25350.0,262.0,46670.0,25232.5
20-Jan-2026,03-Feb-2026,CE,25400.0,239.0,273585.0,25232.5
20-Jan-2026,03-Feb-2026,CE,25450.0,217.0,87100.0,25232.5
20-Jan-2026,03-Feb-2026,CE,25500.0,193.55,679575.0,25232.5
20-Jan-2026,03-Feb-2026,CE,25550.0,176.35,96590.0,25232.5
20-Jan-2026,03-Feb-2026,CE,25600.0,158.0,427115.0,25232.5
20-Jan-2026,03-Feb-2026,CE,25650.0,144.15,81965.0,25232.5
20-Jan-2026,03-Feb-2026,CE,25700.0,126.25,417105.0,25232.5
20-Jan-2026,03-Feb-2026,CE,25750.0,112.85,95420.0,25232.5
20-Jan-2026,03-Feb-2026,CE,25800.0,100.0,548665.0,25232.5
20-Jan-2026,03-Feb-2026,CE,25850.0,92.8,75920.0,25232.5
20-Jan-2026,03-Feb-2026,CE,25900.0,79.35,303875.0,25232.5
20-Jan-2026,03-Feb-2026,CE,25950.0,70.35,75790.0,25232.5
20-Jan-2026,03-Feb-2026,CE,26000.0,63.1,1691430.0,25232.5
20-Jan-2026,03-Feb-2026,CE,26050.0,54.85,111800.0,25232.5
20-Jan-2026,03-Feb-2026,CE,26100.0,46.0,484055.0,25232.5
20-Jan-2026,03-Feb-2026,CE,26150.0,41.35,78975.0,25232.5
20-Jan-2026,03-Feb-2026,CE,26200.0,36.0,430885.0,25232.5
20-Jan-2026,03-Feb-2026,CE,26250.0,33.85,73385.0,25232.5
20-Jan-2026,03-Feb-2026,CE,26300.0,29.3,524290.0,25232.5
20-Jan-2026,03-Feb-2026,CE,26350.0,26.85,48685.0,25232.5
20-Jan-2026,03-Feb-2026,CE,26400.0,24.65,336635.0,25232.5
20-Jan-2026,03-Feb-2026,CE,26450.0,25.55,48230.0,25232.5
20-Jan-2026,03-Feb-2026,CE,26500.0,20.0,677365.0,25232.5
20-Jan-2026,03-Feb-2026,CE,26550.0,17.0,50115.0,25232.5
20-Jan-2026,03-Feb-2026,CE,26600.0,15.25,134420.0,25232.5
20-Jan-2026,03-Feb-2026,CE,26650.0,18.4,22490.0,25232.5
20-Jan-2026,03-Feb-2026,CE,26700.0,14.4,121745.0,25232.5
20-Jan-2026,03-Feb-2026,CE,26750.0,15.8,18395.0,25232.5
20-Jan-2026,03-Feb-2026,CE,26800.0,9.65,76505.0,25232.5
20-Jan-2026,03-Feb-2026,CE,26850.0,12.45,7670.0,25232.5
20-Jan-2026,03-Feb-2026,CE,26900.0,9.85,66300.0,25232.5
20-Jan-2026,03-Feb-2026,CE,26950.0,8.2,21385.0,25232.5
20-Jan-2026,03-Feb-2026,CE,27000.0,8.3,379145.0,25232.5
20-Jan-2026,03-Feb-2026,CE,27050.0,9.25,11245.0,25232.5
20-Jan-2026,03-Feb-2026,CE,27100.0,7.55,50310.0,25232.5
20-Jan-2026,03-Feb-2026,CE,27150.0,7.5,2925.0,25232.5
20-Jan-2026,03-Feb-2026,CE,27200.0,6.5,59865.0,25232.5
20-Jan-2026,03-Feb-2026,CE,27250.0,7.65,10855.0,25232.5
20-Jan-2026,03-Feb-2026,CE,27300.0,6.5,25480.0,25232.5
20-Jan-2026,03-Feb-2026,CE,27350.0,7.5,2340.0,25232.5
20-Jan-2026,03-Feb-2026,CE,27400.0,5.9,10010.0,25232.5
20-Jan-2026,03-Feb-2026,CE,27450.0,5.7,4355.0,25232.5
20-Jan-2026,03-Feb-2026,CE,27500.0,5.15,243295.0,25232.5
20-Jan-2026,03-Feb-2026,CE,27550.0,5.4,4095.0,25232.5
20-Jan-2026,03-Feb-2026,CE,27600.0,4.75,13975.0,25232.5
20-Jan-2026,03-Feb-2026,CE,27650.0,5.0,2730.0,25232.5
20-Jan-2026,03-Feb-2026,CE,27700.0,4.0,29900.0,25232.5
20-Jan-2026,03-Feb-2026,CE,27750.0,4.25,3185.0,25232.5
20-Jan-2026,03-Feb-2026,CE,27800.0,4.5,72930.0,25232.5
20-Jan-2026,03-Feb-2026,CE,27850.0,4.0,7020.0,25232.5
20-Jan-2026,03-Feb-2026,CE,27900.0,4.9,27820.0,25232.5
20-Jan-2026,03-Feb-2026,CE,27950.0,4.6,32370.0,25232.5
20-Jan-2026,03-Feb-2026,CE,28000.0,3.2,164450.0,25232.5
20-Jan-2026,03-Feb-2026,CE,28050.0,2.55,39845.0,25232.5
20-Jan-2026,03-Feb-2026,CE,28100.0,4.0,77415.0,25232.5
20-Jan-2026,03-Feb-2026,PE,23850.0,17.35,16835.0,25232.5
20-Jan-2026,03-Feb-2026,PE,23900.0,18.85,38350.0,25232.5
20-Jan-2026,03-Feb-2026,PE,23950.0,19.7,19435.0,25232.5
20-Jan-2026,03-Feb-2026,PE,24000.0,21.9,247715.0,25232.5
20-Jan-2026,03-Feb-2026,PE,24050.0,24.15,9880.0,25232.5
20-Jan-2026,03-Feb-2026,PE,24100.0,25.95,41925.0,25232.5
20-Jan-2026,03-Feb-2026,PE,24150.0,27.95,13390.0,25232.5
20-Jan-2026,03-Feb-2026,PE,24200.0,30.7,56095.0,25232.5
20-Jan-2026,03-Feb-2026,PE,24250.0,33.0,20215.0,25232.5
20-Jan-2026,03-Feb-2026,PE,24300.0,39.65,62660.0,25232.5
20-Jan-2026,03-Feb-2026,PE,24350.0,40.75,16835.0,25232.5
20-Jan-2026,03-Feb-2026,PE,24400.0,44.8,106340.0,25232.5
20-Jan-2026,03-Feb-2026,PE,24450.0,50.0,17095.0,25232.5
20-Jan-2026,03-Feb-2026,PE,24500.0,55.65,308815.0,25232.5
20-Jan-2026,03-Feb-2026,PE,24550.0,62.15,30940.0,25232.5
20-Jan-2026,03-Feb-2026,PE,24600.0,68.1,127530.0,25232.5
20-Jan-2026,03-Feb-2026,PE,24650.0,76.65,138905.0,25232.5
20-Jan-2026,03-Feb-2026,PE,24700.0,83.0,154310.0,25232.5
20-Jan-2026,03-Feb-2026,PE,24750.0,93.75,37960.0,25232.5
20-Jan-2026,03-Feb-2026,PE,24800.0,101.3,198510.0,25232.5
20-Jan-2026,03-Feb-2026,PE,24850.0,106.95,38155.0,25232.5
20-Jan-2026,03-Feb-2026,PE,24900.0,127.05,100425.0,25232.5
20-Jan-2026,03-Feb-2026,PE,24950.0,144.9,38805.0,25232.5
20-Jan-2026,03-Feb-2026,PE,25000.0,156.0,449540.0,25232.5
20-Jan-2026,03-Feb-2026,PE,25050.0,175.25,39585.0,25232.5
20-Jan-2026,03-Feb-2026,PE,25100.0,196.05,110760.0,25232.5
20-Jan-2026,03-Feb-2026,PE,25150.0,210.1,50180.0,25232.5
20-Jan-2026,03-Feb-2026,PE,25200.0,229.0,204035.0,25232.5
20-Jan-2026,03-Feb-2026,PE,25250.0,247.5,126165.0,25232.5
20-Jan-2026,03-Feb-2026,PE,25300.0,268.6,316355.0,25232.5
20-Jan-2026,03-Feb-2026,PE,25350.0,298.2,47060.0,25232.5
20-Jan-2026,03-Feb-2026,PE,25400.0,315.05,235235.0,25232.5
20-Jan-2026,03-Feb-2026,PE,25450.0,348.35,42380.0,25232.5
20-Jan-2026,03-Feb-2026,PE,25500.0,390.0,691015.0,25232.5
20-Jan-2026,03-Feb-2026,PE,25550.0,408.75,54275.0,25232.5
20-Jan-2026,03-Feb-2026,PE,25600.0,432.1,265395.0,25232.5
20-Jan-2026,03-Feb-2026,PE,25650.0,481.35,33085.0,25232.5
20-Jan-2026,03-Feb-2026,PE,25700.0,514.0,192530.0,25232.5
20-Jan-2026,03-Feb-2026,PE,25750.0,537.65,42315.0,25232.5
20-Jan-2026,03-Feb-2026,PE,25800.0,580.85,408785.0,25232.5
20-Jan-2026,03-Feb-2026,PE,25850.0,620.0,33215.0,25232.5
20-Jan-2026,03-Feb-2026,PE,25900.0,670.7,119080.0,25232.5
20-Jan-2026,03-Feb-2026,PE,25950.0,718.65,22555.0,25232.5
20-Jan-2026,03-Feb-2026,PE,26000.0,746.75,336700.0,25232.5
20-Jan-2026,03-Feb-2026,PE,26050.0,822.7,11765.0,25232.5
20-Jan-2026,03-Feb-2026,PE,26100.0,832.15,174785.0,25232.5
20-Jan-2026,03-Feb-2026,PE,26150.0,905.0,13390.0,25232.5
20-Jan-2026,03-Feb-2026,PE,26200.0,931.65,45240.0,25232.5
20-Jan-2026,03-Feb-2026,PE,26250.0,957.65,4095.0,25232.5
20-Jan-2026,03-Feb-2026,PE,26300.0,1013.95,48945.0,25232.5
20-Jan-2026,03-Feb-2026,PE,26350.0,983.65,2405.0,25232.5
20-Jan-2026,03-Feb-2026,PE,26400.0,1128.0,7605.0,25232.5
20-Jan-2026,03-Feb-2026,PE,26450.0,894.0,650.0,25232.5
20-Jan-2026,03-Feb-2026,PE,26500.0,1221.55,51480.0,25232.5
20-Jan-2026,03-Feb-2026,PE,26550.0,1137.85,65.0,25232.5
20-Jan-2026,03-Feb-2026,PE,26600.0,1188.55,8060.0,25232.5
20-Jan-2026,03-Feb-2026,PE,26650.0,1233.9,65.0,25232.5
20-Jan-2026,03-Feb-2026,PE,26700.0,1301.9,1885.0,25232.5
20-Jan-2026,03-Feb-2026,PE,26750.0,1346.4,65.0,25232.5
20-Jan-2026,03-Feb-2026,PE,26800.0,1380.0,1300.0,25232.5
20-Jan-2026,03-Feb-2026,PE,26850.0,1443.4,65.0,25232.5
20-Jan-2026,03-Feb-2026,PE,26900.0,1601.7,65.0,25232.5
20-Jan-2026,03-Feb-2026,PE,26950.0,1546.8,65.0,25232.5
20-Jan-2026,03-Feb-2026,PE,27000.0,1589.65,3770.0,25232.5
20-Jan-2026,03-Feb-2026,PE,27050.0,1724.0,325.0,25232.5
20-Jan-2026,03-Feb-2026,PE,27100.0,1701.05,65.0,25232.5
20-Jan-2026,03-Feb-2026,PE,27150.0,1859.5,780.0,25232.5
20-Jan-2026,03-Feb-2026,PE,27200.0,1827.5,130.0,25232.5
20-Jan-2026,03-Feb-2026,PE,27250.0,1900.35,130.0,25232.5
20-Jan-2026,03-Feb-2026,PE,27300.0,1968.25,130.0,25232.5
20-Jan-2026,03-Feb-2026,PE,27350.0,2017.6,130.0,25232.5
20-Jan-2026,03-Feb-2026,PE,27400.0,2067.2,130.0,25232.5
20-Jan-2026,03-Feb-2026,PE,27450.0,2116.75,130.0,25232.5
20-Jan-2026,03-Feb-2026,PE,27500.0,2116.6,195.0,25232.5
20-Jan-2026,03-Feb-2026,PE,27550.0,2216.4,130.0,25232.5
20-Jan-2026,03-Feb-2026,PE,27600.0,2269.7,130.0,25232.5
20-Jan-2026,03-Feb-2026,PE,27650.0,2316.2,130.0,25232.5
20-Jan-2026,03-Feb-2026,PE,27700.0,2353.05,130.0,25232.5
20-Jan-2026,03-Feb-2026,PE,27750.0,2408.4,130.0,25232.5
20-Jan-2026,03-Feb-2026,PE,27800.0,2459.0,130.0,25232.5
20-Jan-2026,03-Feb-2026,PE,27850.0,2507.0,130.0,25232.5
20-Jan-2026,03-Feb-2026,PE,27900.0,2558.35,130.0,25232.5
20-Jan-2026,03-Feb-2026,PE,27950.0,2608.0,130.0,25232.5
20-Jan-2026,03-Feb-2026,PE,28000.0,2657.75,130.0,25232.5
20-Jan-2026,03-Feb-2026,PE,28050.0,2707.35,130.0,25232.5
20-Jan-2026,03-Feb-2026,PE,28100.0,2757.05,130.0,25232.5
20-Jan-2026,17-Feb-2026,CE,23850.0,,,25232.5
20-Jan-2026,17-Feb-2026,CE,23900.0,,,25232.5
20-Jan-2026,17-Feb-2026,CE,23950.0,,,25232.5
20-Jan-2026,17-Feb-2026,CE,24000.0,,,25232.5
20-Jan-2026,17-Feb-2026,CE,24050.0,,,25232.5
20-Jan-2026,17-Feb-2026,CE,24100.0,,,25232.5
20-Jan-2026,17-Feb-2026,CE,24150.0,,,25232.5
20-Jan-2026,17-Feb-2026,CE,24200.0,,,25232.5
20-Jan-2026,17-Feb-2026,CE,24250.0,,,25232.5
20-Jan-2026,17-Feb-2026,CE,24300.0,,,25232.5
20-Jan-2026,17-Feb-2026,CE,24350.0,,,25232.5
20-Jan-2026,17-Feb-2026,CE,24400.0,,,25232.5
20-Jan-2026,17-Feb-2026,CE,24450.0,,,25232.5
20-Jan-2026,17-Feb-2026,CE,24500.0,,,25232.5
20-Jan-2026,17-Feb-2026,CE,24550.0,,,25232.5
20-Jan-2026,17-Feb-2026,CE,24600.0,,,25232.5
20-Jan-2026,17-Feb-2026,CE,24650.0,,,25232.5
20-Jan-2026,17-Feb-2026,CE,24700.0,,,25232.5
20-Jan-2026,17-Feb-2026,CE,24750.0,,,25232.5
20-Jan-2026,17-Feb-2026,CE,24800.0,,,25232.5
20-Jan-2026,17-Feb-2026,CE,24850.0,,,25232.5
20-Jan-2026,17-Feb-2026,CE,24900.0,,,25232.5
20-Jan-2026,17-Feb-2026,CE,24950.0,,,25232.5
20-Jan-2026,17-Feb-2026,CE,25000.0,608.25,910.0,25232.5
20-Jan-2026,17-Feb-2026,CE,25050.0,,,25232.5
20-Jan-2026,17-Feb-2026,CE,25100.0,,,25232.5
20-Jan-2026,17-Feb-2026,CE,25150.0,,,25232.5
20-Jan-2026,17-Feb-2026,CE,25200.0,,,25232.5
20-Jan-2026,17-Feb-2026,CE,25250.0,,,25232.5
20-Jan-2026,17-Feb-2026,CE,25300.0,398.55,130.0,25232.5
20-Jan-2026,17-Feb-2026,CE,25350.0,,,25232.5
20-Jan-2026,17-Feb-2026,CE,25400.0,343.1,7475.0,25232.5
20-Jan-2026,17-Feb-2026,CE,25450.0,328.7,130.0,25232.5
20-Jan-2026,17-Feb-2026,CE,25500.0,302.45,9295.0,25232.5
20-Jan-2026,17-Feb-2026,CE,25550.0,283.7,1300.0,25232.5
20-Jan-2026,17-Feb-2026,CE,25600.0,249.6,3575.0,25232.5
20-Jan-2026,17-Feb-2026,CE,25650.0,317.05,390.0,25232.5
20-Jan-2026,17-Feb-2026,CE,25700.0,217.25,6110.0,25232.5
20-Jan-2026,17-Feb-2026,CE,25750.0,,,25232.5
20-Jan-2026,17-Feb-2026,CE,25800.0,185.45,7345.0,25232.5
20-Jan-2026,17-Feb-2026,CE,25850.0,,,25232.5
20-Jan-2026,17-Feb-2026,CE,25900.0,154.7,7930.0,25232.5
20-Jan-2026,17-Feb-2026,CE,25950.0,,,25232.5
20-Jan-2026,17-Feb-2026,CE,26000.0,128.0,24310.0,25232.5
20-Jan-2026,17-Feb-2026,CE,26050.0,115.95,520.0,25232.5
20-Jan-2026,17-Feb-2026,CE,26100.0,105.0,5590.0,25232.5
20-Jan-2026,17-Feb-2026,CE,26150.0,,,25232.5
20-Jan-2026,17-Feb-2026,CE,26200.0,87.15,2990.0,25232.5
20-Jan-2026,17-Feb-2026,CE,26250.0,117.2,65.0,25232.5
20-Jan-2026,17-Feb-2026,CE,26300.0,71.0,4225.0,25232.5
20-Jan-2026,17-Feb-2026,CE,26350.0,67.05,325.0,25232.5
20-Jan-2026,17-Feb-2026,CE,26400.0,60.0,845.0,25232.5
20-Jan-2026,17-Feb-2026,CE,26450.0,88.15,325.0,25232.5
20-Jan-2026,17-Feb-2026,CE,26500.0,49.9,5395.0,25232.5
20-Jan-2026,17-Feb-2026,CE,26550.0,47.0,1170.0,25232.5
20-Jan-2026,17-Feb-2026,CE,26600.0,43.05,10660.0,25232.5
20-Jan-2026,17-Feb-2026,CE,26650.0,66.0,585.0,25232.5
20-Jan-2026,17-Feb-2026,CE,26700.0,35.0,1170.0,25232.5
20-Jan-2026,17-Feb-2026,CE,26750.0,,,25232.5
20-Jan-2026,17-Feb-2026,CE,26800.0,28.0,,25232.5
20-Jan-2026,17-Feb-2026,CE,26850.0,28.55,65.0,25232.5
20-Jan-2026,17-Feb-2026,CE,26900.0,25.6,1040.0,25232.5
20-Jan-2026,17-Feb-2026,CE,26950.0,24.6,390.0,25232.5
20-Jan-2026,17-Feb-2026,CE,27000.0,23.0,5005.0,25232.5
20-Jan-2026,17-Feb-2026,CE,27050.0,,,25232.5
20-Jan-2026,17-Feb-2026,CE,27100.0,19.2,975.0,25232.5
20-Jan-2026,17-Feb-2026,CE,27150.0,,,25232.5
20-Jan-2026,17-Feb-2026,CE,27200.0,16.95,195.0,25232.5
20-Jan-2026,17-Feb-2026,CE,27250.0,,,25232.5
20-Jan-2026,17-Feb-2026,CE,27300.0,15.5,520.0,25232.5
20-Jan-2026,17-Feb-2026,CE,27350.0,,,25232.5
20-Jan-2026,17-Feb-2026,CE,27400.0,11.25,4745.0,25232.5
20-Jan-2026,17-Feb-2026,CE,27450.0,,,25232.5
20-Jan-2026,17-Feb-2026,CE,27500.0,,,25232.5
20-Jan-2026,17-Feb-2026,PE,23850.0,28.0,130.0,25232.5
20-Jan-2026,17-Feb-2026,PE,23900.0,38.05,,25232.5
20-Jan-2026,17-Feb-2026,PE,23950.0,,,25232.5
20-Jan-2026,17-Feb-2026,PE,24000.0,48.35,6045.0,25232.5
20-Jan-2026,17-Feb-2026,PE,24050.0,,,25232.5
20-Jan-2026,17-Feb-2026,PE,24100.0,52.75,1950.0,25232.5
20-Jan-2026,17-Feb-2026,PE,24150.0,22.4,455.0,25232.5
20-Jan-2026,17-Feb-2026,PE,24200.0,,,25232.5
20-Jan-2026,17-Feb-2026,PE,24250.0,62.65,130.0,25232.5
20-Jan-2026,17-Feb-2026,PE,24300.0,68.55,195.0,25232.5
20-Jan-2026,17-Feb-2026,PE,24350.0,72.65,130.0,25232.5
20-Jan-2026,17-Feb-2026,PE,24400.0,79.95,130.0,25232.5
20-Jan-2026,17-Feb-2026,PE,24450.0,,,25232.5
20-Jan-2026,17-Feb-2026,PE,24500.0,96.15,2730.0,25232.5
20-Jan-2026,17-Feb-2026,PE,24550.0,,,25232.5
20-Jan-2026,17-Feb-2026,PE,24600.0,88.4,3575.0,25232.5
20-Jan-2026,17-Feb-2026,PE,24650.0,,,25232.5
20-Jan-2026,17-Feb-2026,PE,24700.0,115.2,1300.0,25232.5
20-Jan-2026,17-Feb-2026,PE,24750.0,86.35,65.0,25232.5
20-Jan-2026,17-Feb-2026,PE,24800.0,136.65,2600.0,25232.5
20-Jan-2026,17-Feb-2026,PE,24850.0,,,25232.5
20-Jan-2026,17-Feb-2026,PE,24900.0,178.5,325.0,25232.5
20-Jan-2026,17-Feb-2026,PE,24950.0,103.0,65.0,25232.5
20-Jan-2026,17-Feb-2026,PE,25000.0,198.7,9035.0,25232.5
20-Jan-2026,17-Feb-2026,PE,25050.0,,,25232.5
20-Jan-2026,17-Feb-2026,PE,25100.0,252.85,325.0,25232.5
20-Jan-2026,17-Feb-2026,PE,25150.0,,,25232.5
20-Jan-2026,17-Feb-2026,PE,25200.0,266.9,2860.0,25232.5
20-Jan-2026,17-Feb-2026,PE,25250.0,,,25232.5
20-Jan-2026,17-Feb-2026,PE,25300.0,329.15,2340.0,25232.5
20-Jan-2026,17-Feb-2026,PE,25350.0,,,25232.5
20-Jan-2026,17-Feb-2026,PE,25400.0,369.8,1885.0,25232.5
20-Jan-2026,17-Feb-2026,PE,25450.0,,,25232.5
20-Jan-2026,17-Feb-2026,PE,25500.0,400.35,8450.0,25232.5
20-Jan-2026,17-Feb-2026,PE,25550.0,358.5,325.0,25232.5
20-Jan-2026,17-Feb-2026,PE,25600.0,497.1,1690.0,25232.5
20-Jan-2026,17-Feb-2026,PE,25650.0,,,25232.5
20-Jan-2026,17-Feb-2026,PE,25700.0,535.4,1040.0,25232.5
20-Jan-2026,17-Feb-2026,PE,25750.0,475.0,390.0,25232.5
20-Jan-2026,17-Feb-2026,PE,25800.0,579.0,520.0,25232.5
20-Jan-2026,17-Feb-2026,PE,25850.0,,,25232.5
20-Jan-2026,17-Feb-2026,PE,25900.0,635.4,2860.0,25232.5
20-Jan-2026,17-Feb-2026,PE,25950.0,,,25232.5
20-Jan-2026,17-Feb-2026,PE,26000.0,394.0,65.0,25232.5
20-Jan-2026,17-Feb-2026,PE,26050.0,,,25232.5
20-Jan-2026,17-Feb-2026,PE,26100.0,,,25232.5
20-Jan-2026,17-Feb-2026,PE,26150.0,,,25232.5
20-Jan-2026,17-Feb-2026,PE,26200.0,,,25232.5
20-Jan-2026,17-Feb-2026,PE,26250.0,,,25232.5
20-Jan-2026,17-Feb-2026,PE,26300.0,,,25232.5
20-Jan-2026,17-Feb-2026,PE,26350.0,,,25232.5
20-Jan-2026,17-Feb-2026,PE,26400.0,,,25232.5
20-Jan-2026,17-Feb-2026,PE,26450.0,,,25232.5
20-Jan-2026,17-Feb-2026,PE,26500.0,,,25232.5
20-Jan-2026,17-Feb-2026,PE,26550.0,,,25232.5
20-Jan-2026,17-Feb-2026,PE,26600.0,,,25232.5
20-Jan-2026,17-Feb-2026,PE,26650.0,,,25232.5
20-Jan-2026,17-Feb-2026,PE,26700.0,,,25232.5
20-Jan-2026,17-Feb-2026,PE,26750.0,,,25232.5
20-Jan-2026,17-Feb-2026,PE,26800.0,,,25232.5
20-Jan-2026,17-Feb-2026,PE,26850.0,,,25232.5
20-Jan-2026,17-Feb-2026,PE,26900.0,,,25232.5
20-Jan-2026,17-Feb-2026,PE,26950.0,,,25232.5
20-Jan-2026,17-Feb-2026,PE,27000.0,,,25232.5
20-Jan-2026,17-Feb-2026,PE,27050.0,,,25232.5
20-Jan-2026,17-Feb-2026,PE,27100.0,,,25232.5
20-Jan-2026,17-Feb-2026,PE,27150.0,1562.0,390.0,25232.5
20-Jan-2026,17-Feb-2026,PE,27200.0,,,25232.5
20-Jan-2026,17-Feb-2026,PE,27250.0,,,25232.5
20-Jan-2026,17-Feb-2026,PE,27300.0,,,25232.5
20-Jan-2026,17-Feb-2026,PE,27350.0,,,25232.5
20-Jan-2026,17-Feb-2026,PE,27400.0,,,25232.5
20-Jan-2026,17-Feb-2026,PE,27450.0,,,25232.5
20-Jan-2026,17-Feb-2026,PE,27500.0,,,25232.5
21-Jan-2026,03-Feb-2026,CE,23500.0,1740.95,65.0,25157.5
21-Jan-2026,03-Feb-2026,CE,23550.0,1707.05,65.0,25157.5
21-Jan-2026,03-Feb-2026,CE,23600.0,1656.5,65.0,25157.5
21-Jan-2026,03-Feb-2026,CE,23650.0,1580.65,65.0,25157.5
21-Jan-2026,03-Feb-2026,CE,23700.0,1527.9,650.0,25157.5
21-Jan-2026,03-Feb-2026,CE,23750.0,1494.05,65.0,25157.5
21-Jan-2026,03-Feb-2026,CE,23800.0,1431.85,650.0,25157.5
21-Jan-2026,03-Feb-2026,CE,23850.0,1383.95,585.0,25157.5
21-Jan-2026,03-Feb-2026,CE,23900.0,1337.8,650.0,25157.5
21-Jan-2026,03-Feb-2026,CE,23950.0,1290.25,715.0,25157.5
21-Jan-2026,03-Feb-2026,CE,24000.0,1260.7,14365.0,25157.5
21-Jan-2026,03-Feb-2026,CE,24050.0,1197.8,780.0,25157.5
21-Jan-2026,03-Feb-2026,CE,24100.0,1150.7,715.0,25157.5
21-Jan-2026,03-Feb-2026,CE,24150.0,1117.45,260.0,25157.5
21-Jan-2026,03-Feb-2026,CE,24200.0,1071.55,390.0,25157.5
21-Jan-2026,03-Feb-2026,CE,24250.0,1029.6,715.0,25157.5
21-Jan-2026,03-Feb-2026,CE,24300.0,977.45,325.0,25157.5
21-Jan-2026,03-Feb-2026,CE,24350.0,925.6,780.0,25157.5
21-Jan-2026,03-Feb-2026,CE,24400.0,869.75,975.0,25157.5
21-Jan-2026,03-Feb-2026,CE,24450.0,835.65,1560.0,25157.5
21-Jan-2026,03-Feb-2026,CE,24500.0,805.7,30030.0,25157.5
21-Jan-2026,03-Feb-2026,CE,24550.0,766.5,11440.0,25157.5
21-Jan-2026,03-Feb-2026,CE,24600.0,719.9,39455.0,25157.5
21-Jan-2026,03-Feb-2026,CE,24650.0,662.6,17160.0,25157.5
21-Jan-2026,03-Feb-2026,CE,24700.0,642.7,40690.0,25157.5
21-Jan-2026,03-Feb-2026,CE,24750.0,601.05,18395.0,25157.5
21-Jan-2026,03-Feb-2026,CE,24800.0,556.85,45630.0,25157.5
21-Jan-2026,03-Feb-2026,CE,24850.0,525.45,24635.0,25157.5
21-Jan-2026,03-Feb-2026,CE,24900.0,491.0,44395.0,25157.5
21-Jan-2026,03-Feb-2026,CE,24950.0,452.8,32955.0,25157.5
21-Jan-2026,03-Feb-2026,CE,25000.0,424.0,238810.0,25157.5
21-Jan-2026,03-Feb-2026,CE,25050.0,385.8,61945.0,25157.5
21-Jan-2026,03-Feb-2026,CE,25100.0,356.75,202020.0,25157.5
21-Jan-2026,03-Feb-2026,CE,25150.0,329.75,64220.0,25157.5
21-Jan-2026,03-Feb-2026,CE,25200.0,299.0,481910.0,25157.5
21-Jan-2026,03-Feb-2026,CE,25250.0,270.7,101920.0,25157.5
21-Jan-2026,03-Feb-2026,CE,25300.0,245.6,538525.0,25157.5
21-Jan-2026,03-Feb-2026,CE,25350.0,223.5,97695.0,25157.5
21-Jan-2026,03-Feb-2026,CE,25400.0,203.75,434005.0,25157.5
21-Jan-2026,03-Feb-2026,CE,25450.0,181.0,122785.0,25157.5
21-Jan-2026,03-Feb-2026,CE,25500.0,162.0,1088230.0,25157.5
21-Jan-2026,03-Feb-2026,CE,25550.0,142.35,125060.0,25157.5
21-Jan-2026,03-Feb-2026,CE,25600.0,127.9,479635.0,25157.5
21-Jan-2026,03-Feb-2026,CE,25650.0,114.1,122070.0,25157.5
21-Jan-2026,03-Feb-2026,CE,25700.0,101.85,521950.0,25157.5
21-Jan-2026,03-Feb-2026,CE,25750.0,89.8,127855.0,25157.5
21-Jan-2026,03-Feb-2026,CE,25800.0,79.2,747760.0,25157.5
21-Jan-2026,03-Feb-2026,CE,25850.0,69.7,98540.0,25157.5
21-Jan-2026,03-Feb-2026,CE,25900.0,62.2,380835.0,25157.5
21-Jan-2026,03-Feb-2026,CE,25950.0,54.65,100620.0,25157.5
21-Jan-2026,03-Feb-2026,CE,26000.0,49.55,1922700.0,25157.5
21-Jan-2026,03-Feb-2026,CE,26050.0,42.45,146770.0,25157.5
21-Jan-2026,03-Feb-2026,CE,26100.0,37.65,559585.0,25157.5
21-Jan-2026,03-Feb-2026,CE,26150.0,33.2,103480.0,25157.5
21-Jan-2026,03-Feb-2026,CE,26200.0,29.75,546065.0,25157.5
21-Jan-2026,03-Feb-2026,CE,26250.0,26.85,134615.0,25157.5
21-Jan-2026,03-Feb-2026,CE,26300.0,24.25,538590.0,25157.5
21-Jan-2026,03-Feb-2026,CE,26350.0,21.15,63375.0,25157.5
21-Jan-2026,03-Feb-2026,CE,26400.0,19.65,242710.0,25157.5
21-Jan-2026,03-Feb-2026,CE,26450.0,17.65,45175.0,25157.5
21-Jan-2026,03-Feb-2026,CE,26500.0,15.9,801905.0,25157.5
21-Jan-2026,03-Feb-2026,CE,26550.0,14.85,48035.0,25157.5
21-Jan-2026,03-Feb-2026,CE,26600.0,13.35,177515.0,25157.5
21-Jan-2026,03-Feb-2026,CE,26650.0,12.2,24570.0,25157.5
21-Jan-2026,03-Feb-2026,CE,26700.0,10.55,133380.0,25157.5
21-Jan-2026,03-Feb-2026,CE,26750.0,9.9,22360.0,25157.5
21-Jan-2026,03-Feb-2026,CE,26800.0,9.65,109915.0,25157.5
21-Jan-2026,03-Feb-2026,CE,26850.0,9.2,16900.0,25157.5
21-Jan-2026,03-Feb-2026,CE,26900.0,8.65,67210.0,25157.5
21-Jan-2026,03-Feb-2026,CE,26950.0,7.9,18915.0,25157.5
21-Jan-2026,03-Feb-2026,CE,27000.0,7.4,541710.0,25157.5
21-Jan-2026,03-Feb-2026,CE,27050.0,7.6,10465.0,25157.5
21-Jan-2026,03-Feb-2026,CE,27100.0,6.25,64285.0,25157.5
21-Jan-2026,03-Feb-2026,CE,27150.0,6.5,7215.0,25157.5
21-Jan-2026,03-Feb-2026,CE,27200.0,5.8,134875.0,25157.5
21-Jan-2026,03-Feb-2026,CE,27250.0,6.5,8775.0,25157.5
21-Jan-2026,03-Feb-2026,CE,27300.0,5.45,69680.0,25157.5
21-Jan-2026,03-Feb-2026,CE,27350.0,4.9,3185.0,25157.5
21-Jan-2026,03-Feb-2026,CE,27400.0,4.75,17810.0,25157.5
21-Jan-2026,03-Feb-2026,CE,27450.0,4.6,4550.0,25157.5
21-Jan-2026,03-Feb-2026,CE,27500.0,4.55,277875.0,25157.5
21-Jan-2026,03-Feb-2026,CE,27550.0,4.05,15600.0,25157.5
21-Jan-2026,03-Feb-2026,CE,27600.0,4.6,27950.0,25157.5
21-Jan-2026,03-Feb-2026,CE,27650.0,3.15,14430.0,25157.5
21-Jan-2026,03-Feb-2026,CE,27700.0,3.8,59345.0,25157.5
21-Jan-2026,03-Feb-2026,CE,27750.0,2.9,5590.0,25157.5
21-Jan-2026,03-Feb-2026,CE,27800.0,3.05,69160.0,25157.5
21-Jan-2026,03-Feb-2026,CE,27850.0,4.0,6500.0,25157.5
21-Jan-2026,03-Feb-2026,CE,27900.0,3.1,36855.0,25157.5
21-Jan-2026,03-Feb-2026,CE,27950.0,2.8,28990.0,25157.5
21-Jan-2026,03-Feb-2026,CE,28000.0,3.05,232375.0,25157.5
21-Jan-2026,03-Feb-2026,CE,28050.0,2.5,48100.0,25157.5
21-Jan-2026,03-Feb-2026,CE,28100.0,2.65,90155.0,25157.5
21-Jan-2026,03-Feb-2026,PE,23500.0,14.5,542100.0,25157.5
21-Jan-2026,03-Feb-2026,PE,23550.0,16.65,15080.0,25157.5
21-Jan-2026,03-Feb-2026,PE,23600.0,17.65,34710.0,25157.5
21-Jan-2026,03-Feb-2026,PE,23650.0,19.2,14235.0,25157.5
21-Jan-2026,03-Feb-2026,PE,23700.0,19.7,109980.0,25157.5
21-Jan-2026,03-Feb-2026,PE,23750.0,21.7,49790.0,25157.5
21-Jan-2026,03-Feb-2026,PE,23800.0,23.85,91260.0,25157.5
21-Jan-2026,03-Feb-2026,PE,23850.0,25.15,40885.0,25157.5
21-Jan-2026,03-Feb-2026,PE,23900.0,28.05,184340.0,25157.5
21-Jan-2026,03-Feb-2026,PE,23950.0,29.75,30615.0,25157.5
21-Jan-2026,03-Feb-2026,PE,24000.0,33.0,690430.0,25157.5
21-Jan-2026,03-Feb-2026,PE,24050.0,35.6,29770.0,25157.5
21-Jan-2026,03-Feb-2026,PE,24100.0,38.45,98540.0,25157.5
21-Jan-2026,03-Feb-2026,PE,24150.0,43.2,33475.0,25157.5
21-Jan-2026,03-Feb-2026,PE,24200.0,45.95,419250.0,25157.5
21-Jan-2026,03-Feb-2026,PE,24250.0,51.4,44655.0,25157.5
21-Jan-2026,03-Feb-2026,PE,24300.0,56.0,217490.0,25157.5
21-Jan-2026,03-Feb-2026,PE,24350.0,60.0,27170.0,25157.5
21-Jan-2026,03-Feb-2026,PE,24400.0,67.15,178425.0,25157.5
21-Jan-2026,03-Feb-2026,PE,24450.0,72.4,36855.0,25157.5
21-Jan-2026,03-Feb-2026,PE,24500.0,78.65,658645.0,25157.5
21-Jan-2026,03-Feb-2026,PE,24550.0,85.9,175565.0,25157.5
21-Jan-2026,03-Feb-2026,PE,24600.0,95.8,1237210.0,25157.5
21-Jan-2026,03-Feb-2026,PE,24650.0,103.0,171600.0,25157.5
21-Jan-2026,03-Feb-2026,PE,24700.0,112.0,292955.0,25157.5
21-Jan-2026,03-Feb-2026,PE,24750.0,124.05,77415.0,25157.5
21-Jan-2026,03-Feb-2026,PE,24800.0,135.1,351520.0,25157.5
21-Jan-2026,03-Feb-2026,PE,24850.0,147.9,89895.0,25157.5
21-Jan-2026,03-Feb-2026,PE,24900.0,162.55,216255.0,25157.5
21-Jan-2026,03-Feb-2026,PE,24950.0,176.65,81705.0,25157.5
21-Jan-2026,03-Feb-2026,PE,25000.0,192.85,707980.0,25157.5
21-Jan-2026,03-Feb-2026,PE,25050.0,208.95,105170.0,25157.5
21-Jan-2026,03-Feb-2026,PE,25100.0,228.15,230945.0,25157.5
21-Jan-2026,03-Feb-2026,PE,25150.0,247.2,98670.0,25157.5
21-Jan-2026,03-Feb-2026,PE,25200.0,269.25,497380.0,25157.5
21-Jan-2026,03-Feb-2026,PE,25250.0,291.15,105690.0,25157.5
21-Jan-2026,03-Feb-2026,PE,25300.0,315.0,365170.0,25157.5
21-Jan-2026,03-Feb-2026,PE,25350.0,344.95,57265.0,25157.5
21-Jan-2026,03-Feb-2026,PE,25400.0,371.0,251160.0,25157.5
21-Jan-2026,03-Feb-2026,PE,25450.0,400.4,50310.0,25157.5
21-Jan-2026,03-Feb-2026,PE,25500.0,426.5,546585.0,25157.5
21-Jan-2026,03-Feb-2026,PE,25550.0,463.2,51610.0,25157.5
21-Jan-2026,03-Feb-2026,PE,25600.0,491.4,191750.0,25157.5
21-Jan-2026,03-Feb-2026,PE,25650.0,534.25,42380.0,25157.5
21-Jan-2026,03-Feb-2026,PE,25700.0,572.2,195845.0,25157.5
21-Jan-2026,03-Feb-2026,PE,25750.0,624.95,53560.0,25157.5
21-Jan-2026,03-Feb-2026,PE,25800.0,646.7,406575.0,25157.5
21-Jan-2026,03-Feb-2026,PE,25850.0,674.1,31590.0,25157.5
21-Jan-2026,03-Feb-2026,PE,25900.0,731.3,113295.0,25157.5
21-Jan-2026,03-Feb-2026,PE,25950.0,780.65,22555.0,25157.5
21-Jan-2026,03-Feb-2026,PE,26000.0,808.2,333905.0,25157.5
21-Jan-2026,03-Feb-2026,PE,26050.0,876.0,12025.0,25157.5
21-Jan-2026,03-Feb-2026,PE,26100.0,904.1,174655.0,25157.5
21-Jan-2026,03-Feb-2026,PE,26150.0,957.05,13130.0,25157.5
21-Jan-2026,03-Feb-2026,PE,26200.0,998.4,51285.0,25157.5
21-Jan-2026,03-Feb-2026,PE,26250.0,1059.0,3510.0,25157.5
21-Jan-2026,03-Feb-2026,PE,26300.0,1111.9,56615.0,25157.5
21-Jan-2026,03-Feb-2026,PE,26350.0,1149.05,2860.0,25157.5
21-Jan-2026,03-Feb-2026,PE,26400.0,1180.35,7280.0,25157.5
21-Jan-2026,03-Feb-2026,PE,26450.0,1237.5,650.0,25157.5
21-Jan-2026,03-Feb-2026,PE,26500.0,1277.95,51220.0,25157.5
21-Jan-2026,03-Feb-2026,PE,26550.0,1328.6,,25157.5
21-Jan-2026,03-Feb-2026,PE,26600.0,1380.25,8710.0,25157.5
21-Jan-2026,03-Feb-2026,PE,26650.0,1428.8,,25157.5
21-Jan-2026,03-Feb-2026,PE,26700.0,1482.75,2080.0,25157.5
21-Jan-2026,03-Feb-2026,PE,26750.0,1530.3,65.0,25157.5
21-Jan-2026,03-Feb-2026,PE,26800.0,1579.8,1235.0,25157.5
21-Jan-2026,03-Feb-2026,PE,26850.0,1626.9,65.0,25157.5
21-Jan-2026,03-Feb-2026,PE,26900.0,1666.25,65.0,25157.5
21-Jan-2026,03-Feb-2026,PE,26950.0,1737.45,65.0,25157.5
21-Jan-2026,03-Feb-2026,PE,27000.0,1790.5,15860.0,25157.5
21-Jan-2026,03-Feb-2026,PE,27050.0,1814.85,325.0,25157.5
21-Jan-2026,03-Feb-2026,PE,27100.0,1878.05,65.0,25157.5
21-Jan-2026,03-Feb-2026,PE,27150.0,1922.85,715.0,25157.5
21-Jan-2026,03-Feb-2026,PE,27200.0,1993.9,130.0,25157.5
21-Jan-2026,03-Feb-2026,PE,27250.0,2029.05,130.0,25157.5
21-Jan-2026,03-Feb-2026,PE,27300.0,2084.6,130.0,25157.5
21-Jan-2026,03-Feb-2026,PE,27350.0,2112.55,130.0,25157.5
21-Jan-2026,03-Feb-2026,PE,27400.0,2162.15,130.0,25157.5
21-Jan-2026,03-Feb-2026,PE,27450.0,2211.7,130.0,25157.5
21-Jan-2026,03-Feb-2026,PE,27500.0,2259.5,195.0,25157.5
21-Jan-2026,03-Feb-2026,PE,27550.0,2310.9,130.0,25157.5
21-Jan-2026,03-Feb-2026,PE,27600.0,2360.5,130.0,25157.5
21-Jan-2026,03-Feb-2026,PE,27650.0,2410.2,130.0,25157.5
21-Jan-2026,03-Feb-2026,PE,27700.0,2463.0,130.0,25157.5
21-Jan-2026,03-Feb-2026,PE,27750.0,2513.75,130.0,25157.5
21-Jan-2026,03-Feb-2026,PE,27800.0,2561.75,130.0,25157.5
21-Jan-2026,03-Feb-2026,PE,27850.0,2612.15,130.0,25157.5
21-Jan-2026,03-Feb-2026,PE,27900.0,2675.4,130.0,25157.5
21-Jan-2026,03-Feb-2026,PE,27950.0,2721.35,130.0,25157.5
21-Jan-2026,03-Feb-2026,PE,28000.0,2791.55,130.0,25157.5
21-Jan-2026,03-Feb-2026,PE,28050.0,2832.6,130.0,25157.5
21-Jan-2026,03-Feb-2026,PE,28100.0,2890.95,130.0,25157.5
21-Jan-2026,17-Feb-2026,CE,23500.0,1815.65,130.0,25157.5
21-Jan-2026,17-Feb-2026,CE,23550.0,1793.65,130.0,25157.5
21-Jan-2026,17-Feb-2026,CE,23600.0,1749.5,130.0,25157.5
21-Jan-2026,17-Feb-2026,CE,23650.0,1673.85,130.0,25157.5
21-Jan-2026,17-Feb-2026,CE,23700.0,1655.25,130.0,25157.5
21-Jan-2026,17-Feb-2026,CE,23750.0,1580.35,130.0,25157.5
21-Jan-2026,17-Feb-2026,CE,23800.0,1536.7,130.0,25157.5
21-Jan-2026,17-Feb-2026,CE,23850.0,1493.5,130.0,25157.5
21-Jan-2026,17-Feb-2026,CE,23900.0,1438.15,130.0,25157.5
21-Jan-2026,17-Feb-2026,CE,23950.0,1394.55,130.0,25157.5
21-Jan-2026,17-Feb-2026,CE,24000.0,1349.4,130.0,25157.5
21-Jan-2026,17-Feb-2026,CE,24050.0,1304.6,130.0,25157.5
21-Jan-2026,17-Feb-2026,CE,24100.0,1264.0,130.0,25157.5
21-Jan-2026,17-Feb-2026,CE,24150.0,1220.0,130.0,25157.5
21-Jan-2026,17-Feb-2026,CE,24200.0,1174.9,130.0,25157.5
21-Jan-2026,17-Feb-2026,CE,24250.0,1134.1,130.0,25157.5
21-Jan-2026,17-Feb-2026,CE,24300.0,1092.5,130.0,25157.5
21-Jan-2026,17-Feb-2026,CE,24350.0,1047.6,130.0,25157.5
21-Jan-2026,17-Feb-2026,CE,24400.0,998.25,130.0,25157.5
21-Jan-2026,17-Feb-2026,CE,24450.0,956.6,130.0,25157.5
21-Jan-2026,17-Feb-2026,CE,24500.0,917.9,650.0,25157.5
21-Jan-2026,17-Feb-2026,CE,24550.0,878.2,260.0,25157.5
21-Jan-2026,17-Feb-2026,CE,24600.0,839.2,1625.0,25157.5
21-Jan-2026,17-Feb-2026,CE,24650.0,791.9,1430.0,25157.5
21-Jan-2026,17-Feb-2026,CE,24700.0,746.85,4030.0,25157.5
21-Jan-2026,17-Feb-2026,CE,24750.0,732.4,1560.0,25157.5
21-Jan-2026,17-Feb-2026,CE,24800.0,675.15,6500.0,25157.5
21-Jan-2026,17-Feb-2026,CE,24850.0,655.45,2210.0,25157.5
21-Jan-2026,17-Feb-2026,CE,24900.0,603.75,5135.0,25157.5
21-Jan-2026,17-Feb-2026,CE,24950.0,571.65,2665.0,25157.5
21-Jan-2026,17-Feb-2026,CE,25000.0,539.95,14495.0,25157.5
21-Jan-2026,17-Feb-2026,CE,25050.0,521.2,2600.0,25157.5
21-Jan-2026,17-Feb-2026,CE,25100.0,476.95,6695.0,25157.5
21-Jan-2026,17-Feb-2026,CE,25150.0,459.85,1755.0,25157.5
21-Jan-2026,17-Feb-2026,CE,25200.0,423.7,7800.0,25157.5
21-Jan-2026,17-Feb-2026,CE,25250.0,375.95,260.0,25157.5
21-Jan-2026,17-Feb-2026,CE,25300.0,367.0,10140.0,25157.5
21-Jan-2026,17-Feb-2026,CE,25350.0,315.0,130.0,25157.5
21-Jan-2026,17-Feb-2026,CE,25400.0,315.0,10790.0,25157.5
21-Jan-2026,17-Feb-2026,CE,25450.0,303.55,390.0,25157.5
21-Jan-2026,17-Feb-2026,CE,25500.0,270.8,19695.0,25157.5
21-Jan-2026,17-Feb-2026,CE,25550.0,259.75,1820.0,25157.5
21-Jan-2026,17-Feb-2026,CE,25600.0,230.0,7605.0,25157.5
21-Jan-2026,17-Feb-2026,CE,25650.0,210.0,1040.0,25157.5
21-Jan-2026,17-Feb-2026,CE,25700.0,193.05,11570.0,25157.5
21-Jan-2026,17-Feb-2026,CE,25750.0,180.75,4875.0,25157.5
21-Jan-2026,17-Feb-2026,CE,25800.0,161.0,17745.0,25157.5
21-Jan-2026,17-Feb-2026,CE,25850.0,147.0,650.0,25157.5
21-Jan-2026,17-Feb-2026,CE,25900.0,135.7,19630.0,25157.5
21-Jan-2026,17-Feb-2026,CE,25950.0,122.0,1885.0,25157.5
21-Jan-2026,17-Feb-2026,CE,26000.0,110.8,39195.0,25157.5
21-Jan-2026,17-Feb-2026,CE,26050.0,101.6,2015.0,25157.5
21-Jan-2026,17-Feb-2026,CE,26100.0,94.0,8385.0,25157.5
21-Jan-2026,17-Feb-2026,CE,26150.0,89.7,910.0,25157.5
21-Jan-2026,17-Feb-2026,CE,26200.0,76.15,7020.0,25157.5
21-Jan-2026,17-Feb-2026,CE,26250.0,69.35,1170.0,25157.5
21-Jan-2026,17-Feb-2026,CE,26300.0,63.0,4290.0,25157.5
21-Jan-2026,17-Feb-2026,CE,26350.0,61.15,1495.0,25157.5
21-Jan-2026,17-Feb-2026,CE,26400.0,52.1,2925.0,25157.5
21-Jan-2026,17-Feb-2026,CE,26450.0,51.4,1365.0,25157.5
21-Jan-2026,17-Feb-2026,CE,26500.0,44.5,8125.0,25157.5
21-Jan-2026,17-Feb-2026,CE,26550.0,42.15,845.0,25157.5
21-Jan-2026,17-Feb-2026,CE,26600.0,36.35,13260.0,25157.5
21-Jan-2026,17-Feb-2026,CE,26650.0,33.85,5850.0,25157.5
21-Jan-2026,17-Feb-2026,CE,26700.0,32.0,4095.0,25157.5
21-Jan-2026,17-Feb-2026,CE,26750.0,30.3,325.0,25157.5
21-Jan-2026,17-Feb-2026,CE,26800.0,27.85,1690.0,25157.5
21-Jan-2026,17-Feb-2026,CE,26850.0,26.5,715.0,25157.5
21-Jan-2026,17-Feb-2026,CE,26900.0,24.85,1950.0,25157.5
21-Jan-2026,17-Feb-2026,CE,26950.0,24.65,650.0,25157.5
21-Jan-2026,17-Feb-2026,CE,27000.0,21.0,10725.0,25157.5
21-Jan-2026,17-Feb-2026,CE,27050.0,21.05,780.0,25157.5
21-Jan-2026,17-Feb-2026,CE,27100.0,19.1,2015.0,25157.5
21-Jan-2026,17-Feb-2026,CE,27150.0,19.85,780.0,25157.5
21-Jan-2026,17-Feb-2026,CE,27200.0,15.85,845.0,25157.5
21-Jan-2026,17-Feb-2026,CE,27250.0,16.85,520.0,25157.5
21-Jan-2026,17-Feb-2026,CE,27300.0,15.25,975.0,25157.5
21-Jan-2026,17-Feb-2026,CE,27350.0,,,25157.5
21-Jan-2026,17-Feb-2026,CE,27400.0,13.6,5590.0,25157.5
21-Jan-2026,17-Feb-2026,CE,27450.0,,,25157.5
21-Jan-2026,17-Feb-2026,CE,27500.0,11.35,130.0,25157.5
21-Jan-2026,17-Feb-2026,PE,23500.0,33.45,5590.0,25157.5
21-Jan-2026,17-Feb-2026,PE,23550.0,,,25157.5
21-Jan-2026,17-Feb-2026,PE,23600.0,37.85,9295.0,25157.5
21-Jan-2026,17-Feb-2026,PE,23650.0,,,25157.5
21-Jan-2026,17-Feb-2026,PE,23700.0,,,25157.5
21-Jan-2026,17-Feb-2026,PE,23750.0,43.6,520.0,25157.5
21-Jan-2026,17-Feb-2026,PE,23800.0,51.5,1495.0,25157.5
21-Jan-2026,17-Feb-2026,PE,23850.0,55.35,910.0,25157.5
21-Jan-2026,17-Feb-2026,PE,23900.0,57.0,1430.0,25157.5
21-Jan-2026,17-Feb-2026,PE,23950.0,61.25,1170.0,25157.5
21-Jan-2026,17-Feb-2026,PE,24000.0,64.65,18785.0,25157.5
21-Jan-2026,17-Feb-2026,PE,24050.0,71.05,975.0,25157.5
21-Jan-2026,17-Feb-2026,PE,24100.0,72.25,3445.0,25157.5
21-Jan-2026,17-Feb-2026,PE,24150.0,83.6,390.0,25157.5
21-Jan-2026,17-Feb-2026,PE,24200.0,89.15,3185.0,25157.5
21-Jan-2026,17-Feb-2026,PE,24250.0,94.8,260.0,25157.5
21-Jan-2026,17-Feb-2026,PE,24300.0,99.85,1495.0,25157.5
21-Jan-2026,17-Feb-2026,PE,24350.0,106.1,975.0,25157.5
21-Jan-2026,17-Feb-2026,PE,24400.0,117.5,2145.0,25157.5
21-Jan-2026,17-Feb-2026,PE,24450.0,123.7,2080.0,25157.5
21-Jan-2026,17-Feb-2026,PE,24500.0,136.6,7410.0,25157.5
21-Jan-2026,17-Feb-2026,PE,24550.0,143.6,1885.0,25157.5
21-Jan-2026,17-Feb-2026,PE,24600.0,156.1,7930.0,25157.5
21-Jan-2026,17-Feb-2026,PE,24650.0,158.7,2080.0,25157.5
21-Jan-2026,17-Feb-2026,PE,24700.0,171.5,7085.0,25157.5
21-Jan-2026,17-Feb-2026,PE,24750.0,86.35,65.0,25157.5
21-Jan-2026,17-Feb-2026,PE,24800.0,196.0,6435.0,25157.5
21-Jan-2026,17-Feb-2026,PE,24850.0,215.3,2990.0,25157.5
21-Jan-2026,17-Feb-2026,PE,24900.0,222.6,5850.0,25157.5
21-Jan-2026,17-Feb-2026,PE,24950.0,241.65,2925.0,25157.5
21-Jan-2026,17-Feb-2026,PE,25000.0,253.85,13520.0,25157.5
21-Jan-2026,17-Feb-2026,PE,25050.0,280.5,65.0,25157.5
21-Jan-2026,17-Feb-2026,PE,25100.0,290.0,8385.0,25157.5
21-Jan-2026,17-Feb-2026,PE,25150.0,309.15,585.0,25157.5
21-Jan-2026,17-Feb-2026,PE,25200.0,327.15,12285.0,25157.5
21-Jan-2026,17-Feb-2026,PE,25250.0,354.4,2925.0,25157.5
21-Jan-2026,17-Feb-2026,PE,25300.0,373.75,14885.0,25157.5
21-Jan-2026,17-Feb-2026,PE,25350.0,407.5,585.0,25157.5
21-Jan-2026,17-Feb-2026,PE,25400.0,432.85,5720.0,25157.5
21-Jan-2026,17-Feb-2026,PE,25450.0,456.3,260.0,25157.5
21-Jan-2026,17-Feb-2026,PE,25500.0,476.55,12545.0,25157.5
21-Jan-2026,17-Feb-2026,PE,25550.0,511.95,5135.0,25157.5
21-Jan-2026,17-Feb-2026,PE,25600.0,532.4,3250.0,25157.5
21-Jan-2026,17-Feb-2026,PE,25650.0,570.6,,25157.5
21-Jan-2026,17-Feb-2026,PE,25700.0,621.7,3965.0,25157.5
21-Jan-2026,17-Feb-2026,PE,25750.0,635.1,390.0,25157.5
21-Jan-2026,17-Feb-2026,PE,25800.0,684.5,2730.0,25157.5
21-Jan-2026,17-Feb-2026,PE,25850.0,702.75,65.0,25157.5
21-Jan-2026,17-Feb-2026,PE,25900.0,731.35,5005.0,25157.5
21-Jan-2026,17-Feb-2026,PE,25950.0,778.3,130.0,25157.5
21-Jan-2026,17-Feb-2026,PE,26000.0,754.1,390.0,25157.5
21-Jan-2026,17-Feb-2026,PE,26050.0,854.9,65.0,25157.5
21-Jan-2026,17-Feb-2026,PE,26100.0,894.7,65.0,25157.5
21-Jan-2026,17-Feb-2026,PE,26150.0,936.5,,25157.5
21-Jan-2026,17-Feb-2026,PE,26200.0,975.45,,25157.5
21-Jan-2026,17-Feb-2026,PE,26250.0,1032.5,65.0,25157.5
21-Jan-2026,17-Feb-2026,PE,26300.0,1061.0,,25157.5
21-Jan-2026,17-Feb-2026,PE,26350.0,1106.9,65.0,25157.5
21-Jan-2026,17-Feb-2026,PE,26400.0,1159.3,,25157.5
21-Jan-2026,17-Feb-2026,PE,26450.0,1196.8,65.0,25157.5
21-Jan-2026,17-Feb-2026,PE,26500.0,1238.4,,25157.5
21-Jan-2026,17-Feb-2026,PE,26550.0,1300.5,65.0,25157.5
21-Jan-2026,17-Feb-2026,PE,26600.0,1341.5,65.0,25157.5
21-Jan-2026,17-Feb-2026,PE,26650.0,1384.6,65.0,25157.5
21-Jan-2026,17-Feb-2026,PE,26700.0,1440.2,65.0,25157.5
21-Jan-2026,17-Feb-2026,PE,26750.0,1480.45,65.0,25157.5
21-Jan-2026,17-Feb-2026,PE,26800.0,1528.5,65.0,25157.5
21-Jan-2026,17-Feb-2026,PE,26850.0,1576.1,65.0,25157.5
21-Jan-2026,17-Feb-2026,PE,26900.0,1623.85,65.0,25157.5
21-Jan-2026,17-Feb-2026,PE,26950.0,1671.55,65.0,25157.5
21-Jan-2026,17-Feb-2026,PE,27000.0,1724.8,65.0,25157.5
21-Jan-2026,17-Feb-2026,PE,27050.0,1773.05,65.0,25157.5
21-Jan-2026,17-Feb-2026,PE,27100.0,1821.35,65.0,25157.5
21-Jan-2026,17-Feb-2026,PE,27150.0,1865.65,390.0,25157.5
21-Jan-2026,17-Feb-2026,PE,27200.0,1917.8,65.0,25157.5
21-Jan-2026,17-Feb-2026,PE,27250.0,1966.9,130.0,25157.5
21-Jan-2026,17-Feb-2026,PE,27300.0,2010.3,65.0,25157.5
21-Jan-2026,17-Feb-2026,PE,27350.0,2058.6,65.0,25157.5
21-Jan-2026,17-Feb-2026,PE,27400.0,2107.85,65.0,25157.5
21-Jan-2026,17-Feb-2026,PE,27450.0,2153.3,65.0,25157.5
21-Jan-2026,17-Feb-2026,PE,27500.0,2205.6,65.0,25157.5
21-Jan-2026,02-Mar-2026,CE,23500.0,,,25157.5
21-Jan-2026,02-Mar-2026,CE,23550.0,,,25157.5
21-Jan-2026,02-Mar-2026,CE,23600.0,,,25157.5
21-Jan-2026,02-Mar-2026,CE,23650.0,,,25157.5
21-Jan-2026,02-Mar-2026,CE,23700.0,,,25157.5
21-Jan-2026,02-Mar-2026,CE,23750.0,,,25157.5
21-Jan-2026,02-Mar-2026,CE,23800.0,,,25157.5
21-Jan-2026,02-Mar-2026,CE,23850.0,,,25157.5
21-Jan-2026,02-Mar-2026,CE,23900.0,,,25157.5
21-Jan-2026,02-Mar-2026,CE,23950.0,,,25157.5
21-Jan-2026,02-Mar-2026,CE,24000.0,,,25157.5
21-Jan-2026,02-Mar-2026,CE,24050.0,,,25157.5
21-Jan-2026,02-Mar-2026,CE,24100.0,,,25157.5
21-Jan-2026,02-Mar-2026,CE,24150.0,,,25157.5
21-Jan-2026,02-Mar-2026,CE,24200.0,,,25157.5
21-Jan-2026,02-Mar-2026,CE,24250.0,,,25157.5
21-Jan-2026,02-Mar-2026,CE,24300.0,,,25157.5
21-Jan-2026,02-Mar-2026,CE,24350.0,,,25157.5
21-Jan-2026,02-Mar-2026,CE,24400.0,,,25157.5
21-Jan-2026,02-Mar-2026,CE,24450.0,,,25157.5
21-Jan-2026,02-Mar-2026,CE,24500.0,,,25157.5
21-Jan-2026,02-Mar-2026,CE,24550.0,,,25157.5
21-Jan-2026,02-Mar-2026,CE,24600.0,,,25157.5
21-Jan-2026,02-Mar-2026,CE,24650.0,,,25157.5
21-Jan-2026,02-Mar-2026,CE,24700.0,,,25157.5
21-Jan-2026,02-Mar-2026,CE,24750.0,,,25157.5
21-Jan-2026,02-Mar-2026,CE,24800.0,,,25157.5
21-Jan-2026,02-Mar-2026,CE,24850.0,,,25157.5
21-Jan-2026,02-Mar-2026,CE,24900.0,,,25157.5
21-Jan-2026,02-Mar-2026,CE,24950.0,,,25157.5
21-Jan-2026,02-Mar-2026,CE,25000.0,,,25157.5
21-Jan-2026,02-Mar-2026,CE,25050.0,,,25157.5
21-Jan-2026,02-Mar-2026,CE,25100.0,549.05,195.0,25157.5
21-Jan-2026,02-Mar-2026,CE,25150.0,,,25157.5
21-Jan-2026,02-Mar-2026,CE,25200.0,515.1,130.0,25157.5
21-Jan-2026,02-Mar-2026,CE,25250.0,,,25157.5
21-Jan-2026,02-Mar-2026,CE,25300.0,543.35,65.0,25157.5
21-Jan-2026,02-Mar-2026,CE,25350.0,,,25157.5
21-Jan-2026,02-Mar-2026,CE,25400.0,394.6,65.0,25157.5
21-Jan-2026,02-Mar-2026,CE,25450.0,,,25157.5
21-Jan-2026,02-Mar-2026,CE,25500.0,,,25157.5
21-Jan-2026,02-Mar-2026,CE,25550.0,,,25157.5
21-Jan-2026,02-Mar-2026,CE,25600.0,,,25157.5
21-Jan-2026,02-Mar-2026,CE,25650.0,,,25157.5
21-Jan-2026,02-Mar-2026,CE,25700.0,,,25157.5
21-Jan-2026,02-Mar-2026,CE,25750.0,,,25157.5
21-Jan-2026,02-Mar-2026,CE,25800.0,,,25157.5
21-Jan-2026,02-Mar-2026,CE,25850.0,,,25157.5
21-Jan-2026,02-Mar-2026,CE,25900.0,,,25157.5
21-Jan-2026,02-Mar-2026,CE,25950.0,,,25157.5
21-Jan-2026,02-Mar-2026,CE,26000.0,,,25157.5
21-Jan-2026,02-Mar-2026,CE,26050.0,,,25157.5
21-Jan-2026,02-Mar-2026,CE,26100.0,,,25157.5
21-Jan-2026,02-Mar-2026,CE,26150.0,,,25157.5
21-Jan-2026,02-Mar-2026,CE,26200.0,,,25157.5
21-Jan-2026,02-Mar-2026,CE,26250.0,,,25157.5
21-Jan-2026,02-Mar-2026,CE,26300.0,,,25157.5
21-Jan-2026,02-Mar-2026,CE,26350.0,,,25157.5
21-Jan-2026,02-Mar-2026,CE,26400.0,,,25157.5
21-Jan-2026,02-Mar-2026,CE,26450.0,,,25157.5
21-Jan-2026,02-Mar-2026,CE,26500.0,,,25157.5
21-Jan-2026,02-Mar-2026,CE,26550.0,113.4,65.0,25157.5
21-Jan-2026,02-Mar-2026,CE,26600.0,,,25157.5
21-Jan-2026,02-Mar-2026,CE,26650.0,,,25157.5
21-Jan-2026,02-Mar-2026,CE,26700.0,,,25157.5
21-Jan-2026,02-Mar-2026,CE,26750.0,,,25157.5
21-Jan-2026,02-Mar-2026,CE,26800.0,,,25157.5
21-Jan-2026,02-Mar-2026,CE,26850.0,,,25157.5
21-Jan-2026,02-Mar-2026,CE,26900.0,,,25157.5
21-Jan-2026,02-Mar-2026,CE,26950.0,,,25157.5
21-Jan-2026,02-Mar-2026,CE,27000.0,36.4,8320.0,25157.5
21-Jan-2026,02-Mar-2026,PE,23500.0,,,25157.5
21-Jan-2026,02-Mar-2026,PE,23550.0,,,25157.5
21-Jan-2026,02-Mar-2026,PE,23600.0,,,25157.5
21-Jan-2026,02-Mar-2026,PE,23650.0,,,25157.5
21-Jan-2026,02-Mar-2026,PE,23700.0,,,25157.5
21-Jan-2026,02-Mar-2026,PE,23750.0,,,25157.5
21-Jan-2026,02-Mar-2026,PE,23800.0,64.85,390.0,25157.5
21-Jan-2026,02-Mar-2026,PE,23850.0,,,25157.5
21-Jan-2026,02-Mar-2026,PE,23900.0,,,25157.5
21-Jan-2026,02-Mar-2026,PE,23950.0,,,25157.5
21-Jan-2026,02-Mar-2026,PE,24000.0,,,25157.5
21-Jan-2026,02-Mar-2026,PE,24050.0,,,25157.5
21-Jan-2026,02-Mar-2026,PE,24100.0,,,25157.5
21-Jan-2026,02-Mar-2026,PE,24150.0,82.15,65.0,25157.5
21-Jan-2026,02-Mar-2026,PE,24200.0,,,25157.5
21-Jan-2026,02-Mar-2026,PE,24250.0,,,25157.5
21-Jan-2026,02-Mar-2026,PE,24300.0,,,25157.5
21-Jan-2026,02-Mar-2026,PE,24350.0,,,25157.5
21-Jan-2026,02-Mar-2026,PE,24400.0,,,25157.5
21-Jan-2026,02-Mar-2026,PE,24450.0,,,25157.5
21-Jan-2026,02-Mar-2026,PE,24500.0,106.0,65.0,25157.5
21-Jan-2026,02-Mar-2026,PE,24550.0,,,25157.5
21-Jan-2026,02-Mar-2026,PE,24600.0,,,25157.5
21-Jan-2026,02-Mar-2026,PE,24650.0,,,25157.5
21-Jan-2026,02-Mar-2026,PE,24700.0,,,25157.5
21-Jan-2026,02-Mar-2026,PE,24750.0,,,25157.5
21-Jan-2026,02-Mar-2026,PE,24800.0,,,25157.5
21-Jan-2026,02-Mar-2026,PE,24850.0,,,25157.5
21-Jan-2026,02-Mar-2026,PE,24900.0,,,25157.5
21-Jan-2026,02-Mar-2026,PE,24950.0,268.0,65.0,25157.5
21-Jan-2026,02-Mar-2026,PE,25000.0,295.35,325.0,25157.5
21-Jan-2026,02-Mar-2026,PE,25050.0,,,25157.5
21-Jan-2026,02-Mar-2026,PE,25100.0,,,25157.5
21-Jan-2026,02-Mar-2026,PE,25150.0,,,25157.5
21-Jan-2026,02-Mar-2026,PE,25200.0,350.35,1300.0,25157.5
21-Jan-2026,02-Mar-2026,PE,25250.0,,,25157.5
21-Jan-2026,02-Mar-2026,PE,25300.0,,,25157.5
21-Jan-2026,02-Mar-2026,PE,25350.0,400.0,65.0,25157.5
21-Jan-2026,02-Mar-2026,PE,25400.0,,,25157.5
21-Jan-2026,02-Mar-2026,PE,25450.0,,,25157.5
21-Jan-2026,02-Mar-2026,PE,25500.0,,,25157.5
21-Jan-2026,02-Mar-2026,PE,25550.0,,,25157.5
21-Jan-2026,02-Mar-2026,PE,25600.0,,,25157.5
21-Jan-2026,02-Mar-2026,PE,25650.0,,,25157.5
21-Jan-2026,02-Mar-2026,PE,25700.0,,,25157.5
21-Jan-2026,02-Mar-2026,PE,25750.0,,,25157.5
21-Jan-2026,02-Mar-2026,PE,25800.0,,,25157.5
21-Jan-2026,02-Mar-2026,PE,25850.0,,,25157.5
21-Jan-2026,02-Mar-2026,PE,25900.0,,,25157.5
21-Jan-2026,02-Mar-2026,PE,25950.0,,,25157.5
21-Jan-2026,02-Mar-2026,PE,26000.0,,,25157.5
21-Jan-2026,02-Mar-2026,PE,26050.0,,,25157.5
21-Jan-2026,02-Mar-2026,PE,26100.0,,,25157.5
21-Jan-2026,02-Mar-2026,PE,26150.0,,,25157.5
21-Jan-2026,02-Mar-2026,PE,26200.0,,,25157.5
21-Jan-2026,02-Mar-2026,PE,26250.0,,,25157.5
21-Jan-2026,02-Mar-2026,PE,26300.0,,,25157.5
21-Jan-2026,02-Mar-2026,PE,26350.0,,,25157.5
21-Jan-2026,02-Mar-2026,PE,26400.0,,,25157.5
21-Jan-2026,02-Mar-2026,PE,26450.0,,,25157.5
21-Jan-2026,02-Mar-2026,PE,26500.0,,,25157.5
21-Jan-2026,02-Mar-2026,PE,26550.0,,,25157.5
21-Jan-2026,02-Mar-2026,PE,26600.0,,,25157.5
21-Jan-2026,02-Mar-2026,PE,26650.0,,,25157.5
21-Jan-2026,02-Mar-2026,PE,26700.0,,,25157.5
21-Jan-2026,02-Mar-2026,PE,26750.0,,,25157.5
21-Jan-2026,02-Mar-2026,PE,26800.0,,,25157.5
21-Jan-2026,02-Mar-2026,PE,26850.0,,,25157.5
21-Jan-2026,02-Mar-2026,PE,26900.0,,,25157.5
21-Jan-2026,02-Mar-2026,PE,26950.0,,,25157.5
21-Jan-2026,02-Mar-2026,PE,27000.0,,,25157.5
22-Jan-2026,03-Feb-2026,CE,23400.0,1981.05,130.0,25289.9
22-Jan-2026,03-Feb-2026,CE,23450.0,1929.8,130.0,25289.9
22-Jan-2026,03-Feb-2026,CE,23500.0,1879.2,130.0,25289.9
22-Jan-2026,03-Feb-2026,CE,23550.0,1806.75,195.0,25289.9
22-Jan-2026,03-Feb-2026,CE,23600.0,1757.1,195.0,25289.9
22-Jan-2026,03-Feb-2026,CE,23650.0,1726.6,130.0,25289.9
22-Jan-2026,03-Feb-2026,CE,23700.0,1681.1,650.0,25289.9
22-Jan-2026,03-Feb-2026,CE,23750.0,1521.0,1950.0,25289.9
22-Jan-2026,03-Feb-2026,CE,23800.0,1587.35,650.0,25289.9
22-Jan-2026,03-Feb-2026,CE,23850.0,1538.7,585.0,25289.9
22-Jan-2026,03-Feb-2026,CE,23900.0,1491.2,650.0,25289.9
22-Jan-2026,03-Feb-2026,CE,23950.0,1445.45,715.0,25289.9
22-Jan-2026,03-Feb-2026,CE,24000.0,1443.4,16315.0,25289.9
22-Jan-2026,03-Feb-2026,CE,24050.0,1346.15,650.0,25289.9
22-Jan-2026,03-Feb-2026,CE,24100.0,1302.25,585.0,25289.9
22-Jan-2026,03-Feb-2026,CE,24150.0,1243.45,260.0,25289.9
22-Jan-2026,03-Feb-2026,CE,24200.0,1170.8,390.0,25289.9
22-Jan-2026,03-Feb-2026,CE,24250.0,1160.85,715.0,25289.9
22-Jan-2026,03-Feb-2026,CE,24300.0,1082.25,325.0,25289.9
22-Jan-2026,03-Feb-2026,CE,24350.0,1056.3,650.0,25289.9
22-Jan-2026,03-Feb-2026,CE,24400.0,1039.55,845.0,25289.9
22-Jan-2026,03-Feb-2026,CE,24450.0,1000.5,1300.0,25289.9
22-Jan-2026,03-Feb-2026,CE,24500.0,958.6,44330.0,25289.9
22-Jan-2026,03-Feb-2026,CE,24550.0,916.0,6370.0,25289.9
22-Jan-2026,03-Feb-2026,CE,24600.0,874.35,24960.0,25289.9
22-Jan-2026,03-Feb-2026,CE,24650.0,826.7,10855.0,25289.9
22-Jan-2026,03-Feb-2026,CE,24700.0,776.85,34970.0,25289.9
22-Jan-2026,03-Feb-2026,CE,24750.0,736.85,9945.0,25289.9
22-Jan-2026,03-Feb-2026,CE,24800.0,695.5,37375.0,25289.9
22-Jan-2026,03-Feb-2026,CE,24850.0,655.4,16640.0,25289.9
22-Jan-2026,03-Feb-2026,CE,24900.0,610.6,41275.0,25289.9
22-Jan-2026,03-Feb-2026,CE,24950.0,574.7,23010.0,25289.9
22-Jan-2026,03-Feb-2026,CE,25000.0,534.0,286325.0,25289.9
22-Jan-2026,03-Feb-2026,CE,25050.0,498.75,44330.0,25289.9
22-Jan-2026,03-Feb-2026,CE,25100.0,457.3,204815.0,25289.9
22-Jan-2026,03-Feb-2026,CE,25150.0,424.1,47320.0,25289.9
22-Jan-2026,03-Feb-2026,CE,25200.0,390.0,460330.0,25289.9
22-Jan-2026,03-Feb-2026,CE,25250.0,358.3,128115.0,25289.9
22-Jan-2026,03-Feb-2026,CE,25300.0,326.0,853515.0,25289.9
22-Jan-2026,03-Feb-2026,CE,25350.0,299.45,172705.0,25289.9
22-Jan-2026,03-Feb-2026,CE,25400.0,272.55,754780.0,25289.9
22-Jan-2026,03-Feb-2026,CE,25450.0,245.8,142675.0,25289.9
22-Jan-2026,03-Feb-2026,CE,25500.0,222.0,1284855.0,25289.9
22-Jan-2026,03-Feb-2026,CE,25550.0,195.65,107510.0,25289.9
22-Jan-2026,03-Feb-2026,CE,25600.0,176.6,556855.0,25289.9
22-Jan-2026,03-Feb-2026,CE,25650.0,157.0,123825.0,25289.9
22-Jan-2026,03-Feb-2026,CE,25700.0,138.6,553865.0,25289.9
22-Jan-2026,03-Feb-2026,CE,25750.0,124.0,153725.0,25289.9
22-Jan-2026,03-Feb-2026,CE,25800.0,109.6,921440.0,25289.9
22-Jan-2026,03-Feb-2026,CE,25850.0,96.45,119535.0,25289.9
22-Jan-2026,03-Feb-2026,CE,25900.0,85.0,409695.0,25289.9
22-Jan-2026,03-Feb-2026,CE,25950.0,72.95,126490.0,25289.9
22-Jan-2026,03-Feb-2026,CE,26000.0,64.0,2027285.0,25289.9
22-Jan-2026,03-Feb-2026,CE,26050.0,55.0,150670.0,25289.9
22-Jan-2026,03-Feb-2026,CE,26100.0,48.95,580125.0,25289.9
22-Jan-2026,03-Feb-2026,CE,26150.0,42.8,107640.0,25289.9
22-Jan-2026,03-Feb-2026,CE,26200.0,37.1,648115.0,25289.9
22-Jan-2026,03-Feb-2026,CE,26250.0,32.45,135915.0,25289.9
22-Jan-2026,03-Feb-2026,CE,26300.0,27.4,674570.0,25289.9
22-Jan-2026,03-Feb-2026,CE,26350.0,24.5,74620.0,25289.9
22-Jan-2026,03-Feb-2026,CE,26400.0,21.9,290550.0,25289.9
22-Jan-2026,03-Feb-2026,CE,26450.0,19.8,52065.0,25289.9
22-Jan-2026,03-Feb-2026,CE,26500.0,16.6,1030250.0,25289.9
22-Jan-2026,03-Feb-2026,CE,26550.0,16.2,46410.0,25289.9
22-Jan-2026,03-Feb-2026,CE,26600.0,17.2,219245.0,25289.9
22-Jan-2026,03-Feb-2026,CE,26650.0,13.4,34515.0,25289.9
22-Jan-2026,03-Feb-2026,CE,26700.0,11.65,330395.0,25289.9
22-Jan-2026,03-Feb-2026,CE,26750.0,10.95,31915.0,25289.9
22-Jan-2026,03-Feb-2026,CE,26800.0,10.25,136435.0,25289.9
22-Jan-2026,03-Feb-2026,CE,26850.0,9.9,16055.0,25289.9
22-Jan-2026,03-Feb-2026,CE,26900.0,9.7,91715.0,25289.9
22-Jan-2026,03-Feb-2026,CE,26950.0,8.6,31005.0,25289.9
22-Jan-2026,03-Feb-2026,CE,27000.0,9.0,1053260.0,25289.9
22-Jan-2026,03-Feb-2026,CE,27050.0,8.3,19695.0,25289.9
22-Jan-2026,03-Feb-2026,CE,27100.0,7.85,118560.0,25289.9
22-Jan-2026,03-Feb-2026,CE,27150.0,6.0,9750.0,25289.9
22-Jan-2026,03-Feb-2026,CE,27200.0,5.7,158730.0,25289.9
22-Jan-2026,03-Feb-2026,CE,27250.0,5.55,9295.0,25289.9
22-Jan-2026,03-Feb-2026,CE,27300.0,4.95,93470.0,25289.9
22-Jan-2026,03-Feb-2026,CE,27350.0,4.85,6890.0,25289.9
22-Jan-2026,03-Feb-2026,CE,27400.0,4.8,24700.0,25289.9
22-Jan-2026,03-Feb-2026,CE,27450.0,5.05,4030.0,25289.9
22-Jan-2026,03-Feb-2026,CE,27500.0,4.4,426465.0,25289.9
22-Jan-2026,03-Feb-2026,CE,27550.0,3.85,14625.0,25289.9
22-Jan-2026,03-Feb-2026,CE,27600.0,2.7,34580.0,25289.9
22-Jan-2026,03-Feb-2026,CE,27650.0,3.05,17615.0,25289.9
22-Jan-2026,03-Feb-2026,CE,27700.0,2.6,47255.0,25289.9
22-Jan-2026,03-Feb-2026,CE,27750.0,3.0,6175.0,25289.9
22-Jan-2026,03-Feb-2026,CE,27800.0,2.6,120770.0,25289.9
22-Jan-2026,03-Feb-2026,CE,27850.0,2.5,41405.0,25289.9
22-Jan-2026,03-Feb-2026,CE,27900.0,2.2,77090.0,25289.9
22-Jan-2026,03-Feb-2026,CE,27950.0,2.1,55250.0,25289.9
22-Jan-2026,03-Feb-2026,CE,28000.0,2.05,371345.0,25289.9
22-Jan-2026,03-Feb-2026,CE,28050.0,1.9,45825.0,25289.9
22-Jan-2026,03-Feb-2026,CE,28100.0,2.05,154310.0,25289.9
22-Jan-2026,03-Feb-2026,PE,23400.0,9.0,556075.0,25289.9
22-Jan-2026,03-Feb-2026,PE,23450.0,11.95,42575.0,25289.9
22-Jan-2026,03-Feb-2026,PE,23500.0,10.0,749580.0,25289.9
22-Jan-2026,03-Feb-2026,PE,23550.0,11.6,40625.0,25289.9
22-Jan-2026,03-Feb-2026,PE,23600.0,11.5,75270.0,25289.9
22-Jan-2026,03-Feb-2026,PE,23650.0,11.25,20735.0,25289.9
22-Jan-2026,03-Feb-2026,PE,23700.0,14.95,121355.0,25289.9
22-Jan-2026,03-Feb-2026,PE,23750.0,14.15,18460.0,25289.9
22-Jan-2026,03-Feb-2026,PE,23800.0,15.8,116090.0,25289.9
22-Jan-2026,03-Feb-2026,PE,23850.0,16.25,30745.0,25289.9
22-Jan-2026,03-Feb-2026,PE,23900.0,16.65,123565.0,25289.9
22-Jan-2026,03-Feb-2026,PE,23950.0,18.25,69290.0,25289.9
22-Jan-2026,03-Feb-2026,PE,24000.0,21.0,1266525.0,25289.9
22-Jan-2026,03-Feb-2026,PE,24050.0,22.3,43225.0,25289.9
22-Jan-2026,03-Feb-2026,PE,24100.0,22.9,122395.0,25289.9
22-Jan-2026,03-Feb-2026,PE,24150.0,24.5,48750.0,25289.9
22-Jan-2026,03-Feb-2026,PE,24200.0,26.2,430950.0,25289.9
22-Jan-2026,03-Feb-2026,PE,24250.0,28.0,43030.0,25289.9
22-Jan-2026,03-Feb-2026,PE,24300.0,29.95,493935.0,25289.9
22-Jan-2026,03-Feb-2026,PE,24350.0,33.05,29120.0,25289.9
22-Jan-2026,03-Feb-2026,PE,24400.0,36.2,261105.0,25289.9
22-Jan-2026,03-Feb-2026,PE,24450.0,40.0,39910.0,25289.9
22-Jan-2026,03-Feb-2026,PE,24500.0,44.4,728260.0,25289.9
22-Jan-2026,03-Feb-2026,PE,24550.0,48.0,195325.0,25289.9
22-Jan-2026,03-Feb-2026,PE,24600.0,53.95,1280500.0,25289.9
22-Jan-2026,03-Feb-2026,PE,24650.0,58.0,163410.0,25289.9
22-Jan-2026,03-Feb-2026,PE,24700.0,63.2,321165.0,25289.9
22-Jan-2026,03-Feb-2026,PE,24750.0,70.75,56680.0,25289.9
22-Jan-2026,03-Feb-2026,PE,24800.0,77.4,439660.0,25289.9
22-Jan-2026,03-Feb-2026,PE,24850.0,86.7,134810.0,25289.9
22-Jan-2026,03-Feb-2026,PE,24900.0,90.55,302120.0,25289.9
22-Jan-2026,03-Feb-2026,PE,24950.0,105.7,88465.0,25289.9
22-Jan-2026,03-Feb-2026,PE,25000.0,115.65,739440.0,25289.9
22-Jan-2026,03-Feb-2026,PE,25050.0,129.65,98735.0,25289.9
22-Jan-2026,03-Feb-2026,PE,25100.0,142.0,363090.0,25289.9
22-Jan-2026,03-Feb-2026,PE,25150.0,162.95,101920.0,25289.9
22-Jan-2026,03-Feb-2026,PE,25200.0,173.75,592475.0,25289.9
22-Jan-2026,03-Feb-2026,PE,25250.0,191.85,144690.0,25289.9
22-Jan-2026,03-Feb-2026,PE,25300.0,208.65,662090.0,25289.9
22-Jan-2026,03-Feb-2026,PE,25350.0,231.7,93535.0,25289.9
22-Jan-2026,03-Feb-2026,PE,25400.0,254.0,547170.0,25289.9
22-Jan-2026,03-Feb-2026,PE,25450.0,277.25,76310.0,25289.9
22-Jan-2026,03-Feb-2026,PE,25500.0,301.8,748280.0,25289.9
22-Jan-2026,03-Feb-2026,PE,25550.0,328.2,55315.0,25289.9
22-Jan-2026,03-Feb-2026,PE,25600.0,357.0,239265.0,25289.9
22-Jan-2026,03-Feb-2026,PE,25650.0,386.65,82095.0,25289.9
22-Jan-2026,03-Feb-2026,PE,25700.0,418.8,209950.0,25289.9
22-Jan-2026,03-Feb-2026,PE,25750.0,453.95,51415.0,25289.9
22-Jan-2026,03-Feb-2026,PE,25800.0,488.5,424385.0,25289.9
22-Jan-2026,03-Feb-2026,PE,25850.0,525.7,42315.0,25289.9
22-Jan-2026,03-Feb-2026,PE,25900.0,560.9,128180.0,25289.9
22-Jan-2026,03-Feb-2026,PE,25950.0,596.0,24180.0,25289.9
22-Jan-2026,03-Feb-2026,PE,26000.0,641.1,338130.0,25289.9
22-Jan-2026,03-Feb-2026,PE,26050.0,684.55,12350.0,25289.9
22-Jan-2026,03-Feb-2026,PE,26100.0,729.25,174980.0,25289.9
22-Jan-2026,03-Feb-2026,PE,26150.0,765.2,13455.0,25289.9
22-Jan-2026,03-Feb-2026,PE,26200.0,819.4,63505.0,25289.9
22-Jan-2026,03-Feb-2026,PE,26250.0,1000.0,3445.0,25289.9
22-Jan-2026,03-Feb-2026,PE,26300.0,902.65,77870.0,25289.9
22-Jan-2026,03-Feb-2026,PE,26350.0,1006.55,2600.0,25289.9
22-Jan-2026,03-Feb-2026,PE,26400.0,998.15,9035.0,25289.9
22-Jan-2026,03-Feb-2026,PE,26450.0,1074.05,650.0,25289.9
22-Jan-2026,03-Feb-2026,PE,26500.0,1096.6,59410.0,25289.9
22-Jan-2026,03-Feb-2026,PE,26550.0,1195.8,,25289.9
22-Jan-2026,03-Feb-2026,PE,26600.0,1304.75,9295.0,25289.9
22-Jan-2026,03-Feb-2026,PE,26650.0,1293.75,,25289.9
22-Jan-2026,03-Feb-2026,PE,26700.0,1341.85,2015.0,25289.9
22-Jan-2026,03-Feb-2026,PE,26750.0,1381.8,65.0,25289.9
22-Jan-2026,03-Feb-2026,PE,26800.0,1419.7,1235.0,25289.9
22-Jan-2026,03-Feb-2026,PE,26850.0,1503.4,65.0,25289.9
22-Jan-2026,03-Feb-2026,PE,26900.0,1538.9,65.0,25289.9
22-Jan-2026,03-Feb-2026,PE,26950.0,1607.35,65.0,25289.9
22-Jan-2026,03-Feb-2026,PE,27000.0,1576.6,36075.0,25289.9
22-Jan-2026,03-Feb-2026,PE,27050.0,1710.15,325.0,25289.9
22-Jan-2026,03-Feb-2026,PE,27100.0,1755.5,130.0,25289.9
22-Jan-2026,03-Feb-2026,PE,27150.0,1788.4,715.0,25289.9
22-Jan-2026,03-Feb-2026,PE,27200.0,1848.1,195.0,25289.9
22-Jan-2026,03-Feb-2026,PE,27250.0,1892.2,130.0,25289.9
22-Jan-2026,03-Feb-2026,PE,27300.0,1919.7,130.0,25289.9
22-Jan-2026,03-Feb-2026,PE,27350.0,2007.5,130.0,25289.9
22-Jan-2026,03-Feb-2026,PE,27400.0,2057.1,130.0,25289.9
22-Jan-2026,03-Feb-2026,PE,27450.0,2106.65,130.0,25289.9
22-Jan-2026,03-Feb-2026,PE,27500.0,2146.05,195.0,25289.9
22-Jan-2026,03-Feb-2026,PE,27550.0,2205.9,130.0,25289.9
22-Jan-2026,03-Feb-2026,PE,27600.0,2236.2,195.0,25289.9
22-Jan-2026,03-Feb-2026,PE,27650.0,2285.85,195.0,25289.9
22-Jan-2026,03-Feb-2026,PE,27700.0,2340.1,130.0,25289.9
22-Jan-2026,03-Feb-2026,PE,27750.0,2390.0,130.0,25289.9
22-Jan-2026,03-Feb-2026,PE,27800.0,2439.9,130.0,25289.9
22-Jan-2026,03-Feb-2026,PE,27850.0,2489.7,130.0,25289.9
22-Jan-2026,03-Feb-2026,PE,27900.0,2539.4,130.0,25289.9
22-Jan-2026,03-Feb-2026,PE,27950.0,2612.85,130.0,25289.9
22-Jan-2026,03-Feb-2026,PE,28000.0,2711.9,1235.0,25289.9
22-Jan-2026,03-Feb-2026,PE,28050.0,2673.2,130.0,25289.9
22-Jan-2026,03-Feb-2026,PE,28100.0,2755.0,130.0,25289.9
22-Jan-2026,17-Feb-2026,CE,23400.0,2047.2,65.0,25289.9
22-Jan-2026,17-Feb-2026,CE,23450.0,1998.7,65.0,25289.9
22-Jan-2026,17-Feb-2026,CE,23500.0,1922.05,130.0,25289.9
22-Jan-2026,17-Feb-2026,CE,23550.0,1864.1,130.0,25289.9
22-Jan-2026,17-Feb-2026,CE,23600.0,1825.95,195.0,25289.9
22-Jan-2026,17-Feb-2026,CE,23650.0,1769.85,130.0,25289.9
22-Jan-2026,17-Feb-2026,CE,23700.0,1721.9,130.0,25289.9
22-Jan-2026,17-Feb-2026,CE,23750.0,1674.55,130.0,25289.9
22-Jan-2026,17-Feb-2026,CE,23800.0,1625.55,130.0,25289.9
22-Jan-2026,17-Feb-2026,CE,23850.0,1578.4,130.0,25289.9
22-Jan-2026,17-Feb-2026,CE,23900.0,1534.15,130.0,25289.9
22-Jan-2026,17-Feb-2026,CE,23950.0,1496.75,130.0,25289.9
22-Jan-2026,17-Feb-2026,CE,24000.0,1473.1,130.0,25289.9
22-Jan-2026,17-Feb-2026,CE,24050.0,1418.8,130.0,25289.9
22-Jan-2026,17-Feb-2026,CE,24100.0,1380.8,130.0,25289.9
22-Jan-2026,17-Feb-2026,CE,24150.0,1334.05,195.0,25289.9
22-Jan-2026,17-Feb-2026,CE,24200.0,1268.0,130.0,25289.9
22-Jan-2026,17-Feb-2026,CE,24250.0,1243.4,195.0,25289.9
22-Jan-2026,17-Feb-2026,CE,24300.0,1191.6,195.0,25289.9
22-Jan-2026,17-Feb-2026,CE,24350.0,1149.05,195.0,25289.9
22-Jan-2026,17-Feb-2026,CE,24400.0,1108.7,260.0,25289.9
22-Jan-2026,17-Feb-2026,CE,24450.0,1065.45,195.0,25289.9
22-Jan-2026,17-Feb-2026,CE,24500.0,1039.2,910.0,25289.9
22-Jan-2026,17-Feb-2026,CE,24550.0,980.15,390.0,25289.9
22-Jan-2026,17-Feb-2026,CE,24600.0,941.6,1755.0,25289.9
22-Jan-2026,17-Feb-2026,CE,24650.0,905.8,1495.0,25289.9
22-Jan-2026,17-Feb-2026,CE,24700.0,844.45,3705.0,25289.9
22-Jan-2026,17-Feb-2026,CE,24750.0,830.45,1560.0,25289.9
22-Jan-2026,17-Feb-2026,CE,24800.0,807.45,6435.0,25289.9
22-Jan-2026,17-Feb-2026,CE,24850.0,660.75,2730.0,25289.9
22-Jan-2026,17-Feb-2026,CE,24900.0,691.4,5200.0,25289.9
22-Jan-2026,17-Feb-2026,CE,24950.0,671.1,2665.0,25289.9
22-Jan-2026,17-Feb-2026,CE,25000.0,658.25,12090.0,25289.9
22-Jan-2026,17-Feb-2026,CE,25050.0,600.0,2795.0,25289.9
22-Jan-2026,17-Feb-2026,CE,25100.0,579.65,5395.0,25289.9
22-Jan-2026,17-Feb-2026,CE,25150.0,546.5,3185.0,25289.9
22-Jan-2026,17-Feb-2026,CE,25200.0,518.15,9685.0,25289.9
22-Jan-2026,17-Feb-2026,CE,25250.0,440.0,2600.0,25289.9
22-Jan-2026,17-Feb-2026,CE,25300.0,458.1,15925.0,25289.9
22-Jan-2026,17-Feb-2026,CE,25350.0,429.75,1495.0,25289.9
22-Jan-2026,17-Feb-2026,CE,25400.0,393.3,12480.0,25289.9
22-Jan-2026,17-Feb-2026,CE,25450.0,362.3,1885.0,25289.9
22-Jan-2026,17-Feb-2026,CE,25500.0,342.0,24895.0,25289.9
22-Jan-2026,17-Feb-2026,CE,25550.0,264.9,1950.0,25289.9
22-Jan-2026,17-Feb-2026,CE,25600.0,295.6,12090.0,25289.9
22-Jan-2026,17-Feb-2026,CE,25650.0,271.8,9620.0,25289.9
22-Jan-2026,17-Feb-2026,CE,25700.0,249.5,13650.0,25289.9
22-Jan-2026,17-Feb-2026,CE,25750.0,212.05,2990.0,25289.9
22-Jan-2026,17-Feb-2026,CE,25800.0,211.95,20280.0,25289.9
22-Jan-2026,17-Feb-2026,CE,25850.0,180.75,715.0,25289.9
22-Jan-2026,17-Feb-2026,CE,25900.0,175.0,13845.0,25289.9
22-Jan-2026,17-Feb-2026,CE,25950.0,150.85,1885.0,25289.9
22-Jan-2026,17-Feb-2026,CE,26000.0,146.75,47190.0,25289.9
22-Jan-2026,17-Feb-2026,CE,26050.0,129.6,2080.0,25289.9
22-Jan-2026,17-Feb-2026,CE,26100.0,121.2,12805.0,25289.9
22-Jan-2026,17-Feb-2026,CE,26150.0,106.15,1040.0,25289.9
22-Jan-2026,17-Feb-2026,CE,26200.0,99.95,9230.0,25289.9
22-Jan-2026,17-Feb-2026,CE,26250.0,87.6,1885.0,25289.9
22-Jan-2026,17-Feb-2026,CE,26300.0,82.2,5200.0,25289.9
22-Jan-2026,17-Feb-2026,CE,26350.0,74.45,1300.0,25289.9
22-Jan-2026,17-Feb-2026,CE,26400.0,68.3,26195.0,25289.9
22-Jan-2026,17-Feb-2026,CE,26450.0,60.7,1820.0,25289.9
22-Jan-2026,17-Feb-2026,CE,26500.0,56.45,10725.0,25289.9
22-Jan-2026,17-Feb-2026,CE,26550.0,48.9,1040.0,25289.9
22-Jan-2026,17-Feb-2026,CE,26600.0,46.0,9490.0,25289.9
22-Jan-2026,17-Feb-2026,CE,26650.0,41.8,5525.0,25289.9
22-Jan-2026,17-Feb-2026,CE,26700.0,38.5,4810.0,25289.9
22-Jan-2026,17-Feb-2026,CE,26750.0,34.4,390.0,25289.9
22-Jan-2026,17-Feb-2026,CE,26800.0,33.0,1820.0,25289.9
22-Jan-2026,17-Feb-2026,CE,26850.0,29.4,1040.0,25289.9
22-Jan-2026,17-Feb-2026,CE,26900.0,26.65,1950.0,25289.9
22-Jan-2026,17-Feb-2026,CE,26950.0,24.9,520.0,25289.9
22-Jan-2026,17-Feb-2026,CE,27000.0,22.15,13845.0,25289.9
22-Jan-2026,17-Feb-2026,CE,27050.0,21.4,585.0,25289.9
22-Jan-2026,17-Feb-2026,CE,27100.0,19.5,1950.0,25289.9
22-Jan-2026,17-Feb-2026,CE,27150.0,18.05,455.0,25289.9
22-Jan-2026,17-Feb-2026,CE,27200.0,15.5,4875.0,25289.9
22-Jan-2026,17-Feb-2026,CE,27250.0,16.85,520.0,25289.9
22-Jan-2026,17-Feb-2026,CE,27300.0,15.1,845.0,25289.9
22-Jan-2026,17-Feb-2026,CE,27350.0,,,25289.9
22-Jan-2026,17-Feb-2026,CE,27400.0,11.9,5330.0,25289.9
22-Jan-2026,17-Feb-2026,CE,27450.0,,,25289.9
22-Jan-2026,17-Feb-2026,CE,27500.0,10.8,1560.0,25289.9
22-Jan-2026,17-Feb-2026,PE,23400.0,18.6,1040.0,25289.9
22-Jan-2026,17-Feb-2026,PE,23450.0,18.95,975.0,25289.9
22-Jan-2026,17-Feb-2026,PE,23500.0,19.7,7540.0,25289.9
22-Jan-2026,17-Feb-2026,PE,23550.0,20.4,845.0,25289.9
22-Jan-2026,17-Feb-2026,PE,23600.0,24.2,10335.0,25289.9
22-Jan-2026,17-Feb-2026,PE,23650.0,24.95,845.0,25289.9
22-Jan-2026,17-Feb-2026,PE,23700.0,36.75,2275.0,25289.9
22-Jan-2026,17-Feb-2026,PE,23750.0,28.85,1820.0,25289.9
22-Jan-2026,17-Feb-2026,PE,23800.0,28.4,2340.0,25289.9
22-Jan-2026,17-Feb-2026,PE,23850.0,31.6,975.0,25289.9
22-Jan-2026,17-Feb-2026,PE,23900.0,33.25,975.0,25289.9
22-Jan-2026,17-Feb-2026,PE,23950.0,35.75,910.0,25289.9
22-Jan-2026,17-Feb-2026,PE,24000.0,38.25,25740.0,25289.9
22-Jan-2026,17-Feb-2026,PE,24050.0,42.3,390.0,25289.9
22-Jan-2026,17-Feb-2026,PE,24100.0,43.75,3705.0,25289.9
22-Jan-2026,17-Feb-2026,PE,24150.0,52.65,130.0,25289.9
22-Jan-2026,17-Feb-2026,PE,24200.0,53.45,2535.0,25289.9
22-Jan-2026,17-Feb-2026,PE,24250.0,61.0,585.0,25289.9
22-Jan-2026,17-Feb-2026,PE,24300.0,59.0,2405.0,25289.9
22-Jan-2026,17-Feb-2026,PE,24350.0,63.75,585.0,25289.9
22-Jan-2026,17-Feb-2026,PE,24400.0,69.0,7540.0,25289.9
22-Jan-2026,17-Feb-2026,PE,24450.0,98.95,1235.0,25289.9
22-Jan-2026,17-Feb-2026,PE,24500.0,80.35,10660.0,25289.9
22-Jan-2026,17-Feb-2026,PE,24550.0,85.85,1430.0,25289.9
22-Jan-2026,17-Feb-2026,PE,24600.0,94.45,7280.0,25289.9
22-Jan-2026,17-Feb-2026,PE,24650.0,102.5,1365.0,25289.9
22-Jan-2026,17-Feb-2026,PE,24700.0,109.55,8125.0,25289.9
22-Jan-2026,17-Feb-2026,PE,24750.0,116.75,2210.0,25289.9
22-Jan-2026,17-Feb-2026,PE,24800.0,128.95,7800.0,25289.9
22-Jan-2026,17-Feb-2026,PE,24850.0,138.0,3120.0,25289.9
22-Jan-2026,17-Feb-2026,PE,24900.0,154.15,3055.0,25289.9
22-Jan-2026,17-Feb-2026,PE,24950.0,175.1,2795.0,25289.9
22-Jan-2026,17-Feb-2026,PE,25000.0,175.1,12610.0,25289.9
22-Jan-2026,17-Feb-2026,PE,25050.0,206.75,1040.0,25289.9
22-Jan-2026,17-Feb-2026,PE,25100.0,202.85,6240.0,25289.9
22-Jan-2026,17-Feb-2026,PE,25150.0,236.3,455.0,25289.9
22-Jan-2026,17-Feb-2026,PE,25200.0,234.75,9750.0,25289.9
22-Jan-2026,17-Feb-2026,PE,25250.0,262.65,2665.0,25289.9
22-Jan-2026,17-Feb-2026,PE,25300.0,269.45,9880.0,25289.9
22-Jan-2026,17-Feb-2026,PE,25350.0,281.3,1040.0,25289.9
22-Jan-2026,17-Feb-2026,PE,25400.0,308.45,5785.0,25289.9
22-Jan-2026,17-Feb-2026,PE,25450.0,327.0,910.0,25289.9
22-Jan-2026,17-Feb-2026,PE,25500.0,355.95,10725.0,25289.9
22-Jan-2026,17-Feb-2026,PE,25550.0,410.75,5005.0,25289.9
22-Jan-2026,17-Feb-2026,PE,25600.0,406.85,7735.0,25289.9
22-Jan-2026,17-Feb-2026,PE,25650.0,467.55,65.0,25289.9
22-Jan-2026,17-Feb-2026,PE,25700.0,458.25,4550.0,25289.9
22-Jan-2026,17-Feb-2026,PE,25750.0,557.0,390.0,25289.9
22-Jan-2026,17-Feb-2026,PE,25800.0,546.65,2860.0,25289.9
22-Jan-2026,17-Feb-2026,PE,25850.0,543.4,1170.0,25289.9
22-Jan-2026,17-Feb-2026,PE,25900.0,583.6,5135.0,25289.9
22-Jan-2026,17-Feb-2026,PE,25950.0,610.95,910.0,25289.9
22-Jan-2026,17-Feb-2026,PE,26000.0,668.3,1300.0,25289.9
22-Jan-2026,17-Feb-2026,PE,26050.0,699.15,390.0,25289.9
22-Jan-2026,17-Feb-2026,PE,26100.0,787.55,65.0,25289.9
22-Jan-2026,17-Feb-2026,PE,26150.0,845.75,65.0,25289.9
22-Jan-2026,17-Feb-2026,PE,26200.0,835.95,260.0,25289.9
22-Jan-2026,17-Feb-2026,PE,26250.0,885.0,130.0,25289.9
22-Jan-2026,17-Feb-2026,PE,26300.0,970.6,65.0,25289.9
22-Jan-2026,17-Feb-2026,PE,26350.0,1019.0,65.0,25289.9
22-Jan-2026,17-Feb-2026,PE,26400.0,1056.95,65.0,25289.9
22-Jan-2026,17-Feb-2026,PE,26450.0,1080.4,65.0,25289.9
22-Jan-2026,17-Feb-2026,PE,26500.0,1146.35,65.0,25289.9
22-Jan-2026,17-Feb-2026,PE,26550.0,1145.55,65.0,25289.9
22-Jan-2026,17-Feb-2026,PE,26600.0,1201.05,130.0,25289.9
22-Jan-2026,17-Feb-2026,PE,26650.0,1236.25,130.0,25289.9
22-Jan-2026,17-Feb-2026,PE,26700.0,1282.9,65.0,25289.9
22-Jan-2026,17-Feb-2026,PE,26750.0,1329.5,65.0,25289.9
22-Jan-2026,17-Feb-2026,PE,26800.0,1373.35,130.0,25289.9
22-Jan-2026,17-Feb-2026,PE,26850.0,1423.6,130.0,25289.9
22-Jan-2026,17-Feb-2026,PE,26900.0,1450.25,130.0,25289.9
22-Jan-2026,17-Feb-2026,PE,26950.0,1477.1,65.0,25289.9
22-Jan-2026,17-Feb-2026,PE,27000.0,1524.7,130.0,25289.9
22-Jan-2026,17-Feb-2026,PE,27050.0,1572.7,65.0,25289.9
22-Jan-2026,17-Feb-2026,PE,27100.0,1662.4,130.0,25289.9
22-Jan-2026,17-Feb-2026,PE,27150.0,1733.9,390.0,25289.9
22-Jan-2026,17-Feb-2026,PE,27200.0,1716.55,65.0,25289.9
22-Jan-2026,17-Feb-2026,PE,27250.0,1779.15,130.0,25289.9
22-Jan-2026,17-Feb-2026,PE,27300.0,1814.0,65.0,25289.9
22-Jan-2026,17-Feb-2026,PE,27350.0,1862.55,65.0,25289.9
22-Jan-2026,17-Feb-2026,PE,27400.0,1931.8,130.0,25289.9
22-Jan-2026,17-Feb-2026,PE,27450.0,1959.95,130.0,25289.9
22-Jan-2026,17-Feb-2026,PE,27500.0,2008.7,130.0,25289.9
22-Jan-2026,02-Mar-2026,CE,23400.0,,,25289.9
22-Jan-2026,02-Mar-2026,CE,23450.0,,,25289.9
22-Jan-2026,02-Mar-2026,CE,23500.0,,,25289.9
22-Jan-2026,02-Mar-2026,CE,23550.0,,,25289.9
22-Jan-2026,02-Mar-2026,CE,23600.0,,,25289.9
22-Jan-2026,02-Mar-2026,CE,23650.0,,,25289.9
22-Jan-2026,02-Mar-2026,CE,23700.0,,,25289.9
22-Jan-2026,02-Mar-2026,CE,23750.0,,,25289.9
22-Jan-2026,02-Mar-2026,CE,23800.0,,,25289.9
22-Jan-2026,02-Mar-2026,CE,23850.0,,,25289.9
22-Jan-2026,02-Mar-2026,CE,23900.0,,,25289.9
22-Jan-2026,02-Mar-2026,CE,23950.0,,,25289.9
22-Jan-2026,02-Mar-2026,CE,24000.0,,,25289.9
22-Jan-2026,02-Mar-2026,CE,24050.0,,,25289.9
22-Jan-2026,02-Mar-2026,CE,24100.0,,,25289.9
22-Jan-2026,02-Mar-2026,CE,24150.0,,,25289.9
22-Jan-2026,02-Mar-2026,CE,24200.0,,,25289.9
22-Jan-2026,02-Mar-2026,CE,24250.0,,,25289.9
22-Jan-2026,02-Mar-2026,CE,24300.0,,,25289.9
22-Jan-2026,02-Mar-2026,CE,24350.0,,,25289.9
22-Jan-2026,02-Mar-2026,CE,24400.0,,,25289.9
22-Jan-2026,02-Mar-2026,CE,24450.0,,,25289.9
22-Jan-2026,02-Mar-2026,CE,24500.0,,,25289.9
22-Jan-2026,02-Mar-2026,CE,24550.0,,,25289.9
22-Jan-2026,02-Mar-2026,CE,24600.0,,,25289.9
22-Jan-2026,02-Mar-2026,CE,24650.0,,,25289.9
22-Jan-2026,02-Mar-2026,CE,24700.0,,,25289.9
22-Jan-2026,02-Mar-2026,CE,24750.0,,,25289.9
22-Jan-2026,02-Mar-2026,CE,24800.0,,,25289.9
22-Jan-2026,02-Mar-2026,CE,24850.0,,,25289.9
22-Jan-2026,02-Mar-2026,CE,24900.0,,,25289.9
22-Jan-2026,02-Mar-2026,CE,24950.0,,,25289.9
22-Jan-2026,02-Mar-2026,CE,25000.0,,,25289.9
22-Jan-2026,02-Mar-2026,CE,25050.0,,,25289.9
22-Jan-2026,02-Mar-2026,CE,25100.0,602.6,195.0,25289.9
22-Jan-2026,02-Mar-2026,CE,25150.0,,,25289.9
22-Jan-2026,02-Mar-2026,CE,25200.0,601.55,325.0,25289.9
22-Jan-2026,02-Mar-2026,CE,25250.0,,,25289.9
22-Jan-2026,02-Mar-2026,CE,25300.0,543.35,65.0,25289.9
22-Jan-2026,02-Mar-2026,CE,25350.0,,,25289.9
22-Jan-2026,02-Mar-2026,CE,25400.0,412.95,585.0,25289.9
22-Jan-2026,02-Mar-2026,CE,25450.0,,,25289.9
22-Jan-2026,02-Mar-2026,CE,25500.0,,,25289.9
22-Jan-2026,02-Mar-2026,CE,25550.0,,,25289.9
22-Jan-2026,02-Mar-2026,CE,25600.0,,,25289.9
22-Jan-2026,02-Mar-2026,CE,25650.0,,,25289.9
22-Jan-2026,02-Mar-2026,CE,25700.0,,,25289.9
22-Jan-2026,02-Mar-2026,CE,25750.0,,,25289.9
22-Jan-2026,02-Mar-2026,CE,25800.0,,,25289.9
22-Jan-2026,02-Mar-2026,CE,25850.0,,,25289.9
22-Jan-2026,02-Mar-2026,CE,25900.0,,,25289.9
22-Jan-2026,02-Mar-2026,CE,25950.0,,,25289.9
22-Jan-2026,02-Mar-2026,CE,26000.0,,,25289.9
22-Jan-2026,02-Mar-2026,CE,26050.0,,,25289.9
22-Jan-2026,02-Mar-2026,CE,26100.0,,,25289.9
22-Jan-2026,02-Mar-2026,CE,26150.0,,,25289.9
22-Jan-2026,02-Mar-2026,CE,26200.0,,,25289.9
22-Jan-2026,02-Mar-2026,CE,26250.0,,,25289.9
22-Jan-2026,02-Mar-2026,CE,26300.0,,,25289.9
22-Jan-2026,02-Mar-2026,CE,26350.0,,,25289.9
22-Jan-2026,02-Mar-2026,CE,26400.0,,,25289.9
22-Jan-2026,02-Mar-2026,CE,26450.0,,,25289.9
22-Jan-2026,02-Mar-2026,CE,26500.0,,,25289.9
22-Jan-2026,02-Mar-2026,CE,26550.0,113.4,65.0,25289.9
22-Jan-2026,02-Mar-2026,CE,26600.0,,,25289.9
22-Jan-2026,02-Mar-2026,CE,26650.0,,,25289.9
22-Jan-2026,02-Mar-2026,CE,26700.0,,,25289.9
22-Jan-2026,02-Mar-2026,CE,26750.0,,,25289.9
22-Jan-2026,02-Mar-2026,CE,26800.0,,,25289.9
22-Jan-2026,02-Mar-2026,CE,26850.0,,,25289.9
22-Jan-2026,02-Mar-2026,CE,26900.0,,,25289.9
22-Jan-2026,02-Mar-2026,CE,26950.0,,,25289.9
22-Jan-2026,02-Mar-2026,CE,27000.0,42.0,5005.0,25289.9
22-Jan-2026,02-Mar-2026,PE,23400.0,28.0,585.0,25289.9
22-Jan-2026,02-Mar-2026,PE,23450.0,,,25289.9
22-Jan-2026,02-Mar-2026,PE,23500.0,,,25289.9
22-Jan-2026,02-Mar-2026,PE,23550.0,,,25289.9
22-Jan-2026,02-Mar-2026,PE,23600.0,,,25289.9
22-Jan-2026,02-Mar-2026,PE,23650.0,,,25289.9
22-Jan-2026,02-Mar-2026,PE,23700.0,,,25289.9
22-Jan-2026,02-Mar-2026,PE,23750.0,,,25289.9
22-Jan-2026,02-Mar-2026,PE,23800.0,52.0,520.0,25289.9
22-Jan-2026,02-Mar-2026,PE,23850.0,,,25289.9
22-Jan-2026,02-Mar-2026,PE,23900.0,,,25289.9
22-Jan-2026,02-Mar-2026,PE,23950.0,,,25289.9
22-Jan-2026,02-Mar-2026,PE,24000.0,,,25289.9
22-Jan-2026,02-Mar-2026,PE,24050.0,,,25289.9
22-Jan-2026,02-Mar-2026,PE,24100.0,,,25289.9
22-Jan-2026,02-Mar-2026,PE,24150.0,82.15,65.0,25289.9
22-Jan-2026,02-Mar-2026,PE,24200.0,79.05,195.0,25289.9
22-Jan-2026,02-Mar-2026,PE,24250.0,,,25289.9
22-Jan-2026,02-Mar-2026,PE,24300.0,88.55,390.0,25289.9
22-Jan-2026,02-Mar-2026,PE,24350.0,99.6,65.0,25289.9
22-Jan-2026,02-Mar-2026,PE,24400.0,108.7,520.0,25289.9
22-Jan-2026,02-Mar-2026,PE,24450.0,109.05,65.0,25289.9
22-Jan-2026,02-Mar-2026,PE,24500.0,119.55,1170.0,25289.9
22-Jan-2026,02-Mar-2026,PE,24550.0,,,25289.9
22-Jan-2026,02-Mar-2026,PE,24600.0,,,25289.9
22-Jan-2026,02-Mar-2026,PE,24650.0,,,25289.9
22-Jan-2026,02-Mar-2026,PE,24700.0,,,25289.9
22-Jan-2026,02-Mar-2026,PE,24750.0,,,25289.9
22-Jan-2026,02-Mar-2026,PE,24800.0,187.9,65.0,25289.9
22-Jan-2026,02-Mar-2026,PE,24850.0,221.1,65.0,25289.9
22-Jan-2026,02-Mar-2026,PE,24900.0,249.35,65.0,25289.9
22-Jan-2026,02-Mar-2026,PE,24950.0,268.0,65.0,25289.9
22-Jan-2026,02-Mar-2026,PE,25000.0,211.15,1040.0,25289.9
22-Jan-2026,02-Mar-2026,PE,25050.0,,,25289.9
22-Jan-2026,02-Mar-2026,PE,25100.0,,,25289.9
22-Jan-2026,02-Mar-2026,PE,25150.0,,,25289.9
22-Jan-2026,02-Mar-2026,PE,25200.0,295.3,2405.0,25289.9
22-Jan-2026,02-Mar-2026,PE,25250.0,310.0,65.0,25289.9
22-Jan-2026,02-Mar-2026,PE,25300.0,,,25289.9
22-Jan-2026,02-Mar-2026,PE,25350.0,400.0,65.0,25289.9
22-Jan-2026,02-Mar-2026,PE,25400.0,,,25289.9
22-Jan-2026,02-Mar-2026,PE,25450.0,,,25289.9
22-Jan-2026,02-Mar-2026,PE,25500.0,410.0,65.0,25289.9
22-Jan-2026,02-Mar-2026,PE,25550.0,,,25289.9
22-Jan-2026,02-Mar-2026,PE,25600.0,,,25289.9
22-Jan-2026,02-Mar-2026,PE,25650.0,,,25289.9
22-Jan-2026,02-Mar-2026,PE,25700.0,,,25289.9
22-Jan-2026,02-Mar-2026,PE,25750.0,,,25289.9
22-Jan-2026,02-Mar-2026,PE,25800.0,,,25289.9
22-Jan-2026,02-Mar-2026,PE,25850.0,,,25289.9
22-Jan-2026,02-Mar-2026,PE,25900.0,,,25289.9
22-Jan-2026,02-Mar-2026,PE,25950.0,,,25289.9
22-Jan-2026,02-Mar-2026,PE,26000.0,,,25289.9
22-Jan-2026,02-Mar-2026,PE,26050.0,,,25289.9
22-Jan-2026,02-Mar-2026,PE,26100.0,,,25289.9
22-Jan-2026,02-Mar-2026,PE,26150.0,,,25289.9
22-Jan-2026,02-Mar-2026,PE,26200.0,,,25289.9
22-Jan-2026,02-Mar-2026,PE,26250.0,,,25289.9
22-Jan-2026,02-Mar-2026,PE,26300.0,,,25289.9
22-Jan-2026,02-Mar-2026,PE,26350.0,,,25289.9
22-Jan-2026,02-Mar-2026,PE,26400.0,,,25289.9
22-Jan-2026,02-Mar-2026,PE,26450.0,,,25289.9
22-Jan-2026,02-Mar-2026,PE,26500.0,,,25289.9
22-Jan-2026,02-Mar-2026,PE,26550.0,,,25289.9
22-Jan-2026,02-Mar-2026,PE,26600.0,,,25289.9
22-Jan-2026,02-Mar-2026,PE,26650.0,,,25289.9
22-Jan-2026,02-Mar-2026,PE,26700.0,,,25289.9
22-Jan-2026,02-Mar-2026,PE,26750.0,,,25289.9
22-Jan-2026,02-Mar-2026,PE,26800.0,,,25289.9
22-Jan-2026,02-Mar-2026,PE,26850.0,,,25289.9
22-Jan-2026,02-Mar-2026,PE,26900.0,,,25289.9
22-Jan-2026,02-Mar-2026,PE,26950.0,1430.0,65.0,25289.9
22-Jan-2026,02-Mar-2026,PE,27000.0,,,25289.9
23-Jan-2026,03-Feb-2026,CE,23400.0,1740.5,195.0,25048.65
23-Jan-2026,03-Feb-2026,CE,23450.0,1695.1,130.0,25048.65
23-Jan-2026,03-Feb-2026,CE,23500.0,1665.9,1625.0,25048.65
23-Jan-2026,03-Feb-2026,CE,23550.0,1818.4,195.0,25048.65
23-Jan-2026,03-Feb-2026,CE,23600.0,1572.65,195.0,25048.65
23-Jan-2026,03-Feb-2026,CE,23650.0,1526.65,260.0,25048.65
23-Jan-2026,03-Feb-2026,CE,23700.0,1447.8,780.0,25048.65
23-Jan-2026,03-Feb-2026,CE,23750.0,1435.5,1950.0,25048.65
23-Jan-2026,03-Feb-2026,CE,23800.0,1390.4,650.0,25048.65
23-Jan-2026,03-Feb-2026,CE,23850.0,1323.6,455.0,25048.65
23-Jan-2026,03-Feb-2026,CE,23900.0,1265.85,390.0,25048.65
23-Jan-2026,03-Feb-2026,CE,23950.0,1225.9,715.0,25048.65
23-Jan-2026,03-Feb-2026,CE,24000.0,1148.6,90285.0,25048.65
23-Jan-2026,03-Feb-2026,CE,24050.0,1124.65,520.0,25048.65
23-Jan-2026,03-Feb-2026,CE,24100.0,1045.0,455.0,25048.65
23-Jan-2026,03-Feb-2026,CE,24150.0,1052.25,325.0,25048.65
23-Jan-2026,03-Feb-2026,CE,24200.0,975.0,1105.0,25048.65
23-Jan-2026,03-Feb-2026,CE,24250.0,963.8,715.0,25048.65
23-Jan-2026,03-Feb-2026,CE,24300.0,867.4,4030.0,25048.65
23-Jan-2026,03-Feb-2026,CE,24350.0,845.55,520.0,25048.65
23-Jan-2026,03-Feb-2026,CE,24400.0,795.0,2730.0,25048.65
23-Jan-2026,03-Feb-2026,CE,24450.0,751.65,1300.0,25048.65
23-Jan-2026,03-Feb-2026,CE,24500.0,708.4,70915.0,25048.65
23-Jan-2026,03-Feb-2026,CE,24550.0,653.0,7085.0,25048.65
23-Jan-2026,03-Feb-2026,CE,24600.0,641.05,44330.0,25048.65
23-Jan-2026,03-Feb-2026,CE,24650.0,588.1,9230.0,25048.65
23-Jan-2026,03-Feb-2026,CE,24700.0,552.0,46345.0,25048.65
23-Jan-2026,03-Feb-2026,CE,24750.0,519.0,10075.0,25048.65
23-Jan-2026,03-Feb-2026,CE,24800.0,477.8,70655.0,25048.65
23-Jan-2026,03-Feb-2026,CE,24850.0,444.4,17355.0,25048.65
23-Jan-2026,03-Feb-2026,CE,24900.0,411.0,88985.0,25048.65
23-Jan-2026,03-Feb-2026,CE,24950.0,391.4,33735.0,25048.65
23-Jan-2026,03-Feb-2026,CE,25000.0,355.6,611780.0,25048.65
23-Jan-2026,03-Feb-2026,CE,25050.0,324.3,109655.0,25048.65
23-Jan-2026,03-Feb-2026,CE,25100.0,295.0,580970.0,25048.65
23-Jan-2026,03-Feb-2026,CE,25150.0,267.75,154505.0,25048.65
23-Jan-2026,03-Feb-2026,CE,25200.0,243.0,1047345.0,25048.65
23-Jan-2026,03-Feb-2026,CE,25250.0,217.55,233805.0,25048.65
23-Jan-2026,03-Feb-2026,CE,25300.0,201.7,1429415.0,25048.65
23-Jan-2026,03-Feb-2026,CE,25350.0,180.25,286910.0,25048.65
23-Jan-2026,03-Feb-2026,CE,25400.0,161.85,1263340.0,25048.65
23-Jan-2026,03-Feb-2026,CE,25450.0,141.5,211575.0,25048.65
23-Jan-2026,03-Feb-2026,CE,25500.0,127.5,2015715.0,25048.65
23-Jan-2026,03-Feb-2026,CE,25550.0,112.0,218335.0,25048.65
23-Jan-2026,03-Feb-2026,CE,25600.0,100.0,931905.0,25048.65
23-Jan-2026,03-Feb-2026,CE,25650.0,89.7,209560.0,25048.65
23-Jan-2026,03-Feb-2026,CE,25700.0,79.1,908245.0,25048.65
23-Jan-2026,03-Feb-2026,CE,25750.0,69.25,240500.0,25048.65
23-Jan-2026,03-Feb-2026,CE,25800.0,63.45,1322620.0,25048.65
23-Jan-2026,03-Feb-2026,CE,25850.0,55.0,197015.0,25048.65
23-Jan-2026,03-Feb-2026,CE,25900.0,49.85,613405.0,25048.65
23-Jan-2026,03-Feb-2026,CE,25950.0,42.95,185380.0,25048.65
23-Jan-2026,03-Feb-2026,CE,26000.0,39.0,2961725.0,25048.65
23-Jan-2026,03-Feb-2026,CE,26050.0,35.95,226720.0,25048.65
23-Jan-2026,03-Feb-2026,CE,26100.0,29.4,950560.0,25048.65
23-Jan-2026,03-Feb-2026,CE,26150.0,27.35,160030.0,25048.65
23-Jan-2026,03-Feb-2026,CE,26200.0,24.8,850980.0,25048.65
23-Jan-2026,03-Feb-2026,CE,26250.0,21.2,215280.0,25048.65
23-Jan-2026,03-Feb-2026,CE,26300.0,20.9,753415.0,25048.65
23-Jan-2026,03-Feb-2026,CE,26350.0,18.75,102960.0,25048.65
23-Jan-2026,03-Feb-2026,CE,26400.0,16.0,602290.0,25048.65
23-Jan-2026,03-Feb-2026,CE,26450.0,15.55,150345.0,25048.65
23-Jan-2026,03-Feb-2026,CE,26500.0,13.0,1689285.0,25048.65
23-Jan-2026,03-Feb-2026,CE,26550.0,13.45,89050.0,25048.65
23-Jan-2026,03-Feb-2026,CE,26600.0,12.9,428480.0,25048.65
23-Jan-2026,03-Feb-2026,CE,26650.0,10.15,58890.0,25048.65
23-Jan-2026,03-Feb-2026,CE,26700.0,11.0,493025.0,25048.65
23-Jan-2026,03-Feb-2026,CE,26750.0,8.3,47775.0,25048.65
23-Jan-2026,03-Feb-2026,CE,26800.0,8.6,225225.0,25048.65
23-Jan-2026,03-Feb-2026,CE,26850.0,7.65,18720.0,25048.65
23-Jan-2026,03-Feb-2026,CE,26900.0,7.1,155220.0,25048.65
23-Jan-2026,03-Feb-2026,CE,26950.0,7.5,51545.0,25048.65
23-Jan-2026,03-Feb-2026,CE,27000.0,6.5,1775150.0,25048.65
23-Jan-2026,03-Feb-2026,CE,27050.0,5.1,36465.0,25048.65
23-Jan-2026,03-Feb-2026,CE,27100.0,4.7,237640.0,25048.65
23-Jan-2026,03-Feb-2026,CE,27150.0,5.85,20085.0,25048.65
23-Jan-2026,03-Feb-2026,CE,27200.0,4.0,209105.0,25048.65
23-Jan-2026,03-Feb-2026,CE,27250.0,4.25,10985.0,25048.65
23-Jan-2026,03-Feb-2026,CE,27300.0,4.0,186940.0,25048.65
23-Jan-2026,03-Feb-2026,CE,27350.0,4.0,14105.0,25048.65
23-Jan-2026,03-Feb-2026,CE,27400.0,8.1,160095.0,25048.65
23-Jan-2026,03-Feb-2026,CE,27450.0,3.15,33865.0,25048.65
23-Jan-2026,03-Feb-2026,CE,27500.0,3.55,1084200.0,25048.65
23-Jan-2026,03-Feb-2026,CE,27550.0,2.5,221325.0,25048.65
23-Jan-2026,03-Feb-2026,CE,27600.0,2.2,294125.0,25048.65
23-Jan-2026,03-Feb-2026,CE,27650.0,2.15,211835.0,25048.65
23-Jan-2026,03-Feb-2026,CE,27700.0,2.2,169910.0,25048.65
23-Jan-2026,03-Feb-2026,CE,27750.0,1.95,84695.0,25048.65
23-Jan-2026,03-Feb-2026,CE,27800.0,2.1,345475.0,25048.65
23-Jan-2026,03-Feb-2026,CE,27850.0,1.75,111280.0,25048.65
23-Jan-2026,03-Feb-2026,CE,27900.0,1.7,193050.0,25048.65
23-Jan-2026,03-Feb-2026,CE,27950.0,1.75,165295.0,25048.65
23-Jan-2026,03-Feb-2026,CE,28000.0,1.7,2031315.0,25048.65
23-Jan-2026,03-Feb-2026,CE,28050.0,1.55,203515.0,25048.65
23-Jan-2026,03-Feb-2026,CE,28100.0,1.65,313885.0,25048.65
23-Jan-2026,03-Feb-2026,PE,23400.0,13.3,1151345.0,25048.65
23-Jan-2026,03-Feb-2026,PE,23450.0,20.6,71630.0,25048.65
23-Jan-2026,03-Feb-2026,PE,23500.0,14.05,1283230.0,25048.65
23-Jan-2026,03-Feb-2026,PE,23550.0,12.75,78715.0,25048.65
23-Jan-2026,03-Feb-2026,PE,23600.0,16.95,135070.0,25048.65
23-Jan-2026,03-Feb-2026,PE,23650.0,17.5,30485.0,25048.65
23-Jan-2026,03-Feb-2026,PE,23700.0,18.15,170820.0,25048.65
23-Jan-2026,03-Feb-2026,PE,23750.0,19.6,24505.0,25048.65
23-Jan-2026,03-Feb-2026,PE,23800.0,21.1,635050.0,25048.65
23-Jan-2026,03-Feb-2026,PE,23850.0,24.6,55055.0,25048.65
23-Jan-2026,03-Feb-2026,PE,23900.0,23.55,179790.0,25048.65
23-Jan-2026,03-Feb-2026,PE,23950.0,29.75,45630.0,25048.65
23-Jan-2026,03-Feb-2026,PE,24000.0,32.15,1358760.0,25048.65
23-Jan-2026,03-Feb-2026,PE,24050.0,36.25,51220.0,25048.65
23-Jan-2026,03-Feb-2026,PE,24100.0,38.1,241345.0,25048.65
23-Jan-2026,03-Feb-2026,PE,24150.0,43.55,78585.0,25048.65
23-Jan-2026,03-Feb-2026,PE,24200.0,47.1,604630.0,25048.65
23-Jan-2026,03-Feb-2026,PE,24250.0,52.1,264420.0,25048.65
23-Jan-2026,03-Feb-2026,PE,24300.0,60.0,706030.0,25048.65
23-Jan-2026,03-Feb-2026,PE,24350.0,65.3,75725.0,25048.65
23-Jan-2026,03-Feb-2026,PE,24400.0,68.1,352300.0,25048.65
23-Jan-2026,03-Feb-2026,PE,24450.0,71.85,63245.0,25048.65
23-Jan-2026,03-Feb-2026,PE,24500.0,90.0,1134835.0,25048.65
23-Jan-2026,03-Feb-2026,PE,24550.0,95.55,181870.0,25048.65
23-Jan-2026,03-Feb-2026,PE,24600.0,102.85,1381705.0,25048.65
23-Jan-2026,03-Feb-2026,PE,24650.0,118.95,195650.0,25048.65
23-Jan-2026,03-Feb-2026,PE,24700.0,129.95,462865.0,25048.65
23-Jan-2026,03-Feb-2026,PE,24750.0,143.0,104585.0,25048.65
23-Jan-2026,03-Feb-2026,PE,24800.0,151.15,614640.0,25048.65
23-Jan-2026,03-Feb-2026,PE,24850.0,167.3,133380.0,25048.65
23-Jan-2026,03-Feb-2026,PE,24900.0,186.85,427765.0,25048.65
23-Jan-2026,03-Feb-2026,PE,24950.0,201.1,131690.0,25048.65
23-Jan-2026,03-Feb-2026,PE,25000.0,224.65,1083745.0,25048.65
23-Jan-2026,03-Feb-2026,PE,25050.0,243.0,180180.0,25048.65
23-Jan-2026,03-Feb-2026,PE,25100.0,263.3,585585.0,25048.65
23-Jan-2026,03-Feb-2026,PE,25150.0,291.05,186355.0,25048.65
23-Jan-2026,03-Feb-2026,PE,25200.0,315.2,993980.0,25048.65
23-Jan-2026,03-Feb-2026,PE,25250.0,342.05,145275.0,25048.65
23-Jan-2026,03-Feb-2026,PE,25300.0,365.1,882635.0,25048.65
23-Jan-2026,03-Feb-2026,PE,25350.0,397.75,124735.0,25048.65
23-Jan-2026,03-Feb-2026,PE,25400.0,409.65,691340.0,25048.65
23-Jan-2026,03-Feb-2026,PE,25450.0,440.85,68510.0,25048.65
23-Jan-2026,03-Feb-2026,PE,25500.0,496.65,850525.0,25048.65
23-Jan-2026,03-Feb-2026,PE,25550.0,537.0,57395.0,25048.65
23-Jan-2026,03-Feb-2026,PE,25600.0,550.25,264875.0,25048.65
23-Jan-2026,03-Feb-2026,PE,25650.0,608.2,85085.0,25048.65
23-Jan-2026,03-Feb-2026,PE,25700.0,649.0,193830.0,25048.65
23-Jan-2026,03-Feb-2026,PE,25750.0,689.5,67795.0,25048.65
23-Jan-2026,03-Feb-2026,PE,25800.0,730.3,492050.0,25048.65
23-Jan-2026,03-Feb-2026,PE,25850.0,773.3,51935.0,25048.65
23-Jan-2026,03-Feb-2026,PE,25900.0,816.1,165685.0,25048.65
23-Jan-2026,03-Feb-2026,PE,25950.0,860.0,26455.0,25048.65
23-Jan-2026,03-Feb-2026,PE,26000.0,903.7,490425.0,25048.65
23-Jan-2026,03-Feb-2026,PE,26050.0,957.55,14820.0,25048.65
23-Jan-2026,03-Feb-2026,PE,26100.0,998.7,179010.0,25048.65
23-Jan-2026,03-Feb-2026,PE,26150.0,1030.0,18135.0,25048.65
23-Jan-2026,03-Feb-2026,PE,26200.0,1091.0,80925.0,25048.65
23-Jan-2026,03-Feb-2026,PE,26250.0,1118.2,19175.0,25048.65
23-Jan-2026,03-Feb-2026,PE,26300.0,1185.55,108875.0,25048.65
23-Jan-2026,03-Feb-2026,PE,26350.0,1235.6,2665.0,25048.65
23-Jan-2026,03-Feb-2026,PE,26400.0,1280.0,11180.0,25048.65
23-Jan-2026,03-Feb-2026,PE,26450.0,1250.4,780.0,25048.65
23-Jan-2026,03-Feb-2026,PE,26500.0,1376.7,94835.0,25048.65
23-Jan-2026,03-Feb-2026,PE,26550.0,1421.15,,25048.65
23-Jan-2026,03-Feb-2026,PE,26600.0,1450.65,14820.0,25048.65
23-Jan-2026,03-Feb-2026,PE,26650.0,1487.7,,25048.65
23-Jan-2026,03-Feb-2026,PE,26700.0,1530.0,2860.0,25048.65
23-Jan-2026,03-Feb-2026,PE,26750.0,1601.05,65.0,25048.65
23-Jan-2026,03-Feb-2026,PE,26800.0,1630.0,1495.0,25048.65
23-Jan-2026,03-Feb-2026,PE,26850.0,1724.25,130.0,25048.65
23-Jan-2026,03-Feb-2026,PE,26900.0,1755.2,65.0,25048.65
23-Jan-2026,03-Feb-2026,PE,26950.0,1787.95,130.0,25048.65
23-Jan-2026,03-Feb-2026,PE,27000.0,1867.6,110955.0,25048.65
23-Jan-2026,03-Feb-2026,PE,27050.0,1894.8,325.0,25048.65
23-Jan-2026,03-Feb-2026,PE,27100.0,1945.45,130.0,25048.65
23-Jan-2026,03-Feb-2026,PE,27150.0,2013.15,715.0,25048.65
23-Jan-2026,03-Feb-2026,PE,27200.0,2061.3,325.0,25048.65
23-Jan-2026,03-Feb-2026,PE,27250.0,2091.9,195.0,25048.65
23-Jan-2026,03-Feb-2026,PE,27300.0,2127.0,130.0,25048.65
23-Jan-2026,03-Feb-2026,PE,27350.0,2185.25,195.0,25048.65
23-Jan-2026,03-Feb-2026,PE,27400.0,2261.55,195.0,25048.65
23-Jan-2026,03-Feb-2026,PE,27450.0,2315.25,195.0,25048.65
23-Jan-2026,03-Feb-2026,PE,27500.0,2372.75,6175.0,25048.65
23-Jan-2026,03-Feb-2026,PE,27550.0,2400.55,130.0,25048.65
23-Jan-2026,03-Feb-2026,PE,27600.0,2460.2,195.0,25048.65
23-Jan-2026,03-Feb-2026,PE,27650.0,2503.15,195.0,25048.65
23-Jan-2026,03-Feb-2026,PE,27700.0,2557.3,195.0,25048.65
23-Jan-2026,03-Feb-2026,PE,27750.0,2616.75,195.0,25048.65
23-Jan-2026,03-Feb-2026,PE,27800.0,2648.55,260.0,25048.65
23-Jan-2026,03-Feb-2026,PE,27850.0,2716.35,195.0,25048.65
23-Jan-2026,03-Feb-2026,PE,27900.0,2766.0,195.0,25048.65
23-Jan-2026,03-Feb-2026,PE,27950.0,2808.75,130.0,25048.65
23-Jan-2026,03-Feb-2026,PE,28000.0,2850.0,16835.0,25048.65
23-Jan-2026,03-Feb-2026,PE,28050.0,2950.1,130.0,25048.65
23-Jan-2026,03-Feb-2026,PE,28100.0,2999.95,130.0,25048.65
23-Jan-2026,17-Feb-2026,CE,23400.0,2047.2,65.0,25048.65
23-Jan-2026,17-Feb-2026,CE,23450.0,1745.4,65.0,25048.65
23-Jan-2026,17-Feb-2026,CE,23500.0,1702.15,195.0,25048.65
23-Jan-2026,17-Feb-2026,CE,23550.0,1655.05,195.0,25048.65
23-Jan-2026,17-Feb-2026,CE,23600.0,1613.4,260.0,25048.65
23-Jan-2026,17-Feb-2026,CE,23650.0,1583.85,195.0,25048.65
23-Jan-2026,17-Feb-2026,CE,23700.0,1516.65,260.0,25048.65
23-Jan-2026,17-Feb-2026,CE,23750.0,1492.15,195.0,25048.65
23-Jan-2026,17-Feb-2026,CE,23800.0,1452.45,195.0,25048.65
23-Jan-2026,17-Feb-2026,CE,23850.0,1400.4,195.0,25048.65
23-Jan-2026,17-Feb-2026,CE,23900.0,1376.65,195.0,25048.65
23-Jan-2026,17-Feb-2026,CE,23950.0,1316.7,260.0,25048.65
23-Jan-2026,17-Feb-2026,CE,24000.0,1286.05,195.0,25048.65
23-Jan-2026,17-Feb-2026,CE,24050.0,1222.45,195.0,25048.65
23-Jan-2026,17-Feb-2026,CE,24100.0,1192.85,260.0,25048.65
23-Jan-2026,17-Feb-2026,CE,24150.0,1135.65,260.0,25048.65
23-Jan-2026,17-Feb-2026,CE,24200.0,1105.1,195.0,25048.65
23-Jan-2026,17-Feb-2026,CE,24250.0,1069.8,325.0,25048.65
23-Jan-2026,17-Feb-2026,CE,24300.0,1026.45,325.0,25048.65
23-Jan-2026,17-Feb-2026,CE,24350.0,989.75,260.0,25048.65
23-Jan-2026,17-Feb-2026,CE,24400.0,949.55,325.0,25048.65
23-Jan-2026,17-Feb-2026,CE,24450.0,907.6,325.0,25048.65
23-Jan-2026,17-Feb-2026,CE,24500.0,841.45,1885.0,25048.65
23-Jan-2026,17-Feb-2026,CE,24550.0,828.75,455.0,25048.65
23-Jan-2026,17-Feb-2026,CE,24600.0,855.5,1755.0,25048.65
23-Jan-2026,17-Feb-2026,CE,24650.0,745.25,1495.0,25048.65
23-Jan-2026,17-Feb-2026,CE,24700.0,684.0,3510.0,25048.65
23-Jan-2026,17-Feb-2026,CE,24750.0,671.2,1495.0,25048.65
23-Jan-2026,17-Feb-2026,CE,24800.0,642.0,7475.0,25048.65
23-Jan-2026,17-Feb-2026,CE,24850.0,592.55,2730.0,25048.65
23-Jan-2026,17-Feb-2026,CE,24900.0,530.0,5915.0,25048.65
23-Jan-2026,17-Feb-2026,CE,24950.0,527.55,2600.0,25048.65
23-Jan-2026,17-Feb-2026,CE,25000.0,480.0,25740.0,25048.65
23-Jan-2026,17-Feb-2026,CE,25050.0,436.7,2925.0,25048.65
23-Jan-2026,17-Feb-2026,CE,25100.0,419.7,6955.0,25048.65
23-Jan-2026,17-Feb-2026,CE,25150.0,388.45,4875.0,25048.65
23-Jan-2026,17-Feb-2026,CE,25200.0,374.9,13130.0,25048.65
23-Jan-2026,17-Feb-2026,CE,25250.0,340.55,2990.0,25048.65
23-Jan-2026,17-Feb-2026,CE,25300.0,321.7,20085.0,25048.65
23-Jan-2026,17-Feb-2026,CE,25350.0,298.3,1495.0,25048.65
23-Jan-2026,17-Feb-2026,CE,25400.0,279.7,22945.0,25048.65
23-Jan-2026,17-Feb-2026,CE,25450.0,254.65,3120.0,25048.65
23-Jan-2026,17-Feb-2026,CE,25500.0,239.6,34775.0,25048.65
23-Jan-2026,17-Feb-2026,CE,25550.0,223.25,41860.0,25048.65
23-Jan-2026,17-Feb-2026,CE,25600.0,203.0,18655.0,25048.65
23-Jan-2026,17-Feb-2026,CE,25650.0,178.55,7475.0,25048.65
23-Jan-2026,17-Feb-2026,CE,25700.0,166.8,22425.0,25048.65
23-Jan-2026,17-Feb-2026,CE,25750.0,144.25,3965.0,25048.65
23-Jan-2026,17-Feb-2026,CE,25800.0,141.55,22945.0,25048.65
23-Jan-2026,17-Feb-2026,CE,25850.0,129.05,1820.0,25048.65
23-Jan-2026,17-Feb-2026,CE,25900.0,113.65,15990.0,25048.65
23-Jan-2026,17-Feb-2026,CE,25950.0,107.1,2470.0,25048.65
23-Jan-2026,17-Feb-2026,CE,26000.0,96.8,64415.0,25048.65
23-Jan-2026,17-Feb-2026,CE,26050.0,89.3,1430.0,25048.65
23-Jan-2026,17-Feb-2026,CE,26100.0,80.5,12155.0,25048.65
23-Jan-2026,17-Feb-2026,CE,26150.0,73.8,585.0,25048.65
23-Jan-2026,17-Feb-2026,CE,26200.0,68.05,10010.0,25048.65
23-Jan-2026,17-Feb-2026,CE,26250.0,58.75,1495.0,25048.65
23-Jan-2026,17-Feb-2026,CE,26300.0,53.25,5720.0,25048.65
23-Jan-2026,17-Feb-2026,CE,26350.0,48.9,455.0,25048.65
23-Jan-2026,17-Feb-2026,CE,26400.0,48.8,9620.0,25048.65
23-Jan-2026,17-Feb-2026,CE,26450.0,41.25,2210.0,25048.65
23-Jan-2026,17-Feb-2026,CE,26500.0,40.8,16445.0,25048.65
23-Jan-2026,17-Feb-2026,CE,26550.0,31.2,715.0,25048.65
23-Jan-2026,17-Feb-2026,CE,26600.0,34.65,11765.0,25048.65
23-Jan-2026,17-Feb-2026,CE,26650.0,30.1,6435.0,25048.65
23-Jan-2026,17-Feb-2026,CE,26700.0,29.25,6825.0,25048.65
23-Jan-2026,17-Feb-2026,CE,26750.0,25.3,715.0,25048.65
23-Jan-2026,17-Feb-2026,CE,26800.0,22.45,2600.0,25048.65
23-Jan-2026,17-Feb-2026,CE,26850.0,22.5,1625.0,25048.65
23-Jan-2026,17-Feb-2026,CE,26900.0,19.7,3640.0,25048.65
23-Jan-2026,17-Feb-2026,CE,26950.0,21.95,585.0,25048.65
23-Jan-2026,17-Feb-2026,CE,27000.0,17.5,21255.0,25048.65
23-Jan-2026,17-Feb-2026,CE,27050.0,16.5,260.0,25048.65
23-Jan-2026,17-Feb-2026,CE,27100.0,15.8,2015.0,25048.65
23-Jan-2026,17-Feb-2026,CE,27150.0,18.05,455.0,25048.65
23-Jan-2026,17-Feb-2026,CE,27200.0,12.0,5005.0,25048.65
23-Jan-2026,17-Feb-2026,CE,27250.0,16.85,520.0,25048.65
23-Jan-2026,17-Feb-2026,CE,27300.0,15.1,845.0,25048.65
23-Jan-2026,17-Feb-2026,CE,27350.0,,,25048.65
23-Jan-2026,17-Feb-2026,CE,27400.0,10.0,5655.0,25048.65
23-Jan-2026,17-Feb-2026,CE,27450.0,,,25048.65
23-Jan-2026,17-Feb-2026,CE,27500.0,9.0,2730.0,25048.65
23-Jan-2026,17-Feb-2026,PE,23400.0,30.5,2470.0,25048.65
23-Jan-2026,17-Feb-2026,PE,23450.0,32.65,520.0,25048.65
23-Jan-2026,17-Feb-2026,PE,23500.0,37.0,11570.0,25048.65
23-Jan-2026,17-Feb-2026,PE,23550.0,34.4,650.0,25048.65
23-Jan-2026,17-Feb-2026,PE,23600.0,41.1,12155.0,25048.65
23-Jan-2026,17-Feb-2026,PE,23650.0,39.55,650.0,25048.65
23-Jan-2026,17-Feb-2026,PE,23700.0,46.7,2405.0,25048.65
23-Jan-2026,17-Feb-2026,PE,23750.0,45.45,1820.0,25048.65
23-Jan-2026,17-Feb-2026,PE,23800.0,53.25,2535.0,25048.65
23-Jan-2026,17-Feb-2026,PE,23850.0,56.5,715.0,25048.65
23-Jan-2026,17-Feb-2026,PE,23900.0,61.75,1105.0,25048.65
23-Jan-2026,17-Feb-2026,PE,23950.0,66.35,650.0,25048.65
23-Jan-2026,17-Feb-2026,PE,24000.0,75.0,27560.0,25048.65
23-Jan-2026,17-Feb-2026,PE,24050.0,74.85,650.0,25048.65
23-Jan-2026,17-Feb-2026,PE,24100.0,88.0,3900.0,25048.65
23-Jan-2026,17-Feb-2026,PE,24150.0,90.8,1040.0,25048.65
23-Jan-2026,17-Feb-2026,PE,24200.0,96.1,3575.0,25048.65
23-Jan-2026,17-Feb-2026,PE,24250.0,102.6,1755.0,25048.65
23-Jan-2026,17-Feb-2026,PE,24300.0,112.3,3770.0,25048.65
23-Jan-2026,17-Feb-2026,PE,24350.0,109.0,2210.0,25048.65
23-Jan-2026,17-Feb-2026,PE,24400.0,127.75,8645.0,25048.65
23-Jan-2026,17-Feb-2026,PE,24450.0,111.95,2145.0,25048.65
23-Jan-2026,17-Feb-2026,PE,24500.0,149.85,11310.0,25048.65
23-Jan-2026,17-Feb-2026,PE,24550.0,121.35,2990.0,25048.65
23-Jan-2026,17-Feb-2026,PE,24600.0,171.4,14820.0,25048.65
23-Jan-2026,17-Feb-2026,PE,24650.0,171.45,2795.0,25048.65
23-Jan-2026,17-Feb-2026,PE,24700.0,207.4,10725.0,25048.65
23-Jan-2026,17-Feb-2026,PE,24750.0,197.4,2405.0,25048.65
23-Jan-2026,17-Feb-2026,PE,24800.0,223.9,9425.0,25048.65
23-Jan-2026,17-Feb-2026,PE,24850.0,227.75,2990.0,25048.65
23-Jan-2026,17-Feb-2026,PE,24900.0,254.6,4030.0,25048.65
23-Jan-2026,17-Feb-2026,PE,24950.0,265.45,2730.0,25048.65
23-Jan-2026,17-Feb-2026,PE,25000.0,293.15,35555.0,25048.65
23-Jan-2026,17-Feb-2026,PE,25050.0,315.2,975.0,25048.65
23-Jan-2026,17-Feb-2026,PE,25100.0,338.1,7865.0,25048.65
23-Jan-2026,17-Feb-2026,PE,25150.0,355.0,650.0,25048.65
23-Jan-2026,17-Feb-2026,PE,25200.0,391.2,13780.0,25048.65
23-Jan-2026,17-Feb-2026,PE,25250.0,419.7,2080.0,25048.65
23-Jan-2026,17-Feb-2026,PE,25300.0,425.2,13455.0,25048.65
23-Jan-2026,17-Feb-2026,PE,25350.0,406.5,1430.0,25048.65
23-Jan-2026,17-Feb-2026,PE,25400.0,480.25,9425.0,25048.65
23-Jan-2026,17-Feb-2026,PE,25450.0,500.0,845.0,25048.65
23-Jan-2026,17-Feb-2026,PE,25500.0,539.75,14300.0,25048.65
23-Jan-2026,17-Feb-2026,PE,25550.0,403.95,4810.0,25048.65
23-Jan-2026,17-Feb-2026,PE,25600.0,609.35,8515.0,25048.65
23-Jan-2026,17-Feb-2026,PE,25650.0,620.9,195.0,25048.65
23-Jan-2026,17-Feb-2026,PE,25700.0,679.6,4485.0,25048.65
23-Jan-2026,17-Feb-2026,PE,25750.0,695.85,390.0,25048.65
23-Jan-2026,17-Feb-2026,PE,25800.0,704.15,3965.0,25048.65
23-Jan-2026,17-Feb-2026,PE,25850.0,744.95,910.0,25048.65
23-Jan-2026,17-Feb-2026,PE,25900.0,814.0,3965.0,25048.65
23-Jan-2026,17-Feb-2026,PE,25950.0,821.85,650.0,25048.65
23-Jan-2026,17-Feb-2026,PE,26000.0,773.8,1105.0,25048.65
23-Jan-2026,17-Feb-2026,PE,26050.0,917.2,260.0,25048.65
23-Jan-2026,17-Feb-2026,PE,26100.0,952.0,65.0,25048.65
23-Jan-2026,17-Feb-2026,PE,26150.0,999.65,65.0,25048.65
23-Jan-2026,17-Feb-2026,PE,26200.0,1050.25,130.0,25048.65
23-Jan-2026,17-Feb-2026,PE,26250.0,1095.8,130.0,25048.65
23-Jan-2026,17-Feb-2026,PE,26300.0,1130.65,65.0,25048.65
23-Jan-2026,17-Feb-2026,PE,26350.0,1184.55,65.0,25048.65
23-Jan-2026,17-Feb-2026,PE,26400.0,1219.15,65.0,25048.65
23-Jan-2026,17-Feb-2026,PE,26450.0,1267.15,65.0,25048.65
23-Jan-2026,17-Feb-2026,PE,26500.0,1321.75,65.0,25048.65
23-Jan-2026,17-Feb-2026,PE,26550.0,1371.25,65.0,25048.65
23-Jan-2026,17-Feb-2026,PE,26600.0,1444.75,130.0,25048.65
23-Jan-2026,17-Feb-2026,PE,26650.0,1505.5,130.0,25048.65
23-Jan-2026,17-Feb-2026,PE,26700.0,1514.45,65.0,25048.65
23-Jan-2026,17-Feb-2026,PE,26750.0,1562.0,65.0,25048.65
23-Jan-2026,17-Feb-2026,PE,26800.0,1635.25,130.0,25048.65
23-Jan-2026,17-Feb-2026,PE,26850.0,1683.2,195.0,25048.65
23-Jan-2026,17-Feb-2026,PE,26900.0,1731.35,195.0,25048.65
23-Jan-2026,17-Feb-2026,PE,26950.0,1757.45,65.0,25048.65
23-Jan-2026,17-Feb-2026,PE,27000.0,1801.65,195.0,25048.65
23-Jan-2026,17-Feb-2026,PE,27050.0,1856.65,130.0,25048.65
23-Jan-2026,17-Feb-2026,PE,27100.0,1928.55,195.0,25048.65
23-Jan-2026,17-Feb-2026,PE,27150.0,1945.3,390.0,25048.65
23-Jan-2026,17-Feb-2026,PE,27200.0,2024.05,130.0,25048.65
23-Jan-2026,17-Feb-2026,PE,27250.0,1779.15,130.0,25048.65
23-Jan-2026,17-Feb-2026,PE,27300.0,2121.85,130.0,25048.65
23-Jan-2026,17-Feb-2026,PE,27350.0,2173.3,130.0,25048.65
23-Jan-2026,17-Feb-2026,PE,27400.0,2208.75,195.0,25048.65
23-Jan-2026,17-Feb-2026,PE,27450.0,1959.95,130.0,25048.65
23-Jan-2026,17-Feb-2026,PE,27500.0,2305.8,130.0,25048.65
23-Jan-2026,02-Mar-2026,CE,23400.0,,,25048.65
23-Jan-2026,02-Mar-2026,CE,23450.0,,,25048.65
23-Jan-2026,02-Mar-2026,CE,23500.0,,,25048.65
23-Jan-2026,02-Mar-2026,CE,23550.0,,,25048.65
23-Jan-2026,02-Mar-2026,CE,23600.0,,,25048.65
23-Jan-2026,02-Mar-2026,CE,23650.0,,,25048.65
23-Jan-2026,02-Mar-2026,CE,23700.0,,,25048.65
23-Jan-2026,02-Mar-2026,CE,23750.0,,,25048.65
23-Jan-2026,02-Mar-2026,CE,23800.0,,,25048.65
23-Jan-2026,02-Mar-2026,CE,23850.0,,,25048.65
23-Jan-2026,02-Mar-2026,CE,23900.0,,,25048.65
23-Jan-2026,02-Mar-2026,CE,23950.0,,,25048.65
23-Jan-2026,02-Mar-2026,CE,24000.0,,,25048.65
23-Jan-2026,02-Mar-2026,CE,24050.0,,,25048.65
23-Jan-2026,02-Mar-2026,CE,24100.0,,,25048.65
23-Jan-2026,02-Mar-2026,CE,24150.0,,,25048.65
23-Jan-2026,02-Mar-2026,CE,24200.0,,,25048.65
23-Jan-2026,02-Mar-2026,CE,24250.0,,,25048.65
23-Jan-2026,02-Mar-2026,CE,24300.0,,,25048.65
23-Jan-2026,02-Mar-2026,CE,24350.0,,,25048.65
23-Jan-2026,02-Mar-2026,CE,24400.0,,,25048.65
23-Jan-2026,02-Mar-2026,CE,24450.0,,,25048.65
23-Jan-2026,02-Mar-2026,CE,24500.0,,,25048.65
23-Jan-2026,02-Mar-2026,CE,24550.0,,,25048.65
23-Jan-2026,02-Mar-2026,CE,24600.0,,,25048.65
23-Jan-2026,02-Mar-2026,CE,24650.0,,,25048.65
23-Jan-2026,02-Mar-2026,CE,24700.0,,,25048.65
23-Jan-2026,02-Mar-2026,CE,24750.0,,,25048.65
23-Jan-2026,02-Mar-2026,CE,24800.0,,,25048.65
23-Jan-2026,02-Mar-2026,CE,24850.0,,,25048.65
23-Jan-2026,02-Mar-2026,CE,24900.0,,,25048.65
23-Jan-2026,02-Mar-2026,CE,24950.0,,,25048.65
23-Jan-2026,02-Mar-2026,CE,25000.0,,,25048.65
23-Jan-2026,02-Mar-2026,CE,25050.0,,,25048.65
23-Jan-2026,02-Mar-2026,CE,25100.0,506.0,260.0,25048.65
23-Jan-2026,02-Mar-2026,CE,25150.0,565.3,65.0,25048.65
23-Jan-2026,02-Mar-2026,CE,25200.0,466.7,715.0,25048.65
23-Jan-2026,02-Mar-2026,CE,25250.0,503.5,130.0,25048.65
23-Jan-2026,02-Mar-2026,CE,25300.0,543.35,65.0,25048.65
23-Jan-2026,02-Mar-2026,CE,25350.0,,,25048.65
23-Jan-2026,02-Mar-2026,CE,25400.0,383.05,585.0,25048.65
23-Jan-2026,02-Mar-2026,CE,25450.0,,,25048.65
23-Jan-2026,02-Mar-2026,CE,25500.0,,,25048.65
23-Jan-2026,02-Mar-2026,CE,25550.0,,,25048.65
23-Jan-2026,02-Mar-2026,CE,25600.0,,,25048.65
23-Jan-2026,02-Mar-2026,CE,25650.0,,,25048.65
23-Jan-2026,02-Mar-2026,CE,25700.0,,,25048.65
23-Jan-2026,02-Mar-2026,CE,25750.0,,,25048.65
23-Jan-2026,02-Mar-2026,CE,25800.0,,,25048.65
23-Jan-2026,02-Mar-2026,CE,25850.0,,,25048.65
23-Jan-2026,02-Mar-2026,CE,25900.0,206.55,130.0,25048.65
23-Jan-2026,02-Mar-2026,CE,25950.0,,,25048.65
23-Jan-2026,02-Mar-2026,CE,26000.0,140.7,1560.0,25048.65
23-Jan-2026,02-Mar-2026,CE,26050.0,,,25048.65
23-Jan-2026,02-Mar-2026,CE,26100.0,,,25048.65
23-Jan-2026,02-Mar-2026,CE,26150.0,,,25048.65
23-Jan-2026,02-Mar-2026,CE,26200.0,,,25048.65
23-Jan-2026,02-Mar-2026,CE,26250.0,,,25048.65
23-Jan-2026,02-Mar-2026,CE,26300.0,,,25048.65
23-Jan-2026,02-Mar-2026,CE,26350.0,,,25048.65
23-Jan-2026,02-Mar-2026,CE,26400.0,87.2,130.0,25048.65
23-Jan-2026,02-Mar-2026,CE,26450.0,75.0,65.0,25048.65
23-Jan-2026,02-Mar-2026,CE,26500.0,71.75,4940.0,25048.65
23-Jan-2026,02-Mar-2026,CE,26550.0,113.4,65.0,25048.65
23-Jan-2026,02-Mar-2026,CE,26600.0,,,25048.65
23-Jan-2026,02-Mar-2026,CE,26650.0,,,25048.65
23-Jan-2026,02-Mar-2026,CE,26700.0,,,25048.65
23-Jan-2026,02-Mar-2026,CE,26750.0,,,25048.65
23-Jan-2026,02-Mar-2026,CE,26800.0,,,25048.65
23-Jan-2026,02-Mar-2026,CE,26850.0,,,25048.65
23-Jan-2026,02-Mar-2026,CE,26900.0,,,25048.65
23-Jan-2026,02-Mar-2026,CE,26950.0,,,25048.65
23-Jan-2026,02-Mar-2026,CE,27000.0,32.15,7410.0,25048.65
23-Jan-2026,02-Mar-2026,CE,27050.0,,,25048.65
23-Jan-2026,02-Mar-2026,PE,23400.0,37.0,520.0,25048.65
23-Jan-2026,02-Mar-2026,PE,23450.0,,,25048.65
23-Jan-2026,02-Mar-2026,PE,23500.0,36.0,65.0,25048.65
23-Jan-2026,02-Mar-2026,PE,23550.0,,,25048.65
23-Jan-2026,02-Mar-2026,PE,23600.0,,,25048.65
23-Jan-2026,02-Mar-2026,PE,23650.0,,,25048.65
23-Jan-2026,02-Mar-2026,PE,23700.0,,,25048.65
23-Jan-2026,02-Mar-2026,PE,23750.0,,,25048.65
23-Jan-2026,02-Mar-2026,PE,23800.0,52.0,520.0,25048.65
23-Jan-2026,02-Mar-2026,PE,23850.0,,,25048.65
23-Jan-2026,02-Mar-2026,PE,23900.0,,,25048.65
23-Jan-2026,02-Mar-2026,PE,23950.0,,,25048.65
23-Jan-2026,02-Mar-2026,PE,24000.0,,,25048.65
23-Jan-2026,02-Mar-2026,PE,24050.0,,,25048.65
23-Jan-2026,02-Mar-2026,PE,24100.0,,,25048.65
23-Jan-2026,02-Mar-2026,PE,24150.0,82.15,65.0,25048.65
23-Jan-2026,02-Mar-2026,PE,24200.0,79.05,195.0,25048.65
23-Jan-2026,02-Mar-2026,PE,24250.0,,,25048.65
23-Jan-2026,02-Mar-2026,PE,24300.0,88.55,390.0,25048.65
23-Jan-2026,02-Mar-2026,PE,24350.0,99.6,65.0,25048.65
23-Jan-2026,02-Mar-2026,PE,24400.0,152.1,520.0,25048.65
23-Jan-2026,02-Mar-2026,PE,24450.0,109.05,65.0,25048.65
23-Jan-2026,02-Mar-2026,PE,24500.0,183.7,2665.0,25048.65
23-Jan-2026,02-Mar-2026,PE,24550.0,,,25048.65
23-Jan-2026,02-Mar-2026,PE,24600.0,209.55,130.0,25048.65
23-Jan-2026,02-Mar-2026,PE,24650.0,,,25048.65
23-Jan-2026,02-Mar-2026,PE,24700.0,,,25048.65
23-Jan-2026,02-Mar-2026,PE,24750.0,,,25048.65
23-Jan-2026,02-Mar-2026,PE,24800.0,187.9,65.0,25048.65
23-Jan-2026,02-Mar-2026,PE,24850.0,221.1,65.0,25048.65
23-Jan-2026,02-Mar-2026,PE,24900.0,249.35,65.0,25048.65
23-Jan-2026,02-Mar-2026,PE,24950.0,268.0,65.0,25048.65
23-Jan-2026,02-Mar-2026,PE,25000.0,333.8,2665.0,25048.65
23-Jan-2026,02-Mar-2026,PE,25050.0,,,25048.65
23-Jan-2026,02-Mar-2026,PE,25100.0,,,25048.65
23-Jan-2026,02-Mar-2026,PE,25150.0,,,25048.65
23-Jan-2026,02-Mar-2026,PE,25200.0,407.9,1495.0,25048.65
23-Jan-2026,02-Mar-2026,PE,25250.0,310.0,65.0,25048.65
23-Jan-2026,02-Mar-2026,PE,25300.0,,,25048.65
23-Jan-2026,02-Mar-2026,PE,25350.0,400.0,65.0,25048.65
23-Jan-2026,02-Mar-2026,PE,25400.0,,,25048.65
23-Jan-2026,02-Mar-2026,PE,25450.0,,,25048.65
23-Jan-2026,02-Mar-2026,PE,25500.0,492.45,65.0,25048.65
23-Jan-2026,02-Mar-2026,PE,25550.0,,,25048.65
23-Jan-2026,02-Mar-2026,PE,25600.0,,,25048.65
23-Jan-2026,02-Mar-2026,PE,25650.0,,,25048.65
23-Jan-2026,02-Mar-2026,PE,25700.0,,,25048.65
23-Jan-2026,02-Mar-2026,PE,25750.0,,,25048.65
23-Jan-2026,02-Mar-2026,PE,25800.0,,,25048.65
23-Jan-2026,02-Mar-2026,PE,25850.0,,,25048.65
23-Jan-2026,02-Mar-2026,PE,25900.0,,,25048.65
23-Jan-2026,02-Mar-2026,PE,25950.0,,,25048.65
23-Jan-2026,02-Mar-2026,PE,26000.0,,,25048.65
23-Jan-2026,02-Mar-2026,PE,26050.0,,,25048.65
23-Jan-2026,02-Mar-2026,PE,26100.0,,,25048.65
23-Jan-2026,02-Mar-2026,PE,26150.0,,,25048.65
23-Jan-2026,02-Mar-2026,PE,26200.0,,,25048.65
23-Jan-2026,02-Mar-2026,PE,26250.0,,,25048.65
23-Jan-2026,02-Mar-2026,PE,26300.0,,,25048.65
23-Jan-2026,02-Mar-2026,PE,26350.0,,,25048.65
23-Jan-2026,02-Mar-2026,PE,26400.0,,,25048.65
23-Jan-2026,02-Mar-2026,PE,26450.0,,,25048.65
23-Jan-2026,02-Mar-2026,PE,26500.0,,,25048.65
23-Jan-2026,02-Mar-2026,PE,26550.0,,,25048.65
23-Jan-2026,02-Mar-2026,PE,26600.0,,,25048.65
23-Jan-2026,02-Mar-2026,PE,26650.0,,,25048.65
23-Jan-2026,02-Mar-2026,PE,26700.0,,,25048.65
23-Jan-2026,02-Mar-2026,PE,26750.0,,,25048.65
23-Jan-2026,02-Mar-2026,PE,26800.0,,,25048.65
23-Jan-2026,02-Mar-2026,PE,26850.0,,,25048.65
23-Jan-2026,02-Mar-2026,PE,26900.0,,,25048.65
23-Jan-2026,02-Mar-2026,PE,26950.0,1535.0,195.0,25048.65
23-Jan-2026,02-Mar-2026,PE,27000.0,,,25048.65
23-Jan-2026,02-Mar-2026,PE,27050.0,,,25048.65
27-Jan-2026,03-Feb-2026,CE,23300.0,1802.0,130.0,25175.4
27-Jan-2026,03-Feb-2026,CE,23350.0,1887.25,65.0,25175.4
27-Jan-2026,03-Feb-2026,CE,23400.0,1702.0,455.0,25175.4
27-Jan-2026,03-Feb-2026,CE,23450.0,1860.15,195.0,25175.4
27-Jan-2026,03-Feb-2026,CE,23500.0,1816.5,13845.0,25175.4
27-Jan-2026,03-Feb-2026,CE,23550.0,1684.25,195.0,25175.4
27-Jan-2026,03-Feb-2026,CE,23600.0,1540.0,520.0,25175.4
27-Jan-2026,03-Feb-2026,CE,23650.0,1650.5,260.0,25175.4
27-Jan-2026,03-Feb-2026,CE,23700.0,1632.25,1105.0,25175.4
27-Jan-2026,03-Feb-2026,CE,23750.0,1559.55,8580.0,25175.4
27-Jan-2026,03-Feb-2026,CE,23800.0,1499.0,1105.0,25175.4
27-Jan-2026,03-Feb-2026,CE,23850.0,1213.75,520.0,25175.4
27-Jan-2026,03-Feb-2026,CE,23900.0,1220.0,650.0,25175.4
27-Jan-2026,03-Feb-2026,CE,23950.0,1304.05,715.0,25175.4
27-Jan-2026,03-Feb-2026,CE,24000.0,1333.65,177515.0,25175.4
27-Jan-2026,03-Feb-2026,CE,24050.0,1264.75,650.0,25175.4
27-Jan-2026,03-Feb-2026,CE,24100.0,1217.2,2405.0,25175.4
27-Jan-2026,03-Feb-2026,CE,24150.0,1086.55,325.0,25175.4
27-Jan-2026,03-Feb-2026,CE,24200.0,937.65,1365.0,25175.4
27-Jan-2026,03-Feb-2026,CE,24250.0,925.0,2080.0,25175.4
27-Jan-2026,03-Feb-2026,CE,24300.0,1045.25,8385.0,25175.4
27-Jan-2026,03-Feb-2026,CE,24350.0,993.5,1105.0,25175.4
27-Jan-2026,03-Feb-2026,CE,24400.0,953.9,6825.0,25175.4
27-Jan-2026,03-Feb-2026,CE,24450.0,901.5,11245.0,25175.4
27-Jan-2026,03-Feb-2026,CE,24500.0,856.55,180180.0,25175.4
27-Jan-2026,03-Feb-2026,CE,24550.0,817.0,7735.0,25175.4
27-Jan-2026,03-Feb-2026,CE,24600.0,771.0,79885.0,25175.4
27-Jan-2026,03-Feb-2026,CE,24650.0,718.9,14690.0,25175.4
27-Jan-2026,03-Feb-2026,CE,24700.0,690.15,72410.0,25175.4
27-Jan-2026,03-Feb-2026,CE,24750.0,652.8,14365.0,25175.4
27-Jan-2026,03-Feb-2026,CE,24800.0,591.65,150930.0,25175.4
27-Jan-2026,03-Feb-2026,CE,24850.0,558.6,26000.0,25175.4
27-Jan-2026,03-Feb-2026,CE,24900.0,521.8,189475.0,25175.4
27-Jan-2026,03-Feb-2026,CE,24950.0,481.25,96980.0,25175.4
27-Jan-2026,03-Feb-2026,CE,25000.0,439.0,2755025.0,25175.4
27-Jan-2026,03-Feb-2026,CE,25050.0,399.45,223795.0,25175.4
27-Jan-2026,03-Feb-2026,CE,25100.0,373.4,1538745.0,25175.4
27-Jan-2026,03-Feb-2026,CE,25150.0,340.0,649805.0,25175.4
27-Jan-2026,03-Feb-2026,CE,25200.0,310.7,2713230.0,25175.4
27-Jan-2026,03-Feb-2026,CE,25250.0,282.7,548210.0,25175.4
27-Jan-2026,03-Feb-2026,CE,25300.0,254.0,2109510.0,25175.4
27-Jan-2026,03-Feb-2026,CE,25350.0,229.3,682955.0,25175.4
27-Jan-2026,03-Feb-2026,CE,25400.0,202.05,1618760.0,25175.4
27-Jan-2026,03-Feb-2026,CE,25450.0,177.5,408070.0,25175.4
27-Jan-2026,03-Feb-2026,CE,25500.0,158.0,3665610.0,25175.4
27-Jan-2026,03-Feb-2026,CE,25550.0,141.0,433030.0,25175.4
27-Jan-2026,03-Feb-2026,CE,25600.0,123.0,1544140.0,25175.4
27-Jan-2026,03-Feb-2026,CE,25650.0,108.65,453635.0,25175.4
27-Jan-2026,03-Feb-2026,CE,25700.0,95.0,1651650.0,25175.4
27-Jan-2026,03-Feb-2026,CE,25750.0,83.35,413790.0,25175.4
27-Jan-2026,03-Feb-2026,CE,25800.0,69.8,2229500.0,25175.4
27-Jan-2026,03-Feb-2026,CE,25850.0,62.0,438360.0,25175.4
27-Jan-2026,03-Feb-2026,CE,25900.0,52.05,1053845.0,25175.4
27-Jan-2026,03-Feb-2026,CE,25950.0,46.0,303095.0,25175.4
27-Jan-2026,03-Feb-2026,CE,26000.0,38.5,5175170.0,25175.4
27-Jan-2026,03-Feb-2026,CE,26050.0,34.0,388635.0,25175.4
27-Jan-2026,03-Feb-2026,CE,26100.0,29.3,2910115.0,25175.4
27-Jan-2026,03-Feb-2026,CE,26150.0,24.75,417430.0,25175.4
27-Jan-2026,03-Feb-2026,CE,26200.0,21.5,1488370.0,25175.4
27-Jan-2026,03-Feb-2026,CE,26250.0,18.4,429195.0,25175.4
27-Jan-2026,03-Feb-2026,CE,26300.0,15.5,1699555.0,25175.4
27-Jan-2026,03-Feb-2026,CE,26350.0,13.05,212290.0,25175.4
27-Jan-2026,03-Feb-2026,CE,26400.0,11.5,933140.0,25175.4
27-Jan-2026,03-Feb-2026,CE,26450.0,9.45,344435.0,25175.4
27-Jan-2026,03-Feb-2026,CE,26500.0,8.75,3035630.0,25175.4
27-Jan-2026,03-Feb-2026,CE,26550.0,7.6,181025.0,25175.4
27-Jan-2026,03-Feb-2026,CE,26600.0,6.6,740415.0,25175.4
27-Jan-2026,03-Feb-2026,CE,26650.0,5.85,86580.0,25175.4
27-Jan-2026,03-Feb-2026,CE,26700.0,5.3,816075.0,25175.4
27-Jan-2026,03-Feb-2026,CE,26750.0,4.7,124020.0,25175.4
27-Jan-2026,03-Feb-2026,CE,26800.0,4.5,920660.0,25175.4
27-Jan-2026,03-Feb-2026,CE,26850.0,4.25,61555.0,25175.4
27-Jan-2026,03-Feb-2026,CE,26900.0,3.55,273520.0,25175.4
27-Jan-2026,03-Feb-2026,CE,26950.0,3.35,64610.0,25175.4
27-Jan-2026,03-Feb-2026,CE,27000.0,3.2,3446235.0,25175.4
27-Jan-2026,03-Feb-2026,CE,27050.0,3.15,41015.0,25175.4
27-Jan-2026,03-Feb-2026,CE,27100.0,2.9,402805.0,25175.4
27-Jan-2026,03-Feb-2026,CE,27150.0,2.6,37050.0,25175.4
27-Jan-2026,03-Feb-2026,CE,27200.0,2.75,393575.0,25175.4
27-Jan-2026,03-Feb-2026,CE,27250.0,2.6,53560.0,25175.4
27-Jan-2026,03-Feb-2026,CE,27300.0,2.25,232830.0,25175.4
27-Jan-2026,03-Feb-2026,CE,27350.0,2.1,45955.0,25175.4
27-Jan-2026,03-Feb-2026,CE,27400.0,2.05,223665.0,25175.4
27-Jan-2026,03-Feb-2026,CE,27450.0,2.15,60450.0,25175.4
27-Jan-2026,03-Feb-2026,CE,27500.0,1.95,1727895.0,25175.4
27-Jan-2026,03-Feb-2026,CE,27550.0,1.85,239070.0,25175.4
27-Jan-2026,03-Feb-2026,CE,27600.0,1.55,303355.0,25175.4
27-Jan-2026,03-Feb-2026,CE,27650.0,1.5,212225.0,25175.4
27-Jan-2026,03-Feb-2026,CE,27700.0,1.4,181090.0,25175.4
27-Jan-2026,03-Feb-2026,CE,27750.0,1.3,85280.0,25175.4
27-Jan-2026,03-Feb-2026,CE,27800.0,1.35,270790.0,25175.4
27-Jan-2026,03-Feb-2026,CE,27850.0,1.3,113100.0,25175.4
27-Jan-2026,03-Feb-2026,CE,27900.0,1.3,239070.0,25175.4
27-Jan-2026,03-Feb-2026,CE,27950.0,1.25,166790.0,25175.4
27-Jan-2026,03-Feb-2026,CE,28000.0,1.3,2285075.0,25175.4
27-Jan-2026,03-Feb-2026,CE,28050.0,1.2,217100.0,25175.4
27-Jan-2026,03-Feb-2026,CE,28100.0,1.25,435370.0,25175.4
27-Jan-2026,03-Feb-2026,PE,23300.0,6.45,3018340.0,25175.4
27-Jan-2026,03-Feb-2026,PE,23350.0,6.4,134160.0,25175.4
27-Jan-2026,03-Feb-2026,PE,23400.0,6.55,1778530.0,25175.4
27-Jan-2026,03-Feb-2026,PE,23450.0,6.9,169065.0,25175.4
27-Jan-2026,03-Feb-2026,PE,23500.0,7.05,2400190.0,25175.4
27-Jan-2026,03-Feb-2026,PE,23550.0,7.6,175630.0,25175.4
27-Jan-2026,03-Feb-2026,PE,23600.0,7.95,501475.0,25175.4
27-Jan-2026,03-Feb-2026,PE,23650.0,8.45,92755.0,25175.4
27-Jan-2026,03-Feb-2026,PE,23700.0,9.1,622050.0,25175.4
27-Jan-2026,03-Feb-2026,PE,23750.0,9.9,149110.0,25175.4
27-Jan-2026,03-Feb-2026,PE,23800.0,10.3,1005680.0,25175.4
27-Jan-2026,03-Feb-2026,PE,23850.0,11.6,222495.0,25175.4
27-Jan-2026,03-Feb-2026,PE,23900.0,12.2,636675.0,25175.4
27-Jan-2026,03-Feb-2026,PE,23950.0,13.25,178945.0,25175.4
27-Jan-2026,03-Feb-2026,PE,24000.0,14.6,2761980.0,25175.4
27-Jan-2026,03-Feb-2026,PE,24050.0,16.45,192140.0,25175.4
27-Jan-2026,03-Feb-2026,PE,24100.0,17.15,670670.0,25175.4
27-Jan-2026,03-Feb-2026,PE,24150.0,19.55,216970.0,25175.4
27-Jan-2026,03-Feb-2026,PE,24200.0,21.15,2622295.0,25175.4
27-Jan-2026,03-Feb-2026,PE,24250.0,22.95,342030.0,25175.4
27-Jan-2026,03-Feb-2026,PE,24300.0,25.0,2800330.0,25175.4
27-Jan-2026,03-Feb-2026,PE,24350.0,28.2,241865.0,25175.4
27-Jan-2026,03-Feb-2026,PE,24400.0,32.1,984425.0,25175.4
27-Jan-2026,03-Feb-2026,PE,24450.0,35.4,167245.0,25175.4
27-Jan-2026,03-Feb-2026,PE,24500.0,38.0,2039505.0,25175.4
27-Jan-2026,03-Feb-2026,PE,24550.0,43.15,419835.0,25175.4
27-Jan-2026,03-Feb-2026,PE,24600.0,47.4,1662570.0,25175.4
27-Jan-2026,03-Feb-2026,PE,24650.0,54.35,357435.0,25175.4
27-Jan-2026,03-Feb-2026,PE,24700.0,59.95,1030185.0,25175.4
27-Jan-2026,03-Feb-2026,PE,24750.0,67.1,267150.0,25175.4
27-Jan-2026,03-Feb-2026,PE,24800.0,76.75,1178710.0,25175.4
27-Jan-2026,03-Feb-2026,PE,24850.0,85.8,316940.0,25175.4
27-Jan-2026,03-Feb-2026,PE,24900.0,95.75,1063530.0,25175.4
27-Jan-2026,03-Feb-2026,PE,24950.0,106.3,386035.0,25175.4
27-Jan-2026,03-Feb-2026,PE,25000.0,120.0,4202835.0,25175.4
27-Jan-2026,03-Feb-2026,PE,25050.0,135.0,514345.0,25175.4
27-Jan-2026,03-Feb-2026,PE,25100.0,148.75,2088060.0,25175.4
27-Jan-2026,03-Feb-2026,PE,25150.0,169.25,707850.0,25175.4
27-Jan-2026,03-Feb-2026,PE,25200.0,185.25,2102230.0,25175.4
27-Jan-2026,03-Feb-2026,PE,25250.0,206.55,478790.0,25175.4
27-Jan-2026,03-Feb-2026,PE,25300.0,231.65,1246570.0,25175.4
27-Jan-2026,03-Feb-2026,PE,25350.0,252.05,278915.0,25175.4
27-Jan-2026,03-Feb-2026,PE,25400.0,279.9,806520.0,25175.4
27-Jan-2026,03-Feb-2026,PE,25450.0,306.0,89505.0,25175.4
27-Jan-2026,03-Feb-2026,PE,25500.0,337.6,1108185.0,25175.4
27-Jan-2026,03-Feb-2026,PE,25550.0,365.15,75465.0,25175.4
27-Jan-2026,03-Feb-2026,PE,25600.0,401.9,363285.0,25175.4
27-Jan-2026,03-Feb-2026,PE,25650.0,430.2,119535.0,25175.4
27-Jan-2026,03-Feb-2026,PE,25700.0,478.6,469820.0,25175.4
27-Jan-2026,03-Feb-2026,PE,25750.0,508.5,71955.0,25175.4
27-Jan-2026,03-Feb-2026,PE,25800.0,550.3,713960.0,25175.4
27-Jan-2026,03-Feb-2026,PE,25850.0,587.0,101270.0,25175.4
27-Jan-2026,03-Feb-2026,PE,25900.0,626.0,247650.0,25175.4
27-Jan-2026,03-Feb-2026,PE,25950.0,671.0,32240.0,25175.4
27-Jan-2026,03-Feb-2026,PE,26000.0,717.0,845520.0,25175.4
27-Jan-2026,03-Feb-2026,PE,26050.0,760.15,31915.0,25175.4
27-Jan-2026,03-Feb-2026,PE,26100.0,803.5,329095.0,25175.4
27-Jan-2026,03-Feb-2026,PE,26150.0,850.9,26520.0,25175.4
27-Jan-2026,03-Feb-2026,PE,26200.0,897.0,119795.0,25175.4
27-Jan-2026,03-Feb-2026,PE,26250.0,946.05,24895.0,25175.4
27-Jan-2026,03-Feb-2026,PE,26300.0,992.5,136110.0,25175.4
27-Jan-2026,03-Feb-2026,PE,26350.0,1035.6,4810.0,25175.4
27-Jan-2026,03-Feb-2026,PE,26400.0,1085.0,25415.0,25175.4
27-Jan-2026,03-Feb-2026,PE,26450.0,1129.15,1040.0,25175.4
27-Jan-2026,03-Feb-2026,PE,26500.0,1183.7,133705.0,25175.4
27-Jan-2026,03-Feb-2026,PE,26550.0,1305.0,390.0,25175.4
27-Jan-2026,03-Feb-2026,PE,26600.0,1277.7,14105.0,25175.4
27-Jan-2026,03-Feb-2026,PE,26650.0,1347.25,390.0,25175.4
27-Jan-2026,03-Feb-2026,PE,26700.0,1391.8,6630.0,25175.4
27-Jan-2026,03-Feb-2026,PE,26750.0,1526.05,195.0,25175.4
27-Jan-2026,03-Feb-2026,PE,26800.0,1595.0,7735.0,25175.4
27-Jan-2026,03-Feb-2026,PE,26850.0,1622.05,130.0,25175.4
27-Jan-2026,03-Feb-2026,PE,26900.0,1780.0,1170.0,25175.4
27-Jan-2026,03-Feb-2026,PE,26950.0,1704.55,130.0,25175.4
27-Jan-2026,03-Feb-2026,PE,27000.0,1672.75,147030.0,25175.4
27-Jan-2026,03-Feb-2026,PE,27050.0,1731.6,455.0,25175.4
27-Jan-2026,03-Feb-2026,PE,27100.0,1750.85,4680.0,25175.4
27-Jan-2026,03-Feb-2026,PE,27150.0,1910.25,715.0,25175.4
27-Jan-2026,03-Feb-2026,PE,27200.0,2060.0,4160.0,25175.4
27-Jan-2026,03-Feb-2026,PE,27250.0,2018.0,195.0,25175.4
27-Jan-2026,03-Feb-2026,PE,27300.0,2095.5,325.0,25175.4
27-Jan-2026,03-Feb-2026,PE,27350.0,2009.55,325.0,25175.4
27-Jan-2026,03-Feb-2026,PE,27400.0,2162.35,260.0,25175.4
27-Jan-2026,03-Feb-2026,PE,27450.0,2215.25,260.0,25175.4
27-Jan-2026,03-Feb-2026,PE,27500.0,2157.0,8125.0,25175.4
27-Jan-2026,03-Feb-2026,PE,27550.0,2345.3,260.0,25175.4
27-Jan-2026,03-Feb-2026,PE,27600.0,2348.85,260.0,25175.4
27-Jan-2026,03-Feb-2026,PE,27650.0,2300.0,325.0,25175.4
27-Jan-2026,03-Feb-2026,PE,27700.0,2376.25,455.0,25175.4
27-Jan-2026,03-Feb-2026,PE,27750.0,2524.05,260.0,25175.4
27-Jan-2026,03-Feb-2026,PE,27800.0,2593.55,325.0,25175.4
27-Jan-2026,03-Feb-2026,PE,27850.0,2519.1,325.0,25175.4
27-Jan-2026,03-Feb-2026,PE,27900.0,2655.95,520.0,25175.4
27-Jan-2026,03-Feb-2026,PE,27950.0,2752.1,195.0,25175.4
27-Jan-2026,03-Feb-2026,PE,28000.0,2663.65,75855.0,25175.4
27-Jan-2026,03-Feb-2026,PE,28050.0,2805.9,130.0,25175.4
27-Jan-2026,03-Feb-2026,PE,28100.0,2784.1,390.0,25175.4
27-Jan-2026,17-Feb-2026,CE,23300.0,1989.75,65.0,25175.4
27-Jan-2026,17-Feb-2026,CE,23350.0,1945.85,65.0,25175.4
27-Jan-2026,17-Feb-2026,CE,23400.0,1883.0,65.0,25175.4
27-Jan-2026,17-Feb-2026,CE,23450.0,1834.75,65.0,25175.4
27-Jan-2026,17-Feb-2026,CE,23500.0,1702.15,195.0,25175.4
27-Jan-2026,17-Feb-2026,CE,23550.0,1853.65,195.0,25175.4
27-Jan-2026,17-Feb-2026,CE,23600.0,1613.4,260.0,25175.4
27-Jan-2026,17-Feb-2026,CE,23650.0,1757.6,195.0,25175.4
27-Jan-2026,17-Feb-2026,CE,23700.0,1709.65,195.0,25175.4
27-Jan-2026,17-Feb-2026,CE,23750.0,1657.1,260.0,25175.4
27-Jan-2026,17-Feb-2026,CE,23800.0,1504.65,195.0,25175.4
27-Jan-2026,17-Feb-2026,CE,23850.0,1458.45,195.0,25175.4
27-Jan-2026,17-Feb-2026,CE,23900.0,1417.9,260.0,25175.4
27-Jan-2026,17-Feb-2026,CE,23950.0,1372.3,325.0,25175.4
27-Jan-2026,17-Feb-2026,CE,24000.0,1282.8,260.0,25175.4
27-Jan-2026,17-Feb-2026,CE,24050.0,1264.0,260.0,25175.4
27-Jan-2026,17-Feb-2026,CE,24100.0,1231.55,260.0,25175.4
27-Jan-2026,17-Feb-2026,CE,24150.0,1192.9,325.0,25175.4
27-Jan-2026,17-Feb-2026,CE,24200.0,1152.15,195.0,25175.4
27-Jan-2026,17-Feb-2026,CE,24250.0,1105.9,390.0,25175.4
27-Jan-2026,17-Feb-2026,CE,24300.0,1045.85,390.0,25175.4
27-Jan-2026,17-Feb-2026,CE,24350.0,1003.5,325.0,25175.4
27-Jan-2026,17-Feb-2026,CE,24400.0,965.95,455.0,25175.4
27-Jan-2026,17-Feb-2026,CE,24450.0,851.3,390.0,25175.4
27-Jan-2026,17-Feb-2026,CE,24500.0,994.7,3640.0,25175.4
27-Jan-2026,17-Feb-2026,CE,24550.0,856.7,585.0,25175.4
27-Jan-2026,17-Feb-2026,CE,24600.0,810.8,1625.0,25175.4
27-Jan-2026,17-Feb-2026,CE,24650.0,779.55,1495.0,25175.4
27-Jan-2026,17-Feb-2026,CE,24700.0,696.45,3640.0,25175.4
27-Jan-2026,17-Feb-2026,CE,24750.0,754.0,2665.0,25175.4
27-Jan-2026,17-Feb-2026,CE,24800.0,733.35,8515.0,25175.4
27-Jan-2026,17-Feb-2026,CE,24850.0,585.7,2665.0,25175.4
27-Jan-2026,17-Feb-2026,CE,24900.0,658.9,6110.0,25175.4
27-Jan-2026,17-Feb-2026,CE,24950.0,600.0,2795.0,25175.4
27-Jan-2026,17-Feb-2026,CE,25000.0,596.55,17875.0,25175.4
27-Jan-2026,17-Feb-2026,CE,25050.0,531.5,2990.0,25175.4
27-Jan-2026,17-Feb-2026,CE,25100.0,519.65,7150.0,25175.4
27-Jan-2026,17-Feb-2026,CE,25150.0,484.65,5395.0,25175.4
27-Jan-2026,17-Feb-2026,CE,25200.0,462.75,15600.0,25175.4
27-Jan-2026,17-Feb-2026,CE,25250.0,425.1,3120.0,25175.4
27-Jan-2026,17-Feb-2026,CE,25300.0,402.95,22100.0,25175.4
27-Jan-2026,17-Feb-2026,CE,25350.0,368.05,3965.0,25175.4
27-Jan-2026,17-Feb-2026,CE,25400.0,345.25,35035.0,25175.4
27-Jan-2026,17-Feb-2026,CE,25450.0,323.3,3575.0,25175.4
27-Jan-2026,17-Feb-2026,CE,25500.0,296.65,31265.0,25175.4
27-Jan-2026,17-Feb-2026,CE,25550.0,264.4,40365.0,25175.4
27-Jan-2026,17-Feb-2026,CE,25600.0,252.3,15405.0,25175.4
27-Jan-2026,17-Feb-2026,CE,25650.0,213.0,7410.0,25175.4
27-Jan-2026,17-Feb-2026,CE,25700.0,207.45,20345.0,25175.4
27-Jan-2026,17-Feb-2026,CE,25750.0,197.0,4420.0,25175.4
27-Jan-2026,17-Feb-2026,CE,25800.0,175.0,19630.0,25175.4
27-Jan-2026,17-Feb-2026,CE,25850.0,148.2,1495.0,25175.4
27-Jan-2026,17-Feb-2026,CE,25900.0,143.9,18200.0,25175.4
27-Jan-2026,17-Feb-2026,CE,25950.0,129.0,2535.0,25175.4
27-Jan-2026,17-Feb-2026,CE,26000.0,117.0,73840.0,25175.4
27-Jan-2026,17-Feb-2026,CE,26050.0,105.15,1560.0,25175.4
27-Jan-2026,17-Feb-2026,CE,26100.0,94.35,14755.0,25175.4
27-Jan-2026,17-Feb-2026,CE,26150.0,85.15,1170.0,25175.4
27-Jan-2026,17-Feb-2026,CE,26200.0,76.85,11115.0,25175.4
27-Jan-2026,17-Feb-2026,CE,26250.0,69.3,3510.0,25175.4
27-Jan-2026,17-Feb-2026,CE,26300.0,62.05,16445.0,25175.4
27-Jan-2026,17-Feb-2026,CE,26350.0,56.25,845.0,25175.4
27-Jan-2026,17-Feb-2026,CE,26400.0,51.0,11440.0,25175.4
27-Jan-2026,17-Feb-2026,CE,26450.0,47.0,2340.0,25175.4
27-Jan-2026,17-Feb-2026,CE,26500.0,41.2,24115.0,25175.4
27-Jan-2026,17-Feb-2026,CE,26550.0,38.5,1170.0,25175.4
27-Jan-2026,17-Feb-2026,CE,26600.0,33.65,9620.0,25175.4
27-Jan-2026,17-Feb-2026,CE,26650.0,32.3,6370.0,25175.4
27-Jan-2026,17-Feb-2026,CE,26700.0,28.6,8125.0,25175.4
27-Jan-2026,17-Feb-2026,CE,26750.0,25.4,650.0,25175.4
27-Jan-2026,17-Feb-2026,CE,26800.0,23.0,3965.0,25175.4
27-Jan-2026,17-Feb-2026,CE,26850.0,22.2,1625.0,25175.4
27-Jan-2026,17-Feb-2026,CE,26900.0,19.05,2990.0,25175.4
27-Jan-2026,17-Feb-2026,CE,26950.0,17.6,195.0,25175.4
27-Jan-2026,17-Feb-2026,CE,27000.0,17.3,24765.0,25175.4
27-Jan-2026,17-Feb-2026,CE,27050.0,16.5,260.0,25175.4
27-Jan-2026,17-Feb-2026,CE,27100.0,16.95,2210.0,25175.4
27-Jan-2026,17-Feb-2026,CE,27150.0,18.05,455.0,25175.4
27-Jan-2026,17-Feb-2026,CE,27200.0,12.0,8515.0,25175.4
27-Jan-2026,17-Feb-2026,CE,27250.0,16.85,520.0,25175.4
27-Jan-2026,17-Feb-2026,CE,27300.0,10.9,1170.0,25175.4
27-Jan-2026,17-Feb-2026,CE,27350.0,10.5,,25175.4
27-Jan-2026,17-Feb-2026,CE,27400.0,8.9,5720.0,25175.4
27-Jan-2026,17-Feb-2026,CE,27450.0,,,25175.4
27-Jan-2026,17-Feb-2026,CE,27500.0,7.5,7345.0,25175.4
27-Jan-2026,17-Feb-2026,PE,23300.0,17.5,5785.0,25175.4
27-Jan-2026,17-Feb-2026,PE,23350.0,23.75,650.0,25175.4
27-Jan-2026,17-Feb-2026,PE,23400.0,20.7,5785.0,25175.4
27-Jan-2026,17-Feb-2026,PE,23450.0,20.8,1625.0,25175.4
27-Jan-2026,17-Feb-2026,PE,23500.0,23.4,14560.0,25175.4
27-Jan-2026,17-Feb-2026,PE,23550.0,24.0,975.0,25175.4
27-Jan-2026,17-Feb-2026,PE,23600.0,26.55,10140.0,25175.4
27-Jan-2026,17-Feb-2026,PE,23650.0,36.35,780.0,25175.4
27-Jan-2026,17-Feb-2026,PE,23700.0,30.0,3055.0,25175.4
27-Jan-2026,17-Feb-2026,PE,23750.0,32.0,2015.0,25175.4
27-Jan-2026,17-Feb-2026,PE,23800.0,33.8,3445.0,25175.4
27-Jan-2026,17-Feb-2026,PE,23850.0,38.5,1560.0,25175.4
27-Jan-2026,17-Feb-2026,PE,23900.0,39.15,2470.0,25175.4
27-Jan-2026,17-Feb-2026,PE,23950.0,42.05,1170.0,25175.4
27-Jan-2026,17-Feb-2026,PE,24000.0,46.9,44070.0,25175.4
27-Jan-2026,17-Feb-2026,PE,24050.0,49.05,1495.0,25175.4
27-Jan-2026,17-Feb-2026,PE,24100.0,52.55,5135.0,25175.4
27-Jan-2026,17-Feb-2026,PE,24150.0,56.85,1950.0,25175.4
27-Jan-2026,17-Feb-2026,PE,24200.0,61.7,5785.0,25175.4
27-Jan-2026,17-Feb-2026,PE,24250.0,66.3,2145.0,25175.4
27-Jan-2026,17-Feb-2026,PE,24300.0,70.65,5590.0,25175.4
27-Jan-2026,17-Feb-2026,PE,24350.0,76.6,2665.0,25175.4
27-Jan-2026,17-Feb-2026,PE,24400.0,82.1,10920.0,25175.4
27-Jan-2026,17-Feb-2026,PE,24450.0,89.15,3055.0,25175.4
27-Jan-2026,17-Feb-2026,PE,24500.0,94.65,29770.0,25175.4
27-Jan-2026,17-Feb-2026,PE,24550.0,107.7,2860.0,25175.4
27-Jan-2026,17-Feb-2026,PE,24600.0,111.0,10725.0,25175.4
27-Jan-2026,17-Feb-2026,PE,24650.0,168.5,4095.0,25175.4
27-Jan-2026,17-Feb-2026,PE,24700.0,130.0,11960.0,25175.4
27-Jan-2026,17-Feb-2026,PE,24750.0,151.0,2405.0,25175.4
27-Jan-2026,17-Feb-2026,PE,24800.0,152.9,13715.0,25175.4
27-Jan-2026,17-Feb-2026,PE,24850.0,156.6,3380.0,25175.4
27-Jan-2026,17-Feb-2026,PE,24900.0,175.4,9750.0,25175.4
27-Jan-2026,17-Feb-2026,PE,24950.0,184.0,4160.0,25175.4
27-Jan-2026,17-Feb-2026,PE,25000.0,200.25,21060.0,25175.4
27-Jan-2026,17-Feb-2026,PE,25050.0,221.8,3445.0,25175.4
27-Jan-2026,17-Feb-2026,PE,25100.0,231.3,11050.0,25175.4
27-Jan-2026,17-Feb-2026,PE,25150.0,251.15,3185.0,25175.4
27-Jan-2026,17-Feb-2026,PE,25200.0,266.3,12090.0,25175.4
27-Jan-2026,17-Feb-2026,PE,25250.0,293.0,2405.0,25175.4
27-Jan-2026,17-Feb-2026,PE,25300.0,307.4,10855.0,25175.4
27-Jan-2026,17-Feb-2026,PE,25350.0,324.8,5005.0,25175.4
27-Jan-2026,17-Feb-2026,PE,25400.0,355.55,13585.0,25175.4
27-Jan-2026,17-Feb-2026,PE,25450.0,456.65,650.0,25175.4
27-Jan-2026,17-Feb-2026,PE,25500.0,375.05,11830.0,25175.4
27-Jan-2026,17-Feb-2026,PE,25550.0,460.0,4615.0,25175.4
27-Jan-2026,17-Feb-2026,PE,25600.0,454.6,8320.0,25175.4
27-Jan-2026,17-Feb-2026,PE,25650.0,575.9,195.0,25175.4
27-Jan-2026,17-Feb-2026,PE,25700.0,519.85,1755.0,25175.4
27-Jan-2026,17-Feb-2026,PE,25750.0,633.45,260.0,25175.4
27-Jan-2026,17-Feb-2026,PE,25800.0,577.0,3835.0,25175.4
27-Jan-2026,17-Feb-2026,PE,25850.0,723.45,845.0,25175.4
27-Jan-2026,17-Feb-2026,PE,25900.0,649.95,5525.0,25175.4
27-Jan-2026,17-Feb-2026,PE,25950.0,786.55,455.0,25175.4
27-Jan-2026,17-Feb-2026,PE,26000.0,728.5,3965.0,25175.4
27-Jan-2026,17-Feb-2026,PE,26050.0,865.0,845.0,25175.4
27-Jan-2026,17-Feb-2026,PE,26100.0,905.3,65.0,25175.4
27-Jan-2026,17-Feb-2026,PE,26150.0,949.6,65.0,25175.4
27-Jan-2026,17-Feb-2026,PE,26200.0,903.4,195.0,25175.4
27-Jan-2026,17-Feb-2026,PE,26250.0,1044.4,130.0,25175.4
27-Jan-2026,17-Feb-2026,PE,26300.0,1150.0,260.0,25175.4
27-Jan-2026,17-Feb-2026,PE,26350.0,1131.1,65.0,25175.4
27-Jan-2026,17-Feb-2026,PE,26400.0,1162.15,65.0,25175.4
27-Jan-2026,17-Feb-2026,PE,26450.0,1222.7,65.0,25175.4
27-Jan-2026,17-Feb-2026,PE,26500.0,1326.0,130.0,25175.4
27-Jan-2026,17-Feb-2026,PE,26550.0,1314.25,65.0,25175.4
27-Jan-2026,17-Feb-2026,PE,26600.0,1326.6,130.0,25175.4
27-Jan-2026,17-Feb-2026,PE,26650.0,1373.15,130.0,25175.4
27-Jan-2026,17-Feb-2026,PE,26700.0,1447.4,65.0,25175.4
27-Jan-2026,17-Feb-2026,PE,26750.0,1494.6,65.0,25175.4
27-Jan-2026,17-Feb-2026,PE,26800.0,1514.75,130.0,25175.4
27-Jan-2026,17-Feb-2026,PE,26850.0,1556.65,260.0,25175.4
27-Jan-2026,17-Feb-2026,PE,26900.0,1605.85,130.0,25175.4
27-Jan-2026,17-Feb-2026,PE,26950.0,1681.5,65.0,25175.4
27-Jan-2026,17-Feb-2026,PE,27000.0,1708.9,195.0,25175.4
27-Jan-2026,17-Feb-2026,PE,27050.0,1754.9,130.0,25175.4
27-Jan-2026,17-Feb-2026,PE,27100.0,1928.55,195.0,25175.4
27-Jan-2026,17-Feb-2026,PE,27150.0,1942.05,390.0,25175.4
27-Jan-2026,17-Feb-2026,PE,27200.0,1900.55,130.0,25175.4
27-Jan-2026,17-Feb-2026,PE,27250.0,1949.15,130.0,25175.4
27-Jan-2026,17-Feb-2026,PE,27300.0,1998.35,130.0,25175.4
27-Jan-2026,17-Feb-2026,PE,27350.0,2045.85,130.0,25175.4
27-Jan-2026,17-Feb-2026,PE,27400.0,2208.75,195.0,25175.4
27-Jan-2026,17-Feb-2026,PE,27450.0,2162.85,130.0,25175.4
27-Jan-2026,17-Feb-2026,PE,27500.0,2218.2,130.0,25175.4
27-Jan-2026,02-Mar-2026,CE,23300.0,,,25175.4
27-Jan-2026,02-Mar-2026,CE,23350.0,,,25175.4
27-Jan-2026,02-Mar-2026,CE,23400.0,,,25175.4
27-Jan-2026,02-Mar-2026,CE,23450.0,,,25175.4
27-Jan-2026,02-Mar-2026,CE,23500.0,,,25175.4
27-Jan-2026,02-Mar-2026,CE,23550.0,,,25175.4
27-Jan-2026,02-Mar-2026,CE,23600.0,,,25175.4
27-Jan-2026,02-Mar-2026,CE,23650.0,,,25175.4
27-Jan-2026,02-Mar-2026,CE,23700.0,,,25175.4
27-Jan-2026,02-Mar-2026,CE,23750.0,,,25175.4
27-Jan-2026,02-Mar-2026,CE,23800.0,,,25175.4
27-Jan-2026,02-Mar-2026,CE,23850.0,,,25175.4
27-Jan-2026,02-Mar-2026,CE,23900.0,,,25175.4
27-Jan-2026,02-Mar-2026,CE,23950.0,,,25175.4
27-Jan-2026,02-Mar-2026,CE,24000.0,,,25175.4
27-Jan-2026,02-Mar-2026,CE,24050.0,,,25175.4
27-Jan-2026,02-Mar-2026,CE,24100.0,,,25175.4
27-Jan-2026,02-Mar-2026,CE,24150.0,,,25175.4
27-Jan-2026,02-Mar-2026,CE,24200.0,,,25175.4
27-Jan-2026,02-Mar-2026,CE,24250.0,,,25175.4
27-Jan-2026,02-Mar-2026,CE,24300.0,,,25175.4
27-Jan-2026,02-Mar-2026,CE,24350.0,,,25175.4
27-Jan-2026,02-Mar-2026,CE,24400.0,,,25175.4
27-Jan-2026,02-Mar-2026,CE,24450.0,,,25175.4
27-Jan-2026,02-Mar-2026,CE,24500.0,,,25175.4
27-Jan-2026,02-Mar-2026,CE,24550.0,,,25175.4
27-Jan-2026,02-Mar-2026,CE,24600.0,,,25175.4
27-Jan-2026,02-Mar-2026,CE,24650.0,,,25175.4
27-Jan-2026,02-Mar-2026,CE,24700.0,,,25175.4
27-Jan-2026,02-Mar-2026,CE,24750.0,,,25175.4
27-Jan-2026,02-Mar-2026,CE,24800.0,,,25175.4
27-Jan-2026,02-Mar-2026,CE,24850.0,,,25175.4
27-Jan-2026,02-Mar-2026,CE,24900.0,,,25175.4
27-Jan-2026,02-Mar-2026,CE,24950.0,,,25175.4
27-Jan-2026,02-Mar-2026,CE,25000.0,,,25175.4
27-Jan-2026,02-Mar-2026,CE,25050.0,557.45,780.0,25175.4
27-Jan-2026,02-Mar-2026,CE,25100.0,587.0,260.0,25175.4
27-Jan-2026,02-Mar-2026,CE,25150.0,565.3,65.0,25175.4
27-Jan-2026,02-Mar-2026,CE,25200.0,530.5,845.0,25175.4
27-Jan-2026,02-Mar-2026,CE,25250.0,503.5,130.0,25175.4
27-Jan-2026,02-Mar-2026,CE,25300.0,320.05,65.0,25175.4
27-Jan-2026,02-Mar-2026,CE,25350.0,,,25175.4
27-Jan-2026,02-Mar-2026,CE,25400.0,390.9,650.0,25175.4
27-Jan-2026,02-Mar-2026,CE,25450.0,,,25175.4
27-Jan-2026,02-Mar-2026,CE,25500.0,388.25,1495.0,25175.4
27-Jan-2026,02-Mar-2026,CE,25550.0,,,25175.4
27-Jan-2026,02-Mar-2026,CE,25600.0,,,25175.4
27-Jan-2026,02-Mar-2026,CE,25650.0,,,25175.4
27-Jan-2026,02-Mar-2026,CE,25700.0,288.85,195.0,25175.4
27-Jan-2026,02-Mar-2026,CE,25750.0,,,25175.4
27-Jan-2026,02-Mar-2026,CE,25800.0,245.9,1885.0,25175.4
27-Jan-2026,02-Mar-2026,CE,25850.0,,,25175.4
27-Jan-2026,02-Mar-2026,CE,25900.0,171.0,325.0,25175.4
27-Jan-2026,02-Mar-2026,CE,25950.0,,,25175.4
27-Jan-2026,02-Mar-2026,CE,26000.0,183.3,5200.0,25175.4
27-Jan-2026,02-Mar-2026,CE,26050.0,,,25175.4
27-Jan-2026,02-Mar-2026,CE,26100.0,,,25175.4
27-Jan-2026,02-Mar-2026,CE,26150.0,,,25175.4
27-Jan-2026,02-Mar-2026,CE,26200.0,,,25175.4
27-Jan-2026,02-Mar-2026,CE,26250.0,,,25175.4
27-Jan-2026,02-Mar-2026,CE,26300.0,,,25175.4
27-Jan-2026,02-Mar-2026,CE,26350.0,,,25175.4
27-Jan-2026,02-Mar-2026,CE,26400.0,89.5,1300.0,25175.4
27-Jan-2026,02-Mar-2026,CE,26450.0,75.0,65.0,25175.4
27-Jan-2026,02-Mar-2026,CE,26500.0,74.0,5850.0,25175.4
27-Jan-2026,02-Mar-2026,CE,26550.0,113.4,65.0,25175.4
27-Jan-2026,02-Mar-2026,CE,26600.0,,,25175.4
27-Jan-2026,02-Mar-2026,CE,26650.0,,,25175.4
27-Jan-2026,02-Mar-2026,CE,26700.0,,,25175.4
27-Jan-2026,02-Mar-2026,CE,26750.0,,,25175.4
27-Jan-2026,02-Mar-2026,CE,26800.0,,,25175.4
27-Jan-2026,02-Mar-2026,CE,26850.0,,,25175.4
27-Jan-2026,02-Mar-2026,CE,26900.0,,,25175.4
27-Jan-2026,02-Mar-2026,CE,26950.0,,,25175.4
27-Jan-2026,02-Mar-2026,CE,27000.0,33.3,12805.0,25175.4
27-Jan-2026,02-Mar-2026,CE,27050.0,,,25175.4
27-Jan-2026,02-Mar-2026,PE,23300.0,,,25175.4
27-Jan-2026,02-Mar-2026,PE,23350.0,,,25175.4
27-Jan-2026,02-Mar-2026,PE,23400.0,39.95,780.0,25175.4
27-Jan-2026,02-Mar-2026,PE,23450.0,,,25175.4
27-Jan-2026,02-Mar-2026,PE,23500.0,37.1,1820.0,25175.4
27-Jan-2026,02-Mar-2026,PE,23550.0,,,25175.4
27-Jan-2026,02-Mar-2026,PE,23600.0,,,25175.4
27-Jan-2026,02-Mar-2026,PE,23650.0,,,25175.4
27-Jan-2026,02-Mar-2026,PE,23700.0,,,25175.4
27-Jan-2026,02-Mar-2026,PE,23750.0,,,25175.4
27-Jan-2026,02-Mar-2026,PE,23800.0,59.3,585.0,25175.4
27-Jan-2026,02-Mar-2026,PE,23850.0,,,25175.4
27-Jan-2026,02-Mar-2026,PE,23900.0,,,25175.4
27-Jan-2026,02-Mar-2026,PE,23950.0,,,25175.4
27-Jan-2026,02-Mar-2026,PE,24000.0,,,25175.4
27-Jan-2026,02-Mar-2026,PE,24050.0,,,25175.4
27-Jan-2026,02-Mar-2026,PE,24100.0,,,25175.4
27-Jan-2026,02-Mar-2026,PE,24150.0,82.15,65.0,25175.4
27-Jan-2026,02-Mar-2026,PE,24200.0,90.6,1495.0,25175.4
27-Jan-2026,02-Mar-2026,PE,24250.0,,,25175.4
27-Jan-2026,02-Mar-2026,PE,24300.0,88.55,390.0,25175.4
27-Jan-2026,02-Mar-2026,PE,24350.0,99.6,65.0,25175.4
27-Jan-2026,02-Mar-2026,PE,24400.0,130.4,2015.0,25175.4
27-Jan-2026,02-Mar-2026,PE,24450.0,109.05,65.0,25175.4
27-Jan-2026,02-Mar-2026,PE,24500.0,130.0,5135.0,25175.4
27-Jan-2026,02-Mar-2026,PE,24550.0,,,25175.4
27-Jan-2026,02-Mar-2026,PE,24600.0,146.0,2210.0,25175.4
27-Jan-2026,02-Mar-2026,PE,24650.0,,,25175.4
27-Jan-2026,02-Mar-2026,PE,24700.0,187.5,1950.0,25175.4
27-Jan-2026,02-Mar-2026,PE,24750.0,196.35,260.0,25175.4
27-Jan-2026,02-Mar-2026,PE,24800.0,188.0,1235.0,25175.4
27-Jan-2026,02-Mar-2026,PE,24850.0,221.1,65.0,25175.4
27-Jan-2026,02-Mar-2026,PE,24900.0,207.1,520.0,25175.4
27-Jan-2026,02-Mar-2026,PE,24950.0,268.0,65.0,25175.4
27-Jan-2026,02-Mar-2026,PE,25000.0,237.3,4940.0,25175.4
27-Jan-2026,02-Mar-2026,PE,25050.0,318.25,195.0,25175.4
27-Jan-2026,02-Mar-2026,PE,25100.0,324.25,585.0,25175.4
27-Jan-2026,02-Mar-2026,PE,25150.0,,,25175.4
27-Jan-2026,02-Mar-2026,PE,25200.0,301.75,2080.0,25175.4
27-Jan-2026,02-Mar-2026,PE,25250.0,377.3,65.0,25175.4
27-Jan-2026,02-Mar-2026,PE,25300.0,363.85,65.0,25175.4
27-Jan-2026,02-Mar-2026,PE,25350.0,382.85,65.0,25175.4
27-Jan-2026,02-Mar-2026,PE,25400.0,490.0,65.0,25175.4
27-Jan-2026,02-Mar-2026,PE,25450.0,,,25175.4
27-Jan-2026,02-Mar-2026,PE,25500.0,501.05,130.0,25175.4
27-Jan-2026,02-Mar-2026,PE,25550.0,,,25175.4
27-Jan-2026,02-Mar-2026,PE,25600.0,,,25175.4
27-Jan-2026,02-Mar-2026,PE,25650.0,,,25175.4
27-Jan-2026,02-Mar-2026,PE,25700.0,,,25175.4
27-Jan-2026,02-Mar-2026,PE,25750.0,,,25175.4
27-Jan-2026,02-Mar-2026,PE,25800.0,,,25175.4
27-Jan-2026,02-Mar-2026,PE,25850.0,,,25175.4
27-Jan-2026,02-Mar-2026,PE,25900.0,,,25175.4
27-Jan-2026,02-Mar-2026,PE,25950.0,,,25175.4
27-Jan-2026,02-Mar-2026,PE,26000.0,,,25175.4
27-Jan-2026,02-Mar-2026,PE,26050.0,,,25175.4
27-Jan-2026,02-Mar-2026,PE,26100.0,,,25175.4
27-Jan-2026,02-Mar-2026,PE,26150.0,,,25175.4
27-Jan-2026,02-Mar-2026,PE,26200.0,,,25175.4
27-Jan-2026,02-Mar-2026,PE,26250.0,,,25175.4
27-Jan-2026,02-Mar-2026,PE,26300.0,,,25175.4
27-Jan-2026,02-Mar-2026,PE,26350.0,,,25175.4
27-Jan-2026,02-Mar-2026,PE,26400.0,,,25175.4
27-Jan-2026,02-Mar-2026,PE,26450.0,,,25175.4
27-Jan-2026,02-Mar-2026,PE,26500.0,,,25175.4
27-Jan-2026,02-Mar-2026,PE,26550.0,,,25175.4
27-Jan-2026,02-Mar-2026,PE,26600.0,,,25175.4
27-Jan-2026,02-Mar-2026,PE,26650.0,,,25175.4
27-Jan-2026,02-Mar-2026,PE,26700.0,,,25175.4
27-Jan-2026,02-Mar-2026,PE,26750.0,,,25175.4
27-Jan-2026,02-Mar-2026,PE,26800.0,,,25175.4
27-Jan-2026,02-Mar-2026,PE,26850.0,,,25175.4
27-Jan-2026,02-Mar-2026,PE,26900.0,,,25175.4
27-Jan-2026,02-Mar-2026,PE,26950.0,1710.0,325.0,25175.4
27-Jan-2026,02-Mar-2026,PE,27000.0,,,25175.4
27-Jan-2026,02-Mar-2026,PE,27050.0,,,25175.4
28-Jan-2026,03-Feb-2026,CE,23300.0,1802.0,130.0,25342.75
28-Jan-2026,03-Feb-2026,CE,23350.0,1887.25,65.0,25342.75
28-Jan-2026,03-Feb-2026,CE,23400.0,1702.0,455.0,25342.75
28-Jan-2026,03-Feb-2026,CE,23450.0,1806.0,130.0,25342.75
28-Jan-2026,03-Feb-2026,CE,23500.0,1868.35,12870.0,25342.75
28-Jan-2026,03-Feb-2026,CE,23550.0,1684.25,195.0,25342.75
28-Jan-2026,03-Feb-2026,CE,23600.0,1778.0,3055.0,25342.75
28-Jan-2026,03-Feb-2026,CE,23650.0,1721.3,3445.0,25342.75
28-Jan-2026,03-Feb-2026,CE,23700.0,1682.35,5005.0,25342.75
28-Jan-2026,03-Feb-2026,CE,23750.0,1559.55,8580.0,25342.75
28-Jan-2026,03-Feb-2026,CE,23800.0,1520.95,1105.0,25342.75
28-Jan-2026,03-Feb-2026,CE,23850.0,1213.75,520.0,25342.75
28-Jan-2026,03-Feb-2026,CE,23900.0,1476.4,650.0,25342.75
28-Jan-2026,03-Feb-2026,CE,23950.0,1435.1,650.0,25342.75
28-Jan-2026,03-Feb-2026,CE,24000.0,1376.65,167180.0,25342.75
28-Jan-2026,03-Feb-2026,CE,24050.0,1260.0,650.0,25342.75
28-Jan-2026,03-Feb-2026,CE,24100.0,1278.55,2470.0,25342.75
28-Jan-2026,03-Feb-2026,CE,24150.0,1181.6,390.0,25342.75
28-Jan-2026,03-Feb-2026,CE,24200.0,1177.8,2665.0,25342.75
28-Jan-2026,03-Feb-2026,CE,24250.0,1032.7,2600.0,25342.75
28-Jan-2026,03-Feb-2026,CE,24300.0,1086.9,10920.0,25342.75
28-Jan-2026,03-Feb-2026,CE,24350.0,1037.35,2730.0,25342.75
28-Jan-2026,03-Feb-2026,CE,24400.0,985.35,23205.0,25342.75
28-Jan-2026,03-Feb-2026,CE,24450.0,942.25,25285.0,25342.75
28-Jan-2026,03-Feb-2026,CE,24500.0,889.5,213980.0,25342.75
28-Jan-2026,03-Feb-2026,CE,24550.0,845.7,31980.0,25342.75
28-Jan-2026,03-Feb-2026,CE,24600.0,798.35,86125.0,25342.75
28-Jan-2026,03-Feb-2026,CE,24650.0,750.65,32435.0,25342.75
28-Jan-2026,03-Feb-2026,CE,24700.0,705.9,79690.0,25342.75
28-Jan-2026,03-Feb-2026,CE,24750.0,661.25,32435.0,25342.75
28-Jan-2026,03-Feb-2026,CE,24800.0,615.05,155090.0,25342.75
28-Jan-2026,03-Feb-2026,CE,24850.0,572.1,42965.0,25342.75
28-Jan-2026,03-Feb-2026,CE,24900.0,531.0,178360.0,25342.75
28-Jan-2026,03-Feb-2026,CE,24950.0,490.0,74945.0,25342.75
28-Jan-2026,03-Feb-2026,CE,25000.0,448.75,2484755.0,25342.75
28-Jan-2026,03-Feb-2026,CE,25050.0,411.6,145405.0,25342.75
28-Jan-2026,03-Feb-2026,CE,25100.0,374.4,1058850.0,25342.75
28-Jan-2026,03-Feb-2026,CE,25150.0,337.15,381550.0,25342.75
28-Jan-2026,03-Feb-2026,CE,25200.0,304.0,2296645.0,25342.75
28-Jan-2026,03-Feb-2026,CE,25250.0,272.6,1101880.0,25342.75
28-Jan-2026,03-Feb-2026,CE,25300.0,242.1,4157530.0,25342.75
28-Jan-2026,03-Feb-2026,CE,25350.0,215.45,2096835.0,25342.75
28-Jan-2026,03-Feb-2026,CE,25400.0,189.6,3580720.0,25342.75
28-Jan-2026,03-Feb-2026,CE,25450.0,166.0,1087645.0,25342.75
28-Jan-2026,03-Feb-2026,CE,25500.0,144.4,5220150.0,25342.75
28-Jan-2026,03-Feb-2026,CE,25550.0,124.3,1124565.0,25342.75
28-Jan-2026,03-Feb-2026,CE,25600.0,107.2,2770300.0,25342.75
28-Jan-2026,03-Feb-2026,CE,25650.0,91.2,1655680.0,25342.75
28-Jan-2026,03-Feb-2026,CE,25700.0,78.2,2603770.0,25342.75
28-Jan-2026,03-Feb-2026,CE,25750.0,66.1,1033370.0,25342.75
28-Jan-2026,03-Feb-2026,CE,25800.0,56.15,3473600.0,25342.75
28-Jan-2026,03-Feb-2026,CE,25850.0,47.35,896285.0,25342.75
28-Jan-2026,03-Feb-2026,CE,25900.0,39.8,1944670.0,25342.75
28-Jan-2026,03-Feb-2026,CE,25950.0,33.7,967590.0,25342.75
28-Jan-2026,03-Feb-2026,CE,26000.0,28.25,7753330.0,25342.75
28-Jan-2026,03-Feb-2026,CE,26050.0,24.0,753935.0,25342.75
28-Jan-2026,03-Feb-2026,CE,26100.0,20.3,3663465.0,25342.75
28-Jan-2026,03-Feb-2026,CE,26150.0,17.15,683345.0,25342.75
28-Jan-2026,03-Feb-2026,CE,26200.0,14.75,2145130.0,25342.75
28-Jan-2026,03-Feb-2026,CE,26250.0,12.6,662480.0,25342.75
28-Jan-2026,03-Feb-2026,CE,26300.0,10.75,2849535.0,25342.75
28-Jan-2026,03-Feb-2026,CE,26350.0,9.3,801450.0,25342.75
28-Jan-2026,03-Feb-2026,CE,26400.0,7.95,2782975.0,25342.75
28-Jan-2026,03-Feb-2026,CE,26450.0,7.1,597740.0,25342.75
28-Jan-2026,03-Feb-2026,CE,26500.0,6.45,5049200.0,25342.75
28-Jan-2026,03-Feb-2026,CE,26550.0,5.7,452855.0,25342.75
28-Jan-2026,03-Feb-2026,CE,26600.0,5.15,1140230.0,25342.75
28-Jan-2026,03-Feb-2026,CE,26650.0,4.65,531180.0,25342.75
28-Jan-2026,03-Feb-2026,CE,26700.0,4.15,1177735.0,25342.75
28-Jan-2026,03-Feb-2026,CE,26750.0,3.8,276055.0,25342.75
28-Jan-2026,03-Feb-2026,CE,26800.0,3.4,1866345.0,25342.75
28-Jan-2026,03-Feb-2026,CE,26850.0,3.3,898495.0,25342.75
28-Jan-2026,03-Feb-2026,CE,26900.0,2.95,878670.0,25342.75
28-Jan-2026,03-Feb-2026,CE,26950.0,2.75,429585.0,25342.75
28-Jan-2026,03-Feb-2026,CE,27000.0,2.7,5493475.0,25342.75
28-Jan-2026,03-Feb-2026,CE,27050.0,2.45,267605.0,25342.75
28-Jan-2026,03-Feb-2026,CE,27100.0,2.3,722280.0,25342.75
28-Jan-2026,03-Feb-2026,CE,27150.0,2.15,229450.0,25342.75
28-Jan-2026,03-Feb-2026,CE,27200.0,2.0,1198990.0,25342.75
28-Jan-2026,03-Feb-2026,CE,27250.0,1.95,161785.0,25342.75
28-Jan-2026,03-Feb-2026,CE,27300.0,1.85,992355.0,25342.75
28-Jan-2026,03-Feb-2026,CE,27350.0,1.8,156260.0,25342.75
28-Jan-2026,03-Feb-2026,CE,27400.0,1.8,346190.0,25342.75
28-Jan-2026,03-Feb-2026,CE,27450.0,1.75,80015.0,25342.75
28-Jan-2026,03-Feb-2026,CE,27500.0,1.85,2821390.0,25342.75
28-Jan-2026,03-Feb-2026,CE,27550.0,1.75,247585.0,25342.75
28-Jan-2026,03-Feb-2026,CE,27600.0,1.75,782340.0,25342.75
28-Jan-2026,03-Feb-2026,CE,27650.0,1.65,246610.0,25342.75
28-Jan-2026,03-Feb-2026,CE,27700.0,1.7,761085.0,25342.75
28-Jan-2026,03-Feb-2026,CE,27750.0,1.6,167440.0,25342.75
28-Jan-2026,03-Feb-2026,CE,27800.0,1.65,871130.0,25342.75
28-Jan-2026,03-Feb-2026,CE,27850.0,1.55,194220.0,25342.75
28-Jan-2026,03-Feb-2026,CE,27900.0,1.65,726115.0,25342.75
28-Jan-2026,03-Feb-2026,CE,27950.0,1.55,202475.0,25342.75
28-Jan-2026,03-Feb-2026,CE,28000.0,1.5,3094065.0,25342.75
28-Jan-2026,03-Feb-2026,CE,28050.0,1.45,309465.0,25342.75
28-Jan-2026,03-Feb-2026,CE,28100.0,1.4,734955.0,25342.75
28-Jan-2026,03-Feb-2026,PE,23300.0,3.7,5502510.0,25342.75
28-Jan-2026,03-Feb-2026,PE,23350.0,3.6,254670.0,25342.75
28-Jan-2026,03-Feb-2026,PE,23400.0,3.75,2059005.0,25342.75
28-Jan-2026,03-Feb-2026,PE,23450.0,3.95,238030.0,25342.75
28-Jan-2026,03-Feb-2026,PE,23500.0,4.15,3599050.0,25342.75
28-Jan-2026,03-Feb-2026,PE,23550.0,4.15,289575.0,25342.75
28-Jan-2026,03-Feb-2026,PE,23600.0,4.35,862680.0,25342.75
28-Jan-2026,03-Feb-2026,PE,23650.0,4.65,705315.0,25342.75
28-Jan-2026,03-Feb-2026,PE,23700.0,4.85,1153165.0,25342.75
28-Jan-2026,03-Feb-2026,PE,23750.0,4.95,1572025.0,25342.75
28-Jan-2026,03-Feb-2026,PE,23800.0,5.5,1640925.0,25342.75
28-Jan-2026,03-Feb-2026,PE,23850.0,5.7,1529840.0,25342.75
28-Jan-2026,03-Feb-2026,PE,23900.0,6.4,1064830.0,25342.75
28-Jan-2026,03-Feb-2026,PE,23950.0,6.95,421785.0,25342.75
28-Jan-2026,03-Feb-2026,PE,24000.0,7.7,5131230.0,25342.75
28-Jan-2026,03-Feb-2026,PE,24050.0,8.15,429520.0,25342.75
28-Jan-2026,03-Feb-2026,PE,24100.0,8.95,1290640.0,25342.75
28-Jan-2026,03-Feb-2026,PE,24150.0,9.85,512070.0,25342.75
28-Jan-2026,03-Feb-2026,PE,24200.0,10.75,3054285.0,25342.75
28-Jan-2026,03-Feb-2026,PE,24250.0,11.75,508040.0,25342.75
28-Jan-2026,03-Feb-2026,PE,24300.0,12.9,2963675.0,25342.75
28-Jan-2026,03-Feb-2026,PE,24350.0,14.75,439075.0,25342.75
28-Jan-2026,03-Feb-2026,PE,24400.0,16.3,1228240.0,25342.75
28-Jan-2026,03-Feb-2026,PE,24450.0,18.55,437255.0,25342.75
28-Jan-2026,03-Feb-2026,PE,24500.0,20.8,3920410.0,25342.75
28-Jan-2026,03-Feb-2026,PE,24550.0,23.65,535860.0,25342.75
28-Jan-2026,03-Feb-2026,PE,24600.0,26.9,2856360.0,25342.75
28-Jan-2026,03-Feb-2026,PE,24650.0,30.4,679575.0,25342.75
28-Jan-2026,03-Feb-2026,PE,24700.0,34.7,1534455.0,25342.75
28-Jan-2026,03-Feb-2026,PE,24750.0,39.8,672425.0,25342.75
28-Jan-2026,03-Feb-2026,PE,24800.0,45.55,1985685.0,25342.75
28-Jan-2026,03-Feb-2026,PE,24850.0,51.85,548080.0,25342.75
28-Jan-2026,03-Feb-2026,PE,24900.0,59.8,1662375.0,25342.75
28-Jan-2026,03-Feb-2026,PE,24950.0,68.3,1111370.0,25342.75
28-Jan-2026,03-Feb-2026,PE,25000.0,78.2,5439525.0,25342.75
28-Jan-2026,03-Feb-2026,PE,25050.0,89.65,703430.0,25342.75
28-Jan-2026,03-Feb-2026,PE,25100.0,102.75,2310880.0,25342.75
28-Jan-2026,03-Feb-2026,PE,25150.0,117.3,1024010.0,25342.75
28-Jan-2026,03-Feb-2026,PE,25200.0,133.0,3031795.0,25342.75
28-Jan-2026,03-Feb-2026,PE,25250.0,151.75,1537965.0,25342.75
28-Jan-2026,03-Feb-2026,PE,25300.0,171.3,3917615.0,25342.75
28-Jan-2026,03-Feb-2026,PE,25350.0,193.3,1610440.0,25342.75
28-Jan-2026,03-Feb-2026,PE,25400.0,217.55,2025920.0,25342.75
28-Jan-2026,03-Feb-2026,PE,25450.0,244.0,319475.0,25342.75
28-Jan-2026,03-Feb-2026,PE,25500.0,271.9,1486160.0,25342.75
28-Jan-2026,03-Feb-2026,PE,25550.0,302.75,146575.0,25342.75
28-Jan-2026,03-Feb-2026,PE,25600.0,334.55,564915.0,25342.75
28-Jan-2026,03-Feb-2026,PE,25650.0,368.75,142610.0,25342.75
28-Jan-2026,03-Feb-2026,PE,25700.0,406.9,547690.0,25342.75
28-Jan-2026,03-Feb-2026,PE,25750.0,443.55,99710.0,25342.75
28-Jan-2026,03-Feb-2026,PE,25800.0,482.65,770705.0,25342.75
28-Jan-2026,03-Feb-2026,PE,25850.0,525.7,111930.0,25342.75
28-Jan-2026,03-Feb-2026,PE,25900.0,566.75,250445.0,25342.75
28-Jan-2026,03-Feb-2026,PE,25950.0,609.3,41080.0,25342.75
28-Jan-2026,03-Feb-2026,PE,26000.0,654.2,866125.0,25342.75
28-Jan-2026,03-Feb-2026,PE,26050.0,694.25,34385.0,25342.75
28-Jan-2026,03-Feb-2026,PE,26100.0,749.4,329810.0,25342.75
28-Jan-2026,03-Feb-2026,PE,26150.0,790.45,28015.0,25342.75
28-Jan-2026,03-Feb-2026,PE,26200.0,841.3,119405.0,25342.75
28-Jan-2026,03-Feb-2026,PE,26250.0,876.0,25545.0,25342.75
28-Jan-2026,03-Feb-2026,PE,26300.0,934.5,135915.0,25342.75
28-Jan-2026,03-Feb-2026,PE,26350.0,1003.95,5005.0,25342.75
28-Jan-2026,03-Feb-2026,PE,26400.0,1031.35,25545.0,25342.75
28-Jan-2026,03-Feb-2026,PE,26450.0,1094.15,1105.0,25342.75
28-Jan-2026,03-Feb-2026,PE,26500.0,1128.85,145080.0,25342.75
28-Jan-2026,03-Feb-2026,PE,26550.0,1235.7,455.0,25342.75
28-Jan-2026,03-Feb-2026,PE,26600.0,1217.6,14235.0,25342.75
28-Jan-2026,03-Feb-2026,PE,26650.0,1280.0,520.0,25342.75
28-Jan-2026,03-Feb-2026,PE,26700.0,1380.0,6500.0,25342.75
28-Jan-2026,03-Feb-2026,PE,26750.0,1369.3,3445.0,25342.75
28-Jan-2026,03-Feb-2026,PE,26800.0,1428.0,7735.0,25342.75
28-Jan-2026,03-Feb-2026,PE,26850.0,1462.15,1560.0,25342.75
28-Jan-2026,03-Feb-2026,PE,26900.0,1780.0,1170.0,25342.75
28-Jan-2026,03-Feb-2026,PE,26950.0,1704.55,130.0,25342.75
28-Jan-2026,03-Feb-2026,PE,27000.0,1624.65,150540.0,25342.75
28-Jan-2026,03-Feb-2026,PE,27050.0,1731.6,455.0,25342.75
28-Jan-2026,03-Feb-2026,PE,27100.0,1722.0,4680.0,25342.75
28-Jan-2026,03-Feb-2026,PE,27150.0,1845.0,715.0,25342.75
28-Jan-2026,03-Feb-2026,PE,27200.0,2060.0,4160.0,25342.75
28-Jan-2026,03-Feb-2026,PE,27250.0,2018.0,195.0,25342.75
28-Jan-2026,03-Feb-2026,PE,27300.0,2095.5,325.0,25342.75
28-Jan-2026,03-Feb-2026,PE,27350.0,2009.55,325.0,25342.75
28-Jan-2026,03-Feb-2026,PE,27400.0,2162.35,260.0,25342.75
28-Jan-2026,03-Feb-2026,PE,27450.0,2215.25,260.0,25342.75
28-Jan-2026,03-Feb-2026,PE,27500.0,2140.0,8320.0,25342.75
28-Jan-2026,03-Feb-2026,PE,27550.0,2229.05,195.0,25342.75
28-Jan-2026,03-Feb-2026,PE,27600.0,2348.85,260.0,25342.75
28-Jan-2026,03-Feb-2026,PE,27650.0,2300.0,325.0,25342.75
28-Jan-2026,03-Feb-2026,PE,27700.0,2376.25,455.0,25342.75
28-Jan-2026,03-Feb-2026,PE,27750.0,2524.05,260.0,25342.75
28-Jan-2026,03-Feb-2026,PE,27800.0,2499.0,325.0,25342.75
28-Jan-2026,03-Feb-2026,PE,27850.0,2519.1,325.0,25342.75
28-Jan-2026,03-Feb-2026,PE,27900.0,2655.95,520.0,25342.75
28-Jan-2026,03-Feb-2026,PE,27950.0,2752.1,195.0,25342.75
28-Jan-2026,03-Feb-2026,PE,28000.0,2630.0,82615.0,25342.75
28-Jan-2026,03-Feb-2026,PE,28050.0,2805.9,130.0,25342.75
28-Jan-2026,03-Feb-2026,PE,28100.0,2784.1,390.0,25342.75
28-Jan-2026,17-Feb-2026,CE,23300.0,2135.95,65.0,25342.75
28-Jan-2026,17-Feb-2026,CE,23350.0,2087.1,65.0,25342.75
28-Jan-2026,17-Feb-2026,CE,23400.0,2029.35,65.0,25342.75
28-Jan-2026,17-Feb-2026,CE,23450.0,1980.35,65.0,25342.75
28-Jan-2026,17-Feb-2026,CE,23500.0,1947.95,130.0,25342.75
28-Jan-2026,17-Feb-2026,CE,23550.0,1902.35,195.0,25342.75
28-Jan-2026,17-Feb-2026,CE,23600.0,1858.7,195.0,25342.75
28-Jan-2026,17-Feb-2026,CE,23650.0,1805.6,195.0,25342.75
28-Jan-2026,17-Feb-2026,CE,23700.0,1760.45,130.0,25342.75
28-Jan-2026,17-Feb-2026,CE,23750.0,1702.4,195.0,25342.75
28-Jan-2026,17-Feb-2026,CE,23800.0,1664.9,130.0,25342.75
28-Jan-2026,17-Feb-2026,CE,23850.0,1621.75,130.0,25342.75
28-Jan-2026,17-Feb-2026,CE,23900.0,1554.75,195.0,25342.75
28-Jan-2026,17-Feb-2026,CE,23950.0,1512.1,195.0,25342.75
28-Jan-2026,17-Feb-2026,CE,24000.0,1464.0,130.0,25342.75
28-Jan-2026,17-Feb-2026,CE,24050.0,1404.45,195.0,25342.75
28-Jan-2026,17-Feb-2026,CE,24100.0,1350.25,195.0,25342.75
28-Jan-2026,17-Feb-2026,CE,24150.0,1308.2,260.0,25342.75
28-Jan-2026,17-Feb-2026,CE,24200.0,1274.75,260.0,25342.75
28-Jan-2026,17-Feb-2026,CE,24250.0,1221.6,260.0,25342.75
28-Jan-2026,17-Feb-2026,CE,24300.0,1181.95,325.0,25342.75
28-Jan-2026,17-Feb-2026,CE,24350.0,1138.25,325.0,25342.75
28-Jan-2026,17-Feb-2026,CE,24400.0,1091.6,325.0,25342.75
28-Jan-2026,17-Feb-2026,CE,24450.0,1049.6,390.0,25342.75
28-Jan-2026,17-Feb-2026,CE,24500.0,1022.15,4225.0,25342.75
28-Jan-2026,17-Feb-2026,CE,24550.0,957.65,455.0,25342.75
28-Jan-2026,17-Feb-2026,CE,24600.0,903.95,1430.0,25342.75
28-Jan-2026,17-Feb-2026,CE,24650.0,871.9,1365.0,25342.75
28-Jan-2026,17-Feb-2026,CE,24700.0,760.0,3900.0,25342.75
28-Jan-2026,17-Feb-2026,CE,24750.0,768.4,2795.0,25342.75
28-Jan-2026,17-Feb-2026,CE,24800.0,724.75,8580.0,25342.75
28-Jan-2026,17-Feb-2026,CE,24850.0,701.05,2730.0,25342.75
28-Jan-2026,17-Feb-2026,CE,24900.0,668.4,8320.0,25342.75
28-Jan-2026,17-Feb-2026,CE,24950.0,585.0,3315.0,25342.75
28-Jan-2026,17-Feb-2026,CE,25000.0,591.9,22880.0,25342.75
28-Jan-2026,17-Feb-2026,CE,25050.0,559.1,4095.0,25342.75
28-Jan-2026,17-Feb-2026,CE,25100.0,521.25,19110.0,25342.75
28-Jan-2026,17-Feb-2026,CE,25150.0,495.15,6370.0,25342.75
28-Jan-2026,17-Feb-2026,CE,25200.0,452.95,39065.0,25342.75
28-Jan-2026,17-Feb-2026,CE,25250.0,422.6,4940.0,25342.75
28-Jan-2026,17-Feb-2026,CE,25300.0,388.0,66950.0,25342.75
28-Jan-2026,17-Feb-2026,CE,25350.0,369.55,17225.0,25342.75
28-Jan-2026,17-Feb-2026,CE,25400.0,335.6,94380.0,25342.75
28-Jan-2026,17-Feb-2026,CE,25450.0,312.85,7150.0,25342.75
28-Jan-2026,17-Feb-2026,CE,25500.0,285.0,60060.0,25342.75
28-Jan-2026,17-Feb-2026,CE,25550.0,258.55,44265.0,25342.75
28-Jan-2026,17-Feb-2026,CE,25600.0,237.35,27235.0,25342.75
28-Jan-2026,17-Feb-2026,CE,25650.0,219.35,7800.0,25342.75
28-Jan-2026,17-Feb-2026,CE,25700.0,194.0,26780.0,25342.75
28-Jan-2026,17-Feb-2026,CE,25750.0,179.3,5200.0,25342.75
28-Jan-2026,17-Feb-2026,CE,25800.0,160.0,25155.0,25342.75
28-Jan-2026,17-Feb-2026,CE,25850.0,143.4,5655.0,25342.75
28-Jan-2026,17-Feb-2026,CE,25900.0,128.65,24310.0,25342.75
28-Jan-2026,17-Feb-2026,CE,25950.0,116.9,3510.0,25342.75
28-Jan-2026,17-Feb-2026,CE,26000.0,103.0,91260.0,25342.75
28-Jan-2026,17-Feb-2026,CE,26050.0,94.6,4160.0,25342.75
28-Jan-2026,17-Feb-2026,CE,26100.0,81.6,19500.0,25342.75
28-Jan-2026,17-Feb-2026,CE,26150.0,73.35,2665.0,25342.75
28-Jan-2026,17-Feb-2026,CE,26200.0,64.6,30745.0,25342.75
28-Jan-2026,17-Feb-2026,CE,26250.0,58.35,15210.0,25342.75
28-Jan-2026,17-Feb-2026,CE,26300.0,52.05,20345.0,25342.75
28-Jan-2026,17-Feb-2026,CE,26350.0,46.0,2535.0,25342.75
28-Jan-2026,17-Feb-2026,CE,26400.0,41.0,20475.0,25342.75
28-Jan-2026,17-Feb-2026,CE,26450.0,37.95,3770.0,25342.75
28-Jan-2026,17-Feb-2026,CE,26500.0,33.0,32955.0,25342.75
28-Jan-2026,17-Feb-2026,CE,26550.0,30.1,4095.0,25342.75
28-Jan-2026,17-Feb-2026,CE,26600.0,26.55,9035.0,25342.75
28-Jan-2026,17-Feb-2026,CE,26650.0,24.95,5980.0,25342.75
28-Jan-2026,17-Feb-2026,CE,26700.0,21.35,12480.0,25342.75
28-Jan-2026,17-Feb-2026,CE,26750.0,19.8,2145.0,25342.75
28-Jan-2026,17-Feb-2026,CE,26800.0,18.6,8125.0,25342.75
28-Jan-2026,17-Feb-2026,CE,26850.0,17.0,2795.0,25342.75
28-Jan-2026,17-Feb-2026,CE,26900.0,15.55,4550.0,25342.75
28-Jan-2026,17-Feb-2026,CE,26950.0,14.15,455.0,25342.75
28-Jan-2026,17-Feb-2026,CE,27000.0,12.35,38740.0,25342.75
28-Jan-2026,17-Feb-2026,CE,27050.0,16.5,260.0,25342.75
28-Jan-2026,17-Feb-2026,CE,27100.0,11.8,9360.0,25342.75
28-Jan-2026,17-Feb-2026,CE,27150.0,18.05,455.0,25342.75
28-Jan-2026,17-Feb-2026,CE,27200.0,9.55,8775.0,25342.75
28-Jan-2026,17-Feb-2026,CE,27250.0,16.85,520.0,25342.75
28-Jan-2026,17-Feb-2026,CE,27300.0,8.3,1755.0,25342.75
28-Jan-2026,17-Feb-2026,CE,27350.0,10.5,,25342.75
28-Jan-2026,17-Feb-2026,CE,27400.0,6.6,9360.0,25342.75
28-Jan-2026,17-Feb-2026,CE,27450.0,6.05,,25342.75
28-Jan-2026,17-Feb-2026,CE,27500.0,6.4,16250.0,25342.75
28-Jan-2026,17-Feb-2026,PE,23300.0,13.35,14365.0,25342.75
28-Jan-2026,17-Feb-2026,PE,23350.0,16.9,1495.0,25342.75
28-Jan-2026,17-Feb-2026,PE,23400.0,15.1,7280.0,25342.75
28-Jan-2026,17-Feb-2026,PE,23450.0,15.5,1365.0,25342.75
28-Jan-2026,17-Feb-2026,PE,23500.0,15.95,13390.0,25342.75
28-Jan-2026,17-Feb-2026,PE,23550.0,17.9,1170.0,25342.75
28-Jan-2026,17-Feb-2026,PE,23600.0,18.75,6240.0,25342.75
28-Jan-2026,17-Feb-2026,PE,23650.0,20.25,2145.0,25342.75
28-Jan-2026,17-Feb-2026,PE,23700.0,22.0,8775.0,25342.75
28-Jan-2026,17-Feb-2026,PE,23750.0,23.55,3575.0,25342.75
28-Jan-2026,17-Feb-2026,PE,23800.0,24.35,5590.0,25342.75
28-Jan-2026,17-Feb-2026,PE,23850.0,27.55,3640.0,25342.75
28-Jan-2026,17-Feb-2026,PE,23900.0,29.1,6435.0,25342.75
28-Jan-2026,17-Feb-2026,PE,23950.0,32.1,4095.0,25342.75
28-Jan-2026,17-Feb-2026,PE,24000.0,33.5,73320.0,25342.75
28-Jan-2026,17-Feb-2026,PE,24050.0,36.0,4225.0,25342.75
28-Jan-2026,17-Feb-2026,PE,24100.0,37.5,5980.0,25342.75
28-Jan-2026,17-Feb-2026,PE,24150.0,41.35,2405.0,25342.75
28-Jan-2026,17-Feb-2026,PE,24200.0,43.95,8060.0,25342.75
28-Jan-2026,17-Feb-2026,PE,24250.0,49.25,2600.0,25342.75
28-Jan-2026,17-Feb-2026,PE,24300.0,52.25,7605.0,25342.75
28-Jan-2026,17-Feb-2026,PE,24350.0,57.2,3770.0,25342.75
28-Jan-2026,17-Feb-2026,PE,24400.0,60.0,17095.0,25342.75
28-Jan-2026,17-Feb-2026,PE,24450.0,64.9,16640.0,25342.75
28-Jan-2026,17-Feb-2026,PE,24500.0,69.85,38415.0,25342.75
28-Jan-2026,17-Feb-2026,PE,24550.0,76.55,7085.0,25342.75
28-Jan-2026,17-Feb-2026,PE,24600.0,83.95,14300.0,25342.75
28-Jan-2026,17-Feb-2026,PE,24650.0,92.0,4875.0,25342.75
28-Jan-2026,17-Feb-2026,PE,24700.0,97.0,17745.0,25342.75
28-Jan-2026,17-Feb-2026,PE,24750.0,107.85,4550.0,25342.75
28-Jan-2026,17-Feb-2026,PE,24800.0,116.7,18590.0,25342.75
28-Jan-2026,17-Feb-2026,PE,24850.0,125.95,3835.0,25342.75
28-Jan-2026,17-Feb-2026,PE,24900.0,136.9,13195.0,25342.75
28-Jan-2026,17-Feb-2026,PE,24950.0,148.0,5655.0,25342.75
28-Jan-2026,17-Feb-2026,PE,25000.0,158.65,31330.0,25342.75
28-Jan-2026,17-Feb-2026,PE,25050.0,174.45,5070.0,25342.75
28-Jan-2026,17-Feb-2026,PE,25100.0,188.2,12805.0,25342.75
28-Jan-2026,17-Feb-2026,PE,25150.0,204.3,3965.0,25342.75
28-Jan-2026,17-Feb-2026,PE,25200.0,221.55,46020.0,25342.75
28-Jan-2026,17-Feb-2026,PE,25250.0,238.0,5655.0,25342.75
28-Jan-2026,17-Feb-2026,PE,25300.0,256.35,67535.0,25342.75
28-Jan-2026,17-Feb-2026,PE,25350.0,276.95,5850.0,25342.75
28-Jan-2026,17-Feb-2026,PE,25400.0,298.95,84760.0,25342.75
28-Jan-2026,17-Feb-2026,PE,25450.0,321.0,4680.0,25342.75
28-Jan-2026,17-Feb-2026,PE,25500.0,348.0,36530.0,25342.75
28-Jan-2026,17-Feb-2026,PE,25550.0,384.9,7930.0,25342.75
28-Jan-2026,17-Feb-2026,PE,25600.0,401.5,14560.0,25342.75
28-Jan-2026,17-Feb-2026,PE,25650.0,429.25,1040.0,25342.75
28-Jan-2026,17-Feb-2026,PE,25700.0,456.6,10400.0,25342.75
28-Jan-2026,17-Feb-2026,PE,25750.0,552.35,325.0,25342.75
28-Jan-2026,17-Feb-2026,PE,25800.0,522.05,12545.0,25342.75
28-Jan-2026,17-Feb-2026,PE,25850.0,620.8,715.0,25342.75
28-Jan-2026,17-Feb-2026,PE,25900.0,594.15,10400.0,25342.75
28-Jan-2026,17-Feb-2026,PE,25950.0,659.25,390.0,25342.75
28-Jan-2026,17-Feb-2026,PE,26000.0,659.45,4615.0,25342.75
28-Jan-2026,17-Feb-2026,PE,26050.0,707.3,845.0,25342.75
28-Jan-2026,17-Feb-2026,PE,26100.0,778.35,130.0,25342.75
28-Jan-2026,17-Feb-2026,PE,26150.0,801.55,65.0,25342.75
28-Jan-2026,17-Feb-2026,PE,26200.0,890.05,195.0,25342.75
28-Jan-2026,17-Feb-2026,PE,26250.0,881.95,130.0,25342.75
28-Jan-2026,17-Feb-2026,PE,26300.0,917.6,195.0,25342.75
28-Jan-2026,17-Feb-2026,PE,26350.0,974.4,65.0,25342.75
28-Jan-2026,17-Feb-2026,PE,26400.0,1037.1,65.0,25342.75
28-Jan-2026,17-Feb-2026,PE,26450.0,1060.2,65.0,25342.75
28-Jan-2026,17-Feb-2026,PE,26500.0,1098.0,130.0,25342.75
28-Jan-2026,17-Feb-2026,PE,26550.0,1141.35,130.0,25342.75
28-Jan-2026,17-Feb-2026,PE,26600.0,1195.65,130.0,25342.75
28-Jan-2026,17-Feb-2026,PE,26650.0,1254.55,130.0,25342.75
28-Jan-2026,17-Feb-2026,PE,26700.0,1289.6,130.0,25342.75
28-Jan-2026,17-Feb-2026,PE,26750.0,1334.0,130.0,25342.75
28-Jan-2026,17-Feb-2026,PE,26800.0,1397.8,130.0,25342.75
28-Jan-2026,17-Feb-2026,PE,26850.0,1446.0,195.0,25342.75
28-Jan-2026,17-Feb-2026,PE,26900.0,1493.8,130.0,25342.75
28-Jan-2026,17-Feb-2026,PE,26950.0,1520.15,65.0,25342.75
28-Jan-2026,17-Feb-2026,PE,27000.0,1561.95,130.0,25342.75
28-Jan-2026,17-Feb-2026,PE,27050.0,1614.35,130.0,25342.75
28-Jan-2026,17-Feb-2026,PE,27100.0,1659.7,130.0,25342.75
28-Jan-2026,17-Feb-2026,PE,27150.0,1717.9,325.0,25342.75
28-Jan-2026,17-Feb-2026,PE,27200.0,1756.55,130.0,25342.75
28-Jan-2026,17-Feb-2026,PE,27250.0,1810.05,130.0,25342.75
28-Jan-2026,17-Feb-2026,PE,27300.0,1854.7,130.0,25342.75
28-Jan-2026,17-Feb-2026,PE,27350.0,1908.3,130.0,25342.75
28-Jan-2026,17-Feb-2026,PE,27400.0,1962.1,130.0,25342.75
28-Jan-2026,17-Feb-2026,PE,27450.0,2006.75,130.0,25342.75
28-Jan-2026,17-Feb-2026,PE,27500.0,2056.05,130.0,25342.75
28-Jan-2026,02-Mar-2026,CE,23300.0,,,25342.75
28-Jan-2026,02-Mar-2026,CE,23350.0,,,25342.75
28-Jan-2026,02-Mar-2026,CE,23400.0,,,25342.75
28-Jan-2026,02-Mar-2026,CE,23450.0,,,25342.75
28-Jan-2026,02-Mar-2026,CE,23500.0,,,25342.75
28-Jan-2026,02-Mar-2026,CE,23550.0,,,25342.75
28-Jan-2026,02-Mar-2026,CE,23600.0,,,25342.75
28-Jan-2026,02-Mar-2026,CE,23650.0,,,25342.75
28-Jan-2026,02-Mar-2026,CE,23700.0,,,25342.75
28-Jan-2026,02-Mar-2026,CE,23750.0,,,25342.75
28-Jan-2026,02-Mar-2026,CE,23800.0,,,25342.75
28-Jan-2026,02-Mar-2026,CE,23850.0,,,25342.75
28-Jan-2026,02-Mar-2026,CE,23900.0,,,25342.75
28-Jan-2026,02-Mar-2026,CE,23950.0,,,25342.75
28-Jan-2026,02-Mar-2026,CE,24000.0,,,25342.75
28-Jan-2026,02-Mar-2026,CE,24050.0,,,25342.75
28-Jan-2026,02-Mar-2026,CE,24100.0,,,25342.75
28-Jan-2026,02-Mar-2026,CE,24150.0,,,25342.75
28-Jan-2026,02-Mar-2026,CE,24200.0,,,25342.75
28-Jan-2026,02-Mar-2026,CE,24250.0,,,25342.75
28-Jan-2026,02-Mar-2026,CE,24300.0,,,25342.75
28-Jan-2026,02-Mar-2026,CE,24350.0,,,25342.75
28-Jan-2026,02-Mar-2026,CE,24400.0,,,25342.75
28-Jan-2026,02-Mar-2026,CE,24450.0,,,25342.75
28-Jan-2026,02-Mar-2026,CE,24500.0,,,25342.75
28-Jan-2026,02-Mar-2026,CE,24550.0,,,25342.75
28-Jan-2026,02-Mar-2026,CE,24600.0,,,25342.75
28-Jan-2026,02-Mar-2026,CE,24650.0,,,25342.75
28-Jan-2026,02-Mar-2026,CE,24700.0,,,25342.75
28-Jan-2026,02-Mar-2026,CE,24750.0,,,25342.75
28-Jan-2026,02-Mar-2026,CE,24800.0,,,25342.75
28-Jan-2026,02-Mar-2026,CE,24850.0,,,25342.75
28-Jan-2026,02-Mar-2026,CE,24900.0,689.6,325.0,25342.75
28-Jan-2026,02-Mar-2026,CE,24950.0,,,25342.75
28-Jan-2026,02-Mar-2026,CE,25000.0,644.8,5395.0,25342.75
28-Jan-2026,02-Mar-2026,CE,25050.0,651.8,1560.0,25342.75
28-Jan-2026,02-Mar-2026,CE,25100.0,589.2,1300.0,25342.75
28-Jan-2026,02-Mar-2026,CE,25150.0,586.4,260.0,25342.75
28-Jan-2026,02-Mar-2026,CE,25200.0,558.3,2275.0,25342.75
28-Jan-2026,02-Mar-2026,CE,25250.0,491.75,585.0,25342.75
28-Jan-2026,02-Mar-2026,CE,25300.0,492.1,1885.0,25342.75
28-Jan-2026,02-Mar-2026,CE,25350.0,,,25342.75
28-Jan-2026,02-Mar-2026,CE,25400.0,434.0,3510.0,25342.75
28-Jan-2026,02-Mar-2026,CE,25450.0,365.65,65.0,25342.75
28-Jan-2026,02-Mar-2026,CE,25500.0,382.9,12220.0,25342.75
28-Jan-2026,02-Mar-2026,CE,25550.0,,,25342.75
28-Jan-2026,02-Mar-2026,CE,25600.0,,,25342.75
28-Jan-2026,02-Mar-2026,CE,25650.0,253.05,1300.0,25342.75
28-Jan-2026,02-Mar-2026,CE,25700.0,285.0,2535.0,25342.75
28-Jan-2026,02-Mar-2026,CE,25750.0,,,25342.75
28-Jan-2026,02-Mar-2026,CE,25800.0,205.0,3380.0,25342.75
28-Jan-2026,02-Mar-2026,CE,25850.0,,,25342.75
28-Jan-2026,02-Mar-2026,CE,25900.0,204.85,3120.0,25342.75
28-Jan-2026,02-Mar-2026,CE,25950.0,,,25342.75
28-Jan-2026,02-Mar-2026,CE,26000.0,172.3,7280.0,25342.75
28-Jan-2026,02-Mar-2026,CE,26050.0,,,25342.75
28-Jan-2026,02-Mar-2026,CE,26100.0,141.8,1950.0,25342.75
28-Jan-2026,02-Mar-2026,CE,26150.0,,,25342.75
28-Jan-2026,02-Mar-2026,CE,26200.0,,,25342.75
28-Jan-2026,02-Mar-2026,CE,26250.0,,,25342.75
28-Jan-2026,02-Mar-2026,CE,26300.0,96.75,2275.0,25342.75
28-Jan-2026,02-Mar-2026,CE,26350.0,,,25342.75
28-Jan-2026,02-Mar-2026,CE,26400.0,80.15,1755.0,25342.75
28-Jan-2026,02-Mar-2026,CE,26450.0,75.0,65.0,25342.75
28-Jan-2026,02-Mar-2026,CE,26500.0,67.0,7410.0,25342.75
28-Jan-2026,02-Mar-2026,CE,26550.0,54.9,975.0,25342.75
28-Jan-2026,02-Mar-2026,CE,26600.0,,,25342.75
28-Jan-2026,02-Mar-2026,CE,26650.0,,,25342.75
28-Jan-2026,02-Mar-2026,CE,26700.0,,,25342.75
28-Jan-2026,02-Mar-2026,CE,26750.0,,,25342.75
28-Jan-2026,02-Mar-2026,CE,26800.0,,,25342.75
28-Jan-2026,02-Mar-2026,CE,26850.0,,,25342.75
28-Jan-2026,02-Mar-2026,CE,26900.0,,,25342.75
28-Jan-2026,02-Mar-2026,CE,26950.0,,,25342.75
28-Jan-2026,02-Mar-2026,CE,27000.0,28.75,15340.0,25342.75
28-Jan-2026,02-Mar-2026,CE,27050.0,,,25342.75
28-Jan-2026,02-Mar-2026,PE,23300.0,23.8,1430.0,25342.75
28-Jan-2026,02-Mar-2026,PE,23350.0,,,25342.75
28-Jan-2026,02-Mar-2026,PE,23400.0,26.75,2925.0,25342.75
28-Jan-2026,02-Mar-2026,PE,23450.0,,,25342.75
28-Jan-2026,02-Mar-2026,PE,23500.0,27.9,4030.0,25342.75
28-Jan-2026,02-Mar-2026,PE,23550.0,,,25342.75
28-Jan-2026,02-Mar-2026,PE,23600.0,,,25342.75
28-Jan-2026,02-Mar-2026,PE,23650.0,,,25342.75
28-Jan-2026,02-Mar-2026,PE,23700.0,,,25342.75
28-Jan-2026,02-Mar-2026,PE,23750.0,,,25342.75
28-Jan-2026,02-Mar-2026,PE,23800.0,53.0,3055.0,25342.75
28-Jan-2026,02-Mar-2026,PE,23850.0,,,25342.75
28-Jan-2026,02-Mar-2026,PE,23900.0,,,25342.75
28-Jan-2026,02-Mar-2026,PE,23950.0,,,25342.75
28-Jan-2026,02-Mar-2026,PE,24000.0,62.65,2015.0,25342.75
28-Jan-2026,02-Mar-2026,PE,24050.0,,,25342.75
28-Jan-2026,02-Mar-2026,PE,24100.0,,,25342.75
28-Jan-2026,02-Mar-2026,PE,24150.0,82.15,65.0,25342.75
28-Jan-2026,02-Mar-2026,PE,24200.0,70.6,2600.0,25342.75
28-Jan-2026,02-Mar-2026,PE,24250.0,,,25342.75
28-Jan-2026,02-Mar-2026,PE,24300.0,80.05,2730.0,25342.75
28-Jan-2026,02-Mar-2026,PE,24350.0,99.6,65.0,25342.75
28-Jan-2026,02-Mar-2026,PE,24400.0,90.0,2860.0,25342.75
28-Jan-2026,02-Mar-2026,PE,24450.0,109.05,65.0,25342.75
28-Jan-2026,02-Mar-2026,PE,24500.0,105.0,5265.0,25342.75
28-Jan-2026,02-Mar-2026,PE,24550.0,,,25342.75
28-Jan-2026,02-Mar-2026,PE,24600.0,117.85,2730.0,25342.75
28-Jan-2026,02-Mar-2026,PE,24650.0,,,25342.75
28-Jan-2026,02-Mar-2026,PE,24700.0,139.6,2080.0,25342.75
28-Jan-2026,02-Mar-2026,PE,24750.0,165.75,910.0,25342.75
28-Jan-2026,02-Mar-2026,PE,24800.0,153.8,2015.0,25342.75
28-Jan-2026,02-Mar-2026,PE,24850.0,169.55,260.0,25342.75
28-Jan-2026,02-Mar-2026,PE,24900.0,179.7,2340.0,25342.75
28-Jan-2026,02-Mar-2026,PE,24950.0,190.7,260.0,25342.75
28-Jan-2026,02-Mar-2026,PE,25000.0,205.95,6760.0,25342.75
28-Jan-2026,02-Mar-2026,PE,25050.0,258.0,195.0,25342.75
28-Jan-2026,02-Mar-2026,PE,25100.0,291.0,650.0,25342.75
28-Jan-2026,02-Mar-2026,PE,25150.0,,,25342.75
28-Jan-2026,02-Mar-2026,PE,25200.0,262.85,3705.0,25342.75
28-Jan-2026,02-Mar-2026,PE,25250.0,280.0,650.0,25342.75
28-Jan-2026,02-Mar-2026,PE,25300.0,304.0,2340.0,25342.75
28-Jan-2026,02-Mar-2026,PE,25350.0,332.65,650.0,25342.75
28-Jan-2026,02-Mar-2026,PE,25400.0,381.15,2470.0,25342.75
28-Jan-2026,02-Mar-2026,PE,25450.0,373.0,585.0,25342.75
28-Jan-2026,02-Mar-2026,PE,25500.0,382.6,14300.0,25342.75
28-Jan-2026,02-Mar-2026,PE,25550.0,,,25342.75
28-Jan-2026,02-Mar-2026,PE,25600.0,,,25342.75
28-Jan-2026,02-Mar-2026,PE,25650.0,,,25342.75
28-Jan-2026,02-Mar-2026,PE,25700.0,,,25342.75
28-Jan-2026,02-Mar-2026,PE,25750.0,,,25342.75
28-Jan-2026,02-Mar-2026,PE,25800.0,,,25342.75
28-Jan-2026,02-Mar-2026,PE,25850.0,,,25342.75
28-Jan-2026,02-Mar-2026,PE,25900.0,,,25342.75
28-Jan-2026,02-Mar-2026,PE,25950.0,,,25342.75
28-Jan-2026,02-Mar-2026,PE,26000.0,,,25342.75
28-Jan-2026,02-Mar-2026,PE,26050.0,,,25342.75
28-Jan-2026,02-Mar-2026,PE,26100.0,,,25342.75
28-Jan-2026,02-Mar-2026,PE,26150.0,,,25342.75
28-Jan-2026,02-Mar-2026,PE,26200.0,,,25342.75
28-Jan-2026,02-Mar-2026,PE,26250.0,,,25342.75
28-Jan-2026,02-Mar-2026,PE,26300.0,,,25342.75
28-Jan-2026,02-Mar-2026,PE,26350.0,,,25342.75
28-Jan-2026,02-Mar-2026,PE,26400.0,,,25342.75
28-Jan-2026,02-Mar-2026,PE,26450.0,,,25342.75
28-Jan-2026,02-Mar-2026,PE,26500.0,,,25342.75
28-Jan-2026,02-Mar-2026,PE,26550.0,,,25342.75
28-Jan-2026,02-Mar-2026,PE,26600.0,,,25342.75
28-Jan-2026,02-Mar-2026,PE,26650.0,,,25342.75
28-Jan-2026,02-Mar-2026,PE,26700.0,,,25342.75
28-Jan-2026,02-Mar-2026,PE,26750.0,,,25342.75
28-Jan-2026,02-Mar-2026,PE,26800.0,,,25342.75
28-Jan-2026,02-Mar-2026,PE,26850.0,,,25342.75
28-Jan-2026,02-Mar-2026,PE,26900.0,,,25342.75
28-Jan-2026,02-Mar-2026,PE,26950.0,1540.0,520.0,25342.75
28-Jan-2026,02-Mar-2026,PE,27000.0,,,25342.75
28-Jan-2026,02-Mar-2026,PE,27050.0,,,25342.75
29-Jan-2026,03-Feb-2026,CE,23300.0,1802.0,130.0,25418.9
29-Jan-2026,03-Feb-2026,CE,23350.0,2073.2,130.0,25418.9
29-Jan-2026,03-Feb-2026,CE,23400.0,2022.9,520.0,25418.9
29-Jan-2026,03-Feb-2026,CE,23450.0,1860.85,130.0,25418.9
29-Jan-2026,03-Feb-2026,CE,23500.0,1939.8,12675.0,25418.9
29-Jan-2026,03-Feb-2026,CE,23550.0,1684.25,195.0,25418.9
29-Jan-2026,03-Feb-2026,CE,23600.0,1792.1,2925.0,25418.9
29-Jan-2026,03-Feb-2026,CE,23650.0,1792.9,3445.0,25418.9
29-Jan-2026,03-Feb-2026,CE,23700.0,1582.75,4420.0,25418.9
29-Jan-2026,03-Feb-2026,CE,23750.0,1690.55,8580.0,25418.9
29-Jan-2026,03-Feb-2026,CE,23800.0,1675.0,1040.0,25418.9
29-Jan-2026,03-Feb-2026,CE,23850.0,1591.25,520.0,25418.9
29-Jan-2026,03-Feb-2026,CE,23900.0,1565.85,585.0,25418.9
29-Jan-2026,03-Feb-2026,CE,23950.0,1495.55,520.0,25418.9
29-Jan-2026,03-Feb-2026,CE,24000.0,1449.3,211770.0,25418.9
29-Jan-2026,03-Feb-2026,CE,24050.0,1417.95,715.0,25418.9
29-Jan-2026,03-Feb-2026,CE,24100.0,1356.9,5135.0,25418.9
29-Jan-2026,03-Feb-2026,CE,24150.0,1333.3,585.0,25418.9
29-Jan-2026,03-Feb-2026,CE,24200.0,1260.1,3250.0,25418.9
29-Jan-2026,03-Feb-2026,CE,24250.0,1219.45,2990.0,25418.9
29-Jan-2026,03-Feb-2026,CE,24300.0,1161.0,11635.0,25418.9
29-Jan-2026,03-Feb-2026,CE,24350.0,1120.85,2405.0,25418.9
29-Jan-2026,03-Feb-2026,CE,24400.0,1069.4,24765.0,25418.9
29-Jan-2026,03-Feb-2026,CE,24450.0,1011.55,24440.0,25418.9
29-Jan-2026,03-Feb-2026,CE,24500.0,966.0,285350.0,25418.9
29-Jan-2026,03-Feb-2026,CE,24550.0,917.85,31200.0,25418.9
29-Jan-2026,03-Feb-2026,CE,24600.0,869.25,80275.0,25418.9
29-Jan-2026,03-Feb-2026,CE,24650.0,821.4,33800.0,25418.9
29-Jan-2026,03-Feb-2026,CE,24700.0,771.35,74360.0,25418.9
29-Jan-2026,03-Feb-2026,CE,24750.0,727.7,37635.0,25418.9
29-Jan-2026,03-Feb-2026,CE,24800.0,680.9,165425.0,25418.9
29-Jan-2026,03-Feb-2026,CE,24850.0,632.95,50895.0,25418.9
29-Jan-2026,03-Feb-2026,CE,24900.0,591.4,213330.0,25418.9
29-Jan-2026,03-Feb-2026,CE,24950.0,548.35,70525.0,25418.9
29-Jan-2026,03-Feb-2026,CE,25000.0,503.95,2442245.0,25418.9
29-Jan-2026,03-Feb-2026,CE,25050.0,462.0,127010.0,25418.9
29-Jan-2026,03-Feb-2026,CE,25100.0,422.0,830245.0,25418.9
29-Jan-2026,03-Feb-2026,CE,25150.0,381.8,443170.0,25418.9
29-Jan-2026,03-Feb-2026,CE,25200.0,344.15,2266615.0,25418.9
29-Jan-2026,03-Feb-2026,CE,25250.0,309.0,814710.0,25418.9
29-Jan-2026,03-Feb-2026,CE,25300.0,274.9,3168555.0,25418.9
29-Jan-2026,03-Feb-2026,CE,25350.0,244.05,1361360.0,25418.9
29-Jan-2026,03-Feb-2026,CE,25400.0,214.0,3278860.0,25418.9
29-Jan-2026,03-Feb-2026,CE,25450.0,186.8,1811030.0,25418.9
29-Jan-2026,03-Feb-2026,CE,25500.0,162.05,5403320.0,25418.9
29-Jan-2026,03-Feb-2026,CE,25550.0,139.3,1268540.0,25418.9
29-Jan-2026,03-Feb-2026,CE,25600.0,119.7,3177980.0,25418.9
29-Jan-2026,03-Feb-2026,CE,25650.0,101.5,1244165.0,25418.9
29-Jan-2026,03-Feb-2026,CE,25700.0,85.2,3295175.0,25418.9
29-Jan-2026,03-Feb-2026,CE,25750.0,71.75,1167075.0,25418.9
29-Jan-2026,03-Feb-2026,CE,25800.0,60.0,3831555.0,25418.9
29-Jan-2026,03-Feb-2026,CE,25850.0,50.0,1181830.0,25418.9
29-Jan-2026,03-Feb-2026,CE,25900.0,41.95,2142790.0,25418.9
29-Jan-2026,03-Feb-2026,CE,25950.0,34.65,831155.0,25418.9
29-Jan-2026,03-Feb-2026,CE,26000.0,28.65,8932885.0,25418.9
29-Jan-2026,03-Feb-2026,CE,26050.0,23.5,982475.0,25418.9
29-Jan-2026,03-Feb-2026,CE,26100.0,19.8,3622125.0,25418.9
29-Jan-2026,03-Feb-2026,CE,26150.0,16.45,626795.0,25418.9
29-Jan-2026,03-Feb-2026,CE,26200.0,13.45,3191630.0,25418.9
29-Jan-2026,03-Feb-2026,CE,26250.0,11.4,770835.0,25418.9
29-Jan-2026,03-Feb-2026,CE,26300.0,9.5,3165955.0,25418.9
29-Jan-2026,03-Feb-2026,CE,26350.0,8.0,1080040.0,25418.9
29-Jan-2026,03-Feb-2026,CE,26400.0,6.7,3557320.0,25418.9
29-Jan-2026,03-Feb-2026,CE,26450.0,5.8,739115.0,25418.9
29-Jan-2026,03-Feb-2026,CE,26500.0,4.85,6872190.0,25418.9
29-Jan-2026,03-Feb-2026,CE,26550.0,4.3,615160.0,25418.9
29-Jan-2026,03-Feb-2026,CE,26600.0,3.8,1383200.0,25418.9
29-Jan-2026,03-Feb-2026,CE,26650.0,3.45,728650.0,25418.9
29-Jan-2026,03-Feb-2026,CE,26700.0,2.95,1769040.0,25418.9
29-Jan-2026,03-Feb-2026,CE,26750.0,2.6,349700.0,25418.9
29-Jan-2026,03-Feb-2026,CE,26800.0,2.35,2338830.0,25418.9
29-Jan-2026,03-Feb-2026,CE,26850.0,2.1,509470.0,25418.9
29-Jan-2026,03-Feb-2026,CE,26900.0,2.0,1455935.0,25418.9
29-Jan-2026,03-Feb-2026,CE,26950.0,1.8,782145.0,25418.9
29-Jan-2026,03-Feb-2026,CE,27000.0,1.8,6876545.0,25418.9
29-Jan-2026,03-Feb-2026,CE,27050.0,1.65,654615.0,25418.9
29-Jan-2026,03-Feb-2026,CE,27100.0,1.65,828035.0,25418.9
29-Jan-2026,03-Feb-2026,CE,27150.0,1.55,359190.0,25418.9
29-Jan-2026,03-Feb-2026,CE,27200.0,1.55,985270.0,25418.9
29-Jan-2026,03-Feb-2026,CE,27250.0,1.45,246415.0,25418.9
29-Jan-2026,03-Feb-2026,CE,27300.0,1.45,1046760.0,25418.9
29-Jan-2026,03-Feb-2026,CE,27350.0,1.4,206895.0,25418.9
29-Jan-2026,03-Feb-2026,CE,27400.0,1.4,523965.0,25418.9
29-Jan-2026,03-Feb-2026,CE,27450.0,1.35,87750.0,25418.9
29-Jan-2026,03-Feb-2026,CE,27500.0,1.35,3473730.0,25418.9
29-Jan-2026,03-Feb-2026,CE,27550.0,1.35,257465.0,25418.9
29-Jan-2026,03-Feb-2026,CE,27600.0,1.3,809055.0,25418.9
29-Jan-2026,03-Feb-2026,CE,27650.0,1.25,260585.0,25418.9
29-Jan-2026,03-Feb-2026,CE,27700.0,1.3,822640.0,25418.9
29-Jan-2026,03-Feb-2026,CE,27750.0,1.2,177645.0,25418.9
29-Jan-2026,03-Feb-2026,CE,27800.0,1.2,1067495.0,25418.9
29-Jan-2026,03-Feb-2026,CE,27850.0,1.15,205205.0,25418.9
29-Jan-2026,03-Feb-2026,CE,27900.0,1.15,872040.0,25418.9
29-Jan-2026,03-Feb-2026,CE,27950.0,1.15,202475.0,25418.9
29-Jan-2026,03-Feb-2026,CE,28000.0,1.15,3478020.0,25418.9
29-Jan-2026,03-Feb-2026,CE,28050.0,1.1,303420.0,25418.9
29-Jan-2026,03-Feb-2026,CE,28100.0,1.1,1077765.0,25418.9
29-Jan-2026,03-Feb-2026,PE,23300.0,2.4,7582900.0,25418.9
29-Jan-2026,03-Feb-2026,PE,23350.0,2.6,595595.0,25418.9
29-Jan-2026,03-Feb-2026,PE,23400.0,2.7,2339090.0,25418.9
29-Jan-2026,03-Feb-2026,PE,23450.0,2.95,349635.0,25418.9
29-Jan-2026,03-Feb-2026,PE,23500.0,3.05,4738825.0,25418.9
29-Jan-2026,03-Feb-2026,PE,23550.0,3.2,379210.0,25418.9
29-Jan-2026,03-Feb-2026,PE,23600.0,3.35,852150.0,25418.9
29-Jan-2026,03-Feb-2026,PE,23650.0,3.55,351715.0,25418.9
29-Jan-2026,03-Feb-2026,PE,23700.0,3.7,1452620.0,25418.9
29-Jan-2026,03-Feb-2026,PE,23750.0,3.8,1634815.0,25418.9
29-Jan-2026,03-Feb-2026,PE,23800.0,4.05,2848625.0,25418.9
29-Jan-2026,03-Feb-2026,PE,23850.0,4.25,1639820.0,25418.9
29-Jan-2026,03-Feb-2026,PE,23900.0,4.8,1651195.0,25418.9
29-Jan-2026,03-Feb-2026,PE,23950.0,5.25,552890.0,25418.9
29-Jan-2026,03-Feb-2026,PE,24000.0,5.55,6225375.0,25418.9
29-Jan-2026,03-Feb-2026,PE,24050.0,6.1,525460.0,25418.9
29-Jan-2026,03-Feb-2026,PE,24100.0,6.6,1430845.0,25418.9
29-Jan-2026,03-Feb-2026,PE,24150.0,7.15,660465.0,25418.9
29-Jan-2026,03-Feb-2026,PE,24200.0,7.95,3897595.0,25418.9
29-Jan-2026,03-Feb-2026,PE,24250.0,8.75,606775.0,25418.9
29-Jan-2026,03-Feb-2026,PE,24300.0,9.55,3569930.0,25418.9
29-Jan-2026,03-Feb-2026,PE,24350.0,10.6,861965.0,25418.9
29-Jan-2026,03-Feb-2026,PE,24400.0,11.75,1766765.0,25418.9
29-Jan-2026,03-Feb-2026,PE,24450.0,13.3,612495.0,25418.9
29-Jan-2026,03-Feb-2026,PE,24500.0,14.95,5429385.0,25418.9
29-Jan-2026,03-Feb-2026,PE,24550.0,16.65,693745.0,25418.9
29-Jan-2026,03-Feb-2026,PE,24600.0,18.55,3822000.0,25418.9
29-Jan-2026,03-Feb-2026,PE,24650.0,21.25,862940.0,25418.9
29-Jan-2026,03-Feb-2026,PE,24700.0,23.85,2302170.0,25418.9
29-Jan-2026,03-Feb-2026,PE,24750.0,27.25,973895.0,25418.9
29-Jan-2026,03-Feb-2026,PE,24800.0,31.1,2819310.0,25418.9
29-Jan-2026,03-Feb-2026,PE,24850.0,35.6,823615.0,25418.9
29-Jan-2026,03-Feb-2026,PE,24900.0,40.9,3148340.0,25418.9
29-Jan-2026,03-Feb-2026,PE,24950.0,46.8,1305655.0,25418.9
29-Jan-2026,03-Feb-2026,PE,25000.0,53.75,6681545.0,25418.9
29-Jan-2026,03-Feb-2026,PE,25050.0,62.2,1149395.0,25418.9
29-Jan-2026,03-Feb-2026,PE,25100.0,71.25,3157700.0,25418.9
29-Jan-2026,03-Feb-2026,PE,25150.0,82.5,1600560.0,25418.9
29-Jan-2026,03-Feb-2026,PE,25200.0,94.95,4298905.0,25418.9
29-Jan-2026,03-Feb-2026,PE,25250.0,108.5,2247440.0,25418.9
29-Jan-2026,03-Feb-2026,PE,25300.0,125.05,4535245.0,25418.9
29-Jan-2026,03-Feb-2026,PE,25350.0,143.0,1754155.0,25418.9
29-Jan-2026,03-Feb-2026,PE,25400.0,163.1,3403985.0,25418.9
29-Jan-2026,03-Feb-2026,PE,25450.0,185.75,1068145.0,25418.9
29-Jan-2026,03-Feb-2026,PE,25500.0,210.9,2207140.0,25418.9
29-Jan-2026,03-Feb-2026,PE,25550.0,237.85,354445.0,25418.9
29-Jan-2026,03-Feb-2026,PE,25600.0,268.0,724880.0,25418.9
29-Jan-2026,03-Feb-2026,PE,25650.0,299.9,187070.0,25418.9
29-Jan-2026,03-Feb-2026,PE,25700.0,334.8,548275.0,25418.9
29-Jan-2026,03-Feb-2026,PE,25750.0,370.75,139165.0,25418.9
29-Jan-2026,03-Feb-2026,PE,25800.0,408.3,723060.0,25418.9
29-Jan-2026,03-Feb-2026,PE,25850.0,450.4,117130.0,25418.9
29-Jan-2026,03-Feb-2026,PE,25900.0,489.2,268450.0,25418.9
29-Jan-2026,03-Feb-2026,PE,25950.0,535.0,43680.0,25418.9
29-Jan-2026,03-Feb-2026,PE,26000.0,576.65,981760.0,25418.9
29-Jan-2026,03-Feb-2026,PE,26050.0,625.3,38285.0,25418.9
29-Jan-2026,03-Feb-2026,PE,26100.0,669.3,317785.0,25418.9
29-Jan-2026,03-Feb-2026,PE,26150.0,714.05,26910.0,25418.9
29-Jan-2026,03-Feb-2026,PE,26200.0,761.85,119990.0,25418.9
29-Jan-2026,03-Feb-2026,PE,26250.0,804.2,29510.0,25418.9
29-Jan-2026,03-Feb-2026,PE,26300.0,860.0,129675.0,25418.9
29-Jan-2026,03-Feb-2026,PE,26350.0,899.9,5135.0,25418.9
29-Jan-2026,03-Feb-2026,PE,26400.0,955.0,25805.0,25418.9
29-Jan-2026,03-Feb-2026,PE,26450.0,1001.35,1365.0,25418.9
29-Jan-2026,03-Feb-2026,PE,26500.0,1049.3,151255.0,25418.9
29-Jan-2026,03-Feb-2026,PE,26550.0,1084.25,975.0,25418.9
29-Jan-2026,03-Feb-2026,PE,26600.0,1154.15,13910.0,25418.9
29-Jan-2026,03-Feb-2026,PE,26650.0,1280.0,520.0,25418.9
29-Jan-2026,03-Feb-2026,PE,26700.0,1253.7,5850.0,25418.9
29-Jan-2026,03-Feb-2026,PE,26750.0,1369.3,3445.0,25418.9
29-Jan-2026,03-Feb-2026,PE,26800.0,1337.7,7930.0,25418.9
29-Jan-2026,03-Feb-2026,PE,26850.0,1389.3,1170.0,25418.9
29-Jan-2026,03-Feb-2026,PE,26900.0,1438.25,1300.0,25418.9
29-Jan-2026,03-Feb-2026,PE,26950.0,1495.45,455.0,25418.9
29-Jan-2026,03-Feb-2026,PE,27000.0,1548.0,152685.0,25418.9
29-Jan-2026,03-Feb-2026,PE,27050.0,1731.6,455.0,25418.9
29-Jan-2026,03-Feb-2026,PE,27100.0,1630.05,4160.0,25418.9
29-Jan-2026,03-Feb-2026,PE,27150.0,1686.55,650.0,25418.9
29-Jan-2026,03-Feb-2026,PE,27200.0,1734.95,4615.0,25418.9
29-Jan-2026,03-Feb-2026,PE,27250.0,1803.75,325.0,25418.9
29-Jan-2026,03-Feb-2026,PE,27300.0,2015.5,260.0,25418.9
29-Jan-2026,03-Feb-2026,PE,27350.0,1884.25,390.0,25418.9
29-Jan-2026,03-Feb-2026,PE,27400.0,1935.0,390.0,25418.9
29-Jan-2026,03-Feb-2026,PE,27450.0,2003.9,520.0,25418.9
29-Jan-2026,03-Feb-2026,PE,27500.0,2046.25,11700.0,25418.9
29-Jan-2026,03-Feb-2026,PE,27550.0,2229.05,195.0,25418.9
29-Jan-2026,03-Feb-2026,PE,27600.0,2315.2,195.0,25418.9
29-Jan-2026,03-Feb-2026,PE,27650.0,2300.0,325.0,25418.9
29-Jan-2026,03-Feb-2026,PE,27700.0,2234.55,650.0,25418.9
29-Jan-2026,03-Feb-2026,PE,27750.0,2524.05,260.0,25418.9
29-Jan-2026,03-Feb-2026,PE,27800.0,2499.0,325.0,25418.9
29-Jan-2026,03-Feb-2026,PE,27850.0,2384.05,390.0,25418.9
29-Jan-2026,03-Feb-2026,PE,27900.0,2655.95,520.0,25418.9
29-Jan-2026,03-Feb-2026,PE,27950.0,2502.05,455.0,25418.9
29-Jan-2026,03-Feb-2026,PE,28000.0,2540.6,88595.0,25418.9
29-Jan-2026,03-Feb-2026,PE,28050.0,2805.9,130.0,25418.9
29-Jan-2026,03-Feb-2026,PE,28100.0,2784.1,390.0,25418.9
29-Jan-2026,17-Feb-2026,CE,23300.0,2231.3,65.0,25418.9
29-Jan-2026,17-Feb-2026,CE,23350.0,2182.0,65.0,25418.9
29-Jan-2026,17-Feb-2026,CE,23400.0,2128.3,65.0,25418.9
29-Jan-2026,17-Feb-2026,CE,23450.0,2079.1,65.0,25418.9
29-Jan-2026,17-Feb-2026,CE,23500.0,2025.4,130.0,25418.9
29-Jan-2026,17-Feb-2026,CE,23550.0,1902.35,195.0,25418.9
29-Jan-2026,17-Feb-2026,CE,23600.0,1858.7,195.0,25418.9
29-Jan-2026,17-Feb-2026,CE,23650.0,1805.6,195.0,25418.9
29-Jan-2026,17-Feb-2026,CE,23700.0,1831.05,195.0,25418.9
29-Jan-2026,17-Feb-2026,CE,23750.0,1702.4,195.0,25418.9
29-Jan-2026,17-Feb-2026,CE,23800.0,1731.2,130.0,25418.9
29-Jan-2026,17-Feb-2026,CE,23850.0,1682.85,130.0,25418.9
29-Jan-2026,17-Feb-2026,CE,23900.0,1554.75,195.0,25418.9
29-Jan-2026,17-Feb-2026,CE,23950.0,1512.1,195.0,25418.9
29-Jan-2026,17-Feb-2026,CE,24000.0,1541.0,195.0,25418.9
29-Jan-2026,17-Feb-2026,CE,24050.0,1404.45,195.0,25418.9
29-Jan-2026,17-Feb-2026,CE,24100.0,1444.0,260.0,25418.9
29-Jan-2026,17-Feb-2026,CE,24150.0,1401.85,195.0,25418.9
29-Jan-2026,17-Feb-2026,CE,24200.0,1353.2,260.0,25418.9
29-Jan-2026,17-Feb-2026,CE,24250.0,1294.65,260.0,25418.9
29-Jan-2026,17-Feb-2026,CE,24300.0,1259.35,325.0,25418.9
29-Jan-2026,17-Feb-2026,CE,24350.0,1213.35,325.0,25418.9
29-Jan-2026,17-Feb-2026,CE,24400.0,1171.85,325.0,25418.9
29-Jan-2026,17-Feb-2026,CE,24450.0,1117.8,390.0,25418.9
29-Jan-2026,17-Feb-2026,CE,24500.0,1078.75,3965.0,25418.9
29-Jan-2026,17-Feb-2026,CE,24550.0,1032.25,455.0,25418.9
29-Jan-2026,17-Feb-2026,CE,24600.0,895.65,780.0,25418.9
29-Jan-2026,17-Feb-2026,CE,24650.0,948.55,1105.0,25418.9
29-Jan-2026,17-Feb-2026,CE,24700.0,806.9,3250.0,25418.9
29-Jan-2026,17-Feb-2026,CE,24750.0,857.6,1560.0,25418.9
29-Jan-2026,17-Feb-2026,CE,24800.0,806.2,7475.0,25418.9
29-Jan-2026,17-Feb-2026,CE,24850.0,774.6,1495.0,25418.9
29-Jan-2026,17-Feb-2026,CE,24900.0,726.6,3965.0,25418.9
29-Jan-2026,17-Feb-2026,CE,24950.0,680.25,2665.0,25418.9
29-Jan-2026,17-Feb-2026,CE,25000.0,637.85,16055.0,25418.9
29-Jan-2026,17-Feb-2026,CE,25050.0,608.3,3770.0,25418.9
29-Jan-2026,17-Feb-2026,CE,25100.0,569.55,24895.0,25418.9
29-Jan-2026,17-Feb-2026,CE,25150.0,532.85,5915.0,25418.9
29-Jan-2026,17-Feb-2026,CE,25200.0,495.85,47060.0,25418.9
29-Jan-2026,17-Feb-2026,CE,25250.0,463.7,4745.0,25418.9
29-Jan-2026,17-Feb-2026,CE,25300.0,429.0,82875.0,25418.9
29-Jan-2026,17-Feb-2026,CE,25350.0,399.3,7670.0,25418.9
29-Jan-2026,17-Feb-2026,CE,25400.0,370.0,124410.0,25418.9
29-Jan-2026,17-Feb-2026,CE,25450.0,339.05,5915.0,25418.9
29-Jan-2026,17-Feb-2026,CE,25500.0,311.7,97110.0,25418.9
29-Jan-2026,17-Feb-2026,CE,25550.0,283.6,40495.0,25418.9
29-Jan-2026,17-Feb-2026,CE,25600.0,259.0,30355.0,25418.9
29-Jan-2026,17-Feb-2026,CE,25650.0,235.0,4355.0,25418.9
29-Jan-2026,17-Feb-2026,CE,25700.0,214.1,22165.0,25418.9
29-Jan-2026,17-Feb-2026,CE,25750.0,192.95,5655.0,25418.9
29-Jan-2026,17-Feb-2026,CE,25800.0,174.0,37570.0,25418.9
29-Jan-2026,17-Feb-2026,CE,25850.0,157.45,6825.0,25418.9
29-Jan-2026,17-Feb-2026,CE,25900.0,140.6,29770.0,25418.9
29-Jan-2026,17-Feb-2026,CE,25950.0,126.15,7085.0,25418.9
29-Jan-2026,17-Feb-2026,CE,26000.0,111.65,97435.0,25418.9
29-Jan-2026,17-Feb-2026,CE,26050.0,101.15,7150.0,25418.9
29-Jan-2026,17-Feb-2026,CE,26100.0,87.8,23335.0,25418.9
29-Jan-2026,17-Feb-2026,CE,26150.0,78.4,3640.0,25418.9
29-Jan-2026,17-Feb-2026,CE,26200.0,68.5,28535.0,25418.9
29-Jan-2026,17-Feb-2026,CE,26250.0,60.55,17940.0,25418.9
29-Jan-2026,17-Feb-2026,CE,26300.0,52.55,30550.0,25418.9
29-Jan-2026,17-Feb-2026,CE,26350.0,47.2,6240.0,25418.9
29-Jan-2026,17-Feb-2026,CE,26400.0,41.9,26715.0,25418.9
29-Jan-2026,17-Feb-2026,CE,26450.0,37.05,5655.0,25418.9
29-Jan-2026,17-Feb-2026,CE,26500.0,32.5,38220.0,25418.9
29-Jan-2026,17-Feb-2026,CE,26550.0,29.8,3510.0,25418.9
29-Jan-2026,17-Feb-2026,CE,26600.0,25.2,18330.0,25418.9
29-Jan-2026,17-Feb-2026,CE,26650.0,23.7,6435.0,25418.9
29-Jan-2026,17-Feb-2026,CE,26700.0,20.7,16380.0,25418.9
29-Jan-2026,17-Feb-2026,CE,26750.0,19.2,2340.0,25418.9
29-Jan-2026,17-Feb-2026,CE,26800.0,16.05,12415.0,25418.9
29-Jan-2026,17-Feb-2026,CE,26850.0,15.7,2535.0,25418.9
29-Jan-2026,17-Feb-2026,CE,26900.0,13.0,10270.0,25418.9
29-Jan-2026,17-Feb-2026,CE,26950.0,12.4,585.0,25418.9
29-Jan-2026,17-Feb-2026,CE,27000.0,10.9,41665.0,25418.9
29-Jan-2026,17-Feb-2026,CE,27050.0,8.2,260.0,25418.9
29-Jan-2026,17-Feb-2026,CE,27100.0,11.1,10205.0,25418.9
29-Jan-2026,17-Feb-2026,CE,27150.0,18.05,455.0,25418.9
29-Jan-2026,17-Feb-2026,CE,27200.0,7.6,9685.0,25418.9
29-Jan-2026,17-Feb-2026,CE,27250.0,16.85,520.0,25418.9
29-Jan-2026,17-Feb-2026,CE,27300.0,6.75,2015.0,25418.9
29-Jan-2026,17-Feb-2026,CE,27350.0,6.0,65.0,25418.9
29-Jan-2026,17-Feb-2026,CE,27400.0,6.0,8385.0,25418.9
29-Jan-2026,17-Feb-2026,CE,27450.0,6.05,,25418.9
29-Jan-2026,17-Feb-2026,CE,27500.0,5.2,45500.0,25418.9
29-Jan-2026,17-Feb-2026,PE,23300.0,11.0,19825.0,25418.9
29-Jan-2026,17-Feb-2026,PE,23350.0,10.95,2080.0,25418.9
29-Jan-2026,17-Feb-2026,PE,23400.0,11.55,11960.0,25418.9
29-Jan-2026,17-Feb-2026,PE,23450.0,12.3,1560.0,25418.9
29-Jan-2026,17-Feb-2026,PE,23500.0,14.5,24310.0,25418.9
29-Jan-2026,17-Feb-2026,PE,23550.0,14.45,325.0,25418.9
29-Jan-2026,17-Feb-2026,PE,23600.0,15.9,5330.0,25418.9
29-Jan-2026,17-Feb-2026,PE,23650.0,18.7,1625.0,25418.9
29-Jan-2026,17-Feb-2026,PE,23700.0,18.65,7605.0,25418.9
29-Jan-2026,17-Feb-2026,PE,23750.0,18.5,5135.0,25418.9
29-Jan-2026,17-Feb-2026,PE,23800.0,19.8,5395.0,25418.9
29-Jan-2026,17-Feb-2026,PE,23850.0,21.2,4160.0,25418.9
29-Jan-2026,17-Feb-2026,PE,23900.0,22.7,12090.0,25418.9
29-Jan-2026,17-Feb-2026,PE,23950.0,24.05,4875.0,25418.9
29-Jan-2026,17-Feb-2026,PE,24000.0,26.3,56615.0,25418.9
29-Jan-2026,17-Feb-2026,PE,24050.0,27.8,5135.0,25418.9
29-Jan-2026,17-Feb-2026,PE,24100.0,29.5,15015.0,25418.9
29-Jan-2026,17-Feb-2026,PE,24150.0,33.2,4420.0,25418.9
29-Jan-2026,17-Feb-2026,PE,24200.0,35.0,9945.0,25418.9
29-Jan-2026,17-Feb-2026,PE,24250.0,37.7,3185.0,25418.9
29-Jan-2026,17-Feb-2026,PE,24300.0,40.0,14430.0,25418.9
29-Jan-2026,17-Feb-2026,PE,24350.0,44.85,3900.0,25418.9
29-Jan-2026,17-Feb-2026,PE,24400.0,47.55,17030.0,25418.9
29-Jan-2026,17-Feb-2026,PE,24450.0,52.55,18135.0,25418.9
29-Jan-2026,17-Feb-2026,PE,24500.0,55.65,45890.0,25418.9
29-Jan-2026,17-Feb-2026,PE,24550.0,60.85,10205.0,25418.9
29-Jan-2026,17-Feb-2026,PE,24600.0,66.7,18395.0,25418.9
29-Jan-2026,17-Feb-2026,PE,24650.0,72.25,8775.0,25418.9
29-Jan-2026,17-Feb-2026,PE,24700.0,77.6,24830.0,25418.9
29-Jan-2026,17-Feb-2026,PE,24750.0,86.45,5915.0,25418.9
29-Jan-2026,17-Feb-2026,PE,24800.0,93.95,17680.0,25418.9
29-Jan-2026,17-Feb-2026,PE,24850.0,101.95,4550.0,25418.9
29-Jan-2026,17-Feb-2026,PE,24900.0,111.3,21125.0,25418.9
29-Jan-2026,17-Feb-2026,PE,24950.0,121.25,5070.0,25418.9
29-Jan-2026,17-Feb-2026,PE,25000.0,132.75,50440.0,25418.9
29-Jan-2026,17-Feb-2026,PE,25050.0,135.4,4355.0,25418.9
29-Jan-2026,17-Feb-2026,PE,25100.0,156.0,15340.0,25418.9
29-Jan-2026,17-Feb-2026,PE,25150.0,168.7,3640.0,25418.9
29-Jan-2026,17-Feb-2026,PE,25200.0,182.55,47255.0,25418.9
29-Jan-2026,17-Feb-2026,PE,25250.0,199.5,7280.0,25418.9
29-Jan-2026,17-Feb-2026,PE,25300.0,214.15,85995.0,25418.9
29-Jan-2026,17-Feb-2026,PE,25350.0,230.0,7540.0,25418.9
29-Jan-2026,17-Feb-2026,PE,25400.0,253.0,129285.0,25418.9
29-Jan-2026,17-Feb-2026,PE,25450.0,276.45,5135.0,25418.9
29-Jan-2026,17-Feb-2026,PE,25500.0,293.2,82745.0,25418.9
29-Jan-2026,17-Feb-2026,PE,25550.0,317.0,18850.0,25418.9
29-Jan-2026,17-Feb-2026,PE,25600.0,343.9,22490.0,25418.9
29-Jan-2026,17-Feb-2026,PE,25650.0,359.6,1755.0,25418.9
29-Jan-2026,17-Feb-2026,PE,25700.0,397.0,18395.0,25418.9
29-Jan-2026,17-Feb-2026,PE,25750.0,434.9,520.0,25418.9
29-Jan-2026,17-Feb-2026,PE,25800.0,451.8,70070.0,25418.9
29-Jan-2026,17-Feb-2026,PE,25850.0,481.25,3250.0,25418.9
29-Jan-2026,17-Feb-2026,PE,25900.0,523.35,15210.0,25418.9
29-Jan-2026,17-Feb-2026,PE,25950.0,547.65,390.0,25418.9
29-Jan-2026,17-Feb-2026,PE,26000.0,591.0,4940.0,25418.9
29-Jan-2026,17-Feb-2026,PE,26050.0,616.2,780.0,25418.9
29-Jan-2026,17-Feb-2026,PE,26100.0,650.25,130.0,25418.9
29-Jan-2026,17-Feb-2026,PE,26150.0,695.3,65.0,25418.9
29-Jan-2026,17-Feb-2026,PE,26200.0,731.75,260.0,25418.9
29-Jan-2026,17-Feb-2026,PE,26250.0,784.95,130.0,25418.9
29-Jan-2026,17-Feb-2026,PE,26300.0,819.95,195.0,25418.9
29-Jan-2026,17-Feb-2026,PE,26350.0,859.05,65.0,25418.9
29-Jan-2026,17-Feb-2026,PE,26400.0,901.65,65.0,25418.9
29-Jan-2026,17-Feb-2026,PE,26450.0,959.9,65.0,25418.9
29-Jan-2026,17-Feb-2026,PE,26500.0,1008.35,130.0,25418.9
29-Jan-2026,17-Feb-2026,PE,26550.0,1043.25,130.0,25418.9
29-Jan-2026,17-Feb-2026,PE,26600.0,1102.55,130.0,25418.9
29-Jan-2026,17-Feb-2026,PE,26650.0,1142.95,65.0,25418.9
29-Jan-2026,17-Feb-2026,PE,26700.0,1195.4,130.0,25418.9
29-Jan-2026,17-Feb-2026,PE,26750.0,1249.95,130.0,25418.9
29-Jan-2026,17-Feb-2026,PE,26800.0,1287.6,65.0,25418.9
29-Jan-2026,17-Feb-2026,PE,26850.0,1339.3,130.0,25418.9
29-Jan-2026,17-Feb-2026,PE,26900.0,1384.75,65.0,25418.9
29-Jan-2026,17-Feb-2026,PE,26950.0,1427.1,65.0,25418.9
29-Jan-2026,17-Feb-2026,PE,27000.0,1473.05,195.0,25418.9
29-Jan-2026,17-Feb-2026,PE,27050.0,1530.7,65.0,25418.9
29-Jan-2026,17-Feb-2026,PE,27100.0,1583.6,130.0,25418.9
29-Jan-2026,17-Feb-2026,PE,27150.0,1621.0,325.0,25418.9
29-Jan-2026,17-Feb-2026,PE,27200.0,1681.5,130.0,25418.9
29-Jan-2026,17-Feb-2026,PE,27250.0,1730.6,130.0,25418.9
29-Jan-2026,17-Feb-2026,PE,27300.0,1779.7,130.0,25418.9
29-Jan-2026,17-Feb-2026,PE,27350.0,1828.9,130.0,25418.9
29-Jan-2026,17-Feb-2026,PE,27400.0,1878.15,130.0,25418.9
29-Jan-2026,17-Feb-2026,PE,27450.0,1927.45,130.0,25418.9
29-Jan-2026,17-Feb-2026,PE,27500.0,1976.85,130.0,25418.9
29-Jan-2026,02-Mar-2026,CE,23300.0,,,25418.9
29-Jan-2026,02-Mar-2026,CE,23350.0,,,25418.9
29-Jan-2026,02-Mar-2026,CE,23400.0,,,25418.9
29-Jan-2026,02-Mar-2026,CE,23450.0,,,25418.9
29-Jan-2026,02-Mar-2026,CE,23500.0,,,25418.9
29-Jan-2026,02-Mar-2026,CE,23550.0,,,25418.9
29-Jan-2026,02-Mar-2026,CE,23600.0,,,25418.9
29-Jan-2026,02-Mar-2026,CE,23650.0,,,25418.9
29-Jan-2026,02-Mar-2026,CE,23700.0,,,25418.9
29-Jan-2026,02-Mar-2026,CE,23750.0,,,25418.9
29-Jan-2026,02-Mar-2026,CE,23800.0,,,25418.9
29-Jan-2026,02-Mar-2026,CE,23850.0,,,25418.9
29-Jan-2026,02-Mar-2026,CE,23900.0,,,25418.9
29-Jan-2026,02-Mar-2026,CE,23950.0,,,25418.9
29-Jan-2026,02-Mar-2026,CE,24000.0,,,25418.9
29-Jan-2026,02-Mar-2026,CE,24050.0,,,25418.9
29-Jan-2026,02-Mar-2026,CE,24100.0,,,25418.9
29-Jan-2026,02-Mar-2026,CE,24150.0,,,25418.9
29-Jan-2026,02-Mar-2026,CE,24200.0,,,25418.9
29-Jan-2026,02-Mar-2026,CE,24250.0,,,25418.9
29-Jan-2026,02-Mar-2026,CE,24300.0,,,25418.9
29-Jan-2026,02-Mar-2026,CE,24350.0,,,25418.9
29-Jan-2026,02-Mar-2026,CE,24400.0,,,25418.9
29-Jan-2026,02-Mar-2026,CE,24450.0,,,25418.9
29-Jan-2026,02-Mar-2026,CE,24500.0,,,25418.9
29-Jan-2026,02-Mar-2026,CE,24550.0,,,25418.9
29-Jan-2026,02-Mar-2026,CE,24600.0,,,25418.9
29-Jan-2026,02-Mar-2026,CE,24650.0,,,25418.9
29-Jan-2026,02-Mar-2026,CE,24700.0,,,25418.9
29-Jan-2026,02-Mar-2026,CE,24750.0,,,25418.9
29-Jan-2026,02-Mar-2026,CE,24800.0,,,25418.9
29-Jan-2026,02-Mar-2026,CE,24850.0,,,25418.9
29-Jan-2026,02-Mar-2026,CE,24900.0,689.6,325.0,25418.9
29-Jan-2026,02-Mar-2026,CE,24950.0,,,25418.9
29-Jan-2026,02-Mar-2026,CE,25000.0,747.0,5980.0,25418.9
29-Jan-2026,02-Mar-2026,CE,25050.0,651.8,1560.0,25418.9
29-Jan-2026,02-Mar-2026,CE,25100.0,673.55,1560.0,25418.9
29-Jan-2026,02-Mar-2026,CE,25150.0,601.55,650.0,25418.9
29-Jan-2026,02-Mar-2026,CE,25200.0,605.9,2860.0,25418.9
29-Jan-2026,02-Mar-2026,CE,25250.0,571.3,1885.0,25418.9
29-Jan-2026,02-Mar-2026,CE,25300.0,535.0,2730.0,25418.9
29-Jan-2026,02-Mar-2026,CE,25350.0,499.7,1300.0,25418.9
29-Jan-2026,02-Mar-2026,CE,25400.0,475.0,3900.0,25418.9
29-Jan-2026,02-Mar-2026,CE,25450.0,445.4,1040.0,25418.9
29-Jan-2026,02-Mar-2026,CE,25500.0,413.7,13260.0,25418.9
29-Jan-2026,02-Mar-2026,CE,25550.0,,,25418.9
29-Jan-2026,02-Mar-2026,CE,25600.0,354.0,1300.0,25418.9
29-Jan-2026,02-Mar-2026,CE,25650.0,261.35,1300.0,25418.9
29-Jan-2026,02-Mar-2026,CE,25700.0,299.0,2405.0,25418.9
29-Jan-2026,02-Mar-2026,CE,25750.0,284.45,260.0,25418.9
29-Jan-2026,02-Mar-2026,CE,25800.0,259.0,2275.0,25418.9
29-Jan-2026,02-Mar-2026,CE,25850.0,240.6,195.0,25418.9
29-Jan-2026,02-Mar-2026,CE,25900.0,227.85,2340.0,25418.9
29-Jan-2026,02-Mar-2026,CE,25950.0,190.0,1040.0,25418.9
29-Jan-2026,02-Mar-2026,CE,26000.0,186.85,9425.0,25418.9
29-Jan-2026,02-Mar-2026,CE,26050.0,,,25418.9
29-Jan-2026,02-Mar-2026,CE,26100.0,158.0,3250.0,25418.9
29-Jan-2026,02-Mar-2026,CE,26150.0,,,25418.9
29-Jan-2026,02-Mar-2026,CE,26200.0,,,25418.9
29-Jan-2026,02-Mar-2026,CE,26250.0,,,25418.9
29-Jan-2026,02-Mar-2026,CE,26300.0,106.95,2405.0,25418.9
29-Jan-2026,02-Mar-2026,CE,26350.0,80.8,65.0,25418.9
29-Jan-2026,02-Mar-2026,CE,26400.0,86.15,2600.0,25418.9
29-Jan-2026,02-Mar-2026,CE,26450.0,61.1,325.0,25418.9
29-Jan-2026,02-Mar-2026,CE,26500.0,70.65,5460.0,25418.9
29-Jan-2026,02-Mar-2026,CE,26550.0,52.05,1040.0,25418.9
29-Jan-2026,02-Mar-2026,CE,26600.0,,,25418.9
29-Jan-2026,02-Mar-2026,CE,26650.0,,,25418.9
29-Jan-2026,02-Mar-2026,CE,26700.0,,,25418.9
29-Jan-2026,02-Mar-2026,CE,26750.0,,,25418.9
29-Jan-2026,02-Mar-2026,CE,26800.0,,,25418.9
29-Jan-2026,02-Mar-2026,CE,26850.0,,,25418.9
29-Jan-2026,02-Mar-2026,CE,26900.0,,,25418.9
29-Jan-2026,02-Mar-2026,CE,26950.0,,,25418.9
29-Jan-2026,02-Mar-2026,CE,27000.0,29.0,18720.0,25418.9
29-Jan-2026,02-Mar-2026,CE,27050.0,,,25418.9
29-Jan-2026,02-Mar-2026,CE,27100.0,,,25418.9
29-Jan-2026,02-Mar-2026,PE,23300.0,20.35,1495.0,25418.9
29-Jan-2026,02-Mar-2026,PE,23350.0,25.0,1040.0,25418.9
29-Jan-2026,02-Mar-2026,PE,23400.0,23.6,3445.0,25418.9
29-Jan-2026,02-Mar-2026,PE,23450.0,,,25418.9
29-Jan-2026,02-Mar-2026,PE,23500.0,25.1,3575.0,25418.9
29-Jan-2026,02-Mar-2026,PE,23550.0,,,25418.9
29-Jan-2026,02-Mar-2026,PE,23600.0,35.0,260.0,25418.9
29-Jan-2026,02-Mar-2026,PE,23650.0,,,25418.9
29-Jan-2026,02-Mar-2026,PE,23700.0,28.15,1365.0,25418.9
29-Jan-2026,02-Mar-2026,PE,23750.0,,,25418.9
29-Jan-2026,02-Mar-2026,PE,23800.0,53.0,3055.0,25418.9
29-Jan-2026,02-Mar-2026,PE,23850.0,,,25418.9
29-Jan-2026,02-Mar-2026,PE,23900.0,,,25418.9
29-Jan-2026,02-Mar-2026,PE,23950.0,,,25418.9
29-Jan-2026,02-Mar-2026,PE,24000.0,47.95,3445.0,25418.9
29-Jan-2026,02-Mar-2026,PE,24050.0,64.65,1105.0,25418.9
29-Jan-2026,02-Mar-2026,PE,24100.0,,,25418.9
29-Jan-2026,02-Mar-2026,PE,24150.0,84.1,780.0,25418.9
29-Jan-2026,02-Mar-2026,PE,24200.0,61.0,2600.0,25418.9
29-Jan-2026,02-Mar-2026,PE,24250.0,,,25418.9
29-Jan-2026,02-Mar-2026,PE,24300.0,68.25,2080.0,25418.9
29-Jan-2026,02-Mar-2026,PE,24350.0,94.55,1040.0,25418.9
29-Jan-2026,02-Mar-2026,PE,24400.0,83.0,2730.0,25418.9
29-Jan-2026,02-Mar-2026,PE,24450.0,103.75,910.0,25418.9
29-Jan-2026,02-Mar-2026,PE,24500.0,91.65,6565.0,25418.9
29-Jan-2026,02-Mar-2026,PE,24550.0,,,25418.9
29-Jan-2026,02-Mar-2026,PE,24600.0,105.55,2600.0,25418.9
29-Jan-2026,02-Mar-2026,PE,24650.0,,,25418.9
29-Jan-2026,02-Mar-2026,PE,24700.0,119.0,2080.0,25418.9
29-Jan-2026,02-Mar-2026,PE,24750.0,165.75,910.0,25418.9
29-Jan-2026,02-Mar-2026,PE,24800.0,132.0,1625.0,25418.9
29-Jan-2026,02-Mar-2026,PE,24850.0,157.9,1105.0,25418.9
29-Jan-2026,02-Mar-2026,PE,24900.0,153.05,2470.0,25418.9
29-Jan-2026,02-Mar-2026,PE,24950.0,190.7,260.0,25418.9
29-Jan-2026,02-Mar-2026,PE,25000.0,178.0,8385.0,25418.9
29-Jan-2026,02-Mar-2026,PE,25050.0,186.8,1040.0,25418.9
29-Jan-2026,02-Mar-2026,PE,25100.0,202.95,2470.0,25418.9
29-Jan-2026,02-Mar-2026,PE,25150.0,293.05,455.0,25418.9
29-Jan-2026,02-Mar-2026,PE,25200.0,232.0,4160.0,25418.9
29-Jan-2026,02-Mar-2026,PE,25250.0,251.45,1430.0,25418.9
29-Jan-2026,02-Mar-2026,PE,25300.0,265.0,3900.0,25418.9
29-Jan-2026,02-Mar-2026,PE,25350.0,278.35,2600.0,25418.9
29-Jan-2026,02-Mar-2026,PE,25400.0,299.0,5980.0,25418.9
29-Jan-2026,02-Mar-2026,PE,25450.0,300.4,2665.0,25418.9
29-Jan-2026,02-Mar-2026,PE,25500.0,339.5,17420.0,25418.9
29-Jan-2026,02-Mar-2026,PE,25550.0,,,25418.9
29-Jan-2026,02-Mar-2026,PE,25600.0,,,25418.9
29-Jan-2026,02-Mar-2026,PE,25650.0,,,25418.9
29-Jan-2026,02-Mar-2026,PE,25700.0,,,25418.9
29-Jan-2026,02-Mar-2026,PE,25750.0,,,25418.9
29-Jan-2026,02-Mar-2026,PE,25800.0,,,25418.9
29-Jan-2026,02-Mar-2026,PE,25850.0,,,25418.9
29-Jan-2026,02-Mar-2026,PE,25900.0,,,25418.9
29-Jan-2026,02-Mar-2026,PE,25950.0,,,25418.9
29-Jan-2026,02-Mar-2026,PE,26000.0,,,25418.9
29-Jan-2026,02-Mar-2026,PE,26050.0,,,25418.9
29-Jan-2026,02-Mar-2026,PE,26100.0,,,25418.9
29-Jan-2026,02-Mar-2026,PE,26150.0,,,25418.9
29-Jan-2026,02-Mar-2026,PE,26200.0,,,25418.9
29-Jan-2026,02-Mar-2026,PE,26250.0,,,25418.9
29-Jan-2026,02-Mar-2026,PE,26300.0,,,25418.9
29-Jan-2026,02-Mar-2026,PE,26350.0,,,25418.9
29-Jan-2026,02-Mar-2026,PE,26400.0,,,25418.9
29-Jan-2026,02-Mar-2026,PE,26450.0,,,25418.9
29-Jan-2026,02-Mar-2026,PE,26500.0,,,25418.9
29-Jan-2026,02-Mar-2026,PE,26550.0,,,25418.9
29-Jan-2026,02-Mar-2026,PE,26600.0,,,25418.9
29-Jan-2026,02-Mar-2026,PE,26650.0,,,25418.9
29-Jan-2026,02-Mar-2026,PE,26700.0,,,25418.9
29-Jan-2026,02-Mar-2026,PE,26750.0,,,25418.9
29-Jan-2026,02-Mar-2026,PE,26800.0,,,25418.9
29-Jan-2026,02-Mar-2026,PE,26850.0,,,25418.9
29-Jan-2026,02-Mar-2026,PE,26900.0,,,25418.9
29-Jan-2026,02-Mar-2026,PE,26950.0,1540.0,520.0,25418.9
29-Jan-2026,02-Mar-2026,PE,27000.0,,,25418.9
29-Jan-2026,02-Mar-2026,PE,27050.0,,,25418.9
29-Jan-2026,02-Mar-2026,PE,27100.0,,,25418.9
30-Jan-2026,03-Feb-2026,CE,23300.0,1802.0,130.0,25320.65
30-Jan-2026,03-Feb-2026,CE,23350.0,2073.2,130.0,25320.65
30-Jan-2026,03-Feb-2026,CE,23400.0,2022.9,520.0,25320.65
30-Jan-2026,03-Feb-2026,CE,23450.0,1860.85,130.0,25320.65
30-Jan-2026,03-Feb-2026,CE,23500.0,1856.0,14170.0,25320.65
30-Jan-2026,03-Feb-2026,CE,23550.0,1720.05,130.0,25320.65
30-Jan-2026,03-Feb-2026,CE,23600.0,1696.05,2990.0,25320.65
30-Jan-2026,03-Feb-2026,CE,23650.0,1699.5,3315.0,25320.65
30-Jan-2026,03-Feb-2026,CE,23700.0,1582.75,4420.0,25320.65
30-Jan-2026,03-Feb-2026,CE,23750.0,1527.5,8580.0,25320.65
30-Jan-2026,03-Feb-2026,CE,23800.0,1430.6,975.0,25320.65
30-Jan-2026,03-Feb-2026,CE,23850.0,1459.0,520.0,25320.65
30-Jan-2026,03-Feb-2026,CE,23900.0,1465.95,650.0,25320.65
30-Jan-2026,03-Feb-2026,CE,23950.0,1295.0,650.0,25320.65
30-Jan-2026,03-Feb-2026,CE,24000.0,1362.0,226460.0,25320.65
30-Jan-2026,03-Feb-2026,CE,24050.0,1297.45,845.0,25320.65
30-Jan-2026,03-Feb-2026,CE,24100.0,1260.15,7735.0,25320.65
30-Jan-2026,03-Feb-2026,CE,24150.0,1114.0,1170.0,25320.65
30-Jan-2026,03-Feb-2026,CE,24200.0,1178.25,4355.0,25320.65
30-Jan-2026,03-Feb-2026,CE,24250.0,1140.0,2405.0,25320.65
30-Jan-2026,03-Feb-2026,CE,24300.0,1070.5,12350.0,25320.65
30-Jan-2026,03-Feb-2026,CE,24350.0,1006.3,4290.0,25320.65
30-Jan-2026,03-Feb-2026,CE,24400.0,962.45,24310.0,25320.65
30-Jan-2026,03-Feb-2026,CE,24450.0,922.55,24570.0,25320.65
30-Jan-2026,03-Feb-2026,CE,24500.0,868.8,257985.0,25320.65
30-Jan-2026,03-Feb-2026,CE,24550.0,823.25,27105.0,25320.65
30-Jan-2026,03-Feb-2026,CE,24600.0,777.1,74425.0,25320.65
30-Jan-2026,03-Feb-2026,CE,24650.0,724.75,25935.0,25320.65
30-Jan-2026,03-Feb-2026,CE,24700.0,678.05,68185.0,25320.65
30-Jan-2026,03-Feb-2026,CE,24750.0,629.8,28015.0,25320.65
30-Jan-2026,03-Feb-2026,CE,24800.0,591.0,158470.0,25320.65
30-Jan-2026,03-Feb-2026,CE,24850.0,544.35,42640.0,25320.65
30-Jan-2026,03-Feb-2026,CE,24900.0,501.5,151775.0,25320.65
30-Jan-2026,03-Feb-2026,CE,24950.0,462.0,73905.0,25320.65
30-Jan-2026,03-Feb-2026,CE,25000.0,417.8,2557230.0,25320.65
30-Jan-2026,03-Feb-2026,CE,25050.0,378.45,138645.0,25320.65
30-Jan-2026,03-Feb-2026,CE,25100.0,342.9,775125.0,25320.65
30-Jan-2026,03-Feb-2026,CE,25150.0,307.8,395850.0,25320.65
30-Jan-2026,03-Feb-2026,CE,25200.0,273.35,2326870.0,25320.65
30-Jan-2026,03-Feb-2026,CE,25250.0,241.0,1508195.0,25320.65
30-Jan-2026,03-Feb-2026,CE,25300.0,212.9,5160480.0,25320.65
30-Jan-2026,03-Feb-2026,CE,25350.0,186.35,2893865.0,25320.65
30-Jan-2026,03-Feb-2026,CE,25400.0,161.8,4404920.0,25320.65
30-Jan-2026,03-Feb-2026,CE,25450.0,140.6,1560975.0,25320.65
30-Jan-2026,03-Feb-2026,CE,25500.0,120.6,6669975.0,25320.65
30-Jan-2026,03-Feb-2026,CE,25550.0,104.35,1668550.0,25320.65
30-Jan-2026,03-Feb-2026,CE,25600.0,89.5,4081545.0,25320.65
30-Jan-2026,03-Feb-2026,CE,25650.0,76.25,1816880.0,25320.65
30-Jan-2026,03-Feb-2026,CE,25700.0,64.55,4790435.0,25320.65
30-Jan-2026,03-Feb-2026,CE,25750.0,55.55,1540305.0,25320.65
30-Jan-2026,03-Feb-2026,CE,25800.0,48.1,5258695.0,25320.65
30-Jan-2026,03-Feb-2026,CE,25850.0,40.85,1423240.0,25320.65
30-Jan-2026,03-Feb-2026,CE,25900.0,35.25,3508960.0,25320.65
30-Jan-2026,03-Feb-2026,CE,25950.0,30.35,950950.0,25320.65
30-Jan-2026,03-Feb-2026,CE,26000.0,25.9,11518195.0,25320.65
30-Jan-2026,03-Feb-2026,CE,26050.0,22.5,1310725.0,25320.65
30-Jan-2026,03-Feb-2026,CE,26100.0,19.3,3669640.0,25320.65
30-Jan-2026,03-Feb-2026,CE,26150.0,16.8,941005.0,25320.65
30-Jan-2026,03-Feb-2026,CE,26200.0,14.45,3886350.0,25320.65
30-Jan-2026,03-Feb-2026,CE,26250.0,12.7,1331070.0,25320.65
30-Jan-2026,03-Feb-2026,CE,26300.0,11.35,4828330.0,25320.65
30-Jan-2026,03-Feb-2026,CE,26350.0,10.2,2429180.0,25320.65
30-Jan-2026,03-Feb-2026,CE,26400.0,8.85,3510520.0,25320.65
30-Jan-2026,03-Feb-2026,CE,26450.0,7.7,1186705.0,25320.65
30-Jan-2026,03-Feb-2026,CE,26500.0,7.1,10392525.0,25320.65
30-Jan-2026,03-Feb-2026,CE,26550.0,6.4,1217970.0,25320.65
30-Jan-2026,03-Feb-2026,CE,26600.0,5.65,3420430.0,25320.65
30-Jan-2026,03-Feb-2026,CE,26650.0,5.15,561990.0,25320.65
30-Jan-2026,03-Feb-2026,CE,26700.0,4.6,3701685.0,25320.65
30-Jan-2026,03-Feb-2026,CE,26750.0,4.0,649415.0,25320.65
30-Jan-2026,03-Feb-2026,CE,26800.0,3.3,3219385.0,25320.65
30-Jan-2026,03-Feb-2026,CE,26850.0,3.15,854880.0,25320.65
30-Jan-2026,03-Feb-2026,CE,26900.0,2.85,1994005.0,25320.65
30-Jan-2026,03-Feb-2026,CE,26950.0,2.55,1091220.0,25320.65
30-Jan-2026,03-Feb-2026,CE,27000.0,2.45,9962680.0,25320.65
30-Jan-2026,03-Feb-2026,CE,27050.0,2.25,811915.0,25320.65
30-Jan-2026,03-Feb-2026,CE,27100.0,1.95,1203800.0,25320.65
30-Jan-2026,03-Feb-2026,CE,27150.0,1.9,289965.0,25320.65
30-Jan-2026,03-Feb-2026,CE,27200.0,1.8,1110915.0,25320.65
30-Jan-2026,03-Feb-2026,CE,27250.0,1.7,299845.0,25320.65
30-Jan-2026,03-Feb-2026,CE,27300.0,1.75,876070.0,25320.65
30-Jan-2026,03-Feb-2026,CE,27350.0,1.7,219245.0,25320.65
30-Jan-2026,03-Feb-2026,CE,27400.0,1.7,405210.0,25320.65
30-Jan-2026,03-Feb-2026,CE,27450.0,1.5,120575.0,25320.65
30-Jan-2026,03-Feb-2026,CE,27500.0,1.55,3606395.0,25320.65
30-Jan-2026,03-Feb-2026,CE,27550.0,1.4,279890.0,25320.65
30-Jan-2026,03-Feb-2026,CE,27600.0,1.5,750230.0,25320.65
30-Jan-2026,03-Feb-2026,CE,27650.0,1.4,263770.0,25320.65
30-Jan-2026,03-Feb-2026,CE,27700.0,1.45,689260.0,25320.65
30-Jan-2026,03-Feb-2026,CE,27750.0,1.35,188760.0,25320.65
30-Jan-2026,03-Feb-2026,CE,27800.0,1.35,831545.0,25320.65
30-Jan-2026,03-Feb-2026,CE,27850.0,1.25,217165.0,25320.65
30-Jan-2026,03-Feb-2026,CE,27900.0,1.2,757770.0,25320.65
30-Jan-2026,03-Feb-2026,CE,27950.0,1.25,214955.0,25320.65
30-Jan-2026,03-Feb-2026,CE,28000.0,1.2,3565250.0,25320.65
30-Jan-2026,03-Feb-2026,CE,28050.0,1.15,309010.0,25320.65
30-Jan-2026,03-Feb-2026,CE,28100.0,1.15,1383005.0,25320.65
30-Jan-2026,03-Feb-2026,PE,23300.0,4.05,8286655.0,25320.65
30-Jan-2026,03-Feb-2026,PE,23350.0,4.3,655200.0,25320.65
30-Jan-2026,03-Feb-2026,PE,23400.0,4.55,3132870.0,25320.65
30-Jan-2026,03-Feb-2026,PE,23450.0,4.7,380770.0,25320.65
30-Jan-2026,03-Feb-2026,PE,23500.0,4.95,6823050.0,25320.65
30-Jan-2026,03-Feb-2026,PE,23550.0,5.1,423215.0,25320.65
30-Jan-2026,03-Feb-2026,PE,23600.0,5.0,1066065.0,25320.65
30-Jan-2026,03-Feb-2026,PE,23650.0,5.85,343785.0,25320.65
30-Jan-2026,03-Feb-2026,PE,23700.0,6.2,1631565.0,25320.65
30-Jan-2026,03-Feb-2026,PE,23750.0,6.4,490425.0,25320.65
30-Jan-2026,03-Feb-2026,PE,23800.0,6.85,2432430.0,25320.65
30-Jan-2026,03-Feb-2026,PE,23850.0,7.2,543075.0,25320.65
30-Jan-2026,03-Feb-2026,PE,23900.0,7.5,1188720.0,25320.65
30-Jan-2026,03-Feb-2026,PE,23950.0,8.15,755690.0,25320.65
30-Jan-2026,03-Feb-2026,PE,24000.0,8.7,9033310.0,25320.65
30-Jan-2026,03-Feb-2026,PE,24050.0,9.1,426465.0,25320.65
30-Jan-2026,03-Feb-2026,PE,24100.0,10.0,1221935.0,25320.65
30-Jan-2026,03-Feb-2026,PE,24150.0,10.85,722605.0,25320.65
30-Jan-2026,03-Feb-2026,PE,24200.0,11.65,3224065.0,25320.65
30-Jan-2026,03-Feb-2026,PE,24250.0,12.55,700050.0,25320.65
30-Jan-2026,03-Feb-2026,PE,24300.0,14.15,3549325.0,25320.65
30-Jan-2026,03-Feb-2026,PE,24350.0,15.15,889005.0,25320.65
30-Jan-2026,03-Feb-2026,PE,24400.0,16.95,2583880.0,25320.65
30-Jan-2026,03-Feb-2026,PE,24450.0,18.8,950365.0,25320.65
30-Jan-2026,03-Feb-2026,PE,24500.0,20.4,5596695.0,25320.65
30-Jan-2026,03-Feb-2026,PE,24550.0,22.15,1219790.0,25320.65
30-Jan-2026,03-Feb-2026,PE,24600.0,24.85,3573960.0,25320.65
30-Jan-2026,03-Feb-2026,PE,24650.0,27.6,651820.0,25320.65
30-Jan-2026,03-Feb-2026,PE,24700.0,31.45,1970800.0,25320.65
30-Jan-2026,03-Feb-2026,PE,24750.0,35.55,989300.0,25320.65
30-Jan-2026,03-Feb-2026,PE,24800.0,40.15,3208075.0,25320.65
30-Jan-2026,03-Feb-2026,PE,24850.0,45.55,892255.0,25320.65
30-Jan-2026,03-Feb-2026,PE,24900.0,52.35,4493190.0,25320.65
30-Jan-2026,03-Feb-2026,PE,24950.0,60.3,1045525.0,25320.65
30-Jan-2026,03-Feb-2026,PE,25000.0,69.15,6864650.0,25320.65
30-Jan-2026,03-Feb-2026,PE,25050.0,79.75,1028560.0,25320.65
30-Jan-2026,03-Feb-2026,PE,25100.0,92.2,2795910.0,25320.65
30-Jan-2026,03-Feb-2026,PE,25150.0,106.35,1469000.0,25320.65
30-Jan-2026,03-Feb-2026,PE,25200.0,122.75,4033315.0,25320.65
30-Jan-2026,03-Feb-2026,PE,25250.0,141.9,2198495.0,25320.65
30-Jan-2026,03-Feb-2026,PE,25300.0,163.0,4952545.0,25320.65
30-Jan-2026,03-Feb-2026,PE,25350.0,185.5,2245555.0,25320.65
30-Jan-2026,03-Feb-2026,PE,25400.0,210.95,2311920.0,25320.65
30-Jan-2026,03-Feb-2026,PE,25450.0,239.9,648050.0,25320.65
30-Jan-2026,03-Feb-2026,PE,25500.0,269.5,1784055.0,25320.65
30-Jan-2026,03-Feb-2026,PE,25550.0,302.25,219960.0,25320.65
30-Jan-2026,03-Feb-2026,PE,25600.0,335.0,535340.0,25320.65
30-Jan-2026,03-Feb-2026,PE,25650.0,372.0,152555.0,25320.65
30-Jan-2026,03-Feb-2026,PE,25700.0,412.85,532935.0,25320.65
30-Jan-2026,03-Feb-2026,PE,25750.0,452.2,116545.0,25320.65
30-Jan-2026,03-Feb-2026,PE,25800.0,491.85,672490.0,25320.65
30-Jan-2026,03-Feb-2026,PE,25850.0,543.35,119665.0,25320.65
30-Jan-2026,03-Feb-2026,PE,25900.0,581.55,237315.0,25320.65
30-Jan-2026,03-Feb-2026,PE,25950.0,632.9,52715.0,25320.65
30-Jan-2026,03-Feb-2026,PE,26000.0,674.35,1045265.0,25320.65
30-Jan-2026,03-Feb-2026,PE,26050.0,730.25,44980.0,25320.65
30-Jan-2026,03-Feb-2026,PE,26100.0,776.0,316745.0,25320.65
30-Jan-2026,03-Feb-2026,PE,26150.0,811.0,31330.0,25320.65
30-Jan-2026,03-Feb-2026,PE,26200.0,865.4,121420.0,25320.65
30-Jan-2026,03-Feb-2026,PE,26250.0,907.3,28145.0,25320.65
30-Jan-2026,03-Feb-2026,PE,26300.0,964.55,128960.0,25320.65
30-Jan-2026,03-Feb-2026,PE,26350.0,1058.85,5525.0,25320.65
30-Jan-2026,03-Feb-2026,PE,26400.0,1050.8,25870.0,25320.65
30-Jan-2026,03-Feb-2026,PE,26450.0,1109.25,1625.0,25320.65
30-Jan-2026,03-Feb-2026,PE,26500.0,1153.75,159120.0,25320.65
30-Jan-2026,03-Feb-2026,PE,26550.0,1278.25,845.0,25320.65
30-Jan-2026,03-Feb-2026,PE,26600.0,1252.45,13260.0,25320.65
30-Jan-2026,03-Feb-2026,PE,26650.0,1330.45,845.0,25320.65
30-Jan-2026,03-Feb-2026,PE,26700.0,1354.25,5720.0,25320.65
30-Jan-2026,03-Feb-2026,PE,26750.0,1413.2,3510.0,25320.65
30-Jan-2026,03-Feb-2026,PE,26800.0,1530.95,8125.0,25320.65
30-Jan-2026,03-Feb-2026,PE,26850.0,1513.9,1950.0,25320.65
30-Jan-2026,03-Feb-2026,PE,26900.0,1589.05,1235.0,25320.65
30-Jan-2026,03-Feb-2026,PE,26950.0,1610.55,1040.0,25320.65
30-Jan-2026,03-Feb-2026,PE,27000.0,1652.0,147160.0,25320.65
30-Jan-2026,03-Feb-2026,PE,27050.0,1712.1,585.0,25320.65
30-Jan-2026,03-Feb-2026,PE,27100.0,1630.05,4160.0,25320.65
30-Jan-2026,03-Feb-2026,PE,27150.0,1838.05,585.0,25320.65
30-Jan-2026,03-Feb-2026,PE,27200.0,1909.8,4420.0,25320.65
30-Jan-2026,03-Feb-2026,PE,27250.0,1910.5,195.0,25320.65
30-Jan-2026,03-Feb-2026,PE,27300.0,2015.5,260.0,25320.65
30-Jan-2026,03-Feb-2026,PE,27350.0,1884.25,390.0,25320.65
30-Jan-2026,03-Feb-2026,PE,27400.0,1935.0,390.0,25320.65
30-Jan-2026,03-Feb-2026,PE,27450.0,2179.15,390.0,25320.65
30-Jan-2026,03-Feb-2026,PE,27500.0,2130.0,11765.0,25320.65
30-Jan-2026,03-Feb-2026,PE,27550.0,2229.05,195.0,25320.65
30-Jan-2026,03-Feb-2026,PE,27600.0,2315.2,195.0,25320.65
30-Jan-2026,03-Feb-2026,PE,27650.0,2300.0,325.0,25320.65
30-Jan-2026,03-Feb-2026,PE,27700.0,2369.4,520.0,25320.65
30-Jan-2026,03-Feb-2026,PE,27750.0,2524.05,260.0,25320.65
30-Jan-2026,03-Feb-2026,PE,27800.0,2499.0,325.0,25320.65
30-Jan-2026,03-Feb-2026,PE,27850.0,2384.05,390.0,25320.65
30-Jan-2026,03-Feb-2026,PE,27900.0,2655.95,520.0,25320.65
30-Jan-2026,03-Feb-2026,PE,27950.0,2655.2,390.0,25320.65
30-Jan-2026,03-Feb-2026,PE,28000.0,2640.4,98605.0,25320.65
30-Jan-2026,03-Feb-2026,PE,28050.0,2805.9,130.0,25320.65
30-Jan-2026,03-Feb-2026,PE,28100.0,2784.1,390.0,25320.65
30-Jan-2026,17-Feb-2026,CE,23300.0,2090.8,195.0,25320.65
30-Jan-2026,17-Feb-2026,CE,23350.0,2042.1,130.0,25320.65
30-Jan-2026,17-Feb-2026,CE,23400.0,1997.85,130.0,25320.65
30-Jan-2026,17-Feb-2026,CE,23450.0,1942.4,65.0,25320.65
30-Jan-2026,17-Feb-2026,CE,23500.0,1916.15,195.0,25320.65
30-Jan-2026,17-Feb-2026,CE,23550.0,1860.4,195.0,25320.65
30-Jan-2026,17-Feb-2026,CE,23600.0,1811.65,260.0,25320.65
30-Jan-2026,17-Feb-2026,CE,23650.0,1762.95,195.0,25320.65
30-Jan-2026,17-Feb-2026,CE,23700.0,1610.85,130.0,25320.65
30-Jan-2026,17-Feb-2026,CE,23750.0,1666.3,195.0,25320.65
30-Jan-2026,17-Feb-2026,CE,23800.0,1624.95,195.0,25320.65
30-Jan-2026,17-Feb-2026,CE,23850.0,1506.5,130.0,25320.65
30-Jan-2026,17-Feb-2026,CE,23900.0,1526.65,195.0,25320.65
30-Jan-2026,17-Feb-2026,CE,23950.0,1474.95,195.0,25320.65
30-Jan-2026,17-Feb-2026,CE,24000.0,1426.2,260.0,25320.65
30-Jan-2026,17-Feb-2026,CE,24050.0,1379.75,195.0,25320.65
30-Jan-2026,17-Feb-2026,CE,24100.0,1317.6,260.0,25320.65
30-Jan-2026,17-Feb-2026,CE,24150.0,1283.9,260.0,25320.65
30-Jan-2026,17-Feb-2026,CE,24200.0,1201.25,325.0,25320.65
30-Jan-2026,17-Feb-2026,CE,24250.0,1130.95,260.0,25320.65
30-Jan-2026,17-Feb-2026,CE,24300.0,1132.25,390.0,25320.65
30-Jan-2026,17-Feb-2026,CE,24350.0,1115.55,390.0,25320.65
30-Jan-2026,17-Feb-2026,CE,24400.0,1052.5,390.0,25320.65
30-Jan-2026,17-Feb-2026,CE,24450.0,982.95,455.0,25320.65
30-Jan-2026,17-Feb-2026,CE,24500.0,879.8,4615.0,25320.65
30-Jan-2026,17-Feb-2026,CE,24550.0,935.5,585.0,25320.65
30-Jan-2026,17-Feb-2026,CE,24600.0,874.7,910.0,25320.65
30-Jan-2026,17-Feb-2026,CE,24650.0,810.8,1105.0,25320.65
30-Jan-2026,17-Feb-2026,CE,24700.0,770.05,3250.0,25320.65
30-Jan-2026,17-Feb-2026,CE,24750.0,753.15,1560.0,25320.65
30-Jan-2026,17-Feb-2026,CE,24800.0,706.35,6110.0,25320.65
30-Jan-2026,17-Feb-2026,CE,24850.0,668.25,1625.0,25320.65
30-Jan-2026,17-Feb-2026,CE,24900.0,641.8,3835.0,25320.65
30-Jan-2026,17-Feb-2026,CE,24950.0,582.55,4160.0,25320.65
30-Jan-2026,17-Feb-2026,CE,25000.0,559.0,22165.0,25320.65
30-Jan-2026,17-Feb-2026,CE,25050.0,515.0,5135.0,25320.65
30-Jan-2026,17-Feb-2026,CE,25100.0,486.45,28275.0,25320.65
30-Jan-2026,17-Feb-2026,CE,25150.0,456.0,9360.0,25320.65
30-Jan-2026,17-Feb-2026,CE,25200.0,422.15,99320.0,25320.65
30-Jan-2026,17-Feb-2026,CE,25250.0,389.0,10985.0,25320.65
30-Jan-2026,17-Feb-2026,CE,25300.0,361.0,120965.0,25320.65
30-Jan-2026,17-Feb-2026,CE,25350.0,325.0,13195.0,25320.65
30-Jan-2026,17-Feb-2026,CE,25400.0,310.3,144495.0,25320.65
30-Jan-2026,17-Feb-2026,CE,25450.0,276.3,6305.0,25320.65
30-Jan-2026,17-Feb-2026,CE,25500.0,253.75,196235.0,25320.65
30-Jan-2026,17-Feb-2026,CE,25550.0,235.95,54470.0,25320.65
30-Jan-2026,17-Feb-2026,CE,25600.0,211.35,36400.0,25320.65
30-Jan-2026,17-Feb-2026,CE,25650.0,193.0,9620.0,25320.65
30-Jan-2026,17-Feb-2026,CE,25700.0,171.65,26455.0,25320.65
30-Jan-2026,17-Feb-2026,CE,25750.0,160.2,12805.0,25320.65
30-Jan-2026,17-Feb-2026,CE,25800.0,143.1,50960.0,25320.65
30-Jan-2026,17-Feb-2026,CE,25850.0,129.45,13000.0,25320.65
30-Jan-2026,17-Feb-2026,CE,25900.0,113.45,43615.0,25320.65
30-Jan-2026,17-Feb-2026,CE,25950.0,103.9,11960.0,25320.65
30-Jan-2026,17-Feb-2026,CE,26000.0,90.8,131170.0,25320.65
30-Jan-2026,17-Feb-2026,CE,26050.0,79.6,10205.0,25320.65
30-Jan-2026,17-Feb-2026,CE,26100.0,71.95,59280.0,25320.65
30-Jan-2026,17-Feb-2026,CE,26150.0,64.2,6110.0,25320.65
30-Jan-2026,17-Feb-2026,CE,26200.0,56.85,38935.0,25320.65
30-Jan-2026,17-Feb-2026,CE,26250.0,49.6,19890.0,25320.65
30-Jan-2026,17-Feb-2026,CE,26300.0,45.25,35490.0,25320.65
30-Jan-2026,17-Feb-2026,CE,26350.0,39.4,8645.0,25320.65
30-Jan-2026,17-Feb-2026,CE,26400.0,35.35,51675.0,25320.65
30-Jan-2026,17-Feb-2026,CE,26450.0,31.65,8060.0,25320.65
30-Jan-2026,17-Feb-2026,CE,26500.0,29.1,79105.0,25320.65
30-Jan-2026,17-Feb-2026,CE,26550.0,26.95,7150.0,25320.65
30-Jan-2026,17-Feb-2026,CE,26600.0,23.3,21125.0,25320.65
30-Jan-2026,17-Feb-2026,CE,26650.0,21.0,5655.0,25320.65
30-Jan-2026,17-Feb-2026,CE,26700.0,18.95,14040.0,25320.65
30-Jan-2026,17-Feb-2026,CE,26750.0,18.35,2470.0,25320.65
30-Jan-2026,17-Feb-2026,CE,26800.0,15.3,13975.0,25320.65
30-Jan-2026,17-Feb-2026,CE,26850.0,14.8,2925.0,25320.65
30-Jan-2026,17-Feb-2026,CE,26900.0,13.6,11245.0,25320.65
30-Jan-2026,17-Feb-2026,CE,26950.0,11.5,585.0,25320.65
30-Jan-2026,17-Feb-2026,CE,27000.0,10.6,52975.0,25320.65
30-Jan-2026,17-Feb-2026,CE,27050.0,8.2,260.0,25320.65
30-Jan-2026,17-Feb-2026,CE,27100.0,10.75,11245.0,25320.65
30-Jan-2026,17-Feb-2026,CE,27150.0,18.05,455.0,25320.65
30-Jan-2026,17-Feb-2026,CE,27200.0,8.95,7930.0,25320.65
30-Jan-2026,17-Feb-2026,CE,27250.0,16.85,520.0,25320.65
30-Jan-2026,17-Feb-2026,CE,27300.0,6.65,3315.0,25320.65
30-Jan-2026,17-Feb-2026,CE,27350.0,6.0,65.0,25320.65
30-Jan-2026,17-Feb-2026,CE,27400.0,5.7,8320.0,25320.65
30-Jan-2026,17-Feb-2026,CE,27450.0,6.05,,25320.65
30-Jan-2026,17-Feb-2026,CE,27500.0,6.1,54405.0,25320.65
30-Jan-2026,17-Feb-2026,PE,23300.0,11.15,24440.0,25320.65
30-Jan-2026,17-Feb-2026,PE,23350.0,10.95,2080.0,25320.65
30-Jan-2026,17-Feb-2026,PE,23400.0,14.8,14300.0,25320.65
30-Jan-2026,17-Feb-2026,PE,23450.0,15.0,2665.0,25320.65
30-Jan-2026,17-Feb-2026,PE,23500.0,17.3,34970.0,25320.65
30-Jan-2026,17-Feb-2026,PE,23550.0,17.4,1495.0,25320.65
30-Jan-2026,17-Feb-2026,PE,23600.0,19.2,5330.0,25320.65
30-Jan-2026,17-Feb-2026,PE,23650.0,21.0,1105.0,25320.65
30-Jan-2026,17-Feb-2026,PE,23700.0,22.2,5785.0,25320.65
30-Jan-2026,17-Feb-2026,PE,23750.0,23.95,3315.0,25320.65
30-Jan-2026,17-Feb-2026,PE,23800.0,24.0,16315.0,25320.65
30-Jan-2026,17-Feb-2026,PE,23850.0,27.5,3445.0,25320.65
30-Jan-2026,17-Feb-2026,PE,23900.0,28.05,15990.0,25320.65
30-Jan-2026,17-Feb-2026,PE,23950.0,29.7,5395.0,25320.65
30-Jan-2026,17-Feb-2026,PE,24000.0,32.7,73190.0,25320.65
30-Jan-2026,17-Feb-2026,PE,24050.0,34.95,4485.0,25320.65
30-Jan-2026,17-Feb-2026,PE,24100.0,37.0,15145.0,25320.65
30-Jan-2026,17-Feb-2026,PE,24150.0,39.95,4615.0,25320.65
30-Jan-2026,17-Feb-2026,PE,24200.0,42.9,10270.0,25320.65
30-Jan-2026,17-Feb-2026,PE,24250.0,46.1,4680.0,25320.65
30-Jan-2026,17-Feb-2026,PE,24300.0,49.65,19175.0,25320.65
30-Jan-2026,17-Feb-2026,PE,24350.0,53.75,6890.0,25320.65
30-Jan-2026,17-Feb-2026,PE,24400.0,57.6,25415.0,25320.65
30-Jan-2026,17-Feb-2026,PE,24450.0,63.1,19825.0,25320.65
30-Jan-2026,17-Feb-2026,PE,24500.0,68.65,62270.0,25320.65
30-Jan-2026,17-Feb-2026,PE,24550.0,74.75,16185.0,25320.65
30-Jan-2026,17-Feb-2026,PE,24600.0,80.55,23205.0,25320.65
30-Jan-2026,17-Feb-2026,PE,24650.0,87.15,10465.0,25320.65
30-Jan-2026,17-Feb-2026,PE,24700.0,96.35,29900.0,25320.65
30-Jan-2026,17-Feb-2026,PE,24750.0,104.5,12415.0,25320.65
30-Jan-2026,17-Feb-2026,PE,24800.0,112.0,18785.0,25320.65
30-Jan-2026,17-Feb-2026,PE,24850.0,125.4,8840.0,25320.65
30-Jan-2026,17-Feb-2026,PE,24900.0,133.0,18070.0,25320.65
30-Jan-2026,17-Feb-2026,PE,24950.0,146.0,6565.0,25320.65
30-Jan-2026,17-Feb-2026,PE,25000.0,158.2,53885.0,25320.65
30-Jan-2026,17-Feb-2026,PE,25050.0,172.55,3705.0,25320.65
30-Jan-2026,17-Feb-2026,PE,25100.0,184.0,20930.0,25320.65
30-Jan-2026,17-Feb-2026,PE,25150.0,201.9,10595.0,25320.65
30-Jan-2026,17-Feb-2026,PE,25200.0,218.25,105950.0,25320.65
30-Jan-2026,17-Feb-2026,PE,25250.0,238.9,15600.0,25320.65
30-Jan-2026,17-Feb-2026,PE,25300.0,256.95,113035.0,25320.65
30-Jan-2026,17-Feb-2026,PE,25350.0,272.45,14430.0,25320.65
30-Jan-2026,17-Feb-2026,PE,25400.0,302.3,142740.0,25320.65
30-Jan-2026,17-Feb-2026,PE,25450.0,326.4,12220.0,25320.65
30-Jan-2026,17-Feb-2026,PE,25500.0,351.3,165100.0,25320.65
30-Jan-2026,17-Feb-2026,PE,25550.0,379.85,18460.0,25320.65
30-Jan-2026,17-Feb-2026,PE,25600.0,407.0,21320.0,25320.65
30-Jan-2026,17-Feb-2026,PE,25650.0,464.55,1820.0,25320.65
30-Jan-2026,17-Feb-2026,PE,25700.0,469.55,20215.0,25320.65
30-Jan-2026,17-Feb-2026,PE,25750.0,511.75,1040.0,25320.65
30-Jan-2026,17-Feb-2026,PE,25800.0,538.85,70915.0,25320.65
30-Jan-2026,17-Feb-2026,PE,25850.0,577.5,2730.0,25320.65
30-Jan-2026,17-Feb-2026,PE,25900.0,612.6,14625.0,25320.65
30-Jan-2026,17-Feb-2026,PE,25950.0,642.25,910.0,25320.65
30-Jan-2026,17-Feb-2026,PE,26000.0,708.0,5330.0,25320.65
30-Jan-2026,17-Feb-2026,PE,26050.0,758.05,650.0,25320.65
30-Jan-2026,17-Feb-2026,PE,26100.0,773.25,130.0,25320.65
30-Jan-2026,17-Feb-2026,PE,26150.0,818.65,65.0,25320.65
30-Jan-2026,17-Feb-2026,PE,26200.0,852.3,260.0,25320.65
30-Jan-2026,17-Feb-2026,PE,26250.0,905.45,65.0,25320.65
30-Jan-2026,17-Feb-2026,PE,26300.0,942.35,195.0,25320.65
30-Jan-2026,17-Feb-2026,PE,26350.0,1013.4,260.0,25320.65
30-Jan-2026,17-Feb-2026,PE,26400.0,1037.25,65.0,25320.65
30-Jan-2026,17-Feb-2026,PE,26450.0,1094.9,130.0,25320.65
30-Jan-2026,17-Feb-2026,PE,26500.0,1135.15,130.0,25320.65
30-Jan-2026,17-Feb-2026,PE,26550.0,1232.15,65.0,25320.65
30-Jan-2026,17-Feb-2026,PE,26600.0,1229.05,65.0,25320.65
30-Jan-2026,17-Feb-2026,PE,26650.0,1263.75,65.0,25320.65
30-Jan-2026,17-Feb-2026,PE,26700.0,1303.8,65.0,25320.65
30-Jan-2026,17-Feb-2026,PE,26750.0,1340.3,65.0,25320.65
30-Jan-2026,17-Feb-2026,PE,26800.0,1406.4,65.0,25320.65
30-Jan-2026,17-Feb-2026,PE,26850.0,1448.2,65.0,25320.65
30-Jan-2026,17-Feb-2026,PE,26900.0,1518.75,65.0,25320.65
30-Jan-2026,17-Feb-2026,PE,26950.0,1551.65,65.0,25320.65
30-Jan-2026,17-Feb-2026,PE,27000.0,1628.65,195.0,25320.65
30-Jan-2026,17-Feb-2026,PE,27050.0,1653.85,65.0,25320.65
30-Jan-2026,17-Feb-2026,PE,27100.0,1688.8,65.0,25320.65
30-Jan-2026,17-Feb-2026,PE,27150.0,1752.4,325.0,25320.65
30-Jan-2026,17-Feb-2026,PE,27200.0,1779.3,65.0,25320.65
30-Jan-2026,17-Feb-2026,PE,27250.0,1860.4,130.0,25320.65
30-Jan-2026,17-Feb-2026,PE,27300.0,1909.1,130.0,25320.65
30-Jan-2026,17-Feb-2026,PE,27350.0,1957.45,130.0,25320.65
30-Jan-2026,17-Feb-2026,PE,27400.0,2011.1,65.0,25320.65
30-Jan-2026,17-Feb-2026,PE,27450.0,2059.7,65.0,25320.65
30-Jan-2026,17-Feb-2026,PE,27500.0,2111.0,65.0,25320.65
30-Jan-2026,02-Mar-2026,CE,23300.0,,,25320.65
30-Jan-2026,02-Mar-2026,CE,23350.0,,,25320.65
30-Jan-2026,02-Mar-2026,CE,23400.0,,,25320.65
30-Jan-2026,02-Mar-2026,CE,23450.0,,,25320.65
30-Jan-2026,02-Mar-2026,CE,23500.0,,,25320.65
30-Jan-2026,02-Mar-2026,CE,23550.0,,,25320.65
30-Jan-2026,02-Mar-2026,CE,23600.0,,,25320.65
30-Jan-2026,02-Mar-2026,CE,23650.0,,,25320.65
30-Jan-2026,02-Mar-2026,CE,23700.0,,,25320.65
30-Jan-2026,02-Mar-2026,CE,23750.0,,,25320.65
30-Jan-2026,02-Mar-2026,CE,23800.0,,,25320.65
30-Jan-2026,02-Mar-2026,CE,23850.0,,,25320.65
30-Jan-2026,02-Mar-2026,CE,23900.0,,,25320.65
30-Jan-2026,02-Mar-2026,CE,23950.0,,,25320.65
30-Jan-2026,02-Mar-2026,CE,24000.0,1503.95,65.0,25320.65
30-Jan-2026,02-Mar-2026,CE,24050.0,,,25320.65
30-Jan-2026,02-Mar-2026,CE,24100.0,,,25320.65
30-Jan-2026,02-Mar-2026,CE,24150.0,,,25320.65
30-Jan-2026,02-Mar-2026,CE,24200.0,,,25320.65
30-Jan-2026,02-Mar-2026,CE,24250.0,,,25320.65
30-Jan-2026,02-Mar-2026,CE,24300.0,,,25320.65
30-Jan-2026,02-Mar-2026,CE,24350.0,,,25320.65
30-Jan-2026,02-Mar-2026,CE,24400.0,,,25320.65
30-Jan-2026,02-Mar-2026,CE,24450.0,,,25320.65
30-Jan-2026,02-Mar-2026,CE,24500.0,1067.0,390.0,25320.65
30-Jan-2026,02-Mar-2026,CE,24550.0,,,25320.65
30-Jan-2026,02-Mar-2026,CE,24600.0,948.2,2210.0,25320.65
30-Jan-2026,02-Mar-2026,CE,24650.0,,,25320.65
30-Jan-2026,02-Mar-2026,CE,24700.0,900.4,1300.0,25320.65
30-Jan-2026,02-Mar-2026,CE,24750.0,,,25320.65
30-Jan-2026,02-Mar-2026,CE,24800.0,817.6,1950.0,25320.65
30-Jan-2026,02-Mar-2026,CE,24850.0,,,25320.65
30-Jan-2026,02-Mar-2026,CE,24900.0,729.6,2535.0,25320.65
30-Jan-2026,02-Mar-2026,CE,24950.0,683.6,1755.0,25320.65
30-Jan-2026,02-Mar-2026,CE,25000.0,659.6,7085.0,25320.65
30-Jan-2026,02-Mar-2026,CE,25050.0,628.15,2730.0,25320.65
30-Jan-2026,02-Mar-2026,CE,25100.0,581.35,3640.0,25320.65
30-Jan-2026,02-Mar-2026,CE,25150.0,544.9,1690.0,25320.65
30-Jan-2026,02-Mar-2026,CE,25200.0,520.2,4745.0,25320.65
30-Jan-2026,02-Mar-2026,CE,25250.0,486.9,4030.0,25320.65
30-Jan-2026,02-Mar-2026,CE,25300.0,458.45,5200.0,25320.65
30-Jan-2026,02-Mar-2026,CE,25350.0,448.9,3575.0,25320.65
30-Jan-2026,02-Mar-2026,CE,25400.0,401.3,7345.0,25320.65
30-Jan-2026,02-Mar-2026,CE,25450.0,375.2,4160.0,25320.65
30-Jan-2026,02-Mar-2026,CE,25500.0,351.0,15275.0,25320.65
30-Jan-2026,02-Mar-2026,CE,25550.0,323.4,2925.0,25320.65
30-Jan-2026,02-Mar-2026,CE,25600.0,296.7,3185.0,25320.65
30-Jan-2026,02-Mar-2026,CE,25650.0,282.5,1625.0,25320.65
30-Jan-2026,02-Mar-2026,CE,25700.0,258.2,3250.0,25320.65
30-Jan-2026,02-Mar-2026,CE,25750.0,259.2,2080.0,25320.65
30-Jan-2026,02-Mar-2026,CE,25800.0,226.3,3835.0,25320.65
30-Jan-2026,02-Mar-2026,CE,25850.0,204.4,2210.0,25320.65
30-Jan-2026,02-Mar-2026,CE,25900.0,191.95,5720.0,25320.65
30-Jan-2026,02-Mar-2026,CE,25950.0,179.5,3250.0,25320.65
30-Jan-2026,02-Mar-2026,CE,26000.0,156.0,14755.0,25320.65
30-Jan-2026,02-Mar-2026,CE,26050.0,142.75,24440.0,25320.65
30-Jan-2026,02-Mar-2026,CE,26100.0,128.05,7280.0,25320.65
30-Jan-2026,02-Mar-2026,CE,26150.0,119.65,1625.0,25320.65
30-Jan-2026,02-Mar-2026,CE,26200.0,110.0,1625.0,25320.65
30-Jan-2026,02-Mar-2026,CE,26250.0,100.7,1170.0,25320.65
30-Jan-2026,02-Mar-2026,CE,26300.0,90.2,2665.0,25320.65
30-Jan-2026,02-Mar-2026,CE,26350.0,78.5,1040.0,25320.65
30-Jan-2026,02-Mar-2026,CE,26400.0,72.45,5005.0,25320.65
30-Jan-2026,02-Mar-2026,CE,26450.0,68.05,390.0,25320.65
30-Jan-2026,02-Mar-2026,CE,26500.0,60.0,9360.0,25320.65
30-Jan-2026,02-Mar-2026,CE,26550.0,52.1,585.0,25320.65
30-Jan-2026,02-Mar-2026,CE,26600.0,48.0,2795.0,25320.65
30-Jan-2026,02-Mar-2026,CE,26650.0,43.25,585.0,25320.65
30-Jan-2026,02-Mar-2026,CE,26700.0,40.7,650.0,25320.65
30-Jan-2026,02-Mar-2026,CE,26750.0,36.95,1495.0,25320.65
30-Jan-2026,02-Mar-2026,CE,26800.0,34.45,2080.0,25320.65
30-Jan-2026,02-Mar-2026,CE,26850.0,30.3,975.0,25320.65
30-Jan-2026,02-Mar-2026,CE,26900.0,28.7,1560.0,25320.65
30-Jan-2026,02-Mar-2026,CE,26950.0,26.2,1235.0,25320.65
30-Jan-2026,02-Mar-2026,CE,27000.0,26.1,20475.0,25320.65
30-Jan-2026,02-Mar-2026,CE,27050.0,22.05,1300.0,25320.65
30-Jan-2026,02-Mar-2026,CE,27100.0,21.4,2210.0,25320.65
30-Jan-2026,02-Mar-2026,CE,27150.0,,,25320.65
30-Jan-2026,02-Mar-2026,PE,23300.0,23.6,1950.0,25320.65
30-Jan-2026,02-Mar-2026,PE,23350.0,25.3,910.0,25320.65
30-Jan-2026,02-Mar-2026,PE,23400.0,27.25,3055.0,25320.65
30-Jan-2026,02-Mar-2026,PE,23450.0,28.7,455.0,25320.65
30-Jan-2026,02-Mar-2026,PE,23500.0,30.0,2730.0,25320.65
30-Jan-2026,02-Mar-2026,PE,23550.0,31.15,650.0,25320.65
30-Jan-2026,02-Mar-2026,PE,23600.0,33.05,780.0,25320.65
30-Jan-2026,02-Mar-2026,PE,23650.0,35.15,650.0,25320.65
30-Jan-2026,02-Mar-2026,PE,23700.0,36.9,1625.0,25320.65
30-Jan-2026,02-Mar-2026,PE,23750.0,39.5,1105.0,25320.65
30-Jan-2026,02-Mar-2026,PE,23800.0,41.9,2145.0,25320.65
30-Jan-2026,02-Mar-2026,PE,23850.0,44.6,1300.0,25320.65
30-Jan-2026,02-Mar-2026,PE,23900.0,45.9,2665.0,25320.65
30-Jan-2026,02-Mar-2026,PE,23950.0,51.25,1560.0,25320.65
30-Jan-2026,02-Mar-2026,PE,24000.0,54.55,3250.0,25320.65
30-Jan-2026,02-Mar-2026,PE,24050.0,58.6,1625.0,25320.65
30-Jan-2026,02-Mar-2026,PE,24100.0,60.15,1820.0,25320.65
30-Jan-2026,02-Mar-2026,PE,24150.0,68.0,1430.0,25320.65
30-Jan-2026,02-Mar-2026,PE,24200.0,70.15,2535.0,25320.65
30-Jan-2026,02-Mar-2026,PE,24250.0,76.7,1560.0,25320.65
30-Jan-2026,02-Mar-2026,PE,24300.0,79.95,2795.0,25320.65
30-Jan-2026,02-Mar-2026,PE,24350.0,84.95,1690.0,25320.65
30-Jan-2026,02-Mar-2026,PE,24400.0,91.2,2730.0,25320.65
30-Jan-2026,02-Mar-2026,PE,24450.0,97.4,1950.0,25320.65
30-Jan-2026,02-Mar-2026,PE,24500.0,104.35,11115.0,25320.65
30-Jan-2026,02-Mar-2026,PE,24550.0,111.55,2145.0,25320.65
30-Jan-2026,02-Mar-2026,PE,24600.0,119.15,2860.0,25320.65
30-Jan-2026,02-Mar-2026,PE,24650.0,127.75,2080.0,25320.65
30-Jan-2026,02-Mar-2026,PE,24700.0,137.45,2535.0,25320.65
30-Jan-2026,02-Mar-2026,PE,24750.0,150.7,1235.0,25320.65
30-Jan-2026,02-Mar-2026,PE,24800.0,160.95,2015.0,25320.65
30-Jan-2026,02-Mar-2026,PE,24850.0,180.0,780.0,25320.65
30-Jan-2026,02-Mar-2026,PE,24900.0,179.75,2015.0,25320.65
30-Jan-2026,02-Mar-2026,PE,24950.0,193.0,390.0,25320.65
30-Jan-2026,02-Mar-2026,PE,25000.0,205.35,10465.0,25320.65
30-Jan-2026,02-Mar-2026,PE,25050.0,216.35,2210.0,25320.65
30-Jan-2026,02-Mar-2026,PE,25100.0,234.5,3640.0,25320.65
30-Jan-2026,02-Mar-2026,PE,25150.0,253.0,2470.0,25320.65
30-Jan-2026,02-Mar-2026,PE,25200.0,272.2,6435.0,25320.65
30-Jan-2026,02-Mar-2026,PE,25250.0,295.9,5655.0,25320.65
30-Jan-2026,02-Mar-2026,PE,25300.0,306.05,9815.0,25320.65
30-Jan-2026,02-Mar-2026,PE,25350.0,322.65,7150.0,25320.65
30-Jan-2026,02-Mar-2026,PE,25400.0,347.2,9880.0,25320.65
30-Jan-2026,02-Mar-2026,PE,25450.0,370.65,8710.0,25320.65
30-Jan-2026,02-Mar-2026,PE,25500.0,387.0,23595.0,25320.65
30-Jan-2026,02-Mar-2026,PE,25550.0,,,25320.65
30-Jan-2026,02-Mar-2026,PE,25600.0,,,25320.65
30-Jan-2026,02-Mar-2026,PE,25650.0,,,25320.65
30-Jan-2026,02-Mar-2026,PE,25700.0,,,25320.65
30-Jan-2026,02-Mar-2026,PE,25750.0,,,25320.65
30-Jan-2026,02-Mar-2026,PE,25800.0,,,25320.65
30-Jan-2026,02-Mar-2026,PE,25850.0,,,25320.65
30-Jan-2026,02-Mar-2026,PE,25900.0,,,25320.65
30-Jan-2026,02-Mar-2026,PE,25950.0,,,25320.65
30-Jan-2026,02-Mar-2026,PE,26000.0,694.1,65.0,25320.65
30-Jan-2026,02-Mar-2026,PE,26050.0,,,25320.65
30-Jan-2026,02-Mar-2026,PE,26100.0,,,25320.65
30-Jan-2026,02-Mar-2026,PE,26150.0,,,25320.65
30-Jan-2026,02-Mar-2026,PE,26200.0,,,25320.65
30-Jan-2026,02-Mar-2026,PE,26250.0,,,25320.65
30-Jan-2026,02-Mar-2026,PE,26300.0,,,25320.65
30-Jan-2026,02-Mar-2026,PE,26350.0,,,25320.65
30-Jan-2026,02-Mar-2026,PE,26400.0,,,25320.65
30-Jan-2026,02-Mar-2026,PE,26450.0,,,25320.65
30-Jan-2026,02-Mar-2026,PE,26500.0,,,25320.65
30-Jan-2026,02-Mar-2026,PE,26550.0,,,25320.65
30-Jan-2026,02-Mar-2026,PE,26600.0,,,25320.65
30-Jan-2026,02-Mar-2026,PE,26650.0,,,25320.65
30-Jan-2026,02-Mar-2026,PE,26700.0,,,25320.65
30-Jan-2026,02-Mar-2026,PE,26750.0,,,25320.65
30-Jan-2026,02-Mar-2026,PE,26800.0,,,25320.65
30-Jan-2026,02-Mar-2026,PE,26850.0,,,25320.65
30-Jan-2026,02-Mar-2026,PE,26900.0,,,25320.65
30-Jan-2026,02-Mar-2026,PE,26950.0,1502.65,520.0,25320.65
30-Jan-2026,02-Mar-2026,PE,27000.0,,,25320.65
30-Jan-2026,02-Mar-2026,PE,27050.0,1589.65,260.0,25320.65
30-Jan-2026,02-Mar-2026,PE,27100.0,,,25320.65
30-Jan-2026,02-Mar-2026,PE,27150.0,,,25320.65
01-Feb-2026,03-Feb-2026,CE,23300.0,1478.85,1170.0,24825.45
01-Feb-2026,03-Feb-2026,CE,23350.0,1922.35,130.0,24825.45
01-Feb-2026,03-Feb-2026,CE,23400.0,1519.1,780.0,24825.45
01-Feb-2026,03-Feb-2026,CE,23450.0,1612.0,65.0,24825.45
01-Feb-2026,03-Feb-2026,CE,23500.0,1240.25,15405.0,24825.45
01-Feb-2026,03-Feb-2026,CE,23550.0,1720.05,130.0,24825.45
01-Feb-2026,03-Feb-2026,CE,23600.0,1115.65,3185.0,24825.45
01-Feb-2026,03-Feb-2026,CE,23650.0,1186.85,3315.0,24825.45
01-Feb-2026,03-Feb-2026,CE,23700.0,1328.2,4355.0,24825.45
01-Feb-2026,03-Feb-2026,CE,23750.0,1261.2,8645.0,24825.45
01-Feb-2026,03-Feb-2026,CE,23800.0,938.6,1560.0,24825.45
01-Feb-2026,03-Feb-2026,CE,23850.0,880.3,2990.0,24825.45
01-Feb-2026,03-Feb-2026,CE,23900.0,842.9,1365.0,24825.45
01-Feb-2026,03-Feb-2026,CE,23950.0,769.6,1040.0,24825.45
01-Feb-2026,03-Feb-2026,CE,24000.0,745.65,340470.0,24825.45
01-Feb-2026,03-Feb-2026,CE,24050.0,885.0,1170.0,24825.45
01-Feb-2026,03-Feb-2026,CE,24100.0,650.45,9945.0,24825.45
01-Feb-2026,03-Feb-2026,CE,24150.0,606.55,10725.0,24825.45
01-Feb-2026,03-Feb-2026,CE,24200.0,563.05,13520.0,24825.45
01-Feb-2026,03-Feb-2026,CE,24250.0,514.5,6825.0,24825.45
01-Feb-2026,03-Feb-2026,CE,24300.0,475.0,83785.0,24825.45
01-Feb-2026,03-Feb-2026,CE,24350.0,431.35,15990.0,24825.45
01-Feb-2026,03-Feb-2026,CE,24400.0,385.8,62010.0,24825.45
01-Feb-2026,03-Feb-2026,CE,24450.0,353.75,62855.0,24825.45
01-Feb-2026,03-Feb-2026,CE,24500.0,310.95,392535.0,24825.45
01-Feb-2026,03-Feb-2026,CE,24550.0,280.75,64545.0,24825.45
01-Feb-2026,03-Feb-2026,CE,24600.0,243.55,334880.0,24825.45
01-Feb-2026,03-Feb-2026,CE,24650.0,211.15,187330.0,24825.45
01-Feb-2026,03-Feb-2026,CE,24700.0,182.9,1081340.0,24825.45
01-Feb-2026,03-Feb-2026,CE,24750.0,156.5,732810.0,24825.45
01-Feb-2026,03-Feb-2026,CE,24800.0,132.25,2271100.0,24825.45
01-Feb-2026,03-Feb-2026,CE,24850.0,111.9,998205.0,24825.45
01-Feb-2026,03-Feb-2026,CE,24900.0,93.25,2766205.0,24825.45
01-Feb-2026,03-Feb-2026,CE,24950.0,77.6,1544075.0,24825.45
01-Feb-2026,03-Feb-2026,CE,25000.0,64.4,10327655.0,24825.45
01-Feb-2026,03-Feb-2026,CE,25050.0,53.6,2353975.0,24825.45
01-Feb-2026,03-Feb-2026,CE,25100.0,44.45,6000410.0,24825.45
01-Feb-2026,03-Feb-2026,CE,25150.0,37.05,3313245.0,24825.45
01-Feb-2026,03-Feb-2026,CE,25200.0,31.15,7614685.0,24825.45
01-Feb-2026,03-Feb-2026,CE,25250.0,26.0,4216810.0,24825.45
01-Feb-2026,03-Feb-2026,CE,25300.0,22.3,10834720.0,24825.45
01-Feb-2026,03-Feb-2026,CE,25350.0,18.85,5703620.0,24825.45
01-Feb-2026,03-Feb-2026,CE,25400.0,16.25,11543155.0,24825.45
01-Feb-2026,03-Feb-2026,CE,25450.0,14.45,4942665.0,24825.45
01-Feb-2026,03-Feb-2026,CE,25500.0,12.65,16166670.0,24825.45
01-Feb-2026,03-Feb-2026,CE,25550.0,11.2,4290650.0,24825.45
01-Feb-2026,03-Feb-2026,CE,25600.0,9.75,10688990.0,24825.45
01-Feb-2026,03-Feb-2026,CE,25650.0,8.65,4047875.0,24825.45
01-Feb-2026,03-Feb-2026,CE,25700.0,7.75,9025705.0,24825.45
01-Feb-2026,03-Feb-2026,CE,25750.0,7.1,3267095.0,24825.45
01-Feb-2026,03-Feb-2026,CE,25800.0,6.55,7711860.0,24825.45
01-Feb-2026,03-Feb-2026,CE,25850.0,5.75,3096925.0,24825.45
01-Feb-2026,03-Feb-2026,CE,25900.0,5.6,5411250.0,24825.45
01-Feb-2026,03-Feb-2026,CE,25950.0,5.05,2695355.0,24825.45
01-Feb-2026,03-Feb-2026,CE,26000.0,4.7,21387600.0,24825.45
01-Feb-2026,03-Feb-2026,CE,26050.0,4.35,2505295.0,24825.45
01-Feb-2026,03-Feb-2026,CE,26100.0,4.15,11062935.0,24825.45
01-Feb-2026,03-Feb-2026,CE,26150.0,3.9,1815385.0,24825.45
01-Feb-2026,03-Feb-2026,CE,26200.0,3.5,7402005.0,24825.45
01-Feb-2026,03-Feb-2026,CE,26250.0,3.3,2168595.0,24825.45
01-Feb-2026,03-Feb-2026,CE,26300.0,3.2,8581820.0,24825.45
01-Feb-2026,03-Feb-2026,CE,26350.0,3.0,2476045.0,24825.45
01-Feb-2026,03-Feb-2026,CE,26400.0,2.85,4792840.0,24825.45
01-Feb-2026,03-Feb-2026,CE,26450.0,2.75,1364025.0,24825.45
01-Feb-2026,03-Feb-2026,CE,26500.0,2.7,19154590.0,24825.45
01-Feb-2026,03-Feb-2026,CE,26550.0,2.35,856895.0,24825.45
01-Feb-2026,03-Feb-2026,CE,26600.0,2.2,4018755.0,24825.45
01-Feb-2026,03-Feb-2026,CE,26650.0,2.05,1047800.0,24825.45
01-Feb-2026,03-Feb-2026,CE,26700.0,2.05,4655235.0,24825.45
01-Feb-2026,03-Feb-2026,CE,26750.0,1.9,990535.0,24825.45
01-Feb-2026,03-Feb-2026,CE,26800.0,1.7,3638570.0,24825.45
01-Feb-2026,03-Feb-2026,CE,26850.0,1.5,1224730.0,24825.45
01-Feb-2026,03-Feb-2026,CE,26900.0,1.6,2407275.0,24825.45
01-Feb-2026,03-Feb-2026,CE,26950.0,1.45,1287975.0,24825.45
01-Feb-2026,03-Feb-2026,CE,27000.0,1.45,14276665.0,24825.45
01-Feb-2026,03-Feb-2026,CE,27050.0,1.3,1356810.0,24825.45
01-Feb-2026,03-Feb-2026,CE,27100.0,1.4,1303315.0,24825.45
01-Feb-2026,03-Feb-2026,CE,27150.0,1.35,374790.0,24825.45
01-Feb-2026,03-Feb-2026,CE,27200.0,1.25,1068145.0,24825.45
01-Feb-2026,03-Feb-2026,CE,27250.0,1.15,408460.0,24825.45
01-Feb-2026,03-Feb-2026,CE,27300.0,1.25,769405.0,24825.45
01-Feb-2026,03-Feb-2026,CE,27350.0,1.15,294125.0,24825.45
01-Feb-2026,03-Feb-2026,CE,27400.0,1.2,620165.0,24825.45
01-Feb-2026,03-Feb-2026,CE,27450.0,1.15,235820.0,24825.45
01-Feb-2026,03-Feb-2026,CE,27500.0,1.15,4118465.0,24825.45
01-Feb-2026,03-Feb-2026,CE,27550.0,1.1,278460.0,24825.45
01-Feb-2026,03-Feb-2026,CE,27600.0,1.15,795730.0,24825.45
01-Feb-2026,03-Feb-2026,CE,27650.0,1.1,281125.0,24825.45
01-Feb-2026,03-Feb-2026,CE,27700.0,1.15,772655.0,24825.45
01-Feb-2026,03-Feb-2026,CE,27750.0,1.05,267865.0,24825.45
01-Feb-2026,03-Feb-2026,CE,27800.0,1.15,867815.0,24825.45
01-Feb-2026,03-Feb-2026,CE,27850.0,1.0,229710.0,24825.45
01-Feb-2026,03-Feb-2026,CE,27900.0,1.05,748735.0,24825.45
01-Feb-2026,03-Feb-2026,CE,27950.0,1.05,225745.0,24825.45
01-Feb-2026,03-Feb-2026,CE,28000.0,1.1,3537170.0,24825.45
01-Feb-2026,03-Feb-2026,CE,28050.0,1.05,363220.0,24825.45
01-Feb-2026,03-Feb-2026,CE,28100.0,1.05,2770560.0,24825.45
01-Feb-2026,03-Feb-2026,PE,23300.0,3.6,11748360.0,24825.45
01-Feb-2026,03-Feb-2026,PE,23350.0,3.75,849875.0,24825.45
01-Feb-2026,03-Feb-2026,PE,23400.0,3.85,2492230.0,24825.45
01-Feb-2026,03-Feb-2026,PE,23450.0,4.4,572780.0,24825.45
01-Feb-2026,03-Feb-2026,PE,23500.0,4.9,12583675.0,24825.45
01-Feb-2026,03-Feb-2026,PE,23550.0,5.2,514280.0,24825.45
01-Feb-2026,03-Feb-2026,PE,23600.0,5.6,2736045.0,24825.45
01-Feb-2026,03-Feb-2026,PE,23650.0,5.95,523510.0,24825.45
01-Feb-2026,03-Feb-2026,PE,23700.0,6.65,2087475.0,24825.45
01-Feb-2026,03-Feb-2026,PE,23750.0,7.65,866255.0,24825.45
01-Feb-2026,03-Feb-2026,PE,23800.0,8.6,2983695.0,24825.45
01-Feb-2026,03-Feb-2026,PE,23850.0,10.1,946010.0,24825.45
01-Feb-2026,03-Feb-2026,PE,23900.0,11.45,1724190.0,24825.45
01-Feb-2026,03-Feb-2026,PE,23950.0,13.15,1093040.0,24825.45
01-Feb-2026,03-Feb-2026,PE,24000.0,15.6,11210745.0,24825.45
01-Feb-2026,03-Feb-2026,PE,24050.0,17.9,927745.0,24825.45
01-Feb-2026,03-Feb-2026,PE,24100.0,21.1,3568175.0,24825.45
01-Feb-2026,03-Feb-2026,PE,24150.0,25.0,975195.0,24825.45
01-Feb-2026,03-Feb-2026,PE,24200.0,29.6,3978130.0,24825.45
01-Feb-2026,03-Feb-2026,PE,24250.0,35.0,1288950.0,24825.45
01-Feb-2026,03-Feb-2026,PE,24300.0,41.2,4070885.0,24825.45
01-Feb-2026,03-Feb-2026,PE,24350.0,49.5,1327625.0,24825.45
01-Feb-2026,03-Feb-2026,PE,24400.0,58.2,3869710.0,24825.45
01-Feb-2026,03-Feb-2026,PE,24450.0,68.85,1286415.0,24825.45
01-Feb-2026,03-Feb-2026,PE,24500.0,80.85,6591715.0,24825.45
01-Feb-2026,03-Feb-2026,PE,24550.0,94.75,1061450.0,24825.45
01-Feb-2026,03-Feb-2026,PE,24600.0,110.95,3614845.0,24825.45
01-Feb-2026,03-Feb-2026,PE,24650.0,129.7,839345.0,24825.45
01-Feb-2026,03-Feb-2026,PE,24700.0,150.85,3423160.0,24825.45
01-Feb-2026,03-Feb-2026,PE,24750.0,174.95,1684995.0,24825.45
01-Feb-2026,03-Feb-2026,PE,24800.0,200.55,3283540.0,24825.45
01-Feb-2026,03-Feb-2026,PE,24850.0,228.0,1080690.0,24825.45
01-Feb-2026,03-Feb-2026,PE,24900.0,260.9,2000245.0,24825.45
01-Feb-2026,03-Feb-2026,PE,24950.0,295.3,810550.0,24825.45
01-Feb-2026,03-Feb-2026,PE,25000.0,332.6,4907955.0,24825.45
01-Feb-2026,03-Feb-2026,PE,25050.0,371.6,839085.0,24825.45
01-Feb-2026,03-Feb-2026,PE,25100.0,414.45,1969240.0,24825.45
01-Feb-2026,03-Feb-2026,PE,25150.0,453.15,854685.0,24825.45
01-Feb-2026,03-Feb-2026,PE,25200.0,498.9,1796275.0,24825.45
01-Feb-2026,03-Feb-2026,PE,25250.0,541.35,1111240.0,24825.45
01-Feb-2026,03-Feb-2026,PE,25300.0,585.85,2251925.0,24825.45
01-Feb-2026,03-Feb-2026,PE,25350.0,638.95,1240590.0,24825.45
01-Feb-2026,03-Feb-2026,PE,25400.0,684.3,1653795.0,24825.45
01-Feb-2026,03-Feb-2026,PE,25450.0,729.75,440505.0,24825.45
01-Feb-2026,03-Feb-2026,PE,25500.0,777.8,994630.0,24825.45
01-Feb-2026,03-Feb-2026,PE,25550.0,824.9,150540.0,24825.45
01-Feb-2026,03-Feb-2026,PE,25600.0,873.75,419315.0,24825.45
01-Feb-2026,03-Feb-2026,PE,25650.0,920.55,183690.0,24825.45
01-Feb-2026,03-Feb-2026,PE,25700.0,976.65,461695.0,24825.45
01-Feb-2026,03-Feb-2026,PE,25750.0,1022.05,109005.0,24825.45
01-Feb-2026,03-Feb-2026,PE,25800.0,1074.55,607750.0,24825.45
01-Feb-2026,03-Feb-2026,PE,25850.0,1120.95,131495.0,24825.45
01-Feb-2026,03-Feb-2026,PE,25900.0,1171.45,207675.0,24825.45
01-Feb-2026,03-Feb-2026,PE,25950.0,1223.35,50830.0,24825.45
01-Feb-2026,03-Feb-2026,PE,26000.0,1269.75,875810.0,24825.45
01-Feb-2026,03-Feb-2026,PE,26050.0,1337.75,44330.0,24825.45
01-Feb-2026,03-Feb-2026,PE,26100.0,1368.0,313430.0,24825.45
01-Feb-2026,03-Feb-2026,PE,26150.0,1417.55,34515.0,24825.45
01-Feb-2026,03-Feb-2026,PE,26200.0,1469.7,129545.0,24825.45
01-Feb-2026,03-Feb-2026,PE,26250.0,1481.15,29120.0,24825.45
01-Feb-2026,03-Feb-2026,PE,26300.0,1570.4,107315.0,24825.45
01-Feb-2026,03-Feb-2026,PE,26350.0,1300.05,7670.0,24825.45
01-Feb-2026,03-Feb-2026,PE,26400.0,1688.3,26585.0,24825.45
01-Feb-2026,03-Feb-2026,PE,26450.0,1607.0,1950.0,24825.45
01-Feb-2026,03-Feb-2026,PE,26500.0,1766.7,247650.0,24825.45
01-Feb-2026,03-Feb-2026,PE,26550.0,1787.05,3705.0,24825.45
01-Feb-2026,03-Feb-2026,PE,26600.0,1887.25,12610.0,24825.45
01-Feb-2026,03-Feb-2026,PE,26650.0,1405.95,845.0,24825.45
01-Feb-2026,03-Feb-2026,PE,26700.0,1932.85,6825.0,24825.45
01-Feb-2026,03-Feb-2026,PE,26750.0,1689.25,3510.0,24825.45
01-Feb-2026,03-Feb-2026,PE,26800.0,2085.6,9620.0,24825.45
01-Feb-2026,03-Feb-2026,PE,26850.0,1513.9,1950.0,24825.45
01-Feb-2026,03-Feb-2026,PE,26900.0,1611.6,1170.0,24825.45
01-Feb-2026,03-Feb-2026,PE,26950.0,1509.0,1820.0,24825.45
01-Feb-2026,03-Feb-2026,PE,27000.0,2272.45,192205.0,24825.45
01-Feb-2026,03-Feb-2026,PE,27050.0,1790.0,520.0,24825.45
01-Feb-2026,03-Feb-2026,PE,27100.0,2014.4,3965.0,24825.45
01-Feb-2026,03-Feb-2026,PE,27150.0,1787.05,585.0,24825.45
01-Feb-2026,03-Feb-2026,PE,27200.0,2118.55,4810.0,24825.45
01-Feb-2026,03-Feb-2026,PE,27250.0,1910.5,195.0,24825.45
01-Feb-2026,03-Feb-2026,PE,27300.0,1868.25,195.0,24825.45
01-Feb-2026,03-Feb-2026,PE,27350.0,1884.25,390.0,24825.45
01-Feb-2026,03-Feb-2026,PE,27400.0,1935.0,390.0,24825.45
01-Feb-2026,03-Feb-2026,PE,27450.0,2179.15,390.0,24825.45
01-Feb-2026,03-Feb-2026,PE,27500.0,2790.0,9815.0,24825.45
01-Feb-2026,03-Feb-2026,PE,27550.0,2229.05,195.0,24825.45
01-Feb-2026,03-Feb-2026,PE,27600.0,2315.2,195.0,24825.45
01-Feb-2026,03-Feb-2026,PE,27650.0,2300.0,325.0,24825.45
01-Feb-2026,03-Feb-2026,PE,27700.0,2369.4,520.0,24825.45
01-Feb-2026,03-Feb-2026,PE,27750.0,2524.05,260.0,24825.45
01-Feb-2026,03-Feb-2026,PE,27800.0,2710.0,260.0,24825.45
01-Feb-2026,03-Feb-2026,PE,27850.0,3104.2,585.0,24825.45
01-Feb-2026,03-Feb-2026,PE,27900.0,2550.05,455.0,24825.45
01-Feb-2026,03-Feb-2026,PE,27950.0,2655.2,390.0,24825.45
01-Feb-2026,03-Feb-2026,PE,28000.0,3264.7,82745.0,24825.45
01-Feb-2026,03-Feb-2026,PE,28050.0,2805.9,130.0,24825.45
01-Feb-2026,03-Feb-2026,PE,28100.0,2784.1,390.0,24825.45
01-Feb-2026,17-Feb-2026,CE,23300.0,1787.3,260.0,24825.45
01-Feb-2026,17-Feb-2026,CE,23350.0,1737.7,195.0,24825.45
01-Feb-2026,17-Feb-2026,CE,23400.0,1691.6,195.0,24825.45
01-Feb-2026,17-Feb-2026,CE,23450.0,1633.2,130.0,24825.45
01-Feb-2026,17-Feb-2026,CE,23500.0,1593.75,195.0,24825.45
01-Feb-2026,17-Feb-2026,CE,23550.0,1547.35,260.0,24825.45
01-Feb-2026,17-Feb-2026,CE,23600.0,1454.25,260.0,24825.45
01-Feb-2026,17-Feb-2026,CE,23650.0,1452.7,195.0,24825.45
01-Feb-2026,17-Feb-2026,CE,23700.0,1405.95,260.0,24825.45
01-Feb-2026,17-Feb-2026,CE,23750.0,1358.85,195.0,24825.45
01-Feb-2026,17-Feb-2026,CE,23800.0,1312.8,195.0,24825.45
01-Feb-2026,17-Feb-2026,CE,23850.0,1266.15,260.0,24825.45
01-Feb-2026,17-Feb-2026,CE,23900.0,1219.7,260.0,24825.45
01-Feb-2026,17-Feb-2026,CE,23950.0,1174.1,260.0,24825.45
01-Feb-2026,17-Feb-2026,CE,24000.0,882.45,2080.0,24825.45
01-Feb-2026,17-Feb-2026,CE,24050.0,1377.35,260.0,24825.45
01-Feb-2026,17-Feb-2026,CE,24100.0,1031.7,390.0,24825.45
01-Feb-2026,17-Feb-2026,CE,24150.0,995.2,325.0,24825.45
01-Feb-2026,17-Feb-2026,CE,24200.0,892.35,455.0,24825.45
01-Feb-2026,17-Feb-2026,CE,24250.0,908.4,390.0,24825.45
01-Feb-2026,17-Feb-2026,CE,24300.0,866.95,910.0,24825.45
01-Feb-2026,17-Feb-2026,CE,24350.0,737.0,715.0,24825.45
01-Feb-2026,17-Feb-2026,CE,24400.0,563.05,2665.0,24825.45
01-Feb-2026,17-Feb-2026,CE,24450.0,736.95,715.0,24825.45
01-Feb-2026,17-Feb-2026,CE,24500.0,490.15,13195.0,24825.45
01-Feb-2026,17-Feb-2026,CE,24550.0,638.55,2275.0,24825.45
01-Feb-2026,17-Feb-2026,CE,24600.0,424.2,10075.0,24825.45
01-Feb-2026,17-Feb-2026,CE,24650.0,442.45,5070.0,24825.45
01-Feb-2026,17-Feb-2026,CE,24700.0,372.55,12740.0,24825.45
01-Feb-2026,17-Feb-2026,CE,24750.0,349.95,8255.0,24825.45
01-Feb-2026,17-Feb-2026,CE,24800.0,324.65,23465.0,24825.45
01-Feb-2026,17-Feb-2026,CE,24850.0,294.6,10400.0,24825.45
01-Feb-2026,17-Feb-2026,CE,24900.0,277.25,16575.0,24825.45
01-Feb-2026,17-Feb-2026,CE,24950.0,244.85,8710.0,24825.45
01-Feb-2026,17-Feb-2026,CE,25000.0,224.35,119080.0,24825.45
01-Feb-2026,17-Feb-2026,CE,25050.0,207.0,18265.0,24825.45
01-Feb-2026,17-Feb-2026,CE,25100.0,188.0,44525.0,24825.45
01-Feb-2026,17-Feb-2026,CE,25150.0,162.05,19630.0,24825.45
01-Feb-2026,17-Feb-2026,CE,25200.0,156.4,150540.0,24825.45
01-Feb-2026,17-Feb-2026,CE,25250.0,144.8,22165.0,24825.45
01-Feb-2026,17-Feb-2026,CE,25300.0,129.95,141635.0,24825.45
01-Feb-2026,17-Feb-2026,CE,25350.0,114.95,22685.0,24825.45
01-Feb-2026,17-Feb-2026,CE,25400.0,103.0,180050.0,24825.45
01-Feb-2026,17-Feb-2026,CE,25450.0,93.3,16575.0,24825.45
01-Feb-2026,17-Feb-2026,CE,25500.0,83.95,351455.0,24825.45
01-Feb-2026,17-Feb-2026,CE,25550.0,77.85,86190.0,24825.45
01-Feb-2026,17-Feb-2026,CE,25600.0,67.3,88010.0,24825.45
01-Feb-2026,17-Feb-2026,CE,25650.0,62.6,16445.0,24825.45
01-Feb-2026,17-Feb-2026,CE,25700.0,56.0,61750.0,24825.45
01-Feb-2026,17-Feb-2026,CE,25750.0,48.65,12220.0,24825.45
01-Feb-2026,17-Feb-2026,CE,25800.0,46.8,78910.0,24825.45
01-Feb-2026,17-Feb-2026,CE,25850.0,40.35,15340.0,24825.45
01-Feb-2026,17-Feb-2026,CE,25900.0,37.9,70460.0,24825.45
01-Feb-2026,17-Feb-2026,CE,25950.0,34.0,19565.0,24825.45
01-Feb-2026,17-Feb-2026,CE,26000.0,31.35,241605.0,24825.45
01-Feb-2026,17-Feb-2026,CE,26050.0,28.6,19890.0,24825.45
01-Feb-2026,17-Feb-2026,CE,26100.0,26.6,64545.0,24825.45
01-Feb-2026,17-Feb-2026,CE,26150.0,24.2,7540.0,24825.45
01-Feb-2026,17-Feb-2026,CE,26200.0,22.5,54535.0,24825.45
01-Feb-2026,17-Feb-2026,CE,26250.0,18.95,25025.0,24825.45
01-Feb-2026,17-Feb-2026,CE,26300.0,17.9,50960.0,24825.45
01-Feb-2026,17-Feb-2026,CE,26350.0,18.45,11115.0,24825.45
01-Feb-2026,17-Feb-2026,CE,26400.0,18.2,45305.0,24825.45
01-Feb-2026,17-Feb-2026,CE,26450.0,14.1,5005.0,24825.45
01-Feb-2026,17-Feb-2026,CE,26500.0,15.6,93990.0,24825.45
01-Feb-2026,17-Feb-2026,CE,26550.0,14.7,7150.0,24825.45
01-Feb-2026,17-Feb-2026,CE,26600.0,12.2,19695.0,24825.45
01-Feb-2026,17-Feb-2026,CE,26650.0,11.25,5005.0,24825.45
01-Feb-2026,17-Feb-2026,CE,26700.0,11.0,20605.0,24825.45
01-Feb-2026,17-Feb-2026,CE,26750.0,12.35,9360.0,24825.45
01-Feb-2026,17-Feb-2026,CE,26800.0,10.2,18850.0,24825.45
01-Feb-2026,17-Feb-2026,CE,26850.0,7.4,4550.0,24825.45
01-Feb-2026,17-Feb-2026,CE,26900.0,8.5,9620.0,24825.45
01-Feb-2026,17-Feb-2026,CE,26950.0,7.4,2405.0,24825.45
01-Feb-2026,17-Feb-2026,CE,27000.0,8.15,64675.0,24825.45
01-Feb-2026,17-Feb-2026,CE,27050.0,7.3,2990.0,24825.45
01-Feb-2026,17-Feb-2026,CE,27100.0,7.65,15275.0,24825.45
01-Feb-2026,17-Feb-2026,CE,27150.0,6.95,1690.0,24825.45
01-Feb-2026,17-Feb-2026,CE,27200.0,5.1,10140.0,24825.45
01-Feb-2026,17-Feb-2026,CE,27250.0,6.0,1300.0,24825.45
01-Feb-2026,17-Feb-2026,CE,27300.0,5.8,4485.0,24825.45
01-Feb-2026,17-Feb-2026,CE,27350.0,4.7,715.0,24825.45
01-Feb-2026,17-Feb-2026,CE,27400.0,4.55,16445.0,24825.45
01-Feb-2026,17-Feb-2026,CE,27450.0,6.05,,24825.45
01-Feb-2026,17-Feb-2026,CE,27500.0,5.3,75855.0,24825.45
01-Feb-2026,17-Feb-2026,PE,23300.0,36.5,42445.0,24825.45
01-Feb-2026,17-Feb-2026,PE,23350.0,38.15,5395.0,24825.45
01-Feb-2026,17-Feb-2026,PE,23400.0,42.0,15145.0,24825.45
01-Feb-2026,17-Feb-2026,PE,23450.0,46.1,5655.0,24825.45
01-Feb-2026,17-Feb-2026,PE,23500.0,48.15,57070.0,24825.45
01-Feb-2026,17-Feb-2026,PE,23550.0,50.65,3315.0,24825.45
01-Feb-2026,17-Feb-2026,PE,23600.0,54.2,23985.0,24825.45
01-Feb-2026,17-Feb-2026,PE,23650.0,52.95,4810.0,24825.45
01-Feb-2026,17-Feb-2026,PE,23700.0,62.8,15405.0,24825.45
01-Feb-2026,17-Feb-2026,PE,23750.0,67.75,4485.0,24825.45
01-Feb-2026,17-Feb-2026,PE,23800.0,74.4,31135.0,24825.45
01-Feb-2026,17-Feb-2026,PE,23850.0,81.55,3965.0,24825.45
01-Feb-2026,17-Feb-2026,PE,23900.0,85.9,27495.0,24825.45
01-Feb-2026,17-Feb-2026,PE,23950.0,93.95,18460.0,24825.45
01-Feb-2026,17-Feb-2026,PE,24000.0,95.35,99840.0,24825.45
01-Feb-2026,17-Feb-2026,PE,24050.0,110.15,10660.0,24825.45
01-Feb-2026,17-Feb-2026,PE,24100.0,115.0,21970.0,24825.45
01-Feb-2026,17-Feb-2026,PE,24150.0,125.45,10855.0,24825.45
01-Feb-2026,17-Feb-2026,PE,24200.0,144.2,24830.0,24825.45
01-Feb-2026,17-Feb-2026,PE,24250.0,143.6,7345.0,24825.45
01-Feb-2026,17-Feb-2026,PE,24300.0,158.4,28470.0,24825.45
01-Feb-2026,17-Feb-2026,PE,24350.0,176.95,9035.0,24825.45
01-Feb-2026,17-Feb-2026,PE,24400.0,190.3,46670.0,24825.45
01-Feb-2026,17-Feb-2026,PE,24450.0,195.0,20605.0,24825.45
01-Feb-2026,17-Feb-2026,PE,24500.0,213.45,86515.0,24825.45
01-Feb-2026,17-Feb-2026,PE,24550.0,232.95,18265.0,24825.45
01-Feb-2026,17-Feb-2026,PE,24600.0,245.2,38025.0,24825.45
01-Feb-2026,17-Feb-2026,PE,24650.0,265.25,8710.0,24825.45
01-Feb-2026,17-Feb-2026,PE,24700.0,286.1,41145.0,24825.45
01-Feb-2026,17-Feb-2026,PE,24750.0,311.7,12740.0,24825.45
01-Feb-2026,17-Feb-2026,PE,24800.0,335.2,59995.0,24825.45
01-Feb-2026,17-Feb-2026,PE,24850.0,359.4,24895.0,24825.45
01-Feb-2026,17-Feb-2026,PE,24900.0,380.95,55705.0,24825.45
01-Feb-2026,17-Feb-2026,PE,24950.0,411.45,15210.0,24825.45
01-Feb-2026,17-Feb-2026,PE,25000.0,440.0,169130.0,24825.45
01-Feb-2026,17-Feb-2026,PE,25050.0,455.05,12415.0,24825.45
01-Feb-2026,17-Feb-2026,PE,25100.0,500.05,64285.0,24825.45
01-Feb-2026,17-Feb-2026,PE,25150.0,536.65,21580.0,24825.45
01-Feb-2026,17-Feb-2026,PE,25200.0,559.75,133445.0,24825.45
01-Feb-2026,17-Feb-2026,PE,25250.0,598.5,13065.0,24825.45
01-Feb-2026,17-Feb-2026,PE,25300.0,667.9,122135.0,24825.45
01-Feb-2026,17-Feb-2026,PE,25350.0,688.15,16835.0,24825.45
01-Feb-2026,17-Feb-2026,PE,25400.0,716.05,143195.0,24825.45
01-Feb-2026,17-Feb-2026,PE,25450.0,766.5,10855.0,24825.45
01-Feb-2026,17-Feb-2026,PE,25500.0,795.3,228345.0,24825.45
01-Feb-2026,17-Feb-2026,PE,25550.0,833.8,18460.0,24825.45
01-Feb-2026,17-Feb-2026,PE,25600.0,900.2,19240.0,24825.45
01-Feb-2026,17-Feb-2026,PE,25650.0,890.7,2665.0,24825.45
01-Feb-2026,17-Feb-2026,PE,25700.0,980.05,21905.0,24825.45
01-Feb-2026,17-Feb-2026,PE,25750.0,752.65,975.0,24825.45
01-Feb-2026,17-Feb-2026,PE,25800.0,574.5,70655.0,24825.45
01-Feb-2026,17-Feb-2026,PE,25850.0,670.0,2730.0,24825.45
01-Feb-2026,17-Feb-2026,PE,25900.0,1009.5,14495.0,24825.45
01-Feb-2026,17-Feb-2026,PE,25950.0,700.0,975.0,24825.45
01-Feb-2026,17-Feb-2026,PE,26000.0,1265.15,6890.0,24825.45
01-Feb-2026,17-Feb-2026,PE,26050.0,900.0,1040.0,24825.45
01-Feb-2026,17-Feb-2026,PE,26100.0,1062.2,130.0,24825.45
01-Feb-2026,17-Feb-2026,PE,26150.0,1111.6,65.0,24825.45
01-Feb-2026,17-Feb-2026,PE,26200.0,1153.85,325.0,24825.45
01-Feb-2026,17-Feb-2026,PE,26250.0,1203.5,65.0,24825.45
01-Feb-2026,17-Feb-2026,PE,26300.0,1400.0,390.0,24825.45
01-Feb-2026,17-Feb-2026,PE,26350.0,1300.85,195.0,24825.45
01-Feb-2026,17-Feb-2026,PE,26400.0,1347.65,65.0,24825.45
01-Feb-2026,17-Feb-2026,PE,26450.0,1393.5,130.0,24825.45
01-Feb-2026,17-Feb-2026,PE,26500.0,1329.3,520.0,24825.45
01-Feb-2026,17-Feb-2026,PE,26550.0,1591.85,65.0,24825.45
01-Feb-2026,17-Feb-2026,PE,26600.0,1531.1,,24825.45
01-Feb-2026,17-Feb-2026,PE,26650.0,1591.25,65.0,24825.45
01-Feb-2026,17-Feb-2026,PE,26700.0,1640.95,65.0,24825.45
01-Feb-2026,17-Feb-2026,PE,26750.0,1688.85,65.0,24825.45
01-Feb-2026,17-Feb-2026,PE,26800.0,1732.15,65.0,24825.45
01-Feb-2026,17-Feb-2026,PE,26850.0,1786.45,65.0,24825.45
01-Feb-2026,17-Feb-2026,PE,26900.0,1841.35,130.0,24825.45
01-Feb-2026,17-Feb-2026,PE,26950.0,1885.15,65.0,24825.45
01-Feb-2026,17-Feb-2026,PE,27000.0,1916.7,130.0,24825.45
01-Feb-2026,17-Feb-2026,PE,27050.0,1983.55,65.0,24825.45
01-Feb-2026,17-Feb-2026,PE,27100.0,2020.35,130.0,24825.45
01-Feb-2026,17-Feb-2026,PE,27150.0,2083.2,260.0,24825.45
01-Feb-2026,17-Feb-2026,PE,27200.0,2139.75,65.0,24825.45
01-Feb-2026,17-Feb-2026,PE,27250.0,2167.45,,24825.45
01-Feb-2026,17-Feb-2026,PE,27300.0,2225.8,65.0,24825.45
01-Feb-2026,17-Feb-2026,PE,27350.0,2275.6,65.0,24825.45
01-Feb-2026,17-Feb-2026,PE,27400.0,2350.6,,24825.45
01-Feb-2026,17-Feb-2026,PE,27450.0,2346.3,,24825.45
01-Feb-2026,17-Feb-2026,PE,27500.0,2414.5,65.0,24825.45
01-Feb-2026,02-Mar-2026,CE,23300.0,,,24825.45
01-Feb-2026,02-Mar-2026,CE,23350.0,,,24825.45
01-Feb-2026,02-Mar-2026,CE,23400.0,,,24825.45
01-Feb-2026,02-Mar-2026,CE,23450.0,,,24825.45
01-Feb-2026,02-Mar-2026,CE,23500.0,,,24825.45
01-Feb-2026,02-Mar-2026,CE,23550.0,,,24825.45
01-Feb-2026,02-Mar-2026,CE,23600.0,,,24825.45
01-Feb-2026,02-Mar-2026,CE,23650.0,,,24825.45
01-Feb-2026,02-Mar-2026,CE,23700.0,,,24825.45
01-Feb-2026,02-Mar-2026,CE,23750.0,,,24825.45
01-Feb-2026,02-Mar-2026,CE,23800.0,,,24825.45
01-Feb-2026,02-Mar-2026,CE,23850.0,,,24825.45
01-Feb-2026,02-Mar-2026,CE,23900.0,,,24825.45
01-Feb-2026,02-Mar-2026,CE,23950.0,,,24825.45
01-Feb-2026,02-Mar-2026,CE,24000.0,1132.3,260.0,24825.45
01-Feb-2026,02-Mar-2026,CE,24050.0,,,24825.45
01-Feb-2026,02-Mar-2026,CE,24100.0,,,24825.45
01-Feb-2026,02-Mar-2026,CE,24150.0,,,24825.45
01-Feb-2026,02-Mar-2026,CE,24200.0,,,24825.45
01-Feb-2026,02-Mar-2026,CE,24250.0,,,24825.45
01-Feb-2026,02-Mar-2026,CE,24300.0,,,24825.45
01-Feb-2026,02-Mar-2026,CE,24350.0,,,24825.45
01-Feb-2026,02-Mar-2026,CE,24400.0,,,24825.45
01-Feb-2026,02-Mar-2026,CE,24450.0,,,24825.45
01-Feb-2026,02-Mar-2026,CE,24500.0,695.6,1690.0,24825.45
01-Feb-2026,02-Mar-2026,CE,24550.0,,,24825.45
01-Feb-2026,02-Mar-2026,CE,24600.0,679.25,3185.0,24825.45
01-Feb-2026,02-Mar-2026,CE,24650.0,,,24825.45
01-Feb-2026,02-Mar-2026,CE,24700.0,503.2,5135.0,24825.45
01-Feb-2026,02-Mar-2026,CE,24750.0,,,24825.45
01-Feb-2026,02-Mar-2026,CE,24800.0,430.0,6760.0,24825.45
01-Feb-2026,02-Mar-2026,CE,24850.0,570.2,4095.0,24825.45
01-Feb-2026,02-Mar-2026,CE,24900.0,369.2,4875.0,24825.45
01-Feb-2026,02-Mar-2026,CE,24950.0,359.95,11245.0,24825.45
01-Feb-2026,02-Mar-2026,CE,25000.0,330.85,16770.0,24825.45
01-Feb-2026,02-Mar-2026,CE,25050.0,415.3,6045.0,24825.45
01-Feb-2026,02-Mar-2026,CE,25100.0,288.9,7605.0,24825.45
01-Feb-2026,02-Mar-2026,CE,25150.0,343.25,3640.0,24825.45
01-Feb-2026,02-Mar-2026,CE,25200.0,242.1,9490.0,24825.45
01-Feb-2026,02-Mar-2026,CE,25250.0,250.0,5330.0,24825.45
01-Feb-2026,02-Mar-2026,CE,25300.0,210.0,8710.0,24825.45
01-Feb-2026,02-Mar-2026,CE,25350.0,200.45,21840.0,24825.45
01-Feb-2026,02-Mar-2026,CE,25400.0,189.75,11310.0,24825.45
01-Feb-2026,02-Mar-2026,CE,25450.0,195.0,4095.0,24825.45
01-Feb-2026,02-Mar-2026,CE,25500.0,155.95,24115.0,24825.45
01-Feb-2026,02-Mar-2026,CE,25550.0,170.4,2925.0,24825.45
01-Feb-2026,02-Mar-2026,CE,25600.0,128.55,12545.0,24825.45
01-Feb-2026,02-Mar-2026,CE,25650.0,123.35,2145.0,24825.45
01-Feb-2026,02-Mar-2026,CE,25700.0,113.85,3705.0,24825.45
01-Feb-2026,02-Mar-2026,CE,25750.0,103.15,2665.0,24825.45
01-Feb-2026,02-Mar-2026,CE,25800.0,97.0,7930.0,24825.45
01-Feb-2026,02-Mar-2026,CE,25850.0,89.35,3575.0,24825.45
01-Feb-2026,02-Mar-2026,CE,25900.0,80.75,7345.0,24825.45
01-Feb-2026,02-Mar-2026,CE,25950.0,78.95,7605.0,24825.45
01-Feb-2026,02-Mar-2026,CE,26000.0,71.35,112320.0,24825.45
01-Feb-2026,02-Mar-2026,CE,26050.0,65.25,27885.0,24825.45
01-Feb-2026,02-Mar-2026,CE,26100.0,58.8,5915.0,24825.45
01-Feb-2026,02-Mar-2026,CE,26150.0,55.15,2405.0,24825.45
01-Feb-2026,02-Mar-2026,CE,26200.0,51.4,4160.0,24825.45
01-Feb-2026,02-Mar-2026,CE,26250.0,49.8,2015.0,24825.45
01-Feb-2026,02-Mar-2026,CE,26300.0,44.95,5070.0,24825.45
01-Feb-2026,02-Mar-2026,CE,26350.0,41.2,2145.0,24825.45
01-Feb-2026,02-Mar-2026,CE,26400.0,37.3,7540.0,24825.45
01-Feb-2026,02-Mar-2026,CE,26450.0,43.2,2015.0,24825.45
01-Feb-2026,02-Mar-2026,CE,26500.0,33.05,17160.0,24825.45
01-Feb-2026,02-Mar-2026,CE,26550.0,32.5,1755.0,24825.45
01-Feb-2026,02-Mar-2026,CE,26600.0,31.15,2860.0,24825.45
01-Feb-2026,02-Mar-2026,CE,26650.0,25.65,1235.0,24825.45
01-Feb-2026,02-Mar-2026,CE,26700.0,27.5,3055.0,24825.45
01-Feb-2026,02-Mar-2026,CE,26750.0,30.0,1885.0,24825.45
01-Feb-2026,02-Mar-2026,CE,26800.0,24.0,4615.0,24825.45
01-Feb-2026,02-Mar-2026,CE,26850.0,23.1,1560.0,24825.45
01-Feb-2026,02-Mar-2026,CE,26900.0,21.7,2210.0,24825.45
01-Feb-2026,02-Mar-2026,CE,26950.0,20.5,2080.0,24825.45
01-Feb-2026,02-Mar-2026,CE,27000.0,18.2,22685.0,24825.45
01-Feb-2026,02-Mar-2026,CE,27050.0,17.6,1170.0,24825.45
01-Feb-2026,02-Mar-2026,CE,27100.0,16.7,2535.0,24825.45
01-Feb-2026,02-Mar-2026,CE,27150.0,22.0,325.0,24825.45
01-Feb-2026,02-Mar-2026,PE,23300.0,56.35,4290.0,24825.45
01-Feb-2026,02-Mar-2026,PE,23350.0,53.8,1950.0,24825.45
01-Feb-2026,02-Mar-2026,PE,23400.0,66.45,3315.0,24825.45
01-Feb-2026,02-Mar-2026,PE,23450.0,72.2,910.0,24825.45
01-Feb-2026,02-Mar-2026,PE,23500.0,78.05,3380.0,24825.45
01-Feb-2026,02-Mar-2026,PE,23550.0,83.05,780.0,24825.45
01-Feb-2026,02-Mar-2026,PE,23600.0,88.15,390.0,24825.45
01-Feb-2026,02-Mar-2026,PE,23650.0,92.65,390.0,24825.45
01-Feb-2026,02-Mar-2026,PE,23700.0,100.3,1560.0,24825.45
01-Feb-2026,02-Mar-2026,PE,23750.0,87.25,130.0,24825.45
01-Feb-2026,02-Mar-2026,PE,23800.0,107.55,2990.0,24825.45
01-Feb-2026,02-Mar-2026,PE,23850.0,78.25,715.0,24825.45
01-Feb-2026,02-Mar-2026,PE,23900.0,110.05,2275.0,24825.45
01-Feb-2026,02-Mar-2026,PE,23950.0,89.6,1495.0,24825.45
01-Feb-2026,02-Mar-2026,PE,24000.0,150.05,11895.0,24825.45
01-Feb-2026,02-Mar-2026,PE,24050.0,51.8,2145.0,24825.45
01-Feb-2026,02-Mar-2026,PE,24100.0,108.4,2210.0,24825.45
01-Feb-2026,02-Mar-2026,PE,24150.0,82.0,520.0,24825.45
01-Feb-2026,02-Mar-2026,PE,24200.0,139.85,2340.0,24825.45
01-Feb-2026,02-Mar-2026,PE,24250.0,200.0,1235.0,24825.45
01-Feb-2026,02-Mar-2026,PE,24300.0,213.05,4355.0,24825.45
01-Feb-2026,02-Mar-2026,PE,24350.0,77.2,1105.0,24825.45
01-Feb-2026,02-Mar-2026,PE,24400.0,248.55,8255.0,24825.45
01-Feb-2026,02-Mar-2026,PE,24450.0,203.3,3640.0,24825.45
01-Feb-2026,02-Mar-2026,PE,24500.0,276.65,10985.0,24825.45
01-Feb-2026,02-Mar-2026,PE,24550.0,120.0,2730.0,24825.45
01-Feb-2026,02-Mar-2026,PE,24600.0,307.8,4875.0,24825.45
01-Feb-2026,02-Mar-2026,PE,24650.0,221.05,2210.0,24825.45
01-Feb-2026,02-Mar-2026,PE,24700.0,340.3,5265.0,24825.45
01-Feb-2026,02-Mar-2026,PE,24750.0,245.45,2665.0,24825.45
01-Feb-2026,02-Mar-2026,PE,24800.0,389.4,3380.0,24825.45
01-Feb-2026,02-Mar-2026,PE,24850.0,347.85,4355.0,24825.45
01-Feb-2026,02-Mar-2026,PE,24900.0,438.0,5200.0,24825.45
01-Feb-2026,02-Mar-2026,PE,24950.0,365.5,2795.0,24825.45
01-Feb-2026,02-Mar-2026,PE,25000.0,494.05,19760.0,24825.45
01-Feb-2026,02-Mar-2026,PE,25050.0,438.65,3575.0,24825.45
01-Feb-2026,02-Mar-2026,PE,25100.0,550.35,8970.0,24825.45
01-Feb-2026,02-Mar-2026,PE,25150.0,343.95,6045.0,24825.45
01-Feb-2026,02-Mar-2026,PE,25200.0,605.0,7735.0,24825.45
01-Feb-2026,02-Mar-2026,PE,25250.0,450.0,5655.0,24825.45
01-Feb-2026,02-Mar-2026,PE,25300.0,682.95,8385.0,24825.45
01-Feb-2026,02-Mar-2026,PE,25350.0,673.45,7540.0,24825.45
01-Feb-2026,02-Mar-2026,PE,25400.0,753.25,8060.0,24825.45
01-Feb-2026,02-Mar-2026,PE,25450.0,777.9,5915.0,24825.45
01-Feb-2026,02-Mar-2026,PE,25500.0,810.0,21450.0,24825.45
01-Feb-2026,02-Mar-2026,PE,25550.0,,,24825.45
01-Feb-2026,02-Mar-2026,PE,25600.0,,,24825.45
01-Feb-2026,02-Mar-2026,PE,25650.0,,,24825.45
01-Feb-2026,02-Mar-2026,PE,25700.0,,,24825.45
01-Feb-2026,02-Mar-2026,PE,25750.0,,,24825.45
01-Feb-2026,02-Mar-2026,PE,25800.0,,,24825.45
01-Feb-2026,02-Mar-2026,PE,25850.0,,,24825.45
01-Feb-2026,02-Mar-2026,PE,25900.0,,,24825.45
01-Feb-2026,02-Mar-2026,PE,25950.0,,,24825.45
01-Feb-2026,02-Mar-2026,PE,26000.0,1258.3,1820.0,24825.45
01-Feb-2026,02-Mar-2026,PE,26050.0,,,24825.45
01-Feb-2026,02-Mar-2026,PE,26100.0,,,24825.45
01-Feb-2026,02-Mar-2026,PE,26150.0,,,24825.45
01-Feb-2026,02-Mar-2026,PE,26200.0,,,24825.45
01-Feb-2026,02-Mar-2026,PE,26250.0,,,24825.45
01-Feb-2026,02-Mar-2026,PE,26300.0,,,24825.45
01-Feb-2026,02-Mar-2026,PE,26350.0,,,24825.45
01-Feb-2026,02-Mar-2026,PE,26400.0,,,24825.45
01-Feb-2026,02-Mar-2026,PE,26450.0,,,24825.45
01-Feb-2026,02-Mar-2026,PE,26500.0,,,24825.45
01-Feb-2026,02-Mar-2026,PE,26550.0,,,24825.45
01-Feb-2026,02-Mar-2026,PE,26600.0,,,24825.45
01-Feb-2026,02-Mar-2026,PE,26650.0,,,24825.45
01-Feb-2026,02-Mar-2026,PE,26700.0,,,24825.45
01-Feb-2026,02-Mar-2026,PE,26750.0,,,24825.45
01-Feb-2026,02-Mar-2026,PE,26800.0,,,24825.45
01-Feb-2026,02-Mar-2026,PE,26850.0,,,24825.45
01-Feb-2026,02-Mar-2026,PE,26900.0,,,24825.45
01-Feb-2026,02-Mar-2026,PE,26950.0,1936.55,520.0,24825.45
01-Feb-2026,02-Mar-2026,PE,27000.0,,,24825.45
01-Feb-2026,02-Mar-2026,PE,27050.0,2095.0,390.0,24825.45
01-Feb-2026,02-Mar-2026,PE,27100.0,,,24825.45
01-Feb-2026,02-Mar-2026,PE,27150.0,2027.85,65.0,24825.45
02-Feb-2026,03-Feb-2026,CE,23100.0,1850.0,65.0,25088.4
02-Feb-2026,03-Feb-2026,CE,23150.0,,,25088.4
02-Feb-2026,03-Feb-2026,CE,23200.0,,,25088.4
02-Feb-2026,03-Feb-2026,CE,23250.0,1710.0,975.0,25088.4
02-Feb-2026,03-Feb-2026,CE,23300.0,1770.0,1820.0,25088.4
02-Feb-2026,03-Feb-2026,CE,23350.0,1922.35,130.0,25088.4
02-Feb-2026,03-Feb-2026,CE,23400.0,1660.0,910.0,25088.4
02-Feb-2026,03-Feb-2026,CE,23450.0,1612.0,65.0,25088.4
02-Feb-2026,03-Feb-2026,CE,23500.0,1566.55,14040.0,25088.4
02-Feb-2026,03-Feb-2026,CE,23550.0,1720.05,130.0,25088.4
02-Feb-2026,03-Feb-2026,CE,23600.0,1338.0,2860.0,25088.4
02-Feb-2026,03-Feb-2026,CE,23650.0,1141.45,3120.0,25088.4
02-Feb-2026,03-Feb-2026,CE,23700.0,1290.0,3835.0,25088.4
02-Feb-2026,03-Feb-2026,CE,23750.0,1306.05,2925.0,25088.4
02-Feb-2026,03-Feb-2026,CE,23800.0,1273.2,3120.0,25088.4
02-Feb-2026,03-Feb-2026,CE,23850.0,1223.05,2925.0,25088.4
02-Feb-2026,03-Feb-2026,CE,23900.0,1150.15,1560.0,25088.4
02-Feb-2026,03-Feb-2026,CE,23950.0,1009.6,1885.0,25088.4
02-Feb-2026,03-Feb-2026,CE,24000.0,1075.0,107640.0,25088.4
02-Feb-2026,03-Feb-2026,CE,24050.0,970.3,2275.0,25088.4
02-Feb-2026,03-Feb-2026,CE,24100.0,965.45,8580.0,25088.4
02-Feb-2026,03-Feb-2026,CE,24150.0,926.5,10465.0,25088.4
02-Feb-2026,03-Feb-2026,CE,24200.0,872.95,14690.0,25088.4
02-Feb-2026,03-Feb-2026,CE,24250.0,832.1,9750.0,25088.4
02-Feb-2026,03-Feb-2026,CE,24300.0,773.65,57980.0,25088.4
02-Feb-2026,03-Feb-2026,CE,24350.0,727.15,16510.0,25088.4
02-Feb-2026,03-Feb-2026,CE,24400.0,676.65,56550.0,25088.4
02-Feb-2026,03-Feb-2026,CE,24450.0,626.9,44005.0,25088.4
02-Feb-2026,03-Feb-2026,CE,24500.0,577.35,251355.0,25088.4
02-Feb-2026,03-Feb-2026,CE,24550.0,528.2,63505.0,25088.4
02-Feb-2026,03-Feb-2026,CE,24600.0,480.15,210990.0,25088.4
02-Feb-2026,03-Feb-2026,CE,24650.0,429.9,111865.0,25088.4
02-Feb-2026,03-Feb-2026,CE,24700.0,381.6,944385.0,25088.4
02-Feb-2026,03-Feb-2026,CE,24750.0,335.85,641550.0,25088.4
02-Feb-2026,03-Feb-2026,CE,24800.0,291.0,1195285.0,25088.4
02-Feb-2026,03-Feb-2026,CE,24850.0,246.65,1155310.0,25088.4
02-Feb-2026,03-Feb-2026,CE,24900.0,205.45,1936220.0,25088.4
02-Feb-2026,03-Feb-2026,CE,24950.0,166.9,1270230.0,25088.4
02-Feb-2026,03-Feb-2026,CE,25000.0,133.0,5528380.0,25088.4
02-Feb-2026,03-Feb-2026,CE,25050.0,102.95,2381535.0,25088.4
02-Feb-2026,03-Feb-2026,CE,25100.0,77.0,5845190.0,25088.4
02-Feb-2026,03-Feb-2026,CE,25150.0,56.1,3699085.0,25088.4
02-Feb-2026,03-Feb-2026,CE,25200.0,39.5,9295455.0,25088.4
02-Feb-2026,03-Feb-2026,CE,25250.0,27.35,4386135.0,25088.4
02-Feb-2026,03-Feb-2026,CE,25300.0,18.8,9932975.0,25088.4
02-Feb-2026,03-Feb-2026,CE,25350.0,13.05,5635110.0,25088.4
02-Feb-2026,03-Feb-2026,CE,25400.0,9.05,11174150.0,25088.4
02-Feb-2026,03-Feb-2026,CE,25450.0,6.85,5129735.0,25088.4
02-Feb-2026,03-Feb-2026,CE,25500.0,5.45,16520140.0,25088.4
02-Feb-2026,03-Feb-2026,CE,25550.0,4.25,4557345.0,25088.4
02-Feb-2026,03-Feb-2026,CE,25600.0,3.3,9613825.0,25088.4
02-Feb-2026,03-Feb-2026,CE,25650.0,2.65,3264885.0,25088.4
02-Feb-2026,03-Feb-2026,CE,25700.0,2.25,8289125.0,25088.4
02-Feb-2026,03-Feb-2026,CE,25750.0,2.05,2944955.0,25088.4
02-Feb-2026,03-Feb-2026,CE,25800.0,1.75,8427445.0,25088.4
02-Feb-2026,03-Feb-2026,CE,25850.0,1.7,1985230.0,25088.4
02-Feb-2026,03-Feb-2026,CE,25900.0,1.55,3561610.0,25088.4
02-Feb-2026,03-Feb-2026,CE,25950.0,1.45,1222780.0,25088.4
02-Feb-2026,03-Feb-2026,CE,26000.0,1.4,19078475.0,25088.4
02-Feb-2026,03-Feb-2026,CE,26050.0,1.4,1841970.0,25088.4
02-Feb-2026,03-Feb-2026,CE,26100.0,1.2,3831035.0,25088.4
02-Feb-2026,03-Feb-2026,CE,26150.0,1.2,809965.0,25088.4
02-Feb-2026,03-Feb-2026,CE,26200.0,1.2,3839095.0,25088.4
02-Feb-2026,03-Feb-2026,CE,26250.0,1.1,1041365.0,25088.4
02-Feb-2026,03-Feb-2026,CE,26300.0,1.1,4480710.0,25088.4
02-Feb-2026,03-Feb-2026,CE,26350.0,1.1,1674140.0,25088.4
02-Feb-2026,03-Feb-2026,CE,26400.0,0.9,3021135.0,25088.4
02-Feb-2026,03-Feb-2026,CE,26450.0,0.9,611130.0,25088.4
02-Feb-2026,03-Feb-2026,CE,26500.0,0.9,8554195.0,25088.4
02-Feb-2026,03-Feb-2026,CE,26550.0,0.9,415025.0,25088.4
02-Feb-2026,03-Feb-2026,CE,26600.0,1.0,2424240.0,25088.4
02-Feb-2026,03-Feb-2026,CE,26650.0,0.9,324870.0,25088.4
02-Feb-2026,03-Feb-2026,CE,26700.0,0.85,1655615.0,25088.4
02-Feb-2026,03-Feb-2026,CE,26750.0,0.75,651560.0,25088.4
02-Feb-2026,03-Feb-2026,CE,26800.0,0.75,2199600.0,25088.4
02-Feb-2026,03-Feb-2026,CE,26850.0,0.85,351650.0,25088.4
02-Feb-2026,03-Feb-2026,CE,26900.0,0.7,1172210.0,25088.4
02-Feb-2026,03-Feb-2026,CE,26950.0,0.7,413530.0,25088.4
02-Feb-2026,03-Feb-2026,CE,27000.0,0.6,5435235.0,25088.4
02-Feb-2026,03-Feb-2026,CE,27050.0,0.7,536380.0,25088.4
02-Feb-2026,03-Feb-2026,CE,27100.0,0.7,664040.0,25088.4
02-Feb-2026,03-Feb-2026,CE,27150.0,0.8,210860.0,25088.4
02-Feb-2026,03-Feb-2026,CE,27200.0,0.7,500955.0,25088.4
02-Feb-2026,03-Feb-2026,CE,27250.0,0.75,149175.0,25088.4
02-Feb-2026,03-Feb-2026,CE,27300.0,0.75,283920.0,25088.4
02-Feb-2026,03-Feb-2026,CE,27350.0,0.8,111930.0,25088.4
02-Feb-2026,03-Feb-2026,CE,27400.0,0.7,255515.0,25088.4
02-Feb-2026,03-Feb-2026,CE,27450.0,0.65,97760.0,25088.4
02-Feb-2026,03-Feb-2026,CE,27500.0,0.6,2634385.0,25088.4
02-Feb-2026,03-Feb-2026,CE,27550.0,0.75,129415.0,25088.4
02-Feb-2026,03-Feb-2026,CE,27600.0,0.75,675545.0,25088.4
02-Feb-2026,03-Feb-2026,CE,27650.0,0.8,91715.0,25088.4
02-Feb-2026,03-Feb-2026,CE,27700.0,0.7,679185.0,25088.4
02-Feb-2026,03-Feb-2026,CE,27750.0,0.75,114270.0,25088.4
02-Feb-2026,03-Feb-2026,CE,27800.0,0.75,772200.0,25088.4
02-Feb-2026,03-Feb-2026,CE,27850.0,0.8,83980.0,25088.4
02-Feb-2026,03-Feb-2026,CE,27900.0,0.65,916110.0,25088.4
02-Feb-2026,03-Feb-2026,CE,27950.0,0.7,146315.0,25088.4
02-Feb-2026,03-Feb-2026,CE,28000.0,0.75,1843530.0,25088.4
02-Feb-2026,03-Feb-2026,CE,28050.0,0.6,238485.0,25088.4
02-Feb-2026,03-Feb-2026,CE,28100.0,0.5,2246075.0,25088.4
02-Feb-2026,03-Feb-2026,PE,23100.0,1.4,5240820.0,25088.4
02-Feb-2026,03-Feb-2026,PE,23150.0,1.35,429325.0,25088.4
02-Feb-2026,03-Feb-2026,PE,23200.0,1.35,2668965.0,25088.4
02-Feb-2026,03-Feb-2026,PE,23250.0,1.4,351975.0,25088.4
02-Feb-2026,03-Feb-2026,PE,23300.0,1.5,9902880.0,25088.4
02-Feb-2026,03-Feb-2026,PE,23350.0,1.5,845975.0,25088.4
02-Feb-2026,03-Feb-2026,PE,23400.0,1.55,3781050.0,25088.4
02-Feb-2026,03-Feb-2026,PE,23450.0,1.45,593255.0,25088.4
02-Feb-2026,03-Feb-2026,PE,23500.0,1.5,10754640.0,25088.4
02-Feb-2026,03-Feb-2026,PE,23550.0,1.5,800280.0,25088.4
02-Feb-2026,03-Feb-2026,PE,23600.0,1.6,3300245.0,25088.4
02-Feb-2026,03-Feb-2026,PE,23650.0,1.7,817115.0,25088.4
02-Feb-2026,03-Feb-2026,PE,23700.0,1.8,3841175.0,25088.4
02-Feb-2026,03-Feb-2026,PE,23750.0,1.65,1285115.0,25088.4
02-Feb-2026,03-Feb-2026,PE,23800.0,1.7,5226260.0,25088.4
02-Feb-2026,03-Feb-2026,PE,23850.0,1.85,1246245.0,25088.4
02-Feb-2026,03-Feb-2026,PE,23900.0,1.85,3471715.0,25088.4
02-Feb-2026,03-Feb-2026,PE,23950.0,2.3,1555710.0,25088.4
02-Feb-2026,03-Feb-2026,PE,24000.0,2.4,13884000.0,25088.4
02-Feb-2026,03-Feb-2026,PE,24050.0,2.5,1428635.0,25088.4
02-Feb-2026,03-Feb-2026,PE,24100.0,2.75,5130775.0,25088.4
02-Feb-2026,03-Feb-2026,PE,24150.0,3.0,1435460.0,25088.4
02-Feb-2026,03-Feb-2026,PE,24200.0,3.15,5227495.0,25088.4
02-Feb-2026,03-Feb-2026,PE,24250.0,3.4,1459055.0,25088.4
02-Feb-2026,03-Feb-2026,PE,24300.0,3.75,5894915.0,25088.4
02-Feb-2026,03-Feb-2026,PE,24350.0,4.0,2180295.0,25088.4
02-Feb-2026,03-Feb-2026,PE,24400.0,4.5,7176585.0,25088.4
02-Feb-2026,03-Feb-2026,PE,24450.0,5.05,3563820.0,25088.4
02-Feb-2026,03-Feb-2026,PE,24500.0,5.85,13433160.0,25088.4
02-Feb-2026,03-Feb-2026,PE,24550.0,6.6,3129945.0,25088.4
02-Feb-2026,03-Feb-2026,PE,24600.0,7.9,5783310.0,25088.4
02-Feb-2026,03-Feb-2026,PE,24650.0,9.35,3608605.0,25088.4
02-Feb-2026,03-Feb-2026,PE,24700.0,11.65,7987980.0,25088.4
02-Feb-2026,03-Feb-2026,PE,24750.0,14.65,4345380.0,25088.4
02-Feb-2026,03-Feb-2026,PE,24800.0,18.9,10156250.0,25088.4
02-Feb-2026,03-Feb-2026,PE,24850.0,25.2,4844320.0,25088.4
02-Feb-2026,03-Feb-2026,PE,24900.0,34.05,7519980.0,25088.4
02-Feb-2026,03-Feb-2026,PE,24950.0,46.0,3716635.0,25088.4
02-Feb-2026,03-Feb-2026,PE,25000.0,61.25,9215050.0,25088.4
02-Feb-2026,03-Feb-2026,PE,25050.0,81.0,2612285.0,25088.4
02-Feb-2026,03-Feb-2026,PE,25100.0,105.2,3422835.0,25088.4
02-Feb-2026,03-Feb-2026,PE,25150.0,135.0,874315.0,25088.4
02-Feb-2026,03-Feb-2026,PE,25200.0,167.3,1593800.0,25088.4
02-Feb-2026,03-Feb-2026,PE,25250.0,205.0,850265.0,25088.4
02-Feb-2026,03-Feb-2026,PE,25300.0,246.95,1358825.0,25088.4
02-Feb-2026,03-Feb-2026,PE,25350.0,292.1,918385.0,25088.4
02-Feb-2026,03-Feb-2026,PE,25400.0,337.2,1083355.0,25088.4
02-Feb-2026,03-Feb-2026,PE,25450.0,386.2,320580.0,25088.4
02-Feb-2026,03-Feb-2026,PE,25500.0,434.4,715065.0,25088.4
02-Feb-2026,03-Feb-2026,PE,25550.0,480.75,105300.0,25088.4
02-Feb-2026,03-Feb-2026,PE,25600.0,532.15,300625.0,25088.4
02-Feb-2026,03-Feb-2026,PE,25650.0,582.25,172900.0,25088.4
02-Feb-2026,03-Feb-2026,PE,25700.0,630.9,317265.0,25088.4
02-Feb-2026,03-Feb-2026,PE,25750.0,681.75,85800.0,25088.4
02-Feb-2026,03-Feb-2026,PE,25800.0,731.15,515320.0,25088.4
02-Feb-2026,03-Feb-2026,PE,25850.0,775.3,89115.0,25088.4
02-Feb-2026,03-Feb-2026,PE,25900.0,833.1,138905.0,25088.4
02-Feb-2026,03-Feb-2026,PE,25950.0,876.75,45890.0,25088.4
02-Feb-2026,03-Feb-2026,PE,26000.0,932.9,723255.0,25088.4
02-Feb-2026,03-Feb-2026,PE,26050.0,979.9,37115.0,25088.4
02-Feb-2026,03-Feb-2026,PE,26100.0,1033.7,293150.0,25088.4
02-Feb-2026,03-Feb-2026,PE,26150.0,1075.0,29185.0,25088.4
02-Feb-2026,03-Feb-2026,PE,26200.0,1131.4,77350.0,25088.4
02-Feb-2026,03-Feb-2026,PE,26250.0,1230.5,22945.0,25088.4
02-Feb-2026,03-Feb-2026,PE,26300.0,1233.7,67665.0,25088.4
02-Feb-2026,03-Feb-2026,PE,26350.0,1284.9,5070.0,25088.4
02-Feb-2026,03-Feb-2026,PE,26400.0,1335.0,15990.0,25088.4
02-Feb-2026,03-Feb-2026,PE,26450.0,1520.0,1430.0,25088.4
02-Feb-2026,03-Feb-2026,PE,26500.0,1432.5,124345.0,25088.4
02-Feb-2026,03-Feb-2026,PE,26550.0,1556.5,3445.0,25088.4
02-Feb-2026,03-Feb-2026,PE,26600.0,1523.0,7475.0,25088.4
02-Feb-2026,03-Feb-2026,PE,26650.0,1405.95,845.0,25088.4
02-Feb-2026,03-Feb-2026,PE,26700.0,1643.5,6110.0,25088.4
02-Feb-2026,03-Feb-2026,PE,26750.0,1689.25,3510.0,25088.4
02-Feb-2026,03-Feb-2026,PE,26800.0,1769.35,7800.0,25088.4
02-Feb-2026,03-Feb-2026,PE,26850.0,1513.9,1950.0,25088.4
02-Feb-2026,03-Feb-2026,PE,26900.0,1885.0,715.0,25088.4
02-Feb-2026,03-Feb-2026,PE,26950.0,1911.9,1820.0,25088.4
02-Feb-2026,03-Feb-2026,PE,27000.0,1936.25,48230.0,25088.4
02-Feb-2026,03-Feb-2026,PE,27050.0,1790.0,520.0,25088.4
02-Feb-2026,03-Feb-2026,PE,27100.0,2070.2,3575.0,25088.4
02-Feb-2026,03-Feb-2026,PE,27150.0,1787.05,585.0,25088.4
02-Feb-2026,03-Feb-2026,PE,27200.0,2150.0,3250.0,25088.4
02-Feb-2026,03-Feb-2026,PE,27250.0,1910.5,195.0,25088.4
02-Feb-2026,03-Feb-2026,PE,27300.0,2320.0,195.0,25088.4
02-Feb-2026,03-Feb-2026,PE,27350.0,1884.25,390.0,25088.4
02-Feb-2026,03-Feb-2026,PE,27400.0,2443.0,390.0,25088.4
02-Feb-2026,03-Feb-2026,PE,27450.0,2179.15,390.0,25088.4
02-Feb-2026,03-Feb-2026,PE,27500.0,2505.0,4875.0,25088.4
02-Feb-2026,03-Feb-2026,PE,27550.0,2229.05,195.0,25088.4
02-Feb-2026,03-Feb-2026,PE,27600.0,2315.2,195.0,25088.4
02-Feb-2026,03-Feb-2026,PE,27650.0,2300.0,325.0,25088.4
02-Feb-2026,03-Feb-2026,PE,27700.0,2369.4,520.0,25088.4
02-Feb-2026,03-Feb-2026,PE,27750.0,2524.05,260.0,25088.4
02-Feb-2026,03-Feb-2026,PE,27800.0,2710.0,260.0,25088.4
02-Feb-2026,03-Feb-2026,PE,27850.0,2949.8,520.0,25088.4
02-Feb-2026,03-Feb-2026,PE,27900.0,2550.05,455.0,25088.4
02-Feb-2026,03-Feb-2026,PE,27950.0,2655.2,390.0,25088.4
02-Feb-2026,03-Feb-2026,PE,28000.0,2930.15,35815.0,25088.4
02-Feb-2026,03-Feb-2026,PE,28050.0,2805.9,130.0,25088.4
02-Feb-2026,03-Feb-2026,PE,28100.0,2784.1,390.0,25088.4
02-Feb-2026,17-Feb-2026,CE,23100.0,,,25088.4
02-Feb-2026,17-Feb-2026,CE,23150.0,,,25088.4
02-Feb-2026,17-Feb-2026,CE,23200.0,,,25088.4
02-Feb-2026,17-Feb-2026,CE,23250.0,,,25088.4
02-Feb-2026,17-Feb-2026,CE,23300.0,1824.45,195.0,25088.4
02-Feb-2026,17-Feb-2026,CE,23350.0,1781.0,195.0,25088.4
02-Feb-2026,17-Feb-2026,CE,23400.0,1719.05,195.0,25088.4
02-Feb-2026,17-Feb-2026,CE,23450.0,1672.0,130.0,25088.4
02-Feb-2026,17-Feb-2026,CE,23500.0,1634.7,195.0,25088.4
02-Feb-2026,17-Feb-2026,CE,23550.0,1579.45,195.0,25088.4
02-Feb-2026,17-Feb-2026,CE,23600.0,1454.25,260.0,25088.4
02-Feb-2026,17-Feb-2026,CE,23650.0,1489.6,195.0,25088.4
02-Feb-2026,17-Feb-2026,CE,23700.0,1436.1,195.0,25088.4
02-Feb-2026,17-Feb-2026,CE,23750.0,1393.55,195.0,25088.4
02-Feb-2026,17-Feb-2026,CE,23800.0,1341.95,195.0,25088.4
02-Feb-2026,17-Feb-2026,CE,23850.0,1293.85,195.0,25088.4
02-Feb-2026,17-Feb-2026,CE,23900.0,1241.5,195.0,25088.4
02-Feb-2026,17-Feb-2026,CE,23950.0,1189.65,195.0,25088.4
02-Feb-2026,17-Feb-2026,CE,24000.0,1155.0,5265.0,25088.4
02-Feb-2026,17-Feb-2026,CE,24050.0,1094.95,195.0,25088.4
02-Feb-2026,17-Feb-2026,CE,24100.0,1048.5,260.0,25088.4
02-Feb-2026,17-Feb-2026,CE,24150.0,975.55,325.0,25088.4
02-Feb-2026,17-Feb-2026,CE,24200.0,915.8,390.0,25088.4
02-Feb-2026,17-Feb-2026,CE,24250.0,890.0,390.0,25088.4
02-Feb-2026,17-Feb-2026,CE,24300.0,880.0,975.0,25088.4
02-Feb-2026,17-Feb-2026,CE,24350.0,800.4,780.0,25088.4
02-Feb-2026,17-Feb-2026,CE,24400.0,791.65,2080.0,25088.4
02-Feb-2026,17-Feb-2026,CE,24450.0,716.05,715.0,25088.4
02-Feb-2026,17-Feb-2026,CE,24500.0,705.25,12870.0,25088.4
02-Feb-2026,17-Feb-2026,CE,24550.0,665.65,1950.0,25088.4
02-Feb-2026,17-Feb-2026,CE,24600.0,626.8,9815.0,25088.4
02-Feb-2026,17-Feb-2026,CE,24650.0,586.35,1690.0,25088.4
02-Feb-2026,17-Feb-2026,CE,24700.0,549.45,16705.0,25088.4
02-Feb-2026,17-Feb-2026,CE,24750.0,507.1,11895.0,25088.4
02-Feb-2026,17-Feb-2026,CE,24800.0,475.0,37180.0,25088.4
02-Feb-2026,17-Feb-2026,CE,24850.0,439.65,18265.0,25088.4
02-Feb-2026,17-Feb-2026,CE,24900.0,402.05,49400.0,25088.4
02-Feb-2026,17-Feb-2026,CE,24950.0,368.1,22490.0,25088.4
02-Feb-2026,17-Feb-2026,CE,25000.0,340.0,192595.0,25088.4
02-Feb-2026,17-Feb-2026,CE,25050.0,311.0,13130.0,25088.4
02-Feb-2026,17-Feb-2026,CE,25100.0,283.15,69420.0,25088.4
02-Feb-2026,17-Feb-2026,CE,25150.0,260.25,19045.0,25088.4
02-Feb-2026,17-Feb-2026,CE,25200.0,225.95,170820.0,25088.4
02-Feb-2026,17-Feb-2026,CE,25250.0,204.65,25480.0,25088.4
02-Feb-2026,17-Feb-2026,CE,25300.0,187.0,150800.0,25088.4
02-Feb-2026,17-Feb-2026,CE,25350.0,164.85,20150.0,25088.4
02-Feb-2026,17-Feb-2026,CE,25400.0,147.0,298090.0,25088.4
02-Feb-2026,17-Feb-2026,CE,25450.0,129.65,19760.0,25088.4
02-Feb-2026,17-Feb-2026,CE,25500.0,115.0,430885.0,25088.4
02-Feb-2026,17-Feb-2026,CE,25550.0,99.6,102310.0,25088.4
02-Feb-2026,17-Feb-2026,CE,25600.0,88.0,138710.0,25088.4
02-Feb-2026,17-Feb-2026,CE,25650.0,77.85,22100.0,25088.4
02-Feb-2026,17-Feb-2026,CE,25700.0,65.85,195780.0,25088.4
02-Feb-2026,17-Feb-2026,CE,25750.0,59.3,33995.0,25088.4
02-Feb-2026,17-Feb-2026,CE,25800.0,49.8,194155.0,25088.4
02-Feb-2026,17-Feb-2026,CE,25850.0,44.3,17420.0,25088.4
02-Feb-2026,17-Feb-2026,CE,25900.0,38.25,115830.0,25088.4
02-Feb-2026,17-Feb-2026,CE,25950.0,34.3,29705.0,25088.4
02-Feb-2026,17-Feb-2026,CE,26000.0,29.8,370500.0,25088.4
02-Feb-2026,17-Feb-2026,CE,26050.0,25.65,19695.0,25088.4
02-Feb-2026,17-Feb-2026,CE,26100.0,21.75,144430.0,25088.4
02-Feb-2026,17-Feb-2026,CE,26150.0,19.55,10660.0,25088.4
02-Feb-2026,17-Feb-2026,CE,26200.0,17.3,71045.0,25088.4
02-Feb-2026,17-Feb-2026,CE,26250.0,16.05,19760.0,25088.4
02-Feb-2026,17-Feb-2026,CE,26300.0,14.4,62985.0,25088.4
02-Feb-2026,17-Feb-2026,CE,26350.0,11.0,10075.0,25088.4
02-Feb-2026,17-Feb-2026,CE,26400.0,12.15,29445.0,25088.4
02-Feb-2026,17-Feb-2026,CE,26450.0,10.7,6435.0,25088.4
02-Feb-2026,17-Feb-2026,CE,26500.0,10.0,133380.0,25088.4
02-Feb-2026,17-Feb-2026,CE,26550.0,8.45,8905.0,25088.4
02-Feb-2026,17-Feb-2026,CE,26600.0,8.9,19695.0,25088.4
02-Feb-2026,17-Feb-2026,CE,26650.0,8.3,4940.0,25088.4
02-Feb-2026,17-Feb-2026,CE,26700.0,7.9,19630.0,25088.4
02-Feb-2026,17-Feb-2026,CE,26750.0,6.95,8515.0,25088.4
02-Feb-2026,17-Feb-2026,CE,26800.0,7.1,16250.0,25088.4
02-Feb-2026,17-Feb-2026,CE,26850.0,7.65,3380.0,25088.4
02-Feb-2026,17-Feb-2026,CE,26900.0,5.65,40950.0,25088.4
02-Feb-2026,17-Feb-2026,CE,26950.0,5.75,1820.0,25088.4
02-Feb-2026,17-Feb-2026,CE,27000.0,5.5,142025.0,25088.4
02-Feb-2026,17-Feb-2026,CE,27050.0,5.0,1300.0,25088.4
02-Feb-2026,17-Feb-2026,CE,27100.0,4.35,25675.0,25088.4
02-Feb-2026,17-Feb-2026,CE,27150.0,4.75,1235.0,25088.4
02-Feb-2026,17-Feb-2026,CE,27200.0,3.6,8710.0,25088.4
02-Feb-2026,17-Feb-2026,CE,27250.0,3.45,2795.0,25088.4
02-Feb-2026,17-Feb-2026,CE,27300.0,4.65,8255.0,25088.4
02-Feb-2026,17-Feb-2026,CE,27350.0,3.25,6435.0,25088.4
02-Feb-2026,17-Feb-2026,CE,27400.0,3.7,13780.0,25088.4
02-Feb-2026,17-Feb-2026,CE,27450.0,3.5,4615.0,25088.4
02-Feb-2026,17-Feb-2026,CE,27500.0,3.65,101335.0,25088.4
02-Feb-2026,17-Feb-2026,PE,23100.0,11.6,42250.0,25088.4
02-Feb-2026,17-Feb-2026,PE,23150.0,10.8,8515.0,25088.4
02-Feb-2026,17-Feb-2026,PE,23200.0,13.55,27430.0,25088.4
02-Feb-2026,17-Feb-2026,PE,23250.0,15.4,3055.0,25088.4
02-Feb-2026,17-Feb-2026,PE,23300.0,14.5,102830.0,25088.4
02-Feb-2026,17-Feb-2026,PE,23350.0,16.4,16055.0,25088.4
02-Feb-2026,17-Feb-2026,PE,23400.0,17.55,24180.0,25088.4
02-Feb-2026,17-Feb-2026,PE,23450.0,17.0,7670.0,25088.4
02-Feb-2026,17-Feb-2026,PE,23500.0,19.15,91650.0,25088.4
02-Feb-2026,17-Feb-2026,PE,23550.0,19.4,2535.0,25088.4
02-Feb-2026,17-Feb-2026,PE,23600.0,20.05,59020.0,25088.4
02-Feb-2026,17-Feb-2026,PE,23650.0,21.7,5720.0,25088.4
02-Feb-2026,17-Feb-2026,PE,23700.0,24.05,45890.0,25088.4
02-Feb-2026,17-Feb-2026,PE,23750.0,24.85,27950.0,25088.4
02-Feb-2026,17-Feb-2026,PE,23800.0,26.7,87620.0,25088.4
02-Feb-2026,17-Feb-2026,PE,23850.0,28.4,7930.0,25088.4
02-Feb-2026,17-Feb-2026,PE,23900.0,31.6,58760.0,25088.4
02-Feb-2026,17-Feb-2026,PE,23950.0,33.3,15600.0,25088.4
02-Feb-2026,17-Feb-2026,PE,24000.0,37.45,218075.0,25088.4
02-Feb-2026,17-Feb-2026,PE,24050.0,38.95,13260.0,25088.4
02-Feb-2026,17-Feb-2026,PE,24100.0,42.6,61945.0,25088.4
02-Feb-2026,17-Feb-2026,PE,24150.0,45.8,16120.0,25088.4
02-Feb-2026,17-Feb-2026,PE,24200.0,50.65,90675.0,25088.4
02-Feb-2026,17-Feb-2026,PE,24250.0,54.95,7475.0,25088.4
02-Feb-2026,17-Feb-2026,PE,24300.0,60.55,55770.0,25088.4
02-Feb-2026,17-Feb-2026,PE,24350.0,65.6,4550.0,25088.4
02-Feb-2026,17-Feb-2026,PE,24400.0,71.9,70395.0,25088.4
02-Feb-2026,17-Feb-2026,PE,24450.0,78.0,12610.0,25088.4
02-Feb-2026,17-Feb-2026,PE,24500.0,85.0,138385.0,25088.4
02-Feb-2026,17-Feb-2026,PE,24550.0,96.95,31590.0,25088.4
02-Feb-2026,17-Feb-2026,PE,24600.0,105.2,69030.0,25088.4
02-Feb-2026,17-Feb-2026,PE,24650.0,115.6,13845.0,25088.4
02-Feb-2026,17-Feb-2026,PE,24700.0,129.45,100685.0,25088.4
02-Feb-2026,17-Feb-2026,PE,24750.0,137.95,25545.0,25088.4
02-Feb-2026,17-Feb-2026,PE,24800.0,152.85,99970.0,25088.4
02-Feb-2026,17-Feb-2026,PE,24850.0,167.3,32305.0,25088.4
02-Feb-2026,17-Feb-2026,PE,24900.0,182.65,71370.0,25088.4
02-Feb-2026,17-Feb-2026,PE,24950.0,199.15,17030.0,25088.4
02-Feb-2026,17-Feb-2026,PE,25000.0,217.4,234325.0,25088.4
02-Feb-2026,17-Feb-2026,PE,25050.0,235.85,18525.0,25088.4
02-Feb-2026,17-Feb-2026,PE,25100.0,262.0,100555.0,25088.4
02-Feb-2026,17-Feb-2026,PE,25150.0,283.2,16250.0,25088.4
02-Feb-2026,17-Feb-2026,PE,25200.0,311.45,129155.0,25088.4
02-Feb-2026,17-Feb-2026,PE,25250.0,339.6,15470.0,25088.4
02-Feb-2026,17-Feb-2026,PE,25300.0,358.35,131430.0,25088.4
02-Feb-2026,17-Feb-2026,PE,25350.0,393.0,10465.0,25088.4
02-Feb-2026,17-Feb-2026,PE,25400.0,417.4,116675.0,25088.4
02-Feb-2026,17-Feb-2026,PE,25450.0,460.0,9165.0,25088.4
02-Feb-2026,17-Feb-2026,PE,25500.0,490.15,220935.0,25088.4
02-Feb-2026,17-Feb-2026,PE,25550.0,542.7,17550.0,25088.4
02-Feb-2026,17-Feb-2026,PE,25600.0,568.05,21190.0,25088.4
02-Feb-2026,17-Feb-2026,PE,25650.0,611.0,2665.0,25088.4
02-Feb-2026,17-Feb-2026,PE,25700.0,635.0,21905.0,25088.4
02-Feb-2026,17-Feb-2026,PE,25750.0,752.65,975.0,25088.4
02-Feb-2026,17-Feb-2026,PE,25800.0,722.5,69160.0,25088.4
02-Feb-2026,17-Feb-2026,PE,25850.0,670.0,2730.0,25088.4
02-Feb-2026,17-Feb-2026,PE,25900.0,900.0,14495.0,25088.4
02-Feb-2026,17-Feb-2026,PE,25950.0,700.0,975.0,25088.4
02-Feb-2026,17-Feb-2026,PE,26000.0,900.7,7865.0,25088.4
02-Feb-2026,17-Feb-2026,PE,26050.0,1098.05,975.0,25088.4
02-Feb-2026,17-Feb-2026,PE,26100.0,1000.95,130.0,25088.4
02-Feb-2026,17-Feb-2026,PE,26150.0,1111.6,65.0,25088.4
02-Feb-2026,17-Feb-2026,PE,26200.0,1081.05,1300.0,25088.4
02-Feb-2026,17-Feb-2026,PE,26250.0,1203.5,65.0,25088.4
02-Feb-2026,17-Feb-2026,PE,26300.0,1180.0,5915.0,25088.4
02-Feb-2026,17-Feb-2026,PE,26350.0,1300.85,195.0,25088.4
02-Feb-2026,17-Feb-2026,PE,26400.0,1347.65,65.0,25088.4
02-Feb-2026,17-Feb-2026,PE,26450.0,1393.5,130.0,25088.4
02-Feb-2026,17-Feb-2026,PE,26500.0,1384.55,455.0,25088.4
02-Feb-2026,17-Feb-2026,PE,26550.0,1591.85,65.0,25088.4
02-Feb-2026,17-Feb-2026,PE,26600.0,1531.1,,25088.4
02-Feb-2026,17-Feb-2026,PE,26650.0,1591.25,65.0,25088.4
02-Feb-2026,17-Feb-2026,PE,26700.0,1640.95,65.0,25088.4
02-Feb-2026,17-Feb-2026,PE,26750.0,1688.85,65.0,25088.4
02-Feb-2026,17-Feb-2026,PE,26800.0,1673.2,130.0,25088.4
02-Feb-2026,17-Feb-2026,PE,26850.0,1786.45,65.0,25088.4
02-Feb-2026,17-Feb-2026,PE,26900.0,1776.75,195.0,25088.4
02-Feb-2026,17-Feb-2026,PE,26950.0,1885.15,65.0,25088.4
02-Feb-2026,17-Feb-2026,PE,27000.0,1916.7,130.0,25088.4
02-Feb-2026,17-Feb-2026,PE,27050.0,1938.65,65.0,25088.4
02-Feb-2026,17-Feb-2026,PE,27100.0,1976.45,195.0,25088.4
02-Feb-2026,17-Feb-2026,PE,27150.0,2083.2,260.0,25088.4
02-Feb-2026,17-Feb-2026,PE,27200.0,2139.75,65.0,25088.4
02-Feb-2026,17-Feb-2026,PE,27250.0,2167.45,,25088.4
02-Feb-2026,17-Feb-2026,PE,27300.0,2225.8,65.0,25088.4
02-Feb-2026,17-Feb-2026,PE,27350.0,2275.6,65.0,25088.4
02-Feb-2026,17-Feb-2026,PE,27400.0,2350.6,,25088.4
02-Feb-2026,17-Feb-2026,PE,27450.0,2346.3,,25088.4
02-Feb-2026,17-Feb-2026,PE,27500.0,2414.5,65.0,25088.4
02-Feb-2026,02-Mar-2026,CE,23100.0,,,25088.4
02-Feb-2026,02-Mar-2026,CE,23150.0,,,25088.4
02-Feb-2026,02-Mar-2026,CE,23200.0,,,25088.4
02-Feb-2026,02-Mar-2026,CE,23250.0,,,25088.4
02-Feb-2026,02-Mar-2026,CE,23300.0,1905.55,130.0,25088.4
02-Feb-2026,02-Mar-2026,CE,23350.0,,,25088.4
02-Feb-2026,02-Mar-2026,CE,23400.0,,,25088.4
02-Feb-2026,02-Mar-2026,CE,23450.0,,,25088.4
02-Feb-2026,02-Mar-2026,CE,23500.0,1705.35,65.0,25088.4
02-Feb-2026,02-Mar-2026,CE,23550.0,1663.35,65.0,25088.4
02-Feb-2026,02-Mar-2026,CE,23600.0,1616.3,65.0,25088.4
02-Feb-2026,02-Mar-2026,CE,23650.0,1564.05,130.0,25088.4
02-Feb-2026,02-Mar-2026,CE,23700.0,1516.25,130.0,25088.4
02-Feb-2026,02-Mar-2026,CE,23750.0,1471.4,65.0,25088.4
02-Feb-2026,02-Mar-2026,CE,23800.0,1419.75,65.0,25088.4
02-Feb-2026,02-Mar-2026,CE,23850.0,1387.15,130.0,25088.4
02-Feb-2026,02-Mar-2026,CE,23900.0,1340.55,195.0,25088.4
02-Feb-2026,02-Mar-2026,CE,23950.0,1295.75,195.0,25088.4
02-Feb-2026,02-Mar-2026,CE,24000.0,1273.95,2080.0,25088.4
02-Feb-2026,02-Mar-2026,CE,24050.0,1199.75,195.0,25088.4
02-Feb-2026,02-Mar-2026,CE,24100.0,1163.5,325.0,25088.4
02-Feb-2026,02-Mar-2026,CE,24150.0,,,25088.4
02-Feb-2026,02-Mar-2026,CE,24200.0,,,25088.4
02-Feb-2026,02-Mar-2026,CE,24250.0,,,25088.4
02-Feb-2026,02-Mar-2026,CE,24300.0,,,25088.4
02-Feb-2026,02-Mar-2026,CE,24350.0,,,25088.4
02-Feb-2026,02-Mar-2026,CE,24400.0,,,25088.4
02-Feb-2026,02-Mar-2026,CE,24450.0,,,25088.4
02-Feb-2026,02-Mar-2026,CE,24500.0,823.95,2275.0,25088.4
02-Feb-2026,02-Mar-2026,CE,24550.0,642.5,1235.0,25088.4
02-Feb-2026,02-Mar-2026,CE,24600.0,748.6,2080.0,25088.4
02-Feb-2026,02-Mar-2026,CE,24650.0,626.65,1950.0,25088.4
02-Feb-2026,02-Mar-2026,CE,24700.0,667.0,1950.0,25088.4
02-Feb-2026,02-Mar-2026,CE,24750.0,591.1,65.0,25088.4
02-Feb-2026,02-Mar-2026,CE,24800.0,601.95,4030.0,25088.4
02-Feb-2026,02-Mar-2026,CE,24850.0,547.9,1885.0,25088.4
02-Feb-2026,02-Mar-2026,CE,24900.0,531.8,3770.0,25088.4
02-Feb-2026,02-Mar-2026,CE,24950.0,498.6,10660.0,25088.4
02-Feb-2026,02-Mar-2026,CE,25000.0,468.8,30225.0,25088.4
02-Feb-2026,02-Mar-2026,CE,25050.0,422.05,2470.0,25088.4
02-Feb-2026,02-Mar-2026,CE,25100.0,416.75,5200.0,25088.4
02-Feb-2026,02-Mar-2026,CE,25150.0,371.55,2535.0,25088.4
02-Feb-2026,02-Mar-2026,CE,25200.0,352.9,7670.0,25088.4
02-Feb-2026,02-Mar-2026,CE,25250.0,337.4,3380.0,25088.4
02-Feb-2026,02-Mar-2026,CE,25300.0,302.85,10010.0,25088.4
02-Feb-2026,02-Mar-2026,CE,25350.0,272.75,21970.0,25088.4
02-Feb-2026,02-Mar-2026,CE,25400.0,256.0,12545.0,25088.4
02-Feb-2026,02-Mar-2026,CE,25450.0,211.75,4030.0,25088.4
02-Feb-2026,02-Mar-2026,CE,25500.0,215.55,27885.0,25088.4
02-Feb-2026,02-Mar-2026,CE,25550.0,193.35,3120.0,25088.4
02-Feb-2026,02-Mar-2026,CE,25600.0,175.8,20670.0,25088.4
02-Feb-2026,02-Mar-2026,CE,25650.0,160.15,5330.0,25088.4
02-Feb-2026,02-Mar-2026,CE,25700.0,145.7,7085.0,25088.4
02-Feb-2026,02-Mar-2026,CE,25750.0,113.25,2275.0,25088.4
02-Feb-2026,02-Mar-2026,CE,25800.0,119.2,8710.0,25088.4
02-Feb-2026,02-Mar-2026,CE,25850.0,109.15,2860.0,25088.4
02-Feb-2026,02-Mar-2026,CE,25900.0,94.55,7410.0,25088.4
02-Feb-2026,02-Mar-2026,CE,25950.0,84.8,9035.0,25088.4
02-Feb-2026,02-Mar-2026,CE,26000.0,80.5,53950.0,25088.4
02-Feb-2026,02-Mar-2026,CE,26050.0,70.0,26455.0,25088.4
02-Feb-2026,02-Mar-2026,CE,26100.0,62.85,4810.0,25088.4
02-Feb-2026,02-Mar-2026,CE,26150.0,56.6,1040.0,25088.4
02-Feb-2026,02-Mar-2026,CE,26200.0,51.85,3510.0,25088.4
02-Feb-2026,02-Mar-2026,CE,26250.0,45.3,1690.0,25088.4
02-Feb-2026,02-Mar-2026,CE,26300.0,40.0,5135.0,25088.4
02-Feb-2026,02-Mar-2026,CE,26350.0,38.7,6955.0,25088.4
02-Feb-2026,02-Mar-2026,CE,26400.0,32.95,4160.0,25088.4
02-Feb-2026,02-Mar-2026,CE,26450.0,31.25,3120.0,25088.4
02-Feb-2026,02-Mar-2026,CE,26500.0,29.05,19110.0,25088.4
02-Feb-2026,02-Mar-2026,CE,26550.0,26.3,3445.0,25088.4
02-Feb-2026,02-Mar-2026,CE,26600.0,25.0,4875.0,25088.4
02-Feb-2026,02-Mar-2026,CE,26650.0,19.35,2405.0,25088.4
02-Feb-2026,02-Mar-2026,CE,26700.0,20.65,3965.0,25088.4
02-Feb-2026,02-Mar-2026,CE,26750.0,19.0,2470.0,25088.4
02-Feb-2026,02-Mar-2026,CE,26800.0,19.1,8125.0,25088.4
02-Feb-2026,02-Mar-2026,CE,26850.0,19.45,2080.0,25088.4
02-Feb-2026,02-Mar-2026,CE,26900.0,15.5,3315.0,25088.4
02-Feb-2026,02-Mar-2026,CE,26950.0,13.0,2275.0,25088.4
02-Feb-2026,02-Mar-2026,CE,27000.0,14.55,29445.0,25088.4
02-Feb-2026,02-Mar-2026,CE,27050.0,13.6,1430.0,25088.4
02-Feb-2026,02-Mar-2026,CE,27100.0,13.0,3185.0,25088.4
02-Feb-2026,02-Mar-2026,CE,27150.0,9.2,715.0,25088.4
02-Feb-2026,02-Mar-2026,PE,23100.0,25.0,845.0,25088.4
02-Feb-2026,02-Mar-2026,PE,23150.0,,,25088.4
02-Feb-2026,02-Mar-2026,PE,23200.0,30.05,715.0,25088.4
02-Feb-2026,02-Mar-2026,PE,23250.0,,,25088.4
02-Feb-2026,02-Mar-2026,PE,23300.0,31.55,8645.0,25088.4
02-Feb-2026,02-Mar-2026,PE,23350.0,35.45,4355.0,25088.4
02-Feb-2026,02-Mar-2026,PE,23400.0,36.15,7605.0,25088.4
02-Feb-2026,02-Mar-2026,PE,23450.0,38.15,4680.0,25088.4
02-Feb-2026,02-Mar-2026,PE,23500.0,39.9,14950.0,25088.4
02-Feb-2026,02-Mar-2026,PE,23550.0,44.25,3380.0,25088.4
02-Feb-2026,02-Mar-2026,PE,23600.0,46.85,4225.0,25088.4
02-Feb-2026,02-Mar-2026,PE,23650.0,48.25,2925.0,25088.4
02-Feb-2026,02-Mar-2026,PE,23700.0,50.5,4680.0,25088.4
02-Feb-2026,02-Mar-2026,PE,23750.0,55.2,2730.0,25088.4
02-Feb-2026,02-Mar-2026,PE,23800.0,57.6,5720.0,25088.4
02-Feb-2026,02-Mar-2026,PE,23850.0,62.35,1885.0,25088.4
02-Feb-2026,02-Mar-2026,PE,23900.0,66.1,2665.0,25088.4
02-Feb-2026,02-Mar-2026,PE,23950.0,70.75,2015.0,25088.4
02-Feb-2026,02-Mar-2026,PE,24000.0,72.9,20995.0,25088.4
02-Feb-2026,02-Mar-2026,PE,24050.0,51.8,2145.0,25088.4
02-Feb-2026,02-Mar-2026,PE,24100.0,85.5,2470.0,25088.4
02-Feb-2026,02-Mar-2026,PE,24150.0,82.0,520.0,25088.4
02-Feb-2026,02-Mar-2026,PE,24200.0,92.1,2145.0,25088.4
02-Feb-2026,02-Mar-2026,PE,24250.0,155.2,2210.0,25088.4
02-Feb-2026,02-Mar-2026,PE,24300.0,107.3,3640.0,25088.4
02-Feb-2026,02-Mar-2026,PE,24350.0,77.2,1105.0,25088.4
02-Feb-2026,02-Mar-2026,PE,24400.0,125.95,4420.0,25088.4
02-Feb-2026,02-Mar-2026,PE,24450.0,142.25,2145.0,25088.4
02-Feb-2026,02-Mar-2026,PE,24500.0,144.15,28860.0,25088.4
02-Feb-2026,02-Mar-2026,PE,24550.0,120.0,2730.0,25088.4
02-Feb-2026,02-Mar-2026,PE,24600.0,165.75,3315.0,25088.4
02-Feb-2026,02-Mar-2026,PE,24650.0,175.8,2210.0,25088.4
02-Feb-2026,02-Mar-2026,PE,24700.0,189.0,5590.0,25088.4
02-Feb-2026,02-Mar-2026,PE,24750.0,200.1,1950.0,25088.4
02-Feb-2026,02-Mar-2026,PE,24800.0,217.4,5655.0,25088.4
02-Feb-2026,02-Mar-2026,PE,24850.0,286.95,3575.0,25088.4
02-Feb-2026,02-Mar-2026,PE,24900.0,246.4,3380.0,25088.4
02-Feb-2026,02-Mar-2026,PE,24950.0,267.8,3835.0,25088.4
02-Feb-2026,02-Mar-2026,PE,25000.0,284.0,25155.0,25088.4
02-Feb-2026,02-Mar-2026,PE,25050.0,336.5,4225.0,25088.4
02-Feb-2026,02-Mar-2026,PE,25100.0,322.85,7930.0,25088.4
02-Feb-2026,02-Mar-2026,PE,25150.0,337.7,3445.0,25088.4
02-Feb-2026,02-Mar-2026,PE,25200.0,361.85,5915.0,25088.4
02-Feb-2026,02-Mar-2026,PE,25250.0,474.35,3965.0,25088.4
02-Feb-2026,02-Mar-2026,PE,25300.0,419.3,3185.0,25088.4
02-Feb-2026,02-Mar-2026,PE,25350.0,442.2,3380.0,25088.4
02-Feb-2026,02-Mar-2026,PE,25400.0,476.55,5005.0,25088.4
02-Feb-2026,02-Mar-2026,PE,25450.0,559.5,4420.0,25088.4
02-Feb-2026,02-Mar-2026,PE,25500.0,516.75,13715.0,25088.4
02-Feb-2026,02-Mar-2026,PE,25550.0,,,25088.4
02-Feb-2026,02-Mar-2026,PE,25600.0,,,25088.4
02-Feb-2026,02-Mar-2026,PE,25650.0,,,25088.4
02-Feb-2026,02-Mar-2026,PE,25700.0,,,25088.4
02-Feb-2026,02-Mar-2026,PE,25750.0,,,25088.4
02-Feb-2026,02-Mar-2026,PE,25800.0,,,25088.4
02-Feb-2026,02-Mar-2026,PE,25850.0,,,25088.4
02-Feb-2026,02-Mar-2026,PE,25900.0,743.75,130.0,25088.4
02-Feb-2026,02-Mar-2026,PE,25950.0,,,25088.4
02-Feb-2026,02-Mar-2026,PE,26000.0,990.0,1885.0,25088.4
02-Feb-2026,02-Mar-2026,PE,26050.0,,,25088.4
02-Feb-2026,02-Mar-2026,PE,26100.0,,,25088.4
02-Feb-2026,02-Mar-2026,PE,26150.0,,,25088.4
02-Feb-2026,02-Mar-2026,PE,26200.0,,,25088.4
02-Feb-2026,02-Mar-2026,PE,26250.0,,,25088.4
02-Feb-2026,02-Mar-2026,PE,26300.0,,,25088.4
02-Feb-2026,02-Mar-2026,PE,26350.0,,,25088.4
02-Feb-2026,02-Mar-2026,PE,26400.0,,,25088.4
02-Feb-2026,02-Mar-2026,PE,26450.0,,,25088.4
02-Feb-2026,02-Mar-2026,PE,26500.0,,,25088.4
02-Feb-2026,02-Mar-2026,PE,26550.0,,,25088.4
02-Feb-2026,02-Mar-2026,PE,26600.0,,,25088.4
02-Feb-2026,02-Mar-2026,PE,26650.0,,,25088.4
02-Feb-2026,02-Mar-2026,PE,26700.0,,,25088.4
02-Feb-2026,02-Mar-2026,PE,26750.0,,,25088.4
02-Feb-2026,02-Mar-2026,PE,26800.0,,,25088.4
02-Feb-2026,02-Mar-2026,PE,26850.0,,,25088.4
02-Feb-2026,02-Mar-2026,PE,26900.0,,,25088.4
02-Feb-2026,02-Mar-2026,PE,26950.0,1772.35,520.0,25088.4
02-Feb-2026,02-Mar-2026,PE,27000.0,,,25088.4
02-Feb-2026,02-Mar-2026,PE,27050.0,2095.0,390.0,25088.4
02-Feb-2026,02-Mar-2026,PE,27100.0,,,25088.4
02-Feb-2026,02-Mar-2026,PE,27150.0,2027.85,65.0,25088.4
03-Feb-2026,03-Feb-2026,CE,23100.0,2665.1,1430.0,25727.55
03-Feb-2026,03-Feb-2026,CE,23150.0,,,25727.55
03-Feb-2026,03-Feb-2026,CE,23200.0,2631.1,,25727.55
03-Feb-2026,03-Feb-2026,CE,23250.0,2537.8,780.0,25727.55
03-Feb-2026,03-Feb-2026,CE,23300.0,2464.05,1755.0,25727.55
03-Feb-2026,03-Feb-2026,CE,23350.0,2324.15,195.0,25727.55
03-Feb-2026,03-Feb-2026,CE,23400.0,2422.85,1690.0,25727.55
03-Feb-2026,03-Feb-2026,CE,23450.0,1612.0,65.0,25727.55
03-Feb-2026,03-Feb-2026,CE,23500.0,2231.8,10855.0,25727.55
03-Feb-2026,03-Feb-2026,CE,23550.0,2202.9,520.0,25727.55
03-Feb-2026,03-Feb-2026,CE,23600.0,1338.0,2860.0,25727.55
03-Feb-2026,03-Feb-2026,CE,23650.0,1141.45,3120.0,25727.55
03-Feb-2026,03-Feb-2026,CE,23700.0,2036.55,5525.0,25727.55
03-Feb-2026,03-Feb-2026,CE,23750.0,2042.0,3250.0,25727.55
03-Feb-2026,03-Feb-2026,CE,23800.0,2052.9,3315.0,25727.55
03-Feb-2026,03-Feb-2026,CE,23850.0,1987.75,3120.0,25727.55
03-Feb-2026,03-Feb-2026,CE,23900.0,1829.6,1430.0,25727.55
03-Feb-2026,03-Feb-2026,CE,23950.0,1851.85,2340.0,25727.55
03-Feb-2026,03-Feb-2026,CE,24000.0,1729.9,72995.0,25727.55
03-Feb-2026,03-Feb-2026,CE,24050.0,1753.15,3705.0,25727.55
03-Feb-2026,03-Feb-2026,CE,24100.0,1624.8,4745.0,25727.55
03-Feb-2026,03-Feb-2026,CE,24150.0,1587.6,12350.0,25727.55
03-Feb-2026,03-Feb-2026,CE,24200.0,1529.95,9490.0,25727.55
03-Feb-2026,03-Feb-2026,CE,24250.0,1480.85,7735.0,25727.55
03-Feb-2026,03-Feb-2026,CE,24300.0,1426.4,34645.0,25727.55
03-Feb-2026,03-Feb-2026,CE,24350.0,1379.35,11180.0,25727.55
03-Feb-2026,03-Feb-2026,CE,24400.0,1329.6,49205.0,25727.55
03-Feb-2026,03-Feb-2026,CE,24450.0,1279.05,34580.0,25727.55
03-Feb-2026,03-Feb-2026,CE,24500.0,1229.55,150150.0,25727.55
03-Feb-2026,03-Feb-2026,CE,24550.0,1179.25,51675.0,25727.55
03-Feb-2026,03-Feb-2026,CE,24600.0,1126.65,97695.0,25727.55
03-Feb-2026,03-Feb-2026,CE,24650.0,1078.8,79625.0,25727.55
03-Feb-2026,03-Feb-2026,CE,24700.0,1025.1,717015.0,25727.55
03-Feb-2026,03-Feb-2026,CE,24750.0,975.25,532025.0,25727.55
03-Feb-2026,03-Feb-2026,CE,24800.0,927.0,452140.0,25727.55
03-Feb-2026,03-Feb-2026,CE,24850.0,879.0,511355.0,25727.55
03-Feb-2026,03-Feb-2026,CE,24900.0,827.6,455260.0,25727.55
03-Feb-2026,03-Feb-2026,CE,24950.0,776.95,378170.0,25727.55
03-Feb-2026,03-Feb-2026,CE,25000.0,726.9,1874535.0,25727.55
03-Feb-2026,03-Feb-2026,CE,25050.0,675.85,664430.0,25727.55
03-Feb-2026,03-Feb-2026,CE,25100.0,627.0,1203800.0,25727.55
03-Feb-2026,03-Feb-2026,CE,25150.0,576.95,889915.0,25727.55
03-Feb-2026,03-Feb-2026,CE,25200.0,525.6,1518335.0,25727.55
03-Feb-2026,03-Feb-2026,CE,25250.0,476.5,938535.0,25727.55
03-Feb-2026,03-Feb-2026,CE,25300.0,426.3,2411435.0,25727.55
03-Feb-2026,03-Feb-2026,CE,25350.0,376.7,992420.0,25727.55
03-Feb-2026,03-Feb-2026,CE,25400.0,327.0,845130.0,25727.55
03-Feb-2026,03-Feb-2026,CE,25450.0,276.75,354640.0,25727.55
03-Feb-2026,03-Feb-2026,CE,25500.0,227.1,1836640.0,25727.55
03-Feb-2026,03-Feb-2026,CE,25550.0,177.5,375310.0,25727.55
03-Feb-2026,03-Feb-2026,CE,25600.0,127.25,1181570.0,25727.55
03-Feb-2026,03-Feb-2026,CE,25650.0,77.4,1181765.0,25727.55
03-Feb-2026,03-Feb-2026,CE,25700.0,27.45,5570175.0,25727.55
03-Feb-2026,03-Feb-2026,CE,25750.0,0.05,19594900.0,25727.55
03-Feb-2026,03-Feb-2026,CE,25800.0,0.05,15691325.0,25727.55
03-Feb-2026,03-Feb-2026,CE,25850.0,0.05,7728045.0,25727.55
03-Feb-2026,03-Feb-2026,CE,25900.0,0.05,7343310.0,25727.55
03-Feb-2026,03-Feb-2026,CE,25950.0,0.05,3400215.0,25727.55
03-Feb-2026,03-Feb-2026,CE,26000.0,0.05,12282140.0,25727.55
03-Feb-2026,03-Feb-2026,CE,26050.0,0.05,3224520.0,25727.55
03-Feb-2026,03-Feb-2026,CE,26100.0,0.05,4000815.0,25727.55
03-Feb-2026,03-Feb-2026,CE,26150.0,0.05,1913145.0,25727.55
03-Feb-2026,03-Feb-2026,CE,26200.0,0.05,5190705.0,25727.55
03-Feb-2026,03-Feb-2026,CE,26250.0,0.05,1976325.0,25727.55
03-Feb-2026,03-Feb-2026,CE,26300.0,0.05,4045210.0,25727.55
03-Feb-2026,03-Feb-2026,CE,26350.0,0.05,2735720.0,25727.55
03-Feb-2026,03-Feb-2026,CE,26400.0,0.05,3789630.0,25727.55
03-Feb-2026,03-Feb-2026,CE,26450.0,0.05,1863420.0,25727.55
03-Feb-2026,03-Feb-2026,CE,26500.0,0.05,8946665.0,25727.55
03-Feb-2026,03-Feb-2026,CE,26550.0,0.05,1847235.0,25727.55
03-Feb-2026,03-Feb-2026,CE,26600.0,0.05,4339465.0,25727.55
03-Feb-2026,03-Feb-2026,CE,26650.0,0.05,880230.0,25727.55
03-Feb-2026,03-Feb-2026,CE,26700.0,0.05,3708250.0,25727.55
03-Feb-2026,03-Feb-2026,CE,26750.0,0.05,1595230.0,25727.55
03-Feb-2026,03-Feb-2026,CE,26800.0,0.05,5015790.0,25727.55
03-Feb-2026,03-Feb-2026,CE,26850.0,0.05,936195.0,25727.55
03-Feb-2026,03-Feb-2026,CE,26900.0,0.05,2814565.0,25727.55
03-Feb-2026,03-Feb-2026,CE,26950.0,0.05,799695.0,25727.55
03-Feb-2026,03-Feb-2026,CE,27000.0,0.05,11011715.0,25727.55
03-Feb-2026,03-Feb-2026,CE,27050.0,0.05,850135.0,25727.55
03-Feb-2026,03-Feb-2026,CE,27100.0,0.05,1177410.0,25727.55
03-Feb-2026,03-Feb-2026,CE,27150.0,0.05,477230.0,25727.55
03-Feb-2026,03-Feb-2026,CE,27200.0,0.05,1217580.0,25727.55
03-Feb-2026,03-Feb-2026,CE,27250.0,0.05,319605.0,25727.55
03-Feb-2026,03-Feb-2026,CE,27300.0,0.05,1223235.0,25727.55
03-Feb-2026,03-Feb-2026,CE,27350.0,0.05,304525.0,25727.55
03-Feb-2026,03-Feb-2026,CE,27400.0,0.05,726570.0,25727.55
03-Feb-2026,03-Feb-2026,CE,27450.0,0.05,313820.0,25727.55
03-Feb-2026,03-Feb-2026,CE,27500.0,0.05,3846830.0,25727.55
03-Feb-2026,03-Feb-2026,CE,27550.0,0.05,251940.0,25727.55
03-Feb-2026,03-Feb-2026,CE,27600.0,0.05,355225.0,25727.55
03-Feb-2026,03-Feb-2026,CE,27650.0,0.05,95940.0,25727.55
03-Feb-2026,03-Feb-2026,CE,27700.0,0.05,417820.0,25727.55
03-Feb-2026,03-Feb-2026,CE,27750.0,0.05,255970.0,25727.55
03-Feb-2026,03-Feb-2026,CE,27800.0,0.05,548535.0,25727.55
03-Feb-2026,03-Feb-2026,CE,27850.0,0.1,232570.0,25727.55
03-Feb-2026,03-Feb-2026,CE,27900.0,0.05,878670.0,25727.55
03-Feb-2026,03-Feb-2026,CE,27950.0,0.05,177190.0,25727.55
03-Feb-2026,03-Feb-2026,CE,28000.0,0.05,1663935.0,25727.55
03-Feb-2026,03-Feb-2026,CE,28050.0,0.05,432900.0,25727.55
03-Feb-2026,03-Feb-2026,CE,28100.0,0.05,1775670.0,25727.55
03-Feb-2026,03-Feb-2026,PE,23100.0,0.05,1990950.0,25727.55
03-Feb-2026,03-Feb-2026,PE,23150.0,0.05,172770.0,25727.55
03-Feb-2026,03-Feb-2026,PE,23200.0,0.05,1864720.0,25727.55
03-Feb-2026,03-Feb-2026,PE,23250.0,0.05,139035.0,25727.55
03-Feb-2026,03-Feb-2026,PE,23300.0,0.05,3293680.0,25727.55
03-Feb-2026,03-Feb-2026,PE,23350.0,0.05,421005.0,25727.55
03-Feb-2026,03-Feb-2026,PE,23400.0,0.05,1613170.0,25727.55
03-Feb-2026,03-Feb-2026,PE,23450.0,0.05,292890.0,25727.55
03-Feb-2026,03-Feb-2026,PE,23500.0,0.05,3865030.0,25727.55
03-Feb-2026,03-Feb-2026,PE,23550.0,0.05,344240.0,25727.55
03-Feb-2026,03-Feb-2026,PE,23600.0,0.05,798590.0,25727.55
03-Feb-2026,03-Feb-2026,PE,23650.0,0.05,260000.0,25727.55
03-Feb-2026,03-Feb-2026,PE,23700.0,0.05,1296360.0,25727.55
03-Feb-2026,03-Feb-2026,PE,23750.0,0.05,349245.0,25727.55
03-Feb-2026,03-Feb-2026,PE,23800.0,0.1,1479335.0,25727.55
03-Feb-2026,03-Feb-2026,PE,23850.0,0.05,314535.0,25727.55
03-Feb-2026,03-Feb-2026,PE,23900.0,0.05,1283620.0,25727.55
03-Feb-2026,03-Feb-2026,PE,23950.0,0.05,384995.0,25727.55
03-Feb-2026,03-Feb-2026,PE,24000.0,0.05,7393620.0,25727.55
03-Feb-2026,03-Feb-2026,PE,24050.0,0.05,890695.0,25727.55
03-Feb-2026,03-Feb-2026,PE,24100.0,0.05,2255630.0,25727.55
03-Feb-2026,03-Feb-2026,PE,24150.0,0.05,494325.0,25727.55
03-Feb-2026,03-Feb-2026,PE,24200.0,0.05,2440425.0,25727.55
03-Feb-2026,03-Feb-2026,PE,24250.0,0.05,664040.0,25727.55
03-Feb-2026,03-Feb-2026,PE,24300.0,0.05,2748915.0,25727.55
03-Feb-2026,03-Feb-2026,PE,24350.0,0.05,1406080.0,25727.55
03-Feb-2026,03-Feb-2026,PE,24400.0,0.05,2968160.0,25727.55
03-Feb-2026,03-Feb-2026,PE,24450.0,0.05,1099930.0,25727.55
03-Feb-2026,03-Feb-2026,PE,24500.0,0.05,7258095.0,25727.55
03-Feb-2026,03-Feb-2026,PE,24550.0,0.05,1003600.0,25727.55
03-Feb-2026,03-Feb-2026,PE,24600.0,0.05,2558010.0,25727.55
03-Feb-2026,03-Feb-2026,PE,24650.0,0.05,1936935.0,25727.55
03-Feb-2026,03-Feb-2026,PE,24700.0,0.05,3198845.0,25727.55
03-Feb-2026,03-Feb-2026,PE,24750.0,0.05,1811485.0,25727.55
03-Feb-2026,03-Feb-2026,PE,24800.0,0.05,6706765.0,25727.55
03-Feb-2026,03-Feb-2026,PE,24850.0,0.05,1749995.0,25727.55
03-Feb-2026,03-Feb-2026,PE,24900.0,0.05,2833285.0,25727.55
03-Feb-2026,03-Feb-2026,PE,24950.0,0.05,1757470.0,25727.55
03-Feb-2026,03-Feb-2026,PE,25000.0,0.05,8032765.0,25727.55
03-Feb-2026,03-Feb-2026,PE,25050.0,0.05,1871480.0,25727.55
03-Feb-2026,03-Feb-2026,PE,25100.0,0.05,3354390.0,25727.55
03-Feb-2026,03-Feb-2026,PE,25150.0,0.05,1484210.0,25727.55
03-Feb-2026,03-Feb-2026,PE,25200.0,0.05,4876820.0,25727.55
03-Feb-2026,03-Feb-2026,PE,25250.0,0.05,1835795.0,25727.55
03-Feb-2026,03-Feb-2026,PE,25300.0,0.05,4339335.0,25727.55
03-Feb-2026,03-Feb-2026,PE,25350.0,0.05,2271620.0,25727.55
03-Feb-2026,03-Feb-2026,PE,25400.0,0.05,3814070.0,25727.55
03-Feb-2026,03-Feb-2026,PE,25450.0,0.05,2262520.0,25727.55
03-Feb-2026,03-Feb-2026,PE,25500.0,0.05,6420830.0,25727.55
03-Feb-2026,03-Feb-2026,PE,25550.0,0.1,2928445.0,25727.55
03-Feb-2026,03-Feb-2026,PE,25600.0,0.05,5622955.0,25727.55
03-Feb-2026,03-Feb-2026,PE,25650.0,0.05,6087120.0,25727.55
03-Feb-2026,03-Feb-2026,PE,25700.0,0.05,18564390.0,25727.55
03-Feb-2026,03-Feb-2026,PE,25750.0,22.4,6075355.0,25727.55
03-Feb-2026,03-Feb-2026,PE,25800.0,72.3,4939155.0,25727.55
03-Feb-2026,03-Feb-2026,PE,25850.0,122.0,1564030.0,25727.55
03-Feb-2026,03-Feb-2026,PE,25900.0,172.05,944450.0,25727.55
03-Feb-2026,03-Feb-2026,PE,25950.0,222.25,155935.0,25727.55
03-Feb-2026,03-Feb-2026,PE,26000.0,272.1,894855.0,25727.55
03-Feb-2026,03-Feb-2026,PE,26050.0,322.85,70135.0,25727.55
03-Feb-2026,03-Feb-2026,PE,26100.0,372.15,267475.0,25727.55
03-Feb-2026,03-Feb-2026,PE,26150.0,422.0,40495.0,25727.55
03-Feb-2026,03-Feb-2026,PE,26200.0,472.05,111865.0,25727.55
03-Feb-2026,03-Feb-2026,PE,26250.0,523.05,37505.0,25727.55
03-Feb-2026,03-Feb-2026,PE,26300.0,571.8,84175.0,25727.55
03-Feb-2026,03-Feb-2026,PE,26350.0,621.85,21840.0,25727.55
03-Feb-2026,03-Feb-2026,PE,26400.0,671.75,20540.0,25727.55
03-Feb-2026,03-Feb-2026,PE,26450.0,723.9,6565.0,25727.55
03-Feb-2026,03-Feb-2026,PE,26500.0,774.0,64675.0,25727.55
03-Feb-2026,03-Feb-2026,PE,26550.0,821.75,5785.0,25727.55
03-Feb-2026,03-Feb-2026,PE,26600.0,871.45,6760.0,25727.55
03-Feb-2026,03-Feb-2026,PE,26650.0,919.0,7020.0,25727.55
03-Feb-2026,03-Feb-2026,PE,26700.0,971.2,5655.0,25727.55
03-Feb-2026,03-Feb-2026,PE,26750.0,1022.65,9880.0,25727.55
03-Feb-2026,03-Feb-2026,PE,26800.0,1069.85,4810.0,25727.55
03-Feb-2026,03-Feb-2026,PE,26850.0,1174.6,2600.0,25727.55
03-Feb-2026,03-Feb-2026,PE,26900.0,1170.3,1495.0,25727.55
03-Feb-2026,03-Feb-2026,PE,26950.0,1180.15,2600.0,25727.55
03-Feb-2026,03-Feb-2026,PE,27000.0,1271.85,21255.0,25727.55
03-Feb-2026,03-Feb-2026,PE,27050.0,1269.35,455.0,25727.55
03-Feb-2026,03-Feb-2026,PE,27100.0,1397.0,3510.0,25727.55
03-Feb-2026,03-Feb-2026,PE,27150.0,1331.5,650.0,25727.55
03-Feb-2026,03-Feb-2026,PE,27200.0,1460.0,3185.0,25727.55
03-Feb-2026,03-Feb-2026,PE,27250.0,1910.5,195.0,25727.55
03-Feb-2026,03-Feb-2026,PE,27300.0,1299.05,325.0,25727.55
03-Feb-2026,03-Feb-2026,PE,27350.0,1632.65,390.0,25727.55
03-Feb-2026,03-Feb-2026,PE,27400.0,1675.0,260.0,25727.55
03-Feb-2026,03-Feb-2026,PE,27450.0,1678.3,715.0,25727.55
03-Feb-2026,03-Feb-2026,PE,27500.0,1773.85,3965.0,25727.55
03-Feb-2026,03-Feb-2026,PE,27550.0,2229.05,195.0,25727.55
03-Feb-2026,03-Feb-2026,PE,27600.0,1828.2,130.0,25727.55
03-Feb-2026,03-Feb-2026,PE,27650.0,1757.75,325.0,25727.55
03-Feb-2026,03-Feb-2026,PE,27700.0,2369.4,520.0,25727.55
03-Feb-2026,03-Feb-2026,PE,27750.0,1978.25,195.0,25727.55
03-Feb-2026,03-Feb-2026,PE,27800.0,2028.75,195.0,25727.55
03-Feb-2026,03-Feb-2026,PE,27850.0,2078.45,325.0,25727.55
03-Feb-2026,03-Feb-2026,PE,27900.0,2127.9,455.0,25727.55
03-Feb-2026,03-Feb-2026,PE,27950.0,2655.2,390.0,25727.55
03-Feb-2026,03-Feb-2026,PE,28000.0,2273.0,26000.0,25727.55
03-Feb-2026,03-Feb-2026,PE,28050.0,2805.9,130.0,25727.55
03-Feb-2026,03-Feb-2026,PE,28100.0,2300.0,195.0,25727.55
03-Feb-2026,17-Feb-2026,CE,23100.0,,,25727.55
03-Feb-2026,17-Feb-2026,CE,23150.0,,,25727.55
03-Feb-2026,17-Feb-2026,CE,23200.0,,,25727.55
03-Feb-2026,17-Feb-2026,CE,23250.0,,,25727.55
03-Feb-2026,17-Feb-2026,CE,23300.0,1824.45,195.0,25727.55
03-Feb-2026,17-Feb-2026,CE,23350.0,1781.0,195.0,25727.55
03-Feb-2026,17-Feb-2026,CE,23400.0,1719.05,195.0,25727.55
03-Feb-2026,17-Feb-2026,CE,23450.0,1672.0,130.0,25727.55
03-Feb-2026,17-Feb-2026,CE,23500.0,1634.7,195.0,25727.55
03-Feb-2026,17-Feb-2026,CE,23550.0,1579.45,195.0,25727.55
03-Feb-2026,17-Feb-2026,CE,23600.0,1454.25,260.0,25727.55
03-Feb-2026,17-Feb-2026,CE,23650.0,1489.6,195.0,25727.55
03-Feb-2026,17-Feb-2026,CE,23700.0,1436.1,195.0,25727.55
03-Feb-2026,17-Feb-2026,CE,23750.0,1393.55,195.0,25727.55
03-Feb-2026,17-Feb-2026,CE,23800.0,1341.95,195.0,25727.55
03-Feb-2026,17-Feb-2026,CE,23850.0,1293.85,195.0,25727.55
03-Feb-2026,17-Feb-2026,CE,23900.0,1241.5,195.0,25727.55
03-Feb-2026,17-Feb-2026,CE,23950.0,1189.65,195.0,25727.55
03-Feb-2026,17-Feb-2026,CE,24000.0,1854.25,2275.0,25727.55
03-Feb-2026,17-Feb-2026,CE,24050.0,1094.95,195.0,25727.55
03-Feb-2026,17-Feb-2026,CE,24100.0,1048.5,260.0,25727.55
03-Feb-2026,17-Feb-2026,CE,24150.0,975.55,325.0,25727.55
03-Feb-2026,17-Feb-2026,CE,24200.0,915.8,390.0,25727.55
03-Feb-2026,17-Feb-2026,CE,24250.0,890.0,390.0,25727.55
03-Feb-2026,17-Feb-2026,CE,24300.0,1571.05,845.0,25727.55
03-Feb-2026,17-Feb-2026,CE,24350.0,1520.5,780.0,25727.55
03-Feb-2026,17-Feb-2026,CE,24400.0,1429.5,845.0,25727.55
03-Feb-2026,17-Feb-2026,CE,24450.0,716.05,715.0,25727.55
03-Feb-2026,17-Feb-2026,CE,24500.0,1306.25,5655.0,25727.55
03-Feb-2026,17-Feb-2026,CE,24550.0,665.65,1950.0,25727.55
03-Feb-2026,17-Feb-2026,CE,24600.0,1188.8,3705.0,25727.55
03-Feb-2026,17-Feb-2026,CE,24650.0,1244.05,1430.0,25727.55
03-Feb-2026,17-Feb-2026,CE,24700.0,1095.8,10465.0,25727.55
03-Feb-2026,17-Feb-2026,CE,24750.0,1050.35,8710.0,25727.55
03-Feb-2026,17-Feb-2026,CE,24800.0,999.75,14235.0,25727.55
03-Feb-2026,17-Feb-2026,CE,24850.0,965.85,3965.0,25727.55
03-Feb-2026,17-Feb-2026,CE,24900.0,909.9,27430.0,25727.55
03-Feb-2026,17-Feb-2026,CE,24950.0,856.35,17095.0,25727.55
03-Feb-2026,17-Feb-2026,CE,25000.0,824.15,108680.0,25727.55
03-Feb-2026,17-Feb-2026,CE,25050.0,779.9,5785.0,25727.55
03-Feb-2026,17-Feb-2026,CE,25100.0,730.45,53820.0,25727.55
03-Feb-2026,17-Feb-2026,CE,25150.0,696.5,8905.0,25727.55
03-Feb-2026,17-Feb-2026,CE,25200.0,652.05,145730.0,25727.55
03-Feb-2026,17-Feb-2026,CE,25250.0,606.8,11245.0,25727.55
03-Feb-2026,17-Feb-2026,CE,25300.0,580.2,118235.0,25727.55
03-Feb-2026,17-Feb-2026,CE,25350.0,526.95,10855.0,25727.55
03-Feb-2026,17-Feb-2026,CE,25400.0,495.0,222950.0,25727.55
03-Feb-2026,17-Feb-2026,CE,25450.0,451.8,8905.0,25727.55
03-Feb-2026,17-Feb-2026,CE,25500.0,422.0,307320.0,25727.55
03-Feb-2026,17-Feb-2026,CE,25550.0,390.0,40365.0,25727.55
03-Feb-2026,17-Feb-2026,CE,25600.0,361.5,104390.0,25727.55
03-Feb-2026,17-Feb-2026,CE,25650.0,325.0,17485.0,25727.55
03-Feb-2026,17-Feb-2026,CE,25700.0,298.95,247845.0,25727.55
03-Feb-2026,17-Feb-2026,CE,25750.0,270.0,77350.0,25727.55
03-Feb-2026,17-Feb-2026,CE,25800.0,240.95,464165.0,25727.55
03-Feb-2026,17-Feb-2026,CE,25850.0,214.45,109980.0,25727.55
03-Feb-2026,17-Feb-2026,CE,25900.0,195.0,245570.0,25727.55
03-Feb-2026,17-Feb-2026,CE,25950.0,172.1,40950.0,25727.55
03-Feb-2026,17-Feb-2026,CE,26000.0,151.0,1572480.0,25727.55
03-Feb-2026,17-Feb-2026,CE,26050.0,136.0,47775.0,25727.55
03-Feb-2026,17-Feb-2026,CE,26100.0,119.6,342290.0,25727.55
03-Feb-2026,17-Feb-2026,CE,26150.0,105.0,25675.0,25727.55
03-Feb-2026,17-Feb-2026,CE,26200.0,94.05,305760.0,25727.55
03-Feb-2026,17-Feb-2026,CE,26250.0,82.5,34905.0,25727.55
03-Feb-2026,17-Feb-2026,CE,26300.0,74.85,196950.0,25727.55
03-Feb-2026,17-Feb-2026,CE,26350.0,63.65,55315.0,25727.55
03-Feb-2026,17-Feb-2026,CE,26400.0,57.0,157040.0,25727.55
03-Feb-2026,17-Feb-2026,CE,26450.0,48.8,32760.0,25727.55
03-Feb-2026,17-Feb-2026,CE,26500.0,43.6,403195.0,25727.55
03-Feb-2026,17-Feb-2026,CE,26550.0,39.45,36140.0,25727.55
03-Feb-2026,17-Feb-2026,CE,26600.0,34.9,88270.0,25727.55
03-Feb-2026,17-Feb-2026,CE,26650.0,30.15,39455.0,25727.55
03-Feb-2026,17-Feb-2026,CE,26700.0,27.2,97955.0,25727.55
03-Feb-2026,17-Feb-2026,CE,26750.0,25.0,37050.0,25727.55
03-Feb-2026,17-Feb-2026,CE,26800.0,23.6,92950.0,25727.55
03-Feb-2026,17-Feb-2026,CE,26850.0,20.1,11570.0,25727.55
03-Feb-2026,17-Feb-2026,CE,26900.0,19.15,43030.0,25727.55
03-Feb-2026,17-Feb-2026,CE,26950.0,16.05,15080.0,25727.55
03-Feb-2026,17-Feb-2026,CE,27000.0,16.8,332150.0,25727.55
03-Feb-2026,17-Feb-2026,CE,27050.0,14.0,9555.0,25727.55
03-Feb-2026,17-Feb-2026,CE,27100.0,11.1,32825.0,25727.55
03-Feb-2026,17-Feb-2026,CE,27150.0,11.55,3705.0,25727.55
03-Feb-2026,17-Feb-2026,CE,27200.0,12.85,31590.0,25727.55
03-Feb-2026,17-Feb-2026,CE,27250.0,9.75,4680.0,25727.55
03-Feb-2026,17-Feb-2026,CE,27300.0,9.9,24700.0,25727.55
03-Feb-2026,17-Feb-2026,CE,27350.0,7.0,7865.0,25727.55
03-Feb-2026,17-Feb-2026,CE,27400.0,7.5,39065.0,25727.55
03-Feb-2026,17-Feb-2026,CE,27450.0,6.7,37635.0,25727.55
03-Feb-2026,17-Feb-2026,CE,27500.0,7.0,258570.0,25727.55
03-Feb-2026,17-Feb-2026,CE,27550.0,,,25727.55
03-Feb-2026,17-Feb-2026,PE,23100.0,7.5,68510.0,25727.55
03-Feb-2026,17-Feb-2026,PE,23150.0,8.35,12480.0,25727.55
03-Feb-2026,17-Feb-2026,PE,23200.0,7.85,32565.0,25727.55
03-Feb-2026,17-Feb-2026,PE,23250.0,9.3,3900.0,25727.55
03-Feb-2026,17-Feb-2026,PE,23300.0,8.25,39130.0,25727.55
03-Feb-2026,17-Feb-2026,PE,23350.0,7.65,9750.0,25727.55
03-Feb-2026,17-Feb-2026,PE,23400.0,6.4,15795.0,25727.55
03-Feb-2026,17-Feb-2026,PE,23450.0,7.05,6500.0,25727.55
03-Feb-2026,17-Feb-2026,PE,23500.0,9.8,84175.0,25727.55
03-Feb-2026,17-Feb-2026,PE,23550.0,7.45,3445.0,25727.55
03-Feb-2026,17-Feb-2026,PE,23600.0,8.55,21515.0,25727.55
03-Feb-2026,17-Feb-2026,PE,23650.0,9.2,2925.0,25727.55
03-Feb-2026,17-Feb-2026,PE,23700.0,9.05,19500.0,25727.55
03-Feb-2026,17-Feb-2026,PE,23750.0,9.5,13715.0,25727.55
03-Feb-2026,17-Feb-2026,PE,23800.0,10.0,39780.0,25727.55
03-Feb-2026,17-Feb-2026,PE,23850.0,11.85,11115.0,25727.55
03-Feb-2026,17-Feb-2026,PE,23900.0,12.8,49075.0,25727.55
03-Feb-2026,17-Feb-2026,PE,23950.0,11.35,7605.0,25727.55
03-Feb-2026,17-Feb-2026,PE,24000.0,15.0,197730.0,25727.55
03-Feb-2026,17-Feb-2026,PE,24050.0,13.1,20865.0,25727.55
03-Feb-2026,17-Feb-2026,PE,24100.0,14.2,45110.0,25727.55
03-Feb-2026,17-Feb-2026,PE,24150.0,14.0,13260.0,25727.55
03-Feb-2026,17-Feb-2026,PE,24200.0,19.2,84110.0,25727.55
03-Feb-2026,17-Feb-2026,PE,24250.0,19.15,7280.0,25727.55
03-Feb-2026,17-Feb-2026,PE,24300.0,19.9,42055.0,25727.55
03-Feb-2026,17-Feb-2026,PE,24350.0,20.3,7475.0,25727.55
03-Feb-2026,17-Feb-2026,PE,24400.0,21.35,31720.0,25727.55
03-Feb-2026,17-Feb-2026,PE,24450.0,22.15,11960.0,25727.55
03-Feb-2026,17-Feb-2026,PE,24500.0,24.2,182520.0,25727.55
03-Feb-2026,17-Feb-2026,PE,24550.0,24.65,24440.0,25727.55
03-Feb-2026,17-Feb-2026,PE,24600.0,28.8,70135.0,25727.55
03-Feb-2026,17-Feb-2026,PE,24650.0,28.95,22815.0,25727.55
03-Feb-2026,17-Feb-2026,PE,24700.0,30.95,172250.0,25727.55
03-Feb-2026,17-Feb-2026,PE,24750.0,32.15,42055.0,25727.55
03-Feb-2026,17-Feb-2026,PE,24800.0,36.7,211835.0,25727.55
03-Feb-2026,17-Feb-2026,PE,24850.0,38.0,42705.0,25727.55
03-Feb-2026,17-Feb-2026,PE,24900.0,41.7,160355.0,25727.55
03-Feb-2026,17-Feb-2026,PE,24950.0,45.0,32305.0,25727.55
03-Feb-2026,17-Feb-2026,PE,25000.0,50.0,576420.0,25727.55
03-Feb-2026,17-Feb-2026,PE,25050.0,56.0,23725.0,25727.55
03-Feb-2026,17-Feb-2026,PE,25100.0,59.8,136890.0,25727.55
03-Feb-2026,17-Feb-2026,PE,25150.0,68.45,57785.0,25727.55
03-Feb-2026,17-Feb-2026,PE,25200.0,69.95,238550.0,25727.55
03-Feb-2026,17-Feb-2026,PE,25250.0,84.4,32240.0,25727.55
03-Feb-2026,17-Feb-2026,PE,25300.0,93.2,238485.0,25727.55
03-Feb-2026,17-Feb-2026,PE,25350.0,100.9,45695.0,25727.55
03-Feb-2026,17-Feb-2026,PE,25400.0,115.9,222560.0,25727.55
03-Feb-2026,17-Feb-2026,PE,25450.0,121.5,29965.0,25727.55
03-Feb-2026,17-Feb-2026,PE,25500.0,138.55,384800.0,25727.55
03-Feb-2026,17-Feb-2026,PE,25550.0,154.95,24830.0,25727.55
03-Feb-2026,17-Feb-2026,PE,25600.0,170.0,143325.0,25727.55
03-Feb-2026,17-Feb-2026,PE,25650.0,190.0,17615.0,25727.55
03-Feb-2026,17-Feb-2026,PE,25700.0,208.5,215215.0,25727.55
03-Feb-2026,17-Feb-2026,PE,25750.0,233.0,82030.0,25727.55
03-Feb-2026,17-Feb-2026,PE,25800.0,254.1,414310.0,25727.55
03-Feb-2026,17-Feb-2026,PE,25850.0,286.75,39195.0,25727.55
03-Feb-2026,17-Feb-2026,PE,25900.0,309.0,120965.0,25727.55
03-Feb-2026,17-Feb-2026,PE,25950.0,344.25,20280.0,25727.55
03-Feb-2026,17-Feb-2026,PE,26000.0,364.3,155870.0,25727.55
03-Feb-2026,17-Feb-2026,PE,26050.0,404.15,16705.0,25727.55
03-Feb-2026,17-Feb-2026,PE,26100.0,442.75,24245.0,25727.55
03-Feb-2026,17-Feb-2026,PE,26150.0,468.3,18135.0,25727.55
03-Feb-2026,17-Feb-2026,PE,26200.0,510.6,24375.0,25727.55
03-Feb-2026,17-Feb-2026,PE,26250.0,558.8,130.0,25727.55
03-Feb-2026,17-Feb-2026,PE,26300.0,591.55,31720.0,25727.55
03-Feb-2026,17-Feb-2026,PE,26350.0,630.55,260.0,25727.55
03-Feb-2026,17-Feb-2026,PE,26400.0,676.65,7605.0,25727.55
03-Feb-2026,17-Feb-2026,PE,26450.0,678.75,130.0,25727.55
03-Feb-2026,17-Feb-2026,PE,26500.0,755.65,3445.0,25727.55
03-Feb-2026,17-Feb-2026,PE,26550.0,1591.85,65.0,25727.55
03-Feb-2026,17-Feb-2026,PE,26600.0,797.25,1625.0,25727.55
03-Feb-2026,17-Feb-2026,PE,26650.0,1591.25,65.0,25727.55
03-Feb-2026,17-Feb-2026,PE,26700.0,915.0,520.0,25727.55
03-Feb-2026,17-Feb-2026,PE,26750.0,1688.85,65.0,25727.55
03-Feb-2026,17-Feb-2026,PE,26800.0,1022.45,130.0,25727.55
03-Feb-2026,17-Feb-2026,PE,26850.0,1786.45,65.0,25727.55
03-Feb-2026,17-Feb-2026,PE,26900.0,1077.4,260.0,25727.55
03-Feb-2026,17-Feb-2026,PE,26950.0,1885.15,65.0,25727.55
03-Feb-2026,17-Feb-2026,PE,27000.0,1916.7,130.0,25727.55
03-Feb-2026,17-Feb-2026,PE,27050.0,1938.65,65.0,25727.55
03-Feb-2026,17-Feb-2026,PE,27100.0,1284.95,130.0,25727.55
03-Feb-2026,17-Feb-2026,PE,27150.0,1291.7,195.0,25727.55
03-Feb-2026,17-Feb-2026,PE,27200.0,2139.75,65.0,25727.55
03-Feb-2026,17-Feb-2026,PE,27250.0,2167.45,,25727.55
03-Feb-2026,17-Feb-2026,PE,27300.0,2225.8,65.0,25727.55
03-Feb-2026,17-Feb-2026,PE,27350.0,2275.6,65.0,25727.55
03-Feb-2026,17-Feb-2026,PE,27400.0,2350.6,,25727.55
03-Feb-2026,17-Feb-2026,PE,27450.0,2346.3,,25727.55
03-Feb-2026,17-Feb-2026,PE,27500.0,2414.5,65.0,25727.55
03-Feb-2026,17-Feb-2026,PE,27550.0,,,25727.55
03-Feb-2026,02-Mar-2026,CE,23100.0,,,25727.55
03-Feb-2026,02-Mar-2026,CE,23150.0,,,25727.55
03-Feb-2026,02-Mar-2026,CE,23200.0,,,25727.55
03-Feb-2026,02-Mar-2026,CE,23250.0,,,25727.55
03-Feb-2026,02-Mar-2026,CE,23300.0,1905.55,130.0,25727.55
03-Feb-2026,02-Mar-2026,CE,23350.0,,,25727.55
03-Feb-2026,02-Mar-2026,CE,23400.0,,,25727.55
03-Feb-2026,02-Mar-2026,CE,23450.0,,,25727.55
03-Feb-2026,02-Mar-2026,CE,23500.0,1705.35,65.0,25727.55
03-Feb-2026,02-Mar-2026,CE,23550.0,1663.35,65.0,25727.55
03-Feb-2026,02-Mar-2026,CE,23600.0,1616.3,65.0,25727.55
03-Feb-2026,02-Mar-2026,CE,23650.0,2241.8,195.0,25727.55
03-Feb-2026,02-Mar-2026,CE,23700.0,1516.25,130.0,25727.55
03-Feb-2026,02-Mar-2026,CE,23750.0,1471.4,65.0,25727.55
03-Feb-2026,02-Mar-2026,CE,23800.0,1419.75,65.0,25727.55
03-Feb-2026,02-Mar-2026,CE,23850.0,1387.15,130.0,25727.55
03-Feb-2026,02-Mar-2026,CE,23900.0,1340.55,195.0,25727.55
03-Feb-2026,02-Mar-2026,CE,23950.0,1295.75,195.0,25727.55
03-Feb-2026,02-Mar-2026,CE,24000.0,1954.55,1950.0,25727.55
03-Feb-2026,02-Mar-2026,CE,24050.0,1199.75,195.0,25727.55
03-Feb-2026,02-Mar-2026,CE,24100.0,1163.5,325.0,25727.55
03-Feb-2026,02-Mar-2026,CE,24150.0,,,25727.55
03-Feb-2026,02-Mar-2026,CE,24200.0,,,25727.55
03-Feb-2026,02-Mar-2026,CE,24250.0,,,25727.55
03-Feb-2026,02-Mar-2026,CE,24300.0,,,25727.55
03-Feb-2026,02-Mar-2026,CE,24350.0,,,25727.55
03-Feb-2026,02-Mar-2026,CE,24400.0,,,25727.55
03-Feb-2026,02-Mar-2026,CE,24450.0,,,25727.55
03-Feb-2026,02-Mar-2026,CE,24500.0,823.95,2275.0,25727.55
03-Feb-2026,02-Mar-2026,CE,24550.0,1422.75,520.0,25727.55
03-Feb-2026,02-Mar-2026,CE,24600.0,1361.2,1755.0,25727.55
03-Feb-2026,02-Mar-2026,CE,24650.0,626.65,1950.0,25727.55
03-Feb-2026,02-Mar-2026,CE,24700.0,1241.0,1820.0,25727.55
03-Feb-2026,02-Mar-2026,CE,24750.0,591.1,65.0,25727.55
03-Feb-2026,02-Mar-2026,CE,24800.0,971.2,2535.0,25727.55
03-Feb-2026,02-Mar-2026,CE,24850.0,1138.0,1755.0,25727.55
03-Feb-2026,02-Mar-2026,CE,24900.0,1061.6,2470.0,25727.55
03-Feb-2026,02-Mar-2026,CE,24950.0,608.7,9165.0,25727.55
03-Feb-2026,02-Mar-2026,CE,25000.0,910.0,8255.0,25727.55
03-Feb-2026,02-Mar-2026,CE,25050.0,927.0,1950.0,25727.55
03-Feb-2026,02-Mar-2026,CE,25100.0,850.0,4225.0,25727.55
03-Feb-2026,02-Mar-2026,CE,25150.0,779.4,3185.0,25727.55
03-Feb-2026,02-Mar-2026,CE,25200.0,786.95,4225.0,25727.55
03-Feb-2026,02-Mar-2026,CE,25250.0,793.1,2600.0,25727.55
03-Feb-2026,02-Mar-2026,CE,25300.0,676.95,5785.0,25727.55
03-Feb-2026,02-Mar-2026,CE,25350.0,651.4,20475.0,25727.55
03-Feb-2026,02-Mar-2026,CE,25400.0,597.0,14235.0,25727.55
03-Feb-2026,02-Mar-2026,CE,25450.0,567.9,4810.0,25727.55
03-Feb-2026,02-Mar-2026,CE,25500.0,538.5,21775.0,25727.55
03-Feb-2026,02-Mar-2026,CE,25550.0,532.05,3640.0,25727.55
03-Feb-2026,02-Mar-2026,CE,25600.0,475.3,20475.0,25727.55
03-Feb-2026,02-Mar-2026,CE,25650.0,444.5,3055.0,25727.55
03-Feb-2026,02-Mar-2026,CE,25700.0,415.0,10790.0,25727.55
03-Feb-2026,02-Mar-2026,CE,25750.0,383.35,3055.0,25727.55
03-Feb-2026,02-Mar-2026,CE,25800.0,355.6,12350.0,25727.55
03-Feb-2026,02-Mar-2026,CE,25850.0,330.0,3250.0,25727.55
03-Feb-2026,02-Mar-2026,CE,25900.0,302.8,9360.0,25727.55
03-Feb-2026,02-Mar-2026,CE,25950.0,303.7,9620.0,25727.55
03-Feb-2026,02-Mar-2026,CE,26000.0,256.0,53300.0,25727.55
03-Feb-2026,02-Mar-2026,CE,26050.0,227.9,26650.0,25727.55
03-Feb-2026,02-Mar-2026,CE,26100.0,214.3,9295.0,25727.55
03-Feb-2026,02-Mar-2026,CE,26150.0,215.0,910.0,25727.55
03-Feb-2026,02-Mar-2026,CE,26200.0,176.85,11440.0,25727.55
03-Feb-2026,02-Mar-2026,CE,26250.0,154.9,2925.0,25727.55
03-Feb-2026,02-Mar-2026,CE,26300.0,146.0,17615.0,25727.55
03-Feb-2026,02-Mar-2026,CE,26350.0,140.25,4810.0,25727.55
03-Feb-2026,02-Mar-2026,CE,26400.0,114.05,12415.0,25727.55
03-Feb-2026,02-Mar-2026,CE,26450.0,110.0,7085.0,25727.55
03-Feb-2026,02-Mar-2026,CE,26500.0,99.25,37635.0,25727.55
03-Feb-2026,02-Mar-2026,CE,26550.0,89.0,10920.0,25727.55
03-Feb-2026,02-Mar-2026,CE,26600.0,84.35,7995.0,25727.55
03-Feb-2026,02-Mar-2026,CE,26650.0,194.25,2275.0,25727.55
03-Feb-2026,02-Mar-2026,CE,26700.0,65.65,6240.0,25727.55
03-Feb-2026,02-Mar-2026,CE,26750.0,61.95,3445.0,25727.55
03-Feb-2026,02-Mar-2026,CE,26800.0,54.2,7865.0,25727.55
03-Feb-2026,02-Mar-2026,CE,26850.0,46.45,2925.0,25727.55
03-Feb-2026,02-Mar-2026,CE,26900.0,43.0,8580.0,25727.55
03-Feb-2026,02-Mar-2026,CE,26950.0,41.9,2730.0,25727.55
03-Feb-2026,02-Mar-2026,CE,27000.0,37.8,62985.0,25727.55
03-Feb-2026,02-Mar-2026,CE,27050.0,34.25,2470.0,25727.55
03-Feb-2026,02-Mar-2026,CE,27100.0,30.8,7865.0,25727.55
03-Feb-2026,02-Mar-2026,CE,27150.0,25.8,5395.0,25727.55
03-Feb-2026,02-Mar-2026,CE,27200.0,25.3,260.0,25727.55
03-Feb-2026,02-Mar-2026,CE,27250.0,,,25727.55
03-Feb-2026,02-Mar-2026,CE,27300.0,21.55,65.0,25727.55
03-Feb-2026,02-Mar-2026,CE,27350.0,,,25727.55
03-Feb-2026,02-Mar-2026,CE,27400.0,,,25727.55
03-Feb-2026,02-Mar-2026,CE,27450.0,,,25727.55
03-Feb-2026,02-Mar-2026,CE,27500.0,18.65,3185.0,25727.55
03-Feb-2026,02-Mar-2026,CE,27550.0,,,25727.55
03-Feb-2026,02-Mar-2026,PE,23100.0,16.75,1950.0,25727.55
03-Feb-2026,02-Mar-2026,PE,23150.0,,,25727.55
03-Feb-2026,02-Mar-2026,PE,23200.0,20.0,715.0,25727.55
03-Feb-2026,02-Mar-2026,PE,23250.0,,,25727.55
03-Feb-2026,02-Mar-2026,PE,23300.0,15.0,4225.0,25727.55
03-Feb-2026,02-Mar-2026,PE,23350.0,15.45,2600.0,25727.55
03-Feb-2026,02-Mar-2026,PE,23400.0,16.95,3900.0,25727.55
03-Feb-2026,02-Mar-2026,PE,23450.0,20.0,1690.0,25727.55
03-Feb-2026,02-Mar-2026,PE,23500.0,18.95,9815.0,25727.55
03-Feb-2026,02-Mar-2026,PE,23550.0,24.35,3055.0,25727.55
03-Feb-2026,02-Mar-2026,PE,23600.0,24.1,2990.0,25727.55
03-Feb-2026,02-Mar-2026,PE,23650.0,48.25,2925.0,25727.55
03-Feb-2026,02-Mar-2026,PE,23700.0,23.2,2925.0,25727.55
03-Feb-2026,02-Mar-2026,PE,23750.0,33.0,2535.0,25727.55
03-Feb-2026,02-Mar-2026,PE,23800.0,25.25,3445.0,25727.55
03-Feb-2026,02-Mar-2026,PE,23850.0,25.6,1625.0,25727.55
03-Feb-2026,02-Mar-2026,PE,23900.0,23.0,1950.0,25727.55
03-Feb-2026,02-Mar-2026,PE,23950.0,27.65,1755.0,25727.55
03-Feb-2026,02-Mar-2026,PE,24000.0,29.5,28080.0,25727.55
03-Feb-2026,02-Mar-2026,PE,24050.0,29.55,2795.0,25727.55
03-Feb-2026,02-Mar-2026,PE,24100.0,30.65,3380.0,25727.55
03-Feb-2026,02-Mar-2026,PE,24150.0,31.95,845.0,25727.55
03-Feb-2026,02-Mar-2026,PE,24200.0,31.6,4160.0,25727.55
03-Feb-2026,02-Mar-2026,PE,24250.0,155.2,2210.0,25727.55
03-Feb-2026,02-Mar-2026,PE,24300.0,34.6,6370.0,25727.55
03-Feb-2026,02-Mar-2026,PE,24350.0,36.25,1625.0,25727.55
03-Feb-2026,02-Mar-2026,PE,24400.0,39.7,7670.0,25727.55
03-Feb-2026,02-Mar-2026,PE,24450.0,43.45,4615.0,25727.55
03-Feb-2026,02-Mar-2026,PE,24500.0,45.25,54860.0,25727.55
03-Feb-2026,02-Mar-2026,PE,24550.0,44.2,3315.0,25727.55
03-Feb-2026,02-Mar-2026,PE,24600.0,49.15,7670.0,25727.55
03-Feb-2026,02-Mar-2026,PE,24650.0,48.1,3055.0,25727.55
03-Feb-2026,02-Mar-2026,PE,24700.0,54.0,9490.0,25727.55
03-Feb-2026,02-Mar-2026,PE,24750.0,53.95,4095.0,25727.55
03-Feb-2026,02-Mar-2026,PE,24800.0,61.95,20930.0,25727.55
03-Feb-2026,02-Mar-2026,PE,24850.0,95.1,3640.0,25727.55
03-Feb-2026,02-Mar-2026,PE,24900.0,72.5,8060.0,25727.55
03-Feb-2026,02-Mar-2026,PE,24950.0,78.15,5785.0,25727.55
03-Feb-2026,02-Mar-2026,PE,25000.0,87.5,65000.0,25727.55
03-Feb-2026,02-Mar-2026,PE,25050.0,89.6,7670.0,25727.55
03-Feb-2026,02-Mar-2026,PE,25100.0,98.6,11180.0,25727.55
03-Feb-2026,02-Mar-2026,PE,25150.0,104.0,9035.0,25727.55
03-Feb-2026,02-Mar-2026,PE,25200.0,117.45,11115.0,25727.55
03-Feb-2026,02-Mar-2026,PE,25250.0,250.0,3965.0,25727.55
03-Feb-2026,02-Mar-2026,PE,25300.0,136.0,12480.0,25727.55
03-Feb-2026,02-Mar-2026,PE,25350.0,141.15,10205.0,25727.55
03-Feb-2026,02-Mar-2026,PE,25400.0,157.25,16380.0,25727.55
03-Feb-2026,02-Mar-2026,PE,25450.0,201.3,7150.0,25727.55
03-Feb-2026,02-Mar-2026,PE,25500.0,186.95,38155.0,25727.55
03-Feb-2026,02-Mar-2026,PE,25550.0,,,25727.55
03-Feb-2026,02-Mar-2026,PE,25600.0,224.85,2730.0,25727.55
03-Feb-2026,02-Mar-2026,PE,25650.0,240.4,2925.0,25727.55
03-Feb-2026,02-Mar-2026,PE,25700.0,255.1,15340.0,25727.55
03-Feb-2026,02-Mar-2026,PE,25750.0,274.0,2015.0,25727.55
03-Feb-2026,02-Mar-2026,PE,25800.0,303.55,845.0,25727.55
03-Feb-2026,02-Mar-2026,PE,25850.0,313.4,3315.0,25727.55
03-Feb-2026,02-Mar-2026,PE,25900.0,346.0,4030.0,25727.55
03-Feb-2026,02-Mar-2026,PE,25950.0,366.95,130.0,25727.55
03-Feb-2026,02-Mar-2026,PE,26000.0,401.35,7150.0,25727.55
03-Feb-2026,02-Mar-2026,PE,26050.0,,,25727.55
03-Feb-2026,02-Mar-2026,PE,26100.0,,,25727.55
03-Feb-2026,02-Mar-2026,PE,26150.0,,,25727.55
03-Feb-2026,02-Mar-2026,PE,26200.0,,,25727.55
03-Feb-2026,02-Mar-2026,PE,26250.0,,,25727.55
03-Feb-2026,02-Mar-2026,PE,26300.0,,,25727.55
03-Feb-2026,02-Mar-2026,PE,26350.0,,,25727.55
03-Feb-2026,02-Mar-2026,PE,26400.0,,,25727.55
03-Feb-2026,02-Mar-2026,PE,26450.0,,,25727.55
03-Feb-2026,02-Mar-2026,PE,26500.0,,,25727.55
03-Feb-2026,02-Mar-2026,PE,26550.0,,,25727.55
03-Feb-2026,02-Mar-2026,PE,26600.0,,,25727.55
03-Feb-2026,02-Mar-2026,PE,26650.0,,,25727.55
03-Feb-2026,02-Mar-2026,PE,26700.0,,,25727.55
03-Feb-2026,02-Mar-2026,PE,26750.0,,,25727.55
03-Feb-2026,02-Mar-2026,PE,26800.0,,,25727.55
03-Feb-2026,02-Mar-2026,PE,26850.0,,,25727.55
03-Feb-2026,02-Mar-2026,PE,26900.0,,,25727.55
03-Feb-2026,02-Mar-2026,PE,26950.0,1127.2,585.0,25727.55
03-Feb-2026,02-Mar-2026,PE,27000.0,,,25727.55
03-Feb-2026,02-Mar-2026,PE,27050.0,2095.0,390.0,25727.55
03-Feb-2026,02-Mar-2026,PE,27100.0,,,25727.55
03-Feb-2026,02-Mar-2026,PE,27150.0,2027.85,65.0,25727.55
03-Feb-2026,02-Mar-2026,PE,27200.0,,,25727.55
03-Feb-2026,02-Mar-2026,PE,27250.0,,,25727.55
03-Feb-2026,02-Mar-2026,PE,27300.0,,,25727.55
03-Feb-2026,02-Mar-2026,PE,27350.0,,,25727.55
03-Feb-2026,02-Mar-2026,PE,27400.0,,,25727.55
03-Feb-2026,02-Mar-2026,PE,27450.0,,,25727.55
03-Feb-2026,02-Mar-2026,PE,27500.0,,,25727.55
03-Feb-2026,02-Mar-2026,PE,27550.0,,,25727.55
04-Feb-2026,17-Feb-2026,CE,23100.0,2723.15,65.0,25776.0
04-Feb-2026,17-Feb-2026,CE,23150.0,2679.25,65.0,25776.0
04-Feb-2026,17-Feb-2026,CE,23200.0,2635.45,65.0,25776.0
04-Feb-2026,17-Feb-2026,CE,23250.0,2581.8,65.0,25776.0
04-Feb-2026,17-Feb-2026,CE,23300.0,2549.05,195.0,25776.0
04-Feb-2026,17-Feb-2026,CE,23350.0,2481.75,195.0,25776.0
04-Feb-2026,17-Feb-2026,CE,23400.0,2429.15,195.0,25776.0
04-Feb-2026,17-Feb-2026,CE,23450.0,2365.45,130.0,25776.0
04-Feb-2026,17-Feb-2026,CE,23500.0,2334.4,195.0,25776.0
04-Feb-2026,17-Feb-2026,CE,23550.0,2266.3,195.0,25776.0
04-Feb-2026,17-Feb-2026,CE,23600.0,2245.05,260.0,25776.0
04-Feb-2026,17-Feb-2026,CE,23650.0,2185.1,195.0,25776.0
04-Feb-2026,17-Feb-2026,CE,23700.0,2135.6,195.0,25776.0
04-Feb-2026,17-Feb-2026,CE,23750.0,2086.15,195.0,25776.0
04-Feb-2026,17-Feb-2026,CE,23800.0,2039.7,195.0,25776.0
04-Feb-2026,17-Feb-2026,CE,23850.0,1990.4,195.0,25776.0
04-Feb-2026,17-Feb-2026,CE,23900.0,1940.3,195.0,25776.0
04-Feb-2026,17-Feb-2026,CE,23950.0,1893.85,195.0,25776.0
04-Feb-2026,17-Feb-2026,CE,24000.0,1861.2,2145.0,25776.0
04-Feb-2026,17-Feb-2026,CE,24050.0,1792.1,195.0,25776.0
04-Feb-2026,17-Feb-2026,CE,24100.0,1745.9,260.0,25776.0
04-Feb-2026,17-Feb-2026,CE,24150.0,1694.85,325.0,25776.0
04-Feb-2026,17-Feb-2026,CE,24200.0,1665.4,325.0,25776.0
04-Feb-2026,17-Feb-2026,CE,24250.0,1608.85,390.0,25776.0
04-Feb-2026,17-Feb-2026,CE,24300.0,1481.65,390.0,25776.0
04-Feb-2026,17-Feb-2026,CE,24350.0,1510.95,585.0,25776.0
04-Feb-2026,17-Feb-2026,CE,24400.0,1464.85,650.0,25776.0
04-Feb-2026,17-Feb-2026,CE,24450.0,1368.1,585.0,25776.0
04-Feb-2026,17-Feb-2026,CE,24500.0,1315.0,5720.0,25776.0
04-Feb-2026,17-Feb-2026,CE,24550.0,1240.0,1950.0,25776.0
04-Feb-2026,17-Feb-2026,CE,24600.0,1222.2,3250.0,25776.0
04-Feb-2026,17-Feb-2026,CE,24650.0,1206.15,1430.0,25776.0
04-Feb-2026,17-Feb-2026,CE,24700.0,1145.85,8450.0,25776.0
04-Feb-2026,17-Feb-2026,CE,24750.0,1110.55,8515.0,25776.0
04-Feb-2026,17-Feb-2026,CE,24800.0,1019.3,14365.0,25776.0
04-Feb-2026,17-Feb-2026,CE,24850.0,979.2,4875.0,25776.0
04-Feb-2026,17-Feb-2026,CE,24900.0,928.0,29380.0,25776.0
04-Feb-2026,17-Feb-2026,CE,24950.0,934.6,16510.0,25776.0
04-Feb-2026,17-Feb-2026,CE,25000.0,834.0,108615.0,25776.0
04-Feb-2026,17-Feb-2026,CE,25050.0,791.25,6110.0,25776.0
04-Feb-2026,17-Feb-2026,CE,25100.0,744.0,48360.0,25776.0
04-Feb-2026,17-Feb-2026,CE,25150.0,726.25,7280.0,25776.0
04-Feb-2026,17-Feb-2026,CE,25200.0,655.25,152685.0,25776.0
04-Feb-2026,17-Feb-2026,CE,25250.0,610.0,14365.0,25776.0
04-Feb-2026,17-Feb-2026,CE,25300.0,570.4,101985.0,25776.0
04-Feb-2026,17-Feb-2026,CE,25350.0,528.6,18980.0,25776.0
04-Feb-2026,17-Feb-2026,CE,25400.0,485.25,218205.0,25776.0
04-Feb-2026,17-Feb-2026,CE,25450.0,450.4,26455.0,25776.0
04-Feb-2026,17-Feb-2026,CE,25500.0,411.75,348010.0,25776.0
04-Feb-2026,17-Feb-2026,CE,25550.0,375.2,39520.0,25776.0
04-Feb-2026,17-Feb-2026,CE,25600.0,345.0,103415.0,25776.0
04-Feb-2026,17-Feb-2026,CE,25650.0,316.15,42965.0,25776.0
04-Feb-2026,17-Feb-2026,CE,25700.0,278.85,354900.0,25776.0
04-Feb-2026,17-Feb-2026,CE,25750.0,251.65,157495.0,25776.0
04-Feb-2026,17-Feb-2026,CE,25800.0,224.5,900705.0,25776.0
04-Feb-2026,17-Feb-2026,CE,25850.0,200.1,202410.0,25776.0
04-Feb-2026,17-Feb-2026,CE,25900.0,174.45,354120.0,25776.0
04-Feb-2026,17-Feb-2026,CE,25950.0,155.75,156260.0,25776.0
04-Feb-2026,17-Feb-2026,CE,26000.0,135.0,1665105.0,25776.0
04-Feb-2026,17-Feb-2026,CE,26050.0,116.5,128115.0,25776.0
04-Feb-2026,17-Feb-2026,CE,26100.0,101.65,358150.0,25776.0
04-Feb-2026,17-Feb-2026,CE,26150.0,88.75,92755.0,25776.0
04-Feb-2026,17-Feb-2026,CE,26200.0,77.0,373230.0,25776.0
04-Feb-2026,17-Feb-2026,CE,26250.0,65.55,153010.0,25776.0
04-Feb-2026,17-Feb-2026,CE,26300.0,58.75,273260.0,25776.0
04-Feb-2026,17-Feb-2026,CE,26350.0,48.0,92495.0,25776.0
04-Feb-2026,17-Feb-2026,CE,26400.0,42.5,273390.0,25776.0
04-Feb-2026,17-Feb-2026,CE,26450.0,36.4,60320.0,25776.0
04-Feb-2026,17-Feb-2026,CE,26500.0,32.0,577265.0,25776.0
04-Feb-2026,17-Feb-2026,CE,26550.0,27.6,123240.0,25776.0
04-Feb-2026,17-Feb-2026,CE,26600.0,24.75,184340.0,25776.0
04-Feb-2026,17-Feb-2026,CE,26650.0,20.75,72800.0,25776.0
04-Feb-2026,17-Feb-2026,CE,26700.0,18.85,228995.0,25776.0
04-Feb-2026,17-Feb-2026,CE,26750.0,18.5,50960.0,25776.0
04-Feb-2026,17-Feb-2026,CE,26800.0,15.1,134030.0,25776.0
04-Feb-2026,17-Feb-2026,CE,26850.0,13.25,27365.0,25776.0
04-Feb-2026,17-Feb-2026,CE,26900.0,11.8,59930.0,25776.0
04-Feb-2026,17-Feb-2026,CE,26950.0,11.2,24245.0,25776.0
04-Feb-2026,17-Feb-2026,CE,27000.0,10.3,551005.0,25776.0
04-Feb-2026,17-Feb-2026,CE,27050.0,8.75,21775.0,25776.0
04-Feb-2026,17-Feb-2026,CE,27100.0,8.55,49270.0,25776.0
04-Feb-2026,17-Feb-2026,CE,27150.0,7.95,11440.0,25776.0
04-Feb-2026,17-Feb-2026,CE,27200.0,6.25,49920.0,25776.0
04-Feb-2026,17-Feb-2026,CE,27250.0,6.65,6760.0,25776.0
04-Feb-2026,17-Feb-2026,CE,27300.0,6.05,39000.0,25776.0
04-Feb-2026,17-Feb-2026,CE,27350.0,6.05,14105.0,25776.0
04-Feb-2026,17-Feb-2026,CE,27400.0,5.5,30290.0,25776.0
04-Feb-2026,17-Feb-2026,CE,27450.0,5.2,21840.0,25776.0
04-Feb-2026,17-Feb-2026,CE,27500.0,3.6,327925.0,25776.0
04-Feb-2026,17-Feb-2026,CE,27550.0,3.2,16770.0,25776.0
04-Feb-2026,17-Feb-2026,PE,23100.0,5.5,111345.0,25776.0
04-Feb-2026,17-Feb-2026,PE,23150.0,6.4,16315.0,25776.0
04-Feb-2026,17-Feb-2026,PE,23200.0,6.75,37050.0,25776.0
04-Feb-2026,17-Feb-2026,PE,23250.0,6.1,5265.0,25776.0
04-Feb-2026,17-Feb-2026,PE,23300.0,6.2,48620.0,25776.0
04-Feb-2026,17-Feb-2026,PE,23350.0,7.45,8775.0,25776.0
04-Feb-2026,17-Feb-2026,PE,23400.0,7.8,17355.0,25776.0
04-Feb-2026,17-Feb-2026,PE,23450.0,7.0,7995.0,25776.0
04-Feb-2026,17-Feb-2026,PE,23500.0,7.05,117780.0,25776.0
04-Feb-2026,17-Feb-2026,PE,23550.0,6.2,8970.0,25776.0
04-Feb-2026,17-Feb-2026,PE,23600.0,6.9,18200.0,25776.0
04-Feb-2026,17-Feb-2026,PE,23650.0,9.05,9035.0,25776.0
04-Feb-2026,17-Feb-2026,PE,23700.0,8.0,19825.0,25776.0
04-Feb-2026,17-Feb-2026,PE,23750.0,9.6,6695.0,25776.0
04-Feb-2026,17-Feb-2026,PE,23800.0,9.05,67210.0,25776.0
04-Feb-2026,17-Feb-2026,PE,23850.0,9.35,13065.0,25776.0
04-Feb-2026,17-Feb-2026,PE,23900.0,9.75,42055.0,25776.0
04-Feb-2026,17-Feb-2026,PE,23950.0,10.85,9880.0,25776.0
04-Feb-2026,17-Feb-2026,PE,24000.0,11.5,233155.0,25776.0
04-Feb-2026,17-Feb-2026,PE,24050.0,11.95,25155.0,25776.0
04-Feb-2026,17-Feb-2026,PE,24100.0,11.95,71045.0,25776.0
04-Feb-2026,17-Feb-2026,PE,24150.0,12.4,14625.0,25776.0
04-Feb-2026,17-Feb-2026,PE,24200.0,13.3,109135.0,25776.0
04-Feb-2026,17-Feb-2026,PE,24250.0,14.6,13520.0,25776.0
04-Feb-2026,17-Feb-2026,PE,24300.0,14.65,55250.0,25776.0
04-Feb-2026,17-Feb-2026,PE,24350.0,15.45,15080.0,25776.0
04-Feb-2026,17-Feb-2026,PE,24400.0,16.25,46475.0,25776.0
04-Feb-2026,17-Feb-2026,PE,24450.0,17.5,15990.0,25776.0
04-Feb-2026,17-Feb-2026,PE,24500.0,17.95,270595.0,25776.0
04-Feb-2026,17-Feb-2026,PE,24550.0,19.5,28795.0,25776.0
04-Feb-2026,17-Feb-2026,PE,24600.0,20.05,138385.0,25776.0
04-Feb-2026,17-Feb-2026,PE,24650.0,22.7,16185.0,25776.0
04-Feb-2026,17-Feb-2026,PE,24700.0,24.75,226005.0,25776.0
04-Feb-2026,17-Feb-2026,PE,24750.0,26.35,60970.0,25776.0
04-Feb-2026,17-Feb-2026,PE,24800.0,30.0,306605.0,25776.0
04-Feb-2026,17-Feb-2026,PE,24850.0,31.75,51805.0,25776.0
04-Feb-2026,17-Feb-2026,PE,24900.0,34.8,330980.0,25776.0
04-Feb-2026,17-Feb-2026,PE,24950.0,37.9,48425.0,25776.0
04-Feb-2026,17-Feb-2026,PE,25000.0,40.5,744965.0,25776.0
04-Feb-2026,17-Feb-2026,PE,25050.0,44.4,47580.0,25776.0
04-Feb-2026,17-Feb-2026,PE,25100.0,49.1,226915.0,25776.0
04-Feb-2026,17-Feb-2026,PE,25150.0,53.7,37830.0,25776.0
04-Feb-2026,17-Feb-2026,PE,25200.0,61.0,386100.0,25776.0
04-Feb-2026,17-Feb-2026,PE,25250.0,67.8,58825.0,25776.0
04-Feb-2026,17-Feb-2026,PE,25300.0,74.4,321360.0,25776.0
04-Feb-2026,17-Feb-2026,PE,25350.0,83.3,106210.0,25776.0
04-Feb-2026,17-Feb-2026,PE,25400.0,92.05,352755.0,25776.0
04-Feb-2026,17-Feb-2026,PE,25450.0,104.95,125710.0,25776.0
04-Feb-2026,17-Feb-2026,PE,25500.0,116.5,512525.0,25776.0
04-Feb-2026,17-Feb-2026,PE,25550.0,130.85,81965.0,25776.0
04-Feb-2026,17-Feb-2026,PE,25600.0,146.65,291655.0,25776.0
04-Feb-2026,17-Feb-2026,PE,25650.0,159.75,71045.0,25776.0
04-Feb-2026,17-Feb-2026,PE,25700.0,180.9,407160.0,25776.0
04-Feb-2026,17-Feb-2026,PE,25750.0,202.4,189865.0,25776.0
04-Feb-2026,17-Feb-2026,PE,25800.0,224.45,785720.0,25776.0
04-Feb-2026,17-Feb-2026,PE,25850.0,249.35,84955.0,25776.0
04-Feb-2026,17-Feb-2026,PE,25900.0,275.2,187330.0,25776.0
04-Feb-2026,17-Feb-2026,PE,25950.0,304.65,53625.0,25776.0
04-Feb-2026,17-Feb-2026,PE,26000.0,329.0,254540.0,25776.0
04-Feb-2026,17-Feb-2026,PE,26050.0,366.0,44330.0,25776.0
04-Feb-2026,17-Feb-2026,PE,26100.0,410.0,42120.0,25776.0
04-Feb-2026,17-Feb-2026,PE,26150.0,442.3,43420.0,25776.0
04-Feb-2026,17-Feb-2026,PE,26200.0,478.5,41145.0,25776.0
04-Feb-2026,17-Feb-2026,PE,26250.0,506.0,5395.0,25776.0
04-Feb-2026,17-Feb-2026,PE,26300.0,560.0,43550.0,25776.0
04-Feb-2026,17-Feb-2026,PE,26350.0,565.9,390.0,25776.0
04-Feb-2026,17-Feb-2026,PE,26400.0,636.0,27950.0,25776.0
04-Feb-2026,17-Feb-2026,PE,26450.0,638.0,325.0,25776.0
04-Feb-2026,17-Feb-2026,PE,26500.0,731.4,10530.0,25776.0
04-Feb-2026,17-Feb-2026,PE,26550.0,735.65,130.0,25776.0
04-Feb-2026,17-Feb-2026,PE,26600.0,768.85,1560.0,25776.0
04-Feb-2026,17-Feb-2026,PE,26650.0,829.8,65.0,25776.0
04-Feb-2026,17-Feb-2026,PE,26700.0,929.8,520.0,25776.0
04-Feb-2026,17-Feb-2026,PE,26750.0,1059.9,260.0,25776.0
04-Feb-2026,17-Feb-2026,PE,26800.0,1015.0,845.0,25776.0
04-Feb-2026,17-Feb-2026,PE,26850.0,1105.0,1040.0,25776.0
04-Feb-2026,17-Feb-2026,PE,26900.0,1108.75,1950.0,25776.0
04-Feb-2026,17-Feb-2026,PE,26950.0,1200.45,260.0,25776.0
04-Feb-2026,17-Feb-2026,PE,27000.0,1192.75,6695.0,25776.0
04-Feb-2026,17-Feb-2026,PE,27050.0,1249.55,520.0,25776.0
04-Feb-2026,17-Feb-2026,PE,27100.0,1312.35,520.0,25776.0
04-Feb-2026,17-Feb-2026,PE,27150.0,1348.0,780.0,25776.0
04-Feb-2026,17-Feb-2026,PE,27200.0,1367.1,780.0,25776.0
04-Feb-2026,17-Feb-2026,PE,27250.0,1511.8,195.0,25776.0
04-Feb-2026,17-Feb-2026,PE,27300.0,1562.65,130.0,25776.0
04-Feb-2026,17-Feb-2026,PE,27350.0,1591.2,130.0,25776.0
04-Feb-2026,17-Feb-2026,PE,27400.0,1661.85,455.0,25776.0
04-Feb-2026,17-Feb-2026,PE,27450.0,1617.6,65.0,25776.0
04-Feb-2026,17-Feb-2026,PE,27500.0,1664.25,195.0,25776.0
04-Feb-2026,17-Feb-2026,PE,27550.0,1716.85,65.0,25776.0
04-Feb-2026,02-Mar-2026,CE,23100.0,,,25776.0
04-Feb-2026,02-Mar-2026,CE,23150.0,,,25776.0
04-Feb-2026,02-Mar-2026,CE,23200.0,,,25776.0
04-Feb-2026,02-Mar-2026,CE,23250.0,,,25776.0
04-Feb-2026,02-Mar-2026,CE,23300.0,1905.55,130.0,25776.0
04-Feb-2026,02-Mar-2026,CE,23350.0,,,25776.0
04-Feb-2026,02-Mar-2026,CE,23400.0,,,25776.0
04-Feb-2026,02-Mar-2026,CE,23450.0,,,25776.0
04-Feb-2026,02-Mar-2026,CE,23500.0,1705.35,65.0,25776.0
04-Feb-2026,02-Mar-2026,CE,23550.0,1663.35,65.0,25776.0
04-Feb-2026,02-Mar-2026,CE,23600.0,1616.3,65.0,25776.0
04-Feb-2026,02-Mar-2026,CE,23650.0,2241.8,195.0,25776.0
04-Feb-2026,02-Mar-2026,CE,23700.0,1516.25,130.0,25776.0
04-Feb-2026,02-Mar-2026,CE,23750.0,1471.4,65.0,25776.0
04-Feb-2026,02-Mar-2026,CE,23800.0,1419.75,65.0,25776.0
04-Feb-2026,02-Mar-2026,CE,23850.0,2046.2,195.0,25776.0
04-Feb-2026,02-Mar-2026,CE,23900.0,1340.55,195.0,25776.0
04-Feb-2026,02-Mar-2026,CE,23950.0,1295.75,195.0,25776.0
04-Feb-2026,02-Mar-2026,CE,24000.0,1954.55,1950.0,25776.0
04-Feb-2026,02-Mar-2026,CE,24050.0,1199.75,195.0,25776.0
04-Feb-2026,02-Mar-2026,CE,24100.0,1163.5,325.0,25776.0
04-Feb-2026,02-Mar-2026,CE,24150.0,,,25776.0
04-Feb-2026,02-Mar-2026,CE,24200.0,,,25776.0
04-Feb-2026,02-Mar-2026,CE,24250.0,,,25776.0
04-Feb-2026,02-Mar-2026,CE,24300.0,,,25776.0
04-Feb-2026,02-Mar-2026,CE,24350.0,,,25776.0
04-Feb-2026,02-Mar-2026,CE,24400.0,,,25776.0
04-Feb-2026,02-Mar-2026,CE,24450.0,,,25776.0
04-Feb-2026,02-Mar-2026,CE,24500.0,823.95,2275.0,25776.0
04-Feb-2026,02-Mar-2026,CE,24550.0,1368.45,520.0,25776.0
04-Feb-2026,02-Mar-2026,CE,24600.0,1361.2,1755.0,25776.0
04-Feb-2026,02-Mar-2026,CE,24650.0,1230.75,1885.0,25776.0
04-Feb-2026,02-Mar-2026,CE,24700.0,1234.65,1820.0,25776.0
04-Feb-2026,02-Mar-2026,CE,24750.0,591.1,65.0,25776.0
04-Feb-2026,02-Mar-2026,CE,24800.0,1144.45,2470.0,25776.0
04-Feb-2026,02-Mar-2026,CE,24850.0,1052.0,1755.0,25776.0
04-Feb-2026,02-Mar-2026,CE,24900.0,1076.85,1885.0,25776.0
04-Feb-2026,02-Mar-2026,CE,24950.0,1020.0,8905.0,25776.0
04-Feb-2026,02-Mar-2026,CE,25000.0,940.0,7345.0,25776.0
04-Feb-2026,02-Mar-2026,CE,25050.0,923.25,1820.0,25776.0
04-Feb-2026,02-Mar-2026,CE,25100.0,872.4,4160.0,25776.0
04-Feb-2026,02-Mar-2026,CE,25150.0,858.0,2990.0,25776.0
04-Feb-2026,02-Mar-2026,CE,25200.0,801.0,4420.0,25776.0
04-Feb-2026,02-Mar-2026,CE,25250.0,754.85,2340.0,25776.0
04-Feb-2026,02-Mar-2026,CE,25300.0,738.25,5785.0,25776.0
04-Feb-2026,02-Mar-2026,CE,25350.0,659.25,20475.0,25776.0
04-Feb-2026,02-Mar-2026,CE,25400.0,610.15,13780.0,25776.0
04-Feb-2026,02-Mar-2026,CE,25450.0,570.0,2990.0,25776.0
04-Feb-2026,02-Mar-2026,CE,25500.0,532.4,21710.0,25776.0
04-Feb-2026,02-Mar-2026,CE,25550.0,526.7,4550.0,25776.0
04-Feb-2026,02-Mar-2026,CE,25600.0,465.2,22685.0,25776.0
04-Feb-2026,02-Mar-2026,CE,25650.0,430.0,2210.0,25776.0
04-Feb-2026,02-Mar-2026,CE,25700.0,403.25,14755.0,25776.0
04-Feb-2026,02-Mar-2026,CE,25750.0,360.1,8060.0,25776.0
04-Feb-2026,02-Mar-2026,CE,25800.0,342.1,17940.0,25776.0
04-Feb-2026,02-Mar-2026,CE,25850.0,316.0,6955.0,25776.0
04-Feb-2026,02-Mar-2026,CE,25900.0,289.35,18655.0,25776.0
04-Feb-2026,02-Mar-2026,CE,25950.0,270.9,14560.0,25776.0
04-Feb-2026,02-Mar-2026,CE,26000.0,236.1,64350.0,25776.0
04-Feb-2026,02-Mar-2026,CE,26050.0,228.4,26585.0,25776.0
04-Feb-2026,02-Mar-2026,CE,26100.0,196.95,15730.0,25776.0
04-Feb-2026,02-Mar-2026,CE,26150.0,190.45,1040.0,25776.0
04-Feb-2026,02-Mar-2026,CE,26200.0,160.0,20345.0,25776.0
04-Feb-2026,02-Mar-2026,CE,26250.0,146.75,12545.0,25776.0
04-Feb-2026,02-Mar-2026,CE,26300.0,130.65,29315.0,25776.0
04-Feb-2026,02-Mar-2026,CE,26350.0,120.3,7540.0,25776.0
04-Feb-2026,02-Mar-2026,CE,26400.0,107.55,17420.0,25776.0
04-Feb-2026,02-Mar-2026,CE,26450.0,96.95,8905.0,25776.0
04-Feb-2026,02-Mar-2026,CE,26500.0,87.2,61425.0,25776.0
04-Feb-2026,02-Mar-2026,CE,26550.0,77.9,9880.0,25776.0
04-Feb-2026,02-Mar-2026,CE,26600.0,67.85,10465.0,25776.0
04-Feb-2026,02-Mar-2026,CE,26650.0,194.25,2275.0,25776.0
04-Feb-2026,02-Mar-2026,CE,26700.0,54.3,11700.0,25776.0
04-Feb-2026,02-Mar-2026,CE,26750.0,47.05,7670.0,25776.0
04-Feb-2026,02-Mar-2026,CE,26800.0,42.0,10010.0,25776.0
04-Feb-2026,02-Mar-2026,CE,26850.0,40.75,3705.0,25776.0
04-Feb-2026,02-Mar-2026,CE,26900.0,33.9,5785.0,25776.0
04-Feb-2026,02-Mar-2026,CE,26950.0,31.95,6435.0,25776.0
04-Feb-2026,02-Mar-2026,CE,27000.0,28.9,79690.0,25776.0
04-Feb-2026,02-Mar-2026,CE,27050.0,26.75,5200.0,25776.0
04-Feb-2026,02-Mar-2026,CE,27100.0,24.35,8970.0,25776.0
04-Feb-2026,02-Mar-2026,CE,27150.0,24.0,6305.0,25776.0
04-Feb-2026,02-Mar-2026,CE,27200.0,19.55,4030.0,25776.0
04-Feb-2026,02-Mar-2026,CE,27250.0,,,25776.0
04-Feb-2026,02-Mar-2026,CE,27300.0,16.25,1625.0,25776.0
04-Feb-2026,02-Mar-2026,CE,27350.0,15.15,715.0,25776.0
04-Feb-2026,02-Mar-2026,CE,27400.0,14.1,1495.0,25776.0
04-Feb-2026,02-Mar-2026,CE,27450.0,14.85,845.0,25776.0
04-Feb-2026,02-Mar-2026,CE,27500.0,12.6,12870.0,25776.0
04-Feb-2026,02-Mar-2026,CE,27550.0,,,25776.0
04-Feb-2026,02-Mar-2026,PE,23100.0,12.4,10400.0,25776.0
04-Feb-2026,02-Mar-2026,PE,23150.0,,,25776.0
04-Feb-2026,02-Mar-2026,PE,23200.0,12.0,715.0,25776.0
04-Feb-2026,02-Mar-2026,PE,23250.0,,,25776.0
04-Feb-2026,02-Mar-2026,PE,23300.0,13.4,4550.0,25776.0
04-Feb-2026,02-Mar-2026,PE,23350.0,13.05,2470.0,25776.0
04-Feb-2026,02-Mar-2026,PE,23400.0,13.0,3575.0,25776.0
04-Feb-2026,02-Mar-2026,PE,23450.0,20.0,1690.0,25776.0
04-Feb-2026,02-Mar-2026,PE,23500.0,13.85,15275.0,25776.0
04-Feb-2026,02-Mar-2026,PE,23550.0,24.35,3055.0,25776.0
04-Feb-2026,02-Mar-2026,PE,23600.0,24.1,2990.0,25776.0
04-Feb-2026,02-Mar-2026,PE,23650.0,48.25,2925.0,25776.0
04-Feb-2026,02-Mar-2026,PE,23700.0,16.05,2730.0,25776.0
04-Feb-2026,02-Mar-2026,PE,23750.0,33.0,2535.0,25776.0
04-Feb-2026,02-Mar-2026,PE,23800.0,18.05,2795.0,25776.0
04-Feb-2026,02-Mar-2026,PE,23850.0,25.6,1625.0,25776.0
04-Feb-2026,02-Mar-2026,PE,23900.0,20.9,2275.0,25776.0
04-Feb-2026,02-Mar-2026,PE,23950.0,22.95,1950.0,25776.0
04-Feb-2026,02-Mar-2026,PE,24000.0,22.2,37570.0,25776.0
04-Feb-2026,02-Mar-2026,PE,24050.0,18.5,4225.0,25776.0
04-Feb-2026,02-Mar-2026,PE,24100.0,24.0,2990.0,25776.0
04-Feb-2026,02-Mar-2026,PE,24150.0,22.65,1820.0,25776.0
04-Feb-2026,02-Mar-2026,PE,24200.0,27.35,6305.0,25776.0
04-Feb-2026,02-Mar-2026,PE,24250.0,27.05,3055.0,25776.0
04-Feb-2026,02-Mar-2026,PE,24300.0,27.9,6565.0,25776.0
04-Feb-2026,02-Mar-2026,PE,24350.0,27.75,2015.0,25776.0
04-Feb-2026,02-Mar-2026,PE,24400.0,32.4,7215.0,25776.0
04-Feb-2026,02-Mar-2026,PE,24450.0,33.0,5525.0,25776.0
04-Feb-2026,02-Mar-2026,PE,24500.0,37.9,51740.0,25776.0
04-Feb-2026,02-Mar-2026,PE,24550.0,37.7,5070.0,25776.0
04-Feb-2026,02-Mar-2026,PE,24600.0,40.8,10530.0,25776.0
04-Feb-2026,02-Mar-2026,PE,24650.0,37.7,2860.0,25776.0
04-Feb-2026,02-Mar-2026,PE,24700.0,46.65,10205.0,25776.0
04-Feb-2026,02-Mar-2026,PE,24750.0,47.0,3380.0,25776.0
04-Feb-2026,02-Mar-2026,PE,24800.0,54.6,23855.0,25776.0
04-Feb-2026,02-Mar-2026,PE,24850.0,56.8,4485.0,25776.0
04-Feb-2026,02-Mar-2026,PE,24900.0,61.15,12155.0,25776.0
04-Feb-2026,02-Mar-2026,PE,24950.0,68.75,11180.0,25776.0
04-Feb-2026,02-Mar-2026,PE,25000.0,75.4,86320.0,25776.0
04-Feb-2026,02-Mar-2026,PE,25050.0,78.9,11115.0,25776.0
04-Feb-2026,02-Mar-2026,PE,25100.0,84.7,12740.0,25776.0
04-Feb-2026,02-Mar-2026,PE,25150.0,90.9,10855.0,25776.0
04-Feb-2026,02-Mar-2026,PE,25200.0,99.7,18915.0,25776.0
04-Feb-2026,02-Mar-2026,PE,25250.0,250.0,3965.0,25776.0
04-Feb-2026,02-Mar-2026,PE,25300.0,117.0,20345.0,25776.0
04-Feb-2026,02-Mar-2026,PE,25350.0,128.7,12545.0,25776.0
04-Feb-2026,02-Mar-2026,PE,25400.0,140.25,18655.0,25776.0
04-Feb-2026,02-Mar-2026,PE,25450.0,146.2,11830.0,25776.0
04-Feb-2026,02-Mar-2026,PE,25500.0,165.65,55055.0,25776.0
04-Feb-2026,02-Mar-2026,PE,25550.0,174.45,8840.0,25776.0
04-Feb-2026,02-Mar-2026,PE,25600.0,193.15,9230.0,25776.0
04-Feb-2026,02-Mar-2026,PE,25650.0,200.05,4615.0,25776.0
04-Feb-2026,02-Mar-2026,PE,25700.0,232.0,15665.0,25776.0
04-Feb-2026,02-Mar-2026,PE,25750.0,248.55,3900.0,25776.0
04-Feb-2026,02-Mar-2026,PE,25800.0,274.45,6955.0,25776.0
04-Feb-2026,02-Mar-2026,PE,25850.0,290.4,3835.0,25776.0
04-Feb-2026,02-Mar-2026,PE,25900.0,331.65,7020.0,25776.0
04-Feb-2026,02-Mar-2026,PE,25950.0,342.2,1040.0,25776.0
04-Feb-2026,02-Mar-2026,PE,26000.0,356.7,10465.0,25776.0
04-Feb-2026,02-Mar-2026,PE,26050.0,360.3,65.0,25776.0
04-Feb-2026,02-Mar-2026,PE,26100.0,428.95,4550.0,25776.0
04-Feb-2026,02-Mar-2026,PE,26150.0,436.05,1300.0,25776.0
04-Feb-2026,02-Mar-2026,PE,26200.0,459.7,2015.0,25776.0
04-Feb-2026,02-Mar-2026,PE,26250.0,479.7,65.0,25776.0
04-Feb-2026,02-Mar-2026,PE,26300.0,526.25,2405.0,25776.0
04-Feb-2026,02-Mar-2026,PE,26350.0,560.2,1040.0,25776.0
04-Feb-2026,02-Mar-2026,PE,26400.0,584.55,65.0,25776.0
04-Feb-2026,02-Mar-2026,PE,26450.0,632.5,845.0,25776.0
04-Feb-2026,02-Mar-2026,PE,26500.0,689.9,520.0,25776.0
04-Feb-2026,02-Mar-2026,PE,26550.0,,,25776.0
04-Feb-2026,02-Mar-2026,PE,26600.0,,,25776.0
04-Feb-2026,02-Mar-2026,PE,26650.0,,,25776.0
04-Feb-2026,02-Mar-2026,PE,26700.0,,,25776.0
04-Feb-2026,02-Mar-2026,PE,26750.0,,,25776.0
04-Feb-2026,02-Mar-2026,PE,26800.0,,,25776.0
04-Feb-2026,02-Mar-2026,PE,26850.0,,,25776.0
04-Feb-2026,02-Mar-2026,PE,26900.0,,,25776.0
04-Feb-2026,02-Mar-2026,PE,26950.0,1124.5,520.0,25776.0
04-Feb-2026,02-Mar-2026,PE,27000.0,,,25776.0
04-Feb-2026,02-Mar-2026,PE,27050.0,1254.3,65.0,25776.0
04-Feb-2026,02-Mar-2026,PE,27100.0,,,25776.0
04-Feb-2026,02-Mar-2026,PE,27150.0,2027.85,65.0,25776.0
04-Feb-2026,02-Mar-2026,PE,27200.0,,,25776.0
04-Feb-2026,02-Mar-2026,PE,27250.0,,,25776.0
04-Feb-2026,02-Mar-2026,PE,27300.0,,,25776.0
04-Feb-2026,02-Mar-2026,PE,27350.0,,,25776.0
04-Feb-2026,02-Mar-2026,PE,27400.0,,,25776.0
04-Feb-2026,02-Mar-2026,PE,27450.0,,,25776.0
04-Feb-2026,02-Mar-2026,PE,27500.0,,,25776.0
04-Feb-2026,02-Mar-2026,PE,27550.0,,,25776.0
04-Feb-2026,10-Mar-2026,CE,24000.0,,,25776.0
04-Feb-2026,10-Mar-2026,CE,24050.0,,,25776.0
04-Feb-2026,10-Mar-2026,CE,24100.0,,,25776.0
04-Feb-2026,10-Mar-2026,CE,24150.0,,,25776.0
04-Feb-2026,10-Mar-2026,CE,24200.0,,,25776.0
04-Feb-2026,10-Mar-2026,CE,24250.0,,,25776.0
04-Feb-2026,10-Mar-2026,CE,24300.0,,,25776.0
04-Feb-2026,10-Mar-2026,CE,24350.0,,,25776.0
04-Feb-2026,10-Mar-2026,CE,24400.0,,,25776.0
04-Feb-2026,10-Mar-2026,CE,24450.0,,,25776.0
04-Feb-2026,10-Mar-2026,CE,24500.0,,,25776.0
04-Feb-2026,10-Mar-2026,CE,24550.0,,,25776.0
04-Feb-2026,10-Mar-2026,CE,24600.0,,,25776.0
04-Feb-2026,10-Mar-2026,CE,24650.0,,,25776.0
04-Feb-2026,10-Mar-2026,CE,24700.0,,,25776.0
04-Feb-2026,10-Mar-2026,CE,24750.0,,,25776.0
04-Feb-2026,10-Mar-2026,CE,24800.0,,,25776.0
04-Feb-2026,10-Mar-2026,CE,24850.0,,,25776.0
04-Feb-2026,10-Mar-2026,CE,24900.0,,,25776.0
04-Feb-2026,10-Mar-2026,CE,24950.0,,,25776.0
04-Feb-2026,10-Mar-2026,CE,25000.0,,,25776.0
04-Feb-2026,10-Mar-2026,CE,25050.0,,,25776.0
04-Feb-2026,10-Mar-2026,CE,25100.0,,,25776.0
04-Feb-2026,10-Mar-2026,CE,25150.0,,,25776.0
04-Feb-2026,10-Mar-2026,CE,25200.0,,,25776.0
04-Feb-2026,10-Mar-2026,CE,25250.0,,,25776.0
04-Feb-2026,10-Mar-2026,CE,25300.0,,,25776.0
04-Feb-2026,10-Mar-2026,CE,25350.0,,,25776.0
04-Feb-2026,10-Mar-2026,CE,25400.0,,,25776.0
04-Feb-2026,10-Mar-2026,CE,25450.0,,,25776.0
04-Feb-2026,10-Mar-2026,CE,25500.0,,,25776.0
04-Feb-2026,10-Mar-2026,CE,25550.0,,,25776.0
04-Feb-2026,10-Mar-2026,CE,25600.0,525.6,130.0,25776.0
04-Feb-2026,10-Mar-2026,CE,25650.0,,,25776.0
04-Feb-2026,10-Mar-2026,CE,25700.0,453.6,65.0,25776.0
04-Feb-2026,10-Mar-2026,CE,25750.0,443.0,195.0,25776.0
04-Feb-2026,10-Mar-2026,CE,25800.0,406.2,650.0,25776.0
04-Feb-2026,10-Mar-2026,CE,25850.0,,,25776.0
04-Feb-2026,10-Mar-2026,CE,25900.0,,,25776.0
04-Feb-2026,10-Mar-2026,CE,25950.0,,,25776.0
04-Feb-2026,10-Mar-2026,CE,26000.0,300.75,845.0,25776.0
04-Feb-2026,10-Mar-2026,CE,26050.0,,,25776.0
04-Feb-2026,10-Mar-2026,CE,26100.0,261.15,1625.0,25776.0
04-Feb-2026,10-Mar-2026,CE,26150.0,,,25776.0
04-Feb-2026,10-Mar-2026,CE,26200.0,,,25776.0
04-Feb-2026,10-Mar-2026,CE,26250.0,,,25776.0
04-Feb-2026,10-Mar-2026,CE,26300.0,,,25776.0
04-Feb-2026,10-Mar-2026,CE,26350.0,,,25776.0
04-Feb-2026,10-Mar-2026,CE,26400.0,,,25776.0
04-Feb-2026,10-Mar-2026,CE,26450.0,,,25776.0
04-Feb-2026,10-Mar-2026,CE,26500.0,,,25776.0
04-Feb-2026,10-Mar-2026,CE,26550.0,,,25776.0
04-Feb-2026,10-Mar-2026,CE,26600.0,,,25776.0
04-Feb-2026,10-Mar-2026,CE,26650.0,,,25776.0
04-Feb-2026,10-Mar-2026,CE,26700.0,,,25776.0
04-Feb-2026,10-Mar-2026,CE,26750.0,,,25776.0
04-Feb-2026,10-Mar-2026,CE,26800.0,,,25776.0
04-Feb-2026,10-Mar-2026,CE,26850.0,,,25776.0
04-Feb-2026,10-Mar-2026,CE,26900.0,,,25776.0
04-Feb-2026,10-Mar-2026,CE,26950.0,,,25776.0
04-Feb-2026,10-Mar-2026,CE,27000.0,,,25776.0
04-Feb-2026,10-Mar-2026,CE,27050.0,,,25776.0
04-Feb-2026,10-Mar-2026,CE,27100.0,,,25776.0
04-Feb-2026,10-Mar-2026,CE,27150.0,,,25776.0
04-Feb-2026,10-Mar-2026,CE,27200.0,,,25776.0
04-Feb-2026,10-Mar-2026,CE,27250.0,,,25776.0
04-Feb-2026,10-Mar-2026,CE,27300.0,,,25776.0
04-Feb-2026,10-Mar-2026,CE,27350.0,,,25776.0
04-Feb-2026,10-Mar-2026,CE,27400.0,,,25776.0
04-Feb-2026,10-Mar-2026,CE,27450.0,,,25776.0
04-Feb-2026,10-Mar-2026,CE,27500.0,,,25776.0
04-Feb-2026,10-Mar-2026,PE,24000.0,,,25776.0
04-Feb-2026,10-Mar-2026,PE,24050.0,,,25776.0
04-Feb-2026,10-Mar-2026,PE,24100.0,,,25776.0
04-Feb-2026,10-Mar-2026,PE,24150.0,,,25776.0
04-Feb-2026,10-Mar-2026,PE,24200.0,,,25776.0
04-Feb-2026,10-Mar-2026,PE,24250.0,,,25776.0
04-Feb-2026,10-Mar-2026,PE,24300.0,,,25776.0
04-Feb-2026,10-Mar-2026,PE,24350.0,,,25776.0
04-Feb-2026,10-Mar-2026,PE,24400.0,,,25776.0
04-Feb-2026,10-Mar-2026,PE,24450.0,,,25776.0
04-Feb-2026,10-Mar-2026,PE,24500.0,45.85,2145.0,25776.0
04-Feb-2026,10-Mar-2026,PE,24550.0,,,25776.0
04-Feb-2026,10-Mar-2026,PE,24600.0,,,25776.0
04-Feb-2026,10-Mar-2026,PE,24650.0,,,25776.0
04-Feb-2026,10-Mar-2026,PE,24700.0,,,25776.0
04-Feb-2026,10-Mar-2026,PE,24750.0,,,25776.0
04-Feb-2026,10-Mar-2026,PE,24800.0,,,25776.0
04-Feb-2026,10-Mar-2026,PE,24850.0,,,25776.0
04-Feb-2026,10-Mar-2026,PE,24900.0,,,25776.0
04-Feb-2026,10-Mar-2026,PE,24950.0,,,25776.0
04-Feb-2026,10-Mar-2026,PE,25000.0,87.3,1235.0,25776.0
04-Feb-2026,10-Mar-2026,PE,25050.0,,,25776.0
04-Feb-2026,10-Mar-2026,PE,25100.0,,,25776.0
04-Feb-2026,10-Mar-2026,PE,25150.0,,,25776.0
04-Feb-2026,10-Mar-2026,PE,25200.0,,,25776.0
04-Feb-2026,10-Mar-2026,PE,25250.0,,,25776.0
04-Feb-2026,10-Mar-2026,PE,25300.0,137.05,260.0,25776.0
04-Feb-2026,10-Mar-2026,PE,25350.0,,,25776.0
04-Feb-2026,10-Mar-2026,PE,25400.0,,,25776.0
04-Feb-2026,10-Mar-2026,PE,25450.0,,,25776.0
04-Feb-2026,10-Mar-2026,PE,25500.0,184.2,1300.0,25776.0
04-Feb-2026,10-Mar-2026,PE,25550.0,188.6,130.0,25776.0
04-Feb-2026,10-Mar-2026,PE,25600.0,208.65,195.0,25776.0
04-Feb-2026,10-Mar-2026,PE,25650.0,,,25776.0
04-Feb-2026,10-Mar-2026,PE,25700.0,244.95,2470.0,25776.0
04-Feb-2026,10-Mar-2026,PE,25750.0,263.3,130.0,25776.0
04-Feb-2026,10-Mar-2026,PE,25800.0,284.0,1430.0,25776.0
04-Feb-2026,10-Mar-2026,PE,25850.0,325.0,130.0,25776.0
04-Feb-2026,10-Mar-2026,PE,25900.0,,,25776.0
04-Feb-2026,10-Mar-2026,PE,25950.0,,,25776.0
04-Feb-2026,10-Mar-2026,PE,26000.0,,,25776.0
04-Feb-2026,10-Mar-2026,PE,26050.0,,,25776.0
04-Feb-2026,10-Mar-2026,PE,26100.0,,,25776.0
04-Feb-2026,10-Mar-2026,PE,26150.0,,,25776.0
04-Feb-2026,10-Mar-2026,PE,26200.0,,,25776.0
04-Feb-2026,10-Mar-2026,PE,26250.0,,,25776.0
04-Feb-2026,10-Mar-2026,PE,26300.0,,,25776.0
04-Feb-2026,10-Mar-2026,PE,26350.0,,,25776.0
04-Feb-2026,10-Mar-2026,PE,26400.0,,,25776.0
04-Feb-2026,10-Mar-2026,PE,26450.0,,,25776.0
04-Feb-2026,10-Mar-2026,PE,26500.0,,,25776.0
04-Feb-2026,10-Mar-2026,PE,26550.0,,,25776.0
04-Feb-2026,10-Mar-2026,PE,26600.0,,,25776.0
04-Feb-2026,10-Mar-2026,PE,26650.0,,,25776.0
04-Feb-2026,10-Mar-2026,PE,26700.0,,,25776.0
04-Feb-2026,10-Mar-2026,PE,26750.0,,,25776.0
04-Feb-2026,10-Mar-2026,PE,26800.0,,,25776.0
04-Feb-2026,10-Mar-2026,PE,26850.0,,,25776.0
04-Feb-2026,10-Mar-2026,PE,26900.0,,,25776.0
04-Feb-2026,10-Mar-2026,PE,26950.0,,,25776.0
04-Feb-2026,10-Mar-2026,PE,27000.0,,,25776.0
04-Feb-2026,10-Mar-2026,PE,27050.0,,,25776.0
04-Feb-2026,10-Mar-2026,PE,27100.0,,,25776.0
04-Feb-2026,10-Mar-2026,PE,27150.0,,,25776.0
04-Feb-2026,10-Mar-2026,PE,27200.0,,,25776.0
04-Feb-2026,10-Mar-2026,PE,27250.0,,,25776.0
04-Feb-2026,10-Mar-2026,PE,27300.0,,,25776.0
04-Feb-2026,10-Mar-2026,PE,27350.0,,,25776.0
04-Feb-2026,10-Mar-2026,PE,27400.0,,,25776.0
04-Feb-2026,10-Mar-2026,PE,27450.0,,,25776.0
04-Feb-2026,10-Mar-2026,PE,27500.0,,,25776.0
05-Feb-2026,17-Feb-2026,CE,23100.0,2568.15,65.0,25642.8
05-Feb-2026,17-Feb-2026,CE,23150.0,2519.75,65.0,25642.8
05-Feb-2026,17-Feb-2026,CE,23200.0,2470.2,65.0,25642.8
05-Feb-2026,17-Feb-2026,CE,23250.0,2419.55,130.0,25642.8
05-Feb-2026,17-Feb-2026,CE,23300.0,2383.6,195.0,25642.8
05-Feb-2026,17-Feb-2026,CE,23350.0,2321.6,195.0,25642.8
05-Feb-2026,17-Feb-2026,CE,23400.0,2286.6,195.0,25642.8
05-Feb-2026,17-Feb-2026,CE,23450.0,2220.75,130.0,25642.8
05-Feb-2026,17-Feb-2026,CE,23500.0,2186.4,195.0,25642.8
05-Feb-2026,17-Feb-2026,CE,23550.0,2141.0,195.0,25642.8
05-Feb-2026,17-Feb-2026,CE,23600.0,2086.45,260.0,25642.8
05-Feb-2026,17-Feb-2026,CE,23650.0,2044.2,195.0,25642.8
05-Feb-2026,17-Feb-2026,CE,23700.0,1987.85,195.0,25642.8
05-Feb-2026,17-Feb-2026,CE,23750.0,1959.55,195.0,25642.8
05-Feb-2026,17-Feb-2026,CE,23800.0,1892.0,195.0,25642.8
05-Feb-2026,17-Feb-2026,CE,23850.0,1853.5,195.0,25642.8
05-Feb-2026,17-Feb-2026,CE,23900.0,1813.45,195.0,25642.8
05-Feb-2026,17-Feb-2026,CE,23950.0,1740.2,195.0,25642.8
05-Feb-2026,17-Feb-2026,CE,24000.0,1680.0,2080.0,25642.8
05-Feb-2026,17-Feb-2026,CE,24050.0,1641.95,195.0,25642.8
05-Feb-2026,17-Feb-2026,CE,24100.0,1588.7,260.0,25642.8
05-Feb-2026,17-Feb-2026,CE,24150.0,1563.1,325.0,25642.8
05-Feb-2026,17-Feb-2026,CE,24200.0,1490.1,325.0,25642.8
05-Feb-2026,17-Feb-2026,CE,24250.0,1424.65,390.0,25642.8
05-Feb-2026,17-Feb-2026,CE,24300.0,1372.5,390.0,25642.8
05-Feb-2026,17-Feb-2026,CE,24350.0,1342.2,585.0,25642.8
05-Feb-2026,17-Feb-2026,CE,24400.0,1308.5,520.0,25642.8
05-Feb-2026,17-Feb-2026,CE,24450.0,1244.1,585.0,25642.8
05-Feb-2026,17-Feb-2026,CE,24500.0,1190.0,5850.0,25642.8
05-Feb-2026,17-Feb-2026,CE,24550.0,1125.45,1755.0,25642.8
05-Feb-2026,17-Feb-2026,CE,24600.0,1112.0,4420.0,25642.8
05-Feb-2026,17-Feb-2026,CE,24650.0,1033.9,585.0,25642.8
05-Feb-2026,17-Feb-2026,CE,24700.0,992.95,7150.0,25642.8
05-Feb-2026,17-Feb-2026,CE,24750.0,957.35,7085.0,25642.8
05-Feb-2026,17-Feb-2026,CE,24800.0,901.65,31980.0,25642.8
05-Feb-2026,17-Feb-2026,CE,24850.0,877.25,4810.0,25642.8
05-Feb-2026,17-Feb-2026,CE,24900.0,802.85,28275.0,25642.8
05-Feb-2026,17-Feb-2026,CE,24950.0,773.1,15405.0,25642.8
05-Feb-2026,17-Feb-2026,CE,25000.0,718.65,124930.0,25642.8
05-Feb-2026,17-Feb-2026,CE,25050.0,683.0,5200.0,25642.8
05-Feb-2026,17-Feb-2026,CE,25100.0,619.9,56940.0,25642.8
05-Feb-2026,17-Feb-2026,CE,25150.0,580.0,6630.0,25642.8
05-Feb-2026,17-Feb-2026,CE,25200.0,536.45,159380.0,25642.8
05-Feb-2026,17-Feb-2026,CE,25250.0,495.6,14430.0,25642.8
05-Feb-2026,17-Feb-2026,CE,25300.0,451.8,101270.0,25642.8
05-Feb-2026,17-Feb-2026,CE,25350.0,415.0,21255.0,25642.8
05-Feb-2026,17-Feb-2026,CE,25400.0,379.05,220220.0,25642.8
05-Feb-2026,17-Feb-2026,CE,25450.0,343.8,24310.0,25642.8
05-Feb-2026,17-Feb-2026,CE,25500.0,306.3,484315.0,25642.8
05-Feb-2026,17-Feb-2026,CE,25550.0,274.5,40170.0,25642.8
05-Feb-2026,17-Feb-2026,CE,25600.0,245.8,378495.0,25642.8
05-Feb-2026,17-Feb-2026,CE,25650.0,216.6,177060.0,25642.8
05-Feb-2026,17-Feb-2026,CE,25700.0,190.95,732355.0,25642.8
05-Feb-2026,17-Feb-2026,CE,25750.0,167.05,233025.0,25642.8
05-Feb-2026,17-Feb-2026,CE,25800.0,143.75,1063270.0,25642.8
05-Feb-2026,17-Feb-2026,CE,25850.0,125.3,166790.0,25642.8
05-Feb-2026,17-Feb-2026,CE,25900.0,105.6,376935.0,25642.8
05-Feb-2026,17-Feb-2026,CE,25950.0,90.7,213915.0,25642.8
05-Feb-2026,17-Feb-2026,CE,26000.0,77.0,1873040.0,25642.8
05-Feb-2026,17-Feb-2026,CE,26050.0,66.65,142480.0,25642.8
05-Feb-2026,17-Feb-2026,CE,26100.0,55.55,384735.0,25642.8
05-Feb-2026,17-Feb-2026,CE,26150.0,46.9,136825.0,25642.8
05-Feb-2026,17-Feb-2026,CE,26200.0,41.0,736775.0,25642.8
05-Feb-2026,17-Feb-2026,CE,26250.0,35.65,108615.0,25642.8
05-Feb-2026,17-Feb-2026,CE,26300.0,30.0,444860.0,25642.8
05-Feb-2026,17-Feb-2026,CE,26350.0,26.5,131105.0,25642.8
05-Feb-2026,17-Feb-2026,CE,26400.0,22.95,389220.0,25642.8
05-Feb-2026,17-Feb-2026,CE,26450.0,20.85,74100.0,25642.8
05-Feb-2026,17-Feb-2026,CE,26500.0,18.95,715325.0,25642.8
05-Feb-2026,17-Feb-2026,CE,26550.0,16.25,116415.0,25642.8
05-Feb-2026,17-Feb-2026,CE,26600.0,15.1,272740.0,25642.8
05-Feb-2026,17-Feb-2026,CE,26650.0,13.95,62270.0,25642.8
05-Feb-2026,17-Feb-2026,CE,26700.0,12.55,229060.0,25642.8
05-Feb-2026,17-Feb-2026,CE,26750.0,11.1,45305.0,25642.8
05-Feb-2026,17-Feb-2026,CE,26800.0,11.0,131105.0,25642.8
05-Feb-2026,17-Feb-2026,CE,26850.0,10.9,30875.0,25642.8
05-Feb-2026,17-Feb-2026,CE,26900.0,9.7,81705.0,25642.8
05-Feb-2026,17-Feb-2026,CE,26950.0,7.85,28795.0,25642.8
05-Feb-2026,17-Feb-2026,CE,27000.0,8.55,968370.0,25642.8
05-Feb-2026,17-Feb-2026,CE,27050.0,7.15,25090.0,25642.8
05-Feb-2026,17-Feb-2026,CE,27100.0,6.2,62075.0,25642.8
05-Feb-2026,17-Feb-2026,CE,27150.0,7.15,8970.0,25642.8
05-Feb-2026,17-Feb-2026,CE,27200.0,7.1,46670.0,25642.8
05-Feb-2026,17-Feb-2026,CE,27250.0,7.2,14495.0,25642.8
05-Feb-2026,17-Feb-2026,CE,27300.0,5.0,55380.0,25642.8
05-Feb-2026,17-Feb-2026,CE,27350.0,6.2,7475.0,25642.8
05-Feb-2026,17-Feb-2026,CE,27400.0,5.6,37700.0,25642.8
05-Feb-2026,17-Feb-2026,CE,27450.0,5.5,19890.0,25642.8
05-Feb-2026,17-Feb-2026,CE,27500.0,4.5,428675.0,25642.8
05-Feb-2026,17-Feb-2026,CE,27550.0,3.8,39195.0,25642.8
05-Feb-2026,17-Feb-2026,PE,23100.0,4.75,181610.0,25642.8
05-Feb-2026,17-Feb-2026,PE,23150.0,4.15,17225.0,25642.8
05-Feb-2026,17-Feb-2026,PE,23200.0,4.0,44330.0,25642.8
05-Feb-2026,17-Feb-2026,PE,23250.0,4.3,7865.0,25642.8
05-Feb-2026,17-Feb-2026,PE,23300.0,5.25,51415.0,25642.8
05-Feb-2026,17-Feb-2026,PE,23350.0,6.35,10075.0,25642.8
05-Feb-2026,17-Feb-2026,PE,23400.0,6.3,16705.0,25642.8
05-Feb-2026,17-Feb-2026,PE,23450.0,4.65,5070.0,25642.8
05-Feb-2026,17-Feb-2026,PE,23500.0,5.8,174070.0,25642.8
05-Feb-2026,17-Feb-2026,PE,23550.0,6.45,10985.0,25642.8
05-Feb-2026,17-Feb-2026,PE,23600.0,6.4,13455.0,25642.8
05-Feb-2026,17-Feb-2026,PE,23650.0,7.15,16835.0,25642.8
05-Feb-2026,17-Feb-2026,PE,23700.0,7.2,26065.0,25642.8
05-Feb-2026,17-Feb-2026,PE,23750.0,7.6,13845.0,25642.8
05-Feb-2026,17-Feb-2026,PE,23800.0,7.85,95550.0,25642.8
05-Feb-2026,17-Feb-2026,PE,23850.0,8.4,16705.0,25642.8
05-Feb-2026,17-Feb-2026,PE,23900.0,8.8,51675.0,25642.8
05-Feb-2026,17-Feb-2026,PE,23950.0,9.8,20800.0,25642.8
05-Feb-2026,17-Feb-2026,PE,24000.0,9.15,668005.0,25642.8
05-Feb-2026,17-Feb-2026,PE,24050.0,10.7,22880.0,25642.8
05-Feb-2026,17-Feb-2026,PE,24100.0,10.65,76570.0,25642.8
05-Feb-2026,17-Feb-2026,PE,24150.0,11.25,7605.0,25642.8
05-Feb-2026,17-Feb-2026,PE,24200.0,9.45,141245.0,25642.8
05-Feb-2026,17-Feb-2026,PE,24250.0,10.2,16900.0,25642.8
05-Feb-2026,17-Feb-2026,PE,24300.0,12.05,66040.0,25642.8
05-Feb-2026,17-Feb-2026,PE,24350.0,11.45,21385.0,25642.8
05-Feb-2026,17-Feb-2026,PE,24400.0,12.6,58045.0,25642.8
05-Feb-2026,17-Feb-2026,PE,24450.0,12.65,22815.0,25642.8
05-Feb-2026,17-Feb-2026,PE,24500.0,14.0,453570.0,25642.8
05-Feb-2026,17-Feb-2026,PE,24550.0,14.6,34840.0,25642.8
05-Feb-2026,17-Feb-2026,PE,24600.0,15.75,160745.0,25642.8
05-Feb-2026,17-Feb-2026,PE,24650.0,17.6,36855.0,25642.8
05-Feb-2026,17-Feb-2026,PE,24700.0,19.35,513955.0,25642.8
05-Feb-2026,17-Feb-2026,PE,24750.0,21.4,70915.0,25642.8
05-Feb-2026,17-Feb-2026,PE,24800.0,23.65,357305.0,25642.8
05-Feb-2026,17-Feb-2026,PE,24850.0,25.1,50310.0,25642.8
05-Feb-2026,17-Feb-2026,PE,24900.0,27.95,364520.0,25642.8
05-Feb-2026,17-Feb-2026,PE,24950.0,31.4,80275.0,25642.8
05-Feb-2026,17-Feb-2026,PE,25000.0,35.8,905320.0,25642.8
05-Feb-2026,17-Feb-2026,PE,25050.0,40.6,67665.0,25642.8
05-Feb-2026,17-Feb-2026,PE,25100.0,44.5,271570.0,25642.8
05-Feb-2026,17-Feb-2026,PE,25150.0,51.05,113685.0,25642.8
05-Feb-2026,17-Feb-2026,PE,25200.0,57.6,455000.0,25642.8
05-Feb-2026,17-Feb-2026,PE,25250.0,66.4,141180.0,25642.8
05-Feb-2026,17-Feb-2026,PE,25300.0,76.35,339950.0,25642.8
05-Feb-2026,17-Feb-2026,PE,25350.0,86.05,171015.0,25642.8
05-Feb-2026,17-Feb-2026,PE,25400.0,98.1,431145.0,25642.8
05-Feb-2026,17-Feb-2026,PE,25450.0,112.3,69290.0,25642.8
05-Feb-2026,17-Feb-2026,PE,25500.0,126.15,572845.0,25642.8
05-Feb-2026,17-Feb-2026,PE,25550.0,144.9,97175.0,25642.8
05-Feb-2026,17-Feb-2026,PE,25600.0,164.8,374205.0,25642.8
05-Feb-2026,17-Feb-2026,PE,25650.0,186.4,166725.0,25642.8
05-Feb-2026,17-Feb-2026,PE,25700.0,209.3,435500.0,25642.8
05-Feb-2026,17-Feb-2026,PE,25750.0,234.45,144235.0,25642.8
05-Feb-2026,17-Feb-2026,PE,25800.0,261.85,646295.0,25642.8
05-Feb-2026,17-Feb-2026,PE,25850.0,294.0,62855.0,25642.8
05-Feb-2026,17-Feb-2026,PE,25900.0,323.15,157820.0,25642.8
05-Feb-2026,17-Feb-2026,PE,25950.0,360.9,41535.0,25642.8
05-Feb-2026,17-Feb-2026,PE,26000.0,395.5,190580.0,25642.8
05-Feb-2026,17-Feb-2026,PE,26050.0,435.9,25090.0,25642.8
05-Feb-2026,17-Feb-2026,PE,26100.0,475.6,41145.0,25642.8
05-Feb-2026,17-Feb-2026,PE,26150.0,519.5,22555.0,25642.8
05-Feb-2026,17-Feb-2026,PE,26200.0,559.25,48620.0,25642.8
05-Feb-2026,17-Feb-2026,PE,26250.0,609.0,4615.0,25642.8
05-Feb-2026,17-Feb-2026,PE,26300.0,646.55,41470.0,25642.8
05-Feb-2026,17-Feb-2026,PE,26350.0,682.55,715.0,25642.8
05-Feb-2026,17-Feb-2026,PE,26400.0,740.7,29315.0,25642.8
05-Feb-2026,17-Feb-2026,PE,26450.0,813.0,325.0,25642.8
05-Feb-2026,17-Feb-2026,PE,26500.0,834.1,15080.0,25642.8
05-Feb-2026,17-Feb-2026,PE,26550.0,897.05,130.0,25642.8
05-Feb-2026,17-Feb-2026,PE,26600.0,919.6,2470.0,25642.8
05-Feb-2026,17-Feb-2026,PE,26650.0,983.75,130.0,25642.8
05-Feb-2026,17-Feb-2026,PE,26700.0,1022.9,585.0,25642.8
05-Feb-2026,17-Feb-2026,PE,26750.0,1088.35,65.0,25642.8
05-Feb-2026,17-Feb-2026,PE,26800.0,1070.0,715.0,25642.8
05-Feb-2026,17-Feb-2026,PE,26850.0,1185.9,650.0,25642.8
05-Feb-2026,17-Feb-2026,PE,26900.0,1235.2,1560.0,25642.8
05-Feb-2026,17-Feb-2026,PE,26950.0,1285.4,65.0,25642.8
05-Feb-2026,17-Feb-2026,PE,27000.0,1301.8,9035.0,25642.8
05-Feb-2026,17-Feb-2026,PE,27050.0,1382.8,195.0,25642.8
05-Feb-2026,17-Feb-2026,PE,27100.0,1432.15,130.0,25642.8
05-Feb-2026,17-Feb-2026,PE,27150.0,1482.35,585.0,25642.8
05-Feb-2026,17-Feb-2026,PE,27200.0,1493.0,650.0,25642.8
05-Feb-2026,17-Feb-2026,PE,27250.0,1543.7,65.0,25642.8
05-Feb-2026,17-Feb-2026,PE,27300.0,1628.3,65.0,25642.8
05-Feb-2026,17-Feb-2026,PE,27350.0,1678.25,65.0,25642.8
05-Feb-2026,17-Feb-2026,PE,27400.0,1710.05,455.0,25642.8
05-Feb-2026,17-Feb-2026,PE,27450.0,1730.6,195.0,25642.8
05-Feb-2026,17-Feb-2026,PE,27500.0,1780.85,195.0,25642.8
05-Feb-2026,17-Feb-2026,PE,27550.0,1829.35,130.0,25642.8
05-Feb-2026,02-Mar-2026,CE,23100.0,,,25642.8
05-Feb-2026,02-Mar-2026,CE,23150.0,,,25642.8
05-Feb-2026,02-Mar-2026,CE,23200.0,,,25642.8
05-Feb-2026,02-Mar-2026,CE,23250.0,,,25642.8
05-Feb-2026,02-Mar-2026,CE,23300.0,2477.55,130.0,25642.8
05-Feb-2026,02-Mar-2026,CE,23350.0,,,25642.8
05-Feb-2026,02-Mar-2026,CE,23400.0,,,25642.8
05-Feb-2026,02-Mar-2026,CE,23450.0,,,25642.8
05-Feb-2026,02-Mar-2026,CE,23500.0,2262.65,130.0,25642.8
05-Feb-2026,02-Mar-2026,CE,23550.0,2219.85,65.0,25642.8
05-Feb-2026,02-Mar-2026,CE,23600.0,2171.3,65.0,25642.8
05-Feb-2026,02-Mar-2026,CE,23650.0,2241.8,195.0,25642.8
05-Feb-2026,02-Mar-2026,CE,23700.0,1516.25,130.0,25642.8
05-Feb-2026,02-Mar-2026,CE,23750.0,2025.4,130.0,25642.8
05-Feb-2026,02-Mar-2026,CE,23800.0,1958.9,130.0,25642.8
05-Feb-2026,02-Mar-2026,CE,23850.0,2046.2,195.0,25642.8
05-Feb-2026,02-Mar-2026,CE,23900.0,1340.55,195.0,25642.8
05-Feb-2026,02-Mar-2026,CE,23950.0,1295.75,195.0,25642.8
05-Feb-2026,02-Mar-2026,CE,24000.0,1766.55,1950.0,25642.8
05-Feb-2026,02-Mar-2026,CE,24050.0,1199.75,195.0,25642.8
05-Feb-2026,02-Mar-2026,CE,24100.0,1163.5,325.0,25642.8
05-Feb-2026,02-Mar-2026,CE,24150.0,,,25642.8
05-Feb-2026,02-Mar-2026,CE,24200.0,,,25642.8
05-Feb-2026,02-Mar-2026,CE,24250.0,,,25642.8
05-Feb-2026,02-Mar-2026,CE,24300.0,,,25642.8
05-Feb-2026,02-Mar-2026,CE,24350.0,,,25642.8
05-Feb-2026,02-Mar-2026,CE,24400.0,,,25642.8
05-Feb-2026,02-Mar-2026,CE,24450.0,,,25642.8
05-Feb-2026,02-Mar-2026,CE,24500.0,1267.2,2080.0,25642.8
05-Feb-2026,02-Mar-2026,CE,24550.0,1368.45,520.0,25642.8
05-Feb-2026,02-Mar-2026,CE,24600.0,1179.4,1690.0,25642.8
05-Feb-2026,02-Mar-2026,CE,24650.0,1129.0,1755.0,25642.8
05-Feb-2026,02-Mar-2026,CE,24700.0,1084.5,1690.0,25642.8
05-Feb-2026,02-Mar-2026,CE,24750.0,591.1,65.0,25642.8
05-Feb-2026,02-Mar-2026,CE,24800.0,994.75,2080.0,25642.8
05-Feb-2026,02-Mar-2026,CE,24850.0,950.4,1625.0,25642.8
05-Feb-2026,02-Mar-2026,CE,24900.0,959.2,1820.0,25642.8
05-Feb-2026,02-Mar-2026,CE,24950.0,886.65,8775.0,25642.8
05-Feb-2026,02-Mar-2026,CE,25000.0,807.65,7215.0,25642.8
05-Feb-2026,02-Mar-2026,CE,25050.0,793.85,1690.0,25642.8
05-Feb-2026,02-Mar-2026,CE,25100.0,750.0,4095.0,25642.8
05-Feb-2026,02-Mar-2026,CE,25150.0,693.65,2860.0,25642.8
05-Feb-2026,02-Mar-2026,CE,25200.0,640.1,4875.0,25642.8
05-Feb-2026,02-Mar-2026,CE,25250.0,630.0,2210.0,25642.8
05-Feb-2026,02-Mar-2026,CE,25300.0,580.55,4810.0,25642.8
05-Feb-2026,02-Mar-2026,CE,25350.0,552.6,20540.0,25642.8
05-Feb-2026,02-Mar-2026,CE,25400.0,507.25,13260.0,25642.8
05-Feb-2026,02-Mar-2026,CE,25450.0,460.2,1820.0,25642.8
05-Feb-2026,02-Mar-2026,CE,25500.0,441.1,31070.0,25642.8
05-Feb-2026,02-Mar-2026,CE,25550.0,403.0,3380.0,25642.8
05-Feb-2026,02-Mar-2026,CE,25600.0,377.05,33345.0,25642.8
05-Feb-2026,02-Mar-2026,CE,25650.0,347.0,4095.0,25642.8
05-Feb-2026,02-Mar-2026,CE,25700.0,319.6,33215.0,25642.8
05-Feb-2026,02-Mar-2026,CE,25750.0,292.8,10465.0,25642.8
05-Feb-2026,02-Mar-2026,CE,25800.0,264.35,28860.0,25642.8
05-Feb-2026,02-Mar-2026,CE,25850.0,247.2,4940.0,25642.8
05-Feb-2026,02-Mar-2026,CE,25900.0,219.5,24635.0,25642.8
05-Feb-2026,02-Mar-2026,CE,25950.0,196.25,14300.0,25642.8
05-Feb-2026,02-Mar-2026,CE,26000.0,178.15,85735.0,25642.8
05-Feb-2026,02-Mar-2026,CE,26050.0,164.75,29640.0,25642.8
05-Feb-2026,02-Mar-2026,CE,26100.0,143.8,30680.0,25642.8
05-Feb-2026,02-Mar-2026,CE,26150.0,133.0,5850.0,25642.8
05-Feb-2026,02-Mar-2026,CE,26200.0,116.35,32500.0,25642.8
05-Feb-2026,02-Mar-2026,CE,26250.0,104.85,15925.0,25642.8
05-Feb-2026,02-Mar-2026,CE,26300.0,92.2,34320.0,25642.8
05-Feb-2026,02-Mar-2026,CE,26350.0,81.85,7410.0,25642.8
05-Feb-2026,02-Mar-2026,CE,26400.0,74.6,20150.0,25642.8
05-Feb-2026,02-Mar-2026,CE,26450.0,65.6,8450.0,25642.8
05-Feb-2026,02-Mar-2026,CE,26500.0,59.4,68510.0,25642.8
05-Feb-2026,02-Mar-2026,CE,26550.0,52.2,8645.0,25642.8
05-Feb-2026,02-Mar-2026,CE,26600.0,47.2,11570.0,25642.8
05-Feb-2026,02-Mar-2026,CE,26650.0,194.25,2275.0,25642.8
05-Feb-2026,02-Mar-2026,CE,26700.0,36.8,12675.0,25642.8
05-Feb-2026,02-Mar-2026,CE,26750.0,33.8,8060.0,25642.8
05-Feb-2026,02-Mar-2026,CE,26800.0,29.75,11960.0,25642.8
05-Feb-2026,02-Mar-2026,CE,26850.0,28.25,4030.0,25642.8
05-Feb-2026,02-Mar-2026,CE,26900.0,24.5,5330.0,25642.8
05-Feb-2026,02-Mar-2026,CE,26950.0,23.45,3900.0,25642.8
05-Feb-2026,02-Mar-2026,CE,27000.0,21.8,93340.0,25642.8
05-Feb-2026,02-Mar-2026,CE,27050.0,20.8,3640.0,25642.8
05-Feb-2026,02-Mar-2026,CE,27100.0,18.35,7020.0,25642.8
05-Feb-2026,02-Mar-2026,CE,27150.0,16.25,6760.0,25642.8
05-Feb-2026,02-Mar-2026,CE,27200.0,16.8,4940.0,25642.8
05-Feb-2026,02-Mar-2026,CE,27250.0,,,25642.8
05-Feb-2026,02-Mar-2026,CE,27300.0,15.65,2730.0,25642.8
05-Feb-2026,02-Mar-2026,CE,27350.0,12.95,520.0,25642.8
05-Feb-2026,02-Mar-2026,CE,27400.0,13.2,2080.0,25642.8
05-Feb-2026,02-Mar-2026,CE,27450.0,12.95,390.0,25642.8
05-Feb-2026,02-Mar-2026,CE,27500.0,12.95,16965.0,25642.8
05-Feb-2026,02-Mar-2026,CE,27550.0,,,25642.8
05-Feb-2026,02-Mar-2026,PE,23100.0,12.8,13910.0,25642.8
05-Feb-2026,02-Mar-2026,PE,23150.0,,,25642.8
05-Feb-2026,02-Mar-2026,PE,23200.0,13.0,780.0,25642.8
05-Feb-2026,02-Mar-2026,PE,23250.0,,,25642.8
05-Feb-2026,02-Mar-2026,PE,23300.0,13.5,4940.0,25642.8
05-Feb-2026,02-Mar-2026,PE,23350.0,12.0,1885.0,25642.8
05-Feb-2026,02-Mar-2026,PE,23400.0,12.5,3445.0,25642.8
05-Feb-2026,02-Mar-2026,PE,23450.0,14.15,1300.0,25642.8
05-Feb-2026,02-Mar-2026,PE,23500.0,14.55,20410.0,25642.8
05-Feb-2026,02-Mar-2026,PE,23550.0,24.35,3055.0,25642.8
05-Feb-2026,02-Mar-2026,PE,23600.0,15.3,2860.0,25642.8
05-Feb-2026,02-Mar-2026,PE,23650.0,48.25,2925.0,25642.8
05-Feb-2026,02-Mar-2026,PE,23700.0,15.75,2730.0,25642.8
05-Feb-2026,02-Mar-2026,PE,23750.0,23.7,2535.0,25642.8
05-Feb-2026,02-Mar-2026,PE,23800.0,17.5,2795.0,25642.8
05-Feb-2026,02-Mar-2026,PE,23850.0,16.75,1300.0,25642.8
05-Feb-2026,02-Mar-2026,PE,23900.0,18.1,2015.0,25642.8
05-Feb-2026,02-Mar-2026,PE,23950.0,16.0,1950.0,25642.8
05-Feb-2026,02-Mar-2026,PE,24000.0,21.25,39260.0,25642.8
05-Feb-2026,02-Mar-2026,PE,24050.0,20.95,3770.0,25642.8
05-Feb-2026,02-Mar-2026,PE,24100.0,21.65,3315.0,25642.8
05-Feb-2026,02-Mar-2026,PE,24150.0,22.6,2145.0,25642.8
05-Feb-2026,02-Mar-2026,PE,24200.0,24.4,6175.0,25642.8
05-Feb-2026,02-Mar-2026,PE,24250.0,27.15,3705.0,25642.8
05-Feb-2026,02-Mar-2026,PE,24300.0,26.95,6370.0,25642.8
05-Feb-2026,02-Mar-2026,PE,24350.0,28.5,2795.0,25642.8
05-Feb-2026,02-Mar-2026,PE,24400.0,30.65,7800.0,25642.8
05-Feb-2026,02-Mar-2026,PE,24450.0,32.5,4810.0,25642.8
05-Feb-2026,02-Mar-2026,PE,24500.0,35.2,57005.0,25642.8
05-Feb-2026,02-Mar-2026,PE,24550.0,38.15,4095.0,25642.8
05-Feb-2026,02-Mar-2026,PE,24600.0,40.8,8970.0,25642.8
05-Feb-2026,02-Mar-2026,PE,24650.0,41.65,3315.0,25642.8
05-Feb-2026,02-Mar-2026,PE,24700.0,45.95,10010.0,25642.8
05-Feb-2026,02-Mar-2026,PE,24750.0,51.85,4550.0,25642.8
05-Feb-2026,02-Mar-2026,PE,24800.0,56.2,20670.0,25642.8
05-Feb-2026,02-Mar-2026,PE,24850.0,59.35,4225.0,25642.8
05-Feb-2026,02-Mar-2026,PE,24900.0,64.35,16770.0,25642.8
05-Feb-2026,02-Mar-2026,PE,24950.0,71.35,12220.0,25642.8
05-Feb-2026,02-Mar-2026,PE,25000.0,79.5,105235.0,25642.8
05-Feb-2026,02-Mar-2026,PE,25050.0,84.45,10140.0,25642.8
05-Feb-2026,02-Mar-2026,PE,25100.0,94.95,16510.0,25642.8
05-Feb-2026,02-Mar-2026,PE,25150.0,103.2,12090.0,25642.8
05-Feb-2026,02-Mar-2026,PE,25200.0,111.6,27495.0,25642.8
05-Feb-2026,02-Mar-2026,PE,25250.0,118.2,12610.0,25642.8
05-Feb-2026,02-Mar-2026,PE,25300.0,132.0,23725.0,25642.8
05-Feb-2026,02-Mar-2026,PE,25350.0,146.1,12935.0,25642.8
05-Feb-2026,02-Mar-2026,PE,25400.0,157.4,19435.0,25642.8
05-Feb-2026,02-Mar-2026,PE,25450.0,173.55,9815.0,25642.8
05-Feb-2026,02-Mar-2026,PE,25500.0,189.0,51220.0,25642.8
05-Feb-2026,02-Mar-2026,PE,25550.0,205.0,5460.0,25642.8
05-Feb-2026,02-Mar-2026,PE,25600.0,223.95,7345.0,25642.8
05-Feb-2026,02-Mar-2026,PE,25650.0,239.15,2730.0,25642.8
05-Feb-2026,02-Mar-2026,PE,25700.0,264.45,15795.0,25642.8
05-Feb-2026,02-Mar-2026,PE,25750.0,288.95,3965.0,25642.8
05-Feb-2026,02-Mar-2026,PE,25800.0,318.65,6565.0,25642.8
05-Feb-2026,02-Mar-2026,PE,25850.0,318.4,2730.0,25642.8
05-Feb-2026,02-Mar-2026,PE,25900.0,352.8,3705.0,25642.8
05-Feb-2026,02-Mar-2026,PE,25950.0,378.75,1820.0,25642.8
05-Feb-2026,02-Mar-2026,PE,26000.0,420.0,10010.0,25642.8
05-Feb-2026,02-Mar-2026,PE,26050.0,360.3,65.0,25642.8
05-Feb-2026,02-Mar-2026,PE,26100.0,480.05,5265.0,25642.8
05-Feb-2026,02-Mar-2026,PE,26150.0,436.05,1300.0,25642.8
05-Feb-2026,02-Mar-2026,PE,26200.0,558.7,2080.0,25642.8
05-Feb-2026,02-Mar-2026,PE,26250.0,578.85,195.0,25642.8
05-Feb-2026,02-Mar-2026,PE,26300.0,607.65,2470.0,25642.8
05-Feb-2026,02-Mar-2026,PE,26350.0,669.8,1105.0,25642.8
05-Feb-2026,02-Mar-2026,PE,26400.0,584.55,65.0,25642.8
05-Feb-2026,02-Mar-2026,PE,26450.0,632.5,845.0,25642.8
05-Feb-2026,02-Mar-2026,PE,26500.0,785.7,260.0,25642.8
05-Feb-2026,02-Mar-2026,PE,26550.0,,,25642.8
05-Feb-2026,02-Mar-2026,PE,26600.0,,,25642.8
05-Feb-2026,02-Mar-2026,PE,26650.0,,,25642.8
05-Feb-2026,02-Mar-2026,PE,26700.0,,,25642.8
05-Feb-2026,02-Mar-2026,PE,26750.0,,,25642.8
05-Feb-2026,02-Mar-2026,PE,26800.0,,,25642.8
05-Feb-2026,02-Mar-2026,PE,26850.0,,,25642.8
05-Feb-2026,02-Mar-2026,PE,26900.0,,,25642.8
05-Feb-2026,02-Mar-2026,PE,26950.0,1124.5,520.0,25642.8
05-Feb-2026,02-Mar-2026,PE,27000.0,,,25642.8
05-Feb-2026,02-Mar-2026,PE,27050.0,1254.3,65.0,25642.8
05-Feb-2026,02-Mar-2026,PE,27100.0,,,25642.8
05-Feb-2026,02-Mar-2026,PE,27150.0,2027.85,65.0,25642.8
05-Feb-2026,02-Mar-2026,PE,27200.0,,,25642.8
05-Feb-2026,02-Mar-2026,PE,27250.0,,,25642.8
05-Feb-2026,02-Mar-2026,PE,27300.0,,,25642.8
05-Feb-2026,02-Mar-2026,PE,27350.0,,,25642.8
05-Feb-2026,02-Mar-2026,PE,27400.0,,,25642.8
05-Feb-2026,02-Mar-2026,PE,27450.0,,,25642.8
05-Feb-2026,02-Mar-2026,PE,27500.0,,,25642.8
05-Feb-2026,02-Mar-2026,PE,27550.0,,,25642.8
05-Feb-2026,10-Mar-2026,CE,24000.0,,,25642.8
05-Feb-2026,10-Mar-2026,CE,24050.0,,,25642.8
05-Feb-2026,10-Mar-2026,CE,24100.0,,,25642.8
05-Feb-2026,10-Mar-2026,CE,24150.0,,,25642.8
05-Feb-2026,10-Mar-2026,CE,24200.0,,,25642.8
05-Feb-2026,10-Mar-2026,CE,24250.0,,,25642.8
05-Feb-2026,10-Mar-2026,CE,24300.0,,,25642.8
05-Feb-2026,10-Mar-2026,CE,24350.0,,,25642.8
05-Feb-2026,10-Mar-2026,CE,24400.0,,,25642.8
05-Feb-2026,10-Mar-2026,CE,24450.0,,,25642.8
05-Feb-2026,10-Mar-2026,CE,24500.0,,,25642.8
05-Feb-2026,10-Mar-2026,CE,24550.0,,,25642.8
05-Feb-2026,10-Mar-2026,CE,24600.0,,,25642.8
05-Feb-2026,10-Mar-2026,CE,24650.0,,,25642.8
05-Feb-2026,10-Mar-2026,CE,24700.0,,,25642.8
05-Feb-2026,10-Mar-2026,CE,24750.0,,,25642.8
05-Feb-2026,10-Mar-2026,CE,24800.0,,,25642.8
05-Feb-2026,10-Mar-2026,CE,24850.0,,,25642.8
05-Feb-2026,10-Mar-2026,CE,24900.0,,,25642.8
05-Feb-2026,10-Mar-2026,CE,24950.0,,,25642.8
05-Feb-2026,10-Mar-2026,CE,25000.0,,,25642.8
05-Feb-2026,10-Mar-2026,CE,25050.0,,,25642.8
05-Feb-2026,10-Mar-2026,CE,25100.0,,,25642.8
05-Feb-2026,10-Mar-2026,CE,25150.0,,,25642.8
05-Feb-2026,10-Mar-2026,CE,25200.0,,,25642.8
05-Feb-2026,10-Mar-2026,CE,25250.0,,,25642.8
05-Feb-2026,10-Mar-2026,CE,25300.0,,,25642.8
05-Feb-2026,10-Mar-2026,CE,25350.0,,,25642.8
05-Feb-2026,10-Mar-2026,CE,25400.0,547.2,65.0,25642.8
05-Feb-2026,10-Mar-2026,CE,25450.0,,,25642.8
05-Feb-2026,10-Mar-2026,CE,25500.0,490.0,390.0,25642.8
05-Feb-2026,10-Mar-2026,CE,25550.0,,,25642.8
05-Feb-2026,10-Mar-2026,CE,25600.0,427.6,1755.0,25642.8
05-Feb-2026,10-Mar-2026,CE,25650.0,,,25642.8
05-Feb-2026,10-Mar-2026,CE,25700.0,375.7,1820.0,25642.8
05-Feb-2026,10-Mar-2026,CE,25750.0,364.0,260.0,25642.8
05-Feb-2026,10-Mar-2026,CE,25800.0,313.35,1625.0,25642.8
05-Feb-2026,10-Mar-2026,CE,25850.0,,,25642.8
05-Feb-2026,10-Mar-2026,CE,25900.0,,,25642.8
05-Feb-2026,10-Mar-2026,CE,25950.0,,,25642.8
05-Feb-2026,10-Mar-2026,CE,26000.0,222.25,2925.0,25642.8
05-Feb-2026,10-Mar-2026,CE,26050.0,,,25642.8
05-Feb-2026,10-Mar-2026,CE,26100.0,186.95,2275.0,25642.8
05-Feb-2026,10-Mar-2026,CE,26150.0,,,25642.8
05-Feb-2026,10-Mar-2026,CE,26200.0,159.4,390.0,25642.8
05-Feb-2026,10-Mar-2026,CE,26250.0,,,25642.8
05-Feb-2026,10-Mar-2026,CE,26300.0,,,25642.8
05-Feb-2026,10-Mar-2026,CE,26350.0,,,25642.8
05-Feb-2026,10-Mar-2026,CE,26400.0,,,25642.8
05-Feb-2026,10-Mar-2026,CE,26450.0,,,25642.8
05-Feb-2026,10-Mar-2026,CE,26500.0,87.6,3250.0,25642.8
05-Feb-2026,10-Mar-2026,CE,26550.0,,,25642.8
05-Feb-2026,10-Mar-2026,CE,26600.0,96.85,65.0,25642.8
05-Feb-2026,10-Mar-2026,CE,26650.0,,,25642.8
05-Feb-2026,10-Mar-2026,CE,26700.0,,,25642.8
05-Feb-2026,10-Mar-2026,CE,26750.0,,,25642.8
05-Feb-2026,10-Mar-2026,CE,26800.0,,,25642.8
05-Feb-2026,10-Mar-2026,CE,26850.0,,,25642.8
05-Feb-2026,10-Mar-2026,CE,26900.0,,,25642.8
05-Feb-2026,10-Mar-2026,CE,26950.0,,,25642.8
05-Feb-2026,10-Mar-2026,CE,27000.0,,,25642.8
05-Feb-2026,10-Mar-2026,CE,27050.0,,,25642.8
05-Feb-2026,10-Mar-2026,CE,27100.0,,,25642.8
05-Feb-2026,10-Mar-2026,CE,27150.0,,,25642.8
05-Feb-2026,10-Mar-2026,CE,27200.0,,,25642.8
05-Feb-2026,10-Mar-2026,CE,27250.0,,,25642.8
05-Feb-2026,10-Mar-2026,CE,27300.0,,,25642.8
05-Feb-2026,10-Mar-2026,CE,27350.0,,,25642.8
05-Feb-2026,10-Mar-2026,CE,27400.0,27.7,65.0,25642.8
05-Feb-2026,10-Mar-2026,CE,27450.0,24.7,65.0,25642.8
05-Feb-2026,10-Mar-2026,CE,27500.0,14.95,65.0,25642.8
05-Feb-2026,10-Mar-2026,CE,27550.0,,,25642.8
05-Feb-2026,10-Mar-2026,PE,24000.0,,,25642.8
05-Feb-2026,10-Mar-2026,PE,24050.0,,,25642.8
05-Feb-2026,10-Mar-2026,PE,24100.0,,,25642.8
05-Feb-2026,10-Mar-2026,PE,24150.0,,,25642.8
05-Feb-2026,10-Mar-2026,PE,24200.0,,,25642.8
05-Feb-2026,10-Mar-2026,PE,24250.0,,,25642.8
05-Feb-2026,10-Mar-2026,PE,24300.0,36.85,195.0,25642.8
05-Feb-2026,10-Mar-2026,PE,24350.0,,,25642.8
05-Feb-2026,10-Mar-2026,PE,24400.0,,,25642.8
05-Feb-2026,10-Mar-2026,PE,24450.0,,,25642.8
05-Feb-2026,10-Mar-2026,PE,24500.0,46.8,2925.0,25642.8
05-Feb-2026,10-Mar-2026,PE,24550.0,,,25642.8
05-Feb-2026,10-Mar-2026,PE,24600.0,,,25642.8
05-Feb-2026,10-Mar-2026,PE,24650.0,,,25642.8
05-Feb-2026,10-Mar-2026,PE,24700.0,,,25642.8
05-Feb-2026,10-Mar-2026,PE,24750.0,,,25642.8
05-Feb-2026,10-Mar-2026,PE,24800.0,,,25642.8
05-Feb-2026,10-Mar-2026,PE,24850.0,,,25642.8
05-Feb-2026,10-Mar-2026,PE,24900.0,,,25642.8
05-Feb-2026,10-Mar-2026,PE,24950.0,,,25642.8
05-Feb-2026,10-Mar-2026,PE,25000.0,99.4,4355.0,25642.8
05-Feb-2026,10-Mar-2026,PE,25050.0,,,25642.8
05-Feb-2026,10-Mar-2026,PE,25100.0,115.15,325.0,25642.8
05-Feb-2026,10-Mar-2026,PE,25150.0,,,25642.8
05-Feb-2026,10-Mar-2026,PE,25200.0,127.25,130.0,25642.8
05-Feb-2026,10-Mar-2026,PE,25250.0,,,25642.8
05-Feb-2026,10-Mar-2026,PE,25300.0,167.25,520.0,25642.8
05-Feb-2026,10-Mar-2026,PE,25350.0,,,25642.8
05-Feb-2026,10-Mar-2026,PE,25400.0,,,25642.8
05-Feb-2026,10-Mar-2026,PE,25450.0,,,25642.8
05-Feb-2026,10-Mar-2026,PE,25500.0,208.3,3705.0,25642.8
05-Feb-2026,10-Mar-2026,PE,25550.0,188.6,130.0,25642.8
05-Feb-2026,10-Mar-2026,PE,25600.0,249.0,1105.0,25642.8
05-Feb-2026,10-Mar-2026,PE,25650.0,,,25642.8
05-Feb-2026,10-Mar-2026,PE,25700.0,284.35,2600.0,25642.8
05-Feb-2026,10-Mar-2026,PE,25750.0,314.25,845.0,25642.8
05-Feb-2026,10-Mar-2026,PE,25800.0,338.65,910.0,25642.8
05-Feb-2026,10-Mar-2026,PE,25850.0,355.0,65.0,25642.8
05-Feb-2026,10-Mar-2026,PE,25900.0,,,25642.8
05-Feb-2026,10-Mar-2026,PE,25950.0,,,25642.8
05-Feb-2026,10-Mar-2026,PE,26000.0,435.2,65.0,25642.8
05-Feb-2026,10-Mar-2026,PE,26050.0,,,25642.8
05-Feb-2026,10-Mar-2026,PE,26100.0,,,25642.8
05-Feb-2026,10-Mar-2026,PE,26150.0,,,25642.8
05-Feb-2026,10-Mar-2026,PE,26200.0,,,25642.8
05-Feb-2026,10-Mar-2026,PE,26250.0,,,25642.8
05-Feb-2026,10-Mar-2026,PE,26300.0,,,25642.8
05-Feb-2026,10-Mar-2026,PE,26350.0,,,25642.8
05-Feb-2026,10-Mar-2026,PE,26400.0,,,25642.8
05-Feb-2026,10-Mar-2026,PE,26450.0,,,25642.8
05-Feb-2026,10-Mar-2026,PE,26500.0,,,25642.8
05-Feb-2026,10-Mar-2026,PE,26550.0,,,25642.8
05-Feb-2026,10-Mar-2026,PE,26600.0,,,25642.8
05-Feb-2026,10-Mar-2026,PE,26650.0,,,25642.8
05-Feb-2026,10-Mar-2026,PE,26700.0,,,25642.8
05-Feb-2026,10-Mar-2026,PE,26750.0,,,25642.8
05-Feb-2026,10-Mar-2026,PE,26800.0,,,25642.8
05-Feb-2026,10-Mar-2026,PE,26850.0,,,25642.8
05-Feb-2026,10-Mar-2026,PE,26900.0,,,25642.8
05-Feb-2026,10-Mar-2026,PE,26950.0,,,25642.8
05-Feb-2026,10-Mar-2026,PE,27000.0,,,25642.8
05-Feb-2026,10-Mar-2026,PE,27050.0,,,25642.8
05-Feb-2026,10-Mar-2026,PE,27100.0,,,25642.8
05-Feb-2026,10-Mar-2026,PE,27150.0,,,25642.8
05-Feb-2026,10-Mar-2026,PE,27200.0,,,25642.8
05-Feb-2026,10-Mar-2026,PE,27250.0,,,25642.8
05-Feb-2026,10-Mar-2026,PE,27300.0,,,25642.8
05-Feb-2026,10-Mar-2026,PE,27350.0,,,25642.8
05-Feb-2026,10-Mar-2026,PE,27400.0,,,25642.8
05-Feb-2026,10-Mar-2026,PE,27450.0,,,25642.8
05-Feb-2026,10-Mar-2026,PE,27500.0,,,25642.8
05-Feb-2026,10-Mar-2026,PE,27550.0,,,25642.8
06-Feb-2026,17-Feb-2026,CE,23100.0,2592.6,65.0,25693.7
06-Feb-2026,17-Feb-2026,CE,23150.0,2552.65,65.0,25693.7
06-Feb-2026,17-Feb-2026,CE,23200.0,2466.85,260.0,25693.7
06-Feb-2026,17-Feb-2026,CE,23250.0,2442.55,195.0,25693.7
06-Feb-2026,17-Feb-2026,CE,23300.0,2393.15,455.0,25693.7
06-Feb-2026,17-Feb-2026,CE,23350.0,2342.95,195.0,25693.7
06-Feb-2026,17-Feb-2026,CE,23400.0,2300.1,325.0,25693.7
06-Feb-2026,17-Feb-2026,CE,23450.0,2256.5,130.0,25693.7
06-Feb-2026,17-Feb-2026,CE,23500.0,2193.05,455.0,25693.7
06-Feb-2026,17-Feb-2026,CE,23550.0,2143.25,195.0,25693.7
06-Feb-2026,17-Feb-2026,CE,23600.0,2040.0,455.0,25693.7
06-Feb-2026,17-Feb-2026,CE,23650.0,2044.3,260.0,25693.7
06-Feb-2026,17-Feb-2026,CE,23700.0,1997.15,325.0,25693.7
06-Feb-2026,17-Feb-2026,CE,23750.0,1949.4,195.0,25693.7
06-Feb-2026,17-Feb-2026,CE,23800.0,1888.4,390.0,25693.7
06-Feb-2026,17-Feb-2026,CE,23850.0,1856.15,195.0,25693.7
06-Feb-2026,17-Feb-2026,CE,23900.0,1802.75,260.0,25693.7
06-Feb-2026,17-Feb-2026,CE,23950.0,1746.5,195.0,25693.7
06-Feb-2026,17-Feb-2026,CE,24000.0,1692.6,2730.0,25693.7
06-Feb-2026,17-Feb-2026,CE,24050.0,1652.75,195.0,25693.7
06-Feb-2026,17-Feb-2026,CE,24100.0,1581.7,650.0,25693.7
06-Feb-2026,17-Feb-2026,CE,24150.0,1538.75,325.0,25693.7
06-Feb-2026,17-Feb-2026,CE,24200.0,1460.0,520.0,25693.7
06-Feb-2026,17-Feb-2026,CE,24250.0,1453.95,390.0,25693.7
06-Feb-2026,17-Feb-2026,CE,24300.0,1400.0,650.0,25693.7
06-Feb-2026,17-Feb-2026,CE,24350.0,1356.25,585.0,25693.7
06-Feb-2026,17-Feb-2026,CE,24400.0,1303.8,715.0,25693.7
06-Feb-2026,17-Feb-2026,CE,24450.0,1249.35,520.0,25693.7
06-Feb-2026,17-Feb-2026,CE,24500.0,1205.0,14235.0,25693.7
06-Feb-2026,17-Feb-2026,CE,24550.0,1031.0,1560.0,25693.7
06-Feb-2026,17-Feb-2026,CE,24600.0,1117.45,4160.0,25693.7
06-Feb-2026,17-Feb-2026,CE,24650.0,1035.05,585.0,25693.7
06-Feb-2026,17-Feb-2026,CE,24700.0,984.85,10660.0,25693.7
06-Feb-2026,17-Feb-2026,CE,24750.0,939.35,6305.0,25693.7
06-Feb-2026,17-Feb-2026,CE,24800.0,913.2,38675.0,25693.7
06-Feb-2026,17-Feb-2026,CE,24850.0,875.6,4420.0,25693.7
06-Feb-2026,17-Feb-2026,CE,24900.0,816.05,35295.0,25693.7
06-Feb-2026,17-Feb-2026,CE,24950.0,777.0,14755.0,25693.7
06-Feb-2026,17-Feb-2026,CE,25000.0,726.6,156780.0,25693.7
06-Feb-2026,17-Feb-2026,CE,25050.0,679.5,4810.0,25693.7
06-Feb-2026,17-Feb-2026,CE,25100.0,629.85,68120.0,25693.7
06-Feb-2026,17-Feb-2026,CE,25150.0,587.0,8645.0,25693.7
06-Feb-2026,17-Feb-2026,CE,25200.0,540.2,213005.0,25693.7
06-Feb-2026,17-Feb-2026,CE,25250.0,497.7,13975.0,25693.7
06-Feb-2026,17-Feb-2026,CE,25300.0,466.95,136630.0,25693.7
06-Feb-2026,17-Feb-2026,CE,25350.0,416.95,29575.0,25693.7
06-Feb-2026,17-Feb-2026,CE,25400.0,375.7,263250.0,25693.7
06-Feb-2026,17-Feb-2026,CE,25450.0,338.05,27690.0,25693.7
06-Feb-2026,17-Feb-2026,CE,25500.0,302.1,694135.0,25693.7
06-Feb-2026,17-Feb-2026,CE,25550.0,267.35,87425.0,25693.7
06-Feb-2026,17-Feb-2026,CE,25600.0,236.0,956345.0,25693.7
06-Feb-2026,17-Feb-2026,CE,25650.0,209.05,254345.0,25693.7
06-Feb-2026,17-Feb-2026,CE,25700.0,182.55,915980.0,25693.7
06-Feb-2026,17-Feb-2026,CE,25750.0,157.5,274105.0,25693.7
06-Feb-2026,17-Feb-2026,CE,25800.0,132.2,1333280.0,25693.7
06-Feb-2026,17-Feb-2026,CE,25850.0,115.55,213395.0,25693.7
06-Feb-2026,17-Feb-2026,CE,25900.0,97.05,542295.0,25693.7
06-Feb-2026,17-Feb-2026,CE,25950.0,81.5,258245.0,25693.7
06-Feb-2026,17-Feb-2026,CE,26000.0,69.45,1718990.0,25693.7
06-Feb-2026,17-Feb-2026,CE,26050.0,57.05,244855.0,25693.7
06-Feb-2026,17-Feb-2026,CE,26100.0,48.95,461175.0,25693.7
06-Feb-2026,17-Feb-2026,CE,26150.0,40.95,241865.0,25693.7
06-Feb-2026,17-Feb-2026,CE,26200.0,34.7,907140.0,25693.7
06-Feb-2026,17-Feb-2026,CE,26250.0,29.15,189410.0,25693.7
06-Feb-2026,17-Feb-2026,CE,26300.0,25.0,482495.0,25693.7
06-Feb-2026,17-Feb-2026,CE,26350.0,22.45,144885.0,25693.7
06-Feb-2026,17-Feb-2026,CE,26400.0,18.95,444990.0,25693.7
06-Feb-2026,17-Feb-2026,CE,26450.0,17.6,82615.0,25693.7
06-Feb-2026,17-Feb-2026,CE,26500.0,15.75,967525.0,25693.7
06-Feb-2026,17-Feb-2026,CE,26550.0,14.35,106015.0,25693.7
06-Feb-2026,17-Feb-2026,CE,26600.0,12.6,334425.0,25693.7
06-Feb-2026,17-Feb-2026,CE,26650.0,12.45,89895.0,25693.7
06-Feb-2026,17-Feb-2026,CE,26700.0,11.0,259870.0,25693.7
06-Feb-2026,17-Feb-2026,CE,26750.0,10.95,48425.0,25693.7
06-Feb-2026,17-Feb-2026,CE,26800.0,9.7,150605.0,25693.7
06-Feb-2026,17-Feb-2026,CE,26850.0,9.45,26845.0,25693.7
06-Feb-2026,17-Feb-2026,CE,26900.0,7.95,102830.0,25693.7
06-Feb-2026,17-Feb-2026,CE,26950.0,8.95,36985.0,25693.7
06-Feb-2026,17-Feb-2026,CE,27000.0,6.9,1171040.0,25693.7
06-Feb-2026,17-Feb-2026,CE,27050.0,7.7,30875.0,25693.7
06-Feb-2026,17-Feb-2026,CE,27100.0,6.0,103155.0,25693.7
06-Feb-2026,17-Feb-2026,CE,27150.0,6.5,7280.0,25693.7
06-Feb-2026,17-Feb-2026,CE,27200.0,6.25,97370.0,25693.7
06-Feb-2026,17-Feb-2026,CE,27250.0,6.25,14950.0,25693.7
06-Feb-2026,17-Feb-2026,CE,27300.0,4.9,115570.0,25693.7
06-Feb-2026,17-Feb-2026,CE,27350.0,4.75,8710.0,25693.7
06-Feb-2026,17-Feb-2026,CE,27400.0,4.3,45045.0,25693.7
06-Feb-2026,17-Feb-2026,CE,27450.0,3.9,20800.0,25693.7
06-Feb-2026,17-Feb-2026,CE,27500.0,3.2,733460.0,25693.7
06-Feb-2026,17-Feb-2026,CE,27550.0,3.35,56615.0,25693.7
06-Feb-2026,17-Feb-2026,PE,23100.0,4.7,349765.0,25693.7
06-Feb-2026,17-Feb-2026,PE,23150.0,4.9,18590.0,25693.7
06-Feb-2026,17-Feb-2026,PE,23200.0,5.0,47840.0,25693.7
06-Feb-2026,17-Feb-2026,PE,23250.0,5.85,15730.0,25693.7
06-Feb-2026,17-Feb-2026,PE,23300.0,4.95,72085.0,25693.7
06-Feb-2026,17-Feb-2026,PE,23350.0,5.2,10855.0,25693.7
06-Feb-2026,17-Feb-2026,PE,23400.0,5.3,27430.0,25693.7
06-Feb-2026,17-Feb-2026,PE,23450.0,5.0,6175.0,25693.7
06-Feb-2026,17-Feb-2026,PE,23500.0,5.6,239525.0,25693.7
06-Feb-2026,17-Feb-2026,PE,23550.0,5.3,15210.0,25693.7
06-Feb-2026,17-Feb-2026,PE,23600.0,5.85,21970.0,25693.7
06-Feb-2026,17-Feb-2026,PE,23650.0,6.9,19760.0,25693.7
06-Feb-2026,17-Feb-2026,PE,23700.0,7.35,49400.0,25693.7
06-Feb-2026,17-Feb-2026,PE,23750.0,6.2,10010.0,25693.7
06-Feb-2026,17-Feb-2026,PE,23800.0,7.7,134810.0,25693.7
06-Feb-2026,17-Feb-2026,PE,23850.0,9.2,17680.0,25693.7
06-Feb-2026,17-Feb-2026,PE,23900.0,8.0,52455.0,25693.7
06-Feb-2026,17-Feb-2026,PE,23950.0,8.85,18070.0,25693.7
06-Feb-2026,17-Feb-2026,PE,24000.0,9.05,802815.0,25693.7
06-Feb-2026,17-Feb-2026,PE,24050.0,8.8,14235.0,25693.7
06-Feb-2026,17-Feb-2026,PE,24100.0,8.95,95875.0,25693.7
06-Feb-2026,17-Feb-2026,PE,24150.0,10.5,16640.0,25693.7
06-Feb-2026,17-Feb-2026,PE,24200.0,10.5,203905.0,25693.7
06-Feb-2026,17-Feb-2026,PE,24250.0,10.6,26260.0,25693.7
06-Feb-2026,17-Feb-2026,PE,24300.0,11.3,178100.0,25693.7
06-Feb-2026,17-Feb-2026,PE,24350.0,11.9,21060.0,25693.7
06-Feb-2026,17-Feb-2026,PE,24400.0,12.1,93080.0,25693.7
06-Feb-2026,17-Feb-2026,PE,24450.0,11.95,28665.0,25693.7
06-Feb-2026,17-Feb-2026,PE,24500.0,12.95,615940.0,25693.7
06-Feb-2026,17-Feb-2026,PE,24550.0,14.75,33215.0,25693.7
06-Feb-2026,17-Feb-2026,PE,24600.0,16.05,239785.0,25693.7
06-Feb-2026,17-Feb-2026,PE,24650.0,16.5,35035.0,25693.7
06-Feb-2026,17-Feb-2026,PE,24700.0,17.55,576290.0,25693.7
06-Feb-2026,17-Feb-2026,PE,24750.0,19.1,75920.0,25693.7
06-Feb-2026,17-Feb-2026,PE,24800.0,21.1,369200.0,25693.7
06-Feb-2026,17-Feb-2026,PE,24850.0,22.8,81510.0,25693.7
06-Feb-2026,17-Feb-2026,PE,24900.0,25.05,509470.0,25693.7
06-Feb-2026,17-Feb-2026,PE,24950.0,27.55,132600.0,25693.7
06-Feb-2026,17-Feb-2026,PE,25000.0,30.0,1444365.0,25693.7
06-Feb-2026,17-Feb-2026,PE,25050.0,33.5,131690.0,25693.7
06-Feb-2026,17-Feb-2026,PE,25100.0,37.9,342550.0,25693.7
06-Feb-2026,17-Feb-2026,PE,25150.0,41.95,89895.0,25693.7
06-Feb-2026,17-Feb-2026,PE,25200.0,47.05,641485.0,25693.7
06-Feb-2026,17-Feb-2026,PE,25250.0,54.85,251810.0,25693.7
06-Feb-2026,17-Feb-2026,PE,25300.0,60.0,800800.0,25693.7
06-Feb-2026,17-Feb-2026,PE,25350.0,70.55,185055.0,25693.7
06-Feb-2026,17-Feb-2026,PE,25400.0,81.85,581425.0,25693.7
06-Feb-2026,17-Feb-2026,PE,25450.0,94.8,117975.0,25693.7
06-Feb-2026,17-Feb-2026,PE,25500.0,106.8,1080495.0,25693.7
06-Feb-2026,17-Feb-2026,PE,25550.0,122.85,241280.0,25693.7
06-Feb-2026,17-Feb-2026,PE,25600.0,140.0,1095250.0,25693.7
06-Feb-2026,17-Feb-2026,PE,25650.0,161.35,172315.0,25693.7
06-Feb-2026,17-Feb-2026,PE,25700.0,183.1,615680.0,25693.7
06-Feb-2026,17-Feb-2026,PE,25750.0,208.5,151775.0,25693.7
06-Feb-2026,17-Feb-2026,PE,25800.0,238.0,655915.0,25693.7
06-Feb-2026,17-Feb-2026,PE,25850.0,268.8,54925.0,25693.7
06-Feb-2026,17-Feb-2026,PE,25900.0,300.5,182585.0,25693.7
06-Feb-2026,17-Feb-2026,PE,25950.0,333.75,40430.0,25693.7
06-Feb-2026,17-Feb-2026,PE,26000.0,371.55,210730.0,25693.7
06-Feb-2026,17-Feb-2026,PE,26050.0,408.65,23205.0,25693.7
06-Feb-2026,17-Feb-2026,PE,26100.0,448.0,43030.0,25693.7
06-Feb-2026,17-Feb-2026,PE,26150.0,494.75,20150.0,25693.7
06-Feb-2026,17-Feb-2026,PE,26200.0,534.3,88530.0,25693.7
06-Feb-2026,17-Feb-2026,PE,26250.0,630.0,4485.0,25693.7
06-Feb-2026,17-Feb-2026,PE,26300.0,627.9,43160.0,25693.7
06-Feb-2026,17-Feb-2026,PE,26350.0,697.0,585.0,25693.7
06-Feb-2026,17-Feb-2026,PE,26400.0,721.6,28990.0,25693.7
06-Feb-2026,17-Feb-2026,PE,26450.0,793.3,325.0,25693.7
06-Feb-2026,17-Feb-2026,PE,26500.0,818.0,26130.0,25693.7
06-Feb-2026,17-Feb-2026,PE,26550.0,982.55,325.0,25693.7
06-Feb-2026,17-Feb-2026,PE,26600.0,908.7,3315.0,25693.7
06-Feb-2026,17-Feb-2026,PE,26650.0,984.0,65.0,25693.7
06-Feb-2026,17-Feb-2026,PE,26700.0,1000.0,715.0,25693.7
06-Feb-2026,17-Feb-2026,PE,26750.0,1055.55,65.0,25693.7
06-Feb-2026,17-Feb-2026,PE,26800.0,1115.3,975.0,25693.7
06-Feb-2026,17-Feb-2026,PE,26850.0,1173.4,260.0,25693.7
06-Feb-2026,17-Feb-2026,PE,26900.0,1216.45,1365.0,25693.7
06-Feb-2026,17-Feb-2026,PE,26950.0,1253.25,65.0,25693.7
06-Feb-2026,17-Feb-2026,PE,27000.0,1300.0,11960.0,25693.7
06-Feb-2026,17-Feb-2026,PE,27050.0,1372.4,65.0,25693.7
06-Feb-2026,17-Feb-2026,PE,27100.0,1416.2,195.0,25693.7
06-Feb-2026,17-Feb-2026,PE,27150.0,1469.55,260.0,25693.7
06-Feb-2026,17-Feb-2026,PE,27200.0,1500.85,520.0,25693.7
06-Feb-2026,17-Feb-2026,PE,27250.0,1546.05,65.0,25693.7
06-Feb-2026,17-Feb-2026,PE,27300.0,1599.6,130.0,25693.7
06-Feb-2026,17-Feb-2026,PE,27350.0,1661.35,65.0,25693.7
06-Feb-2026,17-Feb-2026,PE,27400.0,1702.55,455.0,25693.7
06-Feb-2026,17-Feb-2026,PE,27450.0,1736.6,260.0,25693.7
06-Feb-2026,17-Feb-2026,PE,27500.0,1807.95,260.0,25693.7
06-Feb-2026,17-Feb-2026,PE,27550.0,1839.95,195.0,25693.7
06-Feb-2026,02-Mar-2026,CE,23100.0,,,25693.7
06-Feb-2026,02-Mar-2026,CE,23150.0,,,25693.7
06-Feb-2026,02-Mar-2026,CE,23200.0,,,25693.7
06-Feb-2026,02-Mar-2026,CE,23250.0,,,25693.7
06-Feb-2026,02-Mar-2026,CE,23300.0,2468.15,130.0,25693.7
06-Feb-2026,02-Mar-2026,CE,23350.0,,,25693.7
06-Feb-2026,02-Mar-2026,CE,23400.0,,,25693.7
06-Feb-2026,02-Mar-2026,CE,23450.0,,,25693.7
06-Feb-2026,02-Mar-2026,CE,23500.0,2270.85,130.0,25693.7
06-Feb-2026,02-Mar-2026,CE,23550.0,2219.85,65.0,25693.7
06-Feb-2026,02-Mar-2026,CE,23600.0,2175.4,130.0,25693.7
06-Feb-2026,02-Mar-2026,CE,23650.0,2241.8,195.0,25693.7
06-Feb-2026,02-Mar-2026,CE,23700.0,2081.1,130.0,25693.7
06-Feb-2026,02-Mar-2026,CE,23750.0,2024.8,195.0,25693.7
06-Feb-2026,02-Mar-2026,CE,23800.0,1966.2,130.0,25693.7
06-Feb-2026,02-Mar-2026,CE,23850.0,2046.2,195.0,25693.7
06-Feb-2026,02-Mar-2026,CE,23900.0,1879.85,195.0,25693.7
06-Feb-2026,02-Mar-2026,CE,23950.0,1822.5,130.0,25693.7
06-Feb-2026,02-Mar-2026,CE,24000.0,1766.55,1950.0,25693.7
06-Feb-2026,02-Mar-2026,CE,24050.0,1199.75,195.0,25693.7
06-Feb-2026,02-Mar-2026,CE,24100.0,1163.5,325.0,25693.7
06-Feb-2026,02-Mar-2026,CE,24150.0,,,25693.7
06-Feb-2026,02-Mar-2026,CE,24200.0,,,25693.7
06-Feb-2026,02-Mar-2026,CE,24250.0,,,25693.7
06-Feb-2026,02-Mar-2026,CE,24300.0,,,25693.7
06-Feb-2026,02-Mar-2026,CE,24350.0,,,25693.7
06-Feb-2026,02-Mar-2026,CE,24400.0,,,25693.7
06-Feb-2026,02-Mar-2026,CE,24450.0,,,25693.7
06-Feb-2026,02-Mar-2026,CE,24500.0,1292.0,1690.0,25693.7
06-Feb-2026,02-Mar-2026,CE,24550.0,1368.45,520.0,25693.7
06-Feb-2026,02-Mar-2026,CE,24600.0,1191.4,1625.0,25693.7
06-Feb-2026,02-Mar-2026,CE,24650.0,1007.3,1690.0,25693.7
06-Feb-2026,02-Mar-2026,CE,24700.0,1073.2,1690.0,25693.7
06-Feb-2026,02-Mar-2026,CE,24750.0,591.1,65.0,25693.7
06-Feb-2026,02-Mar-2026,CE,24800.0,985.15,2080.0,25693.7
06-Feb-2026,02-Mar-2026,CE,24850.0,961.95,1495.0,25693.7
06-Feb-2026,02-Mar-2026,CE,24900.0,900.0,1625.0,25693.7
06-Feb-2026,02-Mar-2026,CE,24950.0,881.85,2405.0,25693.7
06-Feb-2026,02-Mar-2026,CE,25000.0,832.05,6955.0,25693.7
06-Feb-2026,02-Mar-2026,CE,25050.0,788.05,1560.0,25693.7
06-Feb-2026,02-Mar-2026,CE,25100.0,747.4,4290.0,25693.7
06-Feb-2026,02-Mar-2026,CE,25150.0,694.05,2730.0,25693.7
06-Feb-2026,02-Mar-2026,CE,25200.0,655.9,7280.0,25693.7
06-Feb-2026,02-Mar-2026,CE,25250.0,613.35,2145.0,25693.7
06-Feb-2026,02-Mar-2026,CE,25300.0,575.45,13845.0,25693.7
06-Feb-2026,02-Mar-2026,CE,25350.0,548.2,20150.0,25693.7
06-Feb-2026,02-Mar-2026,CE,25400.0,506.0,16900.0,25693.7
06-Feb-2026,02-Mar-2026,CE,25450.0,431.1,3055.0,25693.7
06-Feb-2026,02-Mar-2026,CE,25500.0,433.75,31200.0,25693.7
06-Feb-2026,02-Mar-2026,CE,25550.0,404.35,3640.0,25693.7
06-Feb-2026,02-Mar-2026,CE,25600.0,368.4,32110.0,25693.7
06-Feb-2026,02-Mar-2026,CE,25650.0,337.8,14365.0,25693.7
06-Feb-2026,02-Mar-2026,CE,25700.0,308.55,34255.0,25693.7
06-Feb-2026,02-Mar-2026,CE,25750.0,283.6,14235.0,25693.7
06-Feb-2026,02-Mar-2026,CE,25800.0,255.9,36530.0,25693.7
06-Feb-2026,02-Mar-2026,CE,25850.0,233.95,5525.0,25693.7
06-Feb-2026,02-Mar-2026,CE,25900.0,209.0,27040.0,25693.7
06-Feb-2026,02-Mar-2026,CE,25950.0,186.6,13195.0,25693.7
06-Feb-2026,02-Mar-2026,CE,26000.0,168.1,85020.0,25693.7
06-Feb-2026,02-Mar-2026,CE,26050.0,152.1,28795.0,25693.7
06-Feb-2026,02-Mar-2026,CE,26100.0,134.35,32955.0,25693.7
06-Feb-2026,02-Mar-2026,CE,26150.0,119.1,4615.0,25693.7
06-Feb-2026,02-Mar-2026,CE,26200.0,110.85,32370.0,25693.7
06-Feb-2026,02-Mar-2026,CE,26250.0,94.9,13975.0,25693.7
06-Feb-2026,02-Mar-2026,CE,26300.0,86.4,53625.0,25693.7
06-Feb-2026,02-Mar-2026,CE,26350.0,74.5,10725.0,25693.7
06-Feb-2026,02-Mar-2026,CE,26400.0,67.15,18395.0,25693.7
06-Feb-2026,02-Mar-2026,CE,26450.0,60.1,8905.0,25693.7
06-Feb-2026,02-Mar-2026,CE,26500.0,54.8,84370.0,25693.7
06-Feb-2026,02-Mar-2026,CE,26550.0,47.7,9620.0,25693.7
06-Feb-2026,02-Mar-2026,CE,26600.0,42.0,12025.0,25693.7
06-Feb-2026,02-Mar-2026,CE,26650.0,194.25,2275.0,25693.7
06-Feb-2026,02-Mar-2026,CE,26700.0,33.95,16445.0,25693.7
06-Feb-2026,02-Mar-2026,CE,26750.0,29.8,3900.0,25693.7
06-Feb-2026,02-Mar-2026,CE,26800.0,26.3,12545.0,25693.7
06-Feb-2026,02-Mar-2026,CE,26850.0,24.15,4485.0,25693.7
06-Feb-2026,02-Mar-2026,CE,26900.0,21.25,5850.0,25693.7
06-Feb-2026,02-Mar-2026,CE,26950.0,19.55,3640.0,25693.7
06-Feb-2026,02-Mar-2026,CE,27000.0,19.45,100035.0,25693.7
06-Feb-2026,02-Mar-2026,CE,27050.0,16.15,3705.0,25693.7
06-Feb-2026,02-Mar-2026,CE,27100.0,17.8,12090.0,25693.7
06-Feb-2026,02-Mar-2026,CE,27150.0,16.8,6565.0,25693.7
06-Feb-2026,02-Mar-2026,CE,27200.0,14.85,7735.0,25693.7
06-Feb-2026,02-Mar-2026,CE,27250.0,,,25693.7
06-Feb-2026,02-Mar-2026,CE,27300.0,13.75,3055.0,25693.7
06-Feb-2026,02-Mar-2026,CE,27350.0,10.1,585.0,25693.7
06-Feb-2026,02-Mar-2026,CE,27400.0,11.3,1950.0,25693.7
06-Feb-2026,02-Mar-2026,CE,27450.0,11.1,585.0,25693.7
06-Feb-2026,02-Mar-2026,CE,27500.0,10.95,19630.0,25693.7
06-Feb-2026,02-Mar-2026,CE,27550.0,,,25693.7
06-Feb-2026,02-Mar-2026,PE,23100.0,13.0,14235.0,25693.7
06-Feb-2026,02-Mar-2026,PE,23150.0,,,25693.7
06-Feb-2026,02-Mar-2026,PE,23200.0,13.0,845.0,25693.7
06-Feb-2026,02-Mar-2026,PE,23250.0,,,25693.7
06-Feb-2026,02-Mar-2026,PE,23300.0,13.0,6175.0,25693.7
06-Feb-2026,02-Mar-2026,PE,23350.0,12.8,2340.0,25693.7
06-Feb-2026,02-Mar-2026,PE,23400.0,12.55,5330.0,25693.7
06-Feb-2026,02-Mar-2026,PE,23450.0,14.15,1300.0,25693.7
06-Feb-2026,02-Mar-2026,PE,23500.0,14.75,21580.0,25693.7
06-Feb-2026,02-Mar-2026,PE,23550.0,13.7,1430.0,25693.7
06-Feb-2026,02-Mar-2026,PE,23600.0,15.3,2860.0,25693.7
06-Feb-2026,02-Mar-2026,PE,23650.0,48.25,2925.0,25693.7
06-Feb-2026,02-Mar-2026,PE,23700.0,19.6,3380.0,25693.7
06-Feb-2026,02-Mar-2026,PE,23750.0,23.7,2535.0,25693.7
06-Feb-2026,02-Mar-2026,PE,23800.0,19.35,2990.0,25693.7
06-Feb-2026,02-Mar-2026,PE,23850.0,16.75,1300.0,25693.7
06-Feb-2026,02-Mar-2026,PE,23900.0,16.2,2080.0,25693.7
06-Feb-2026,02-Mar-2026,PE,23950.0,22.55,1950.0,25693.7
06-Feb-2026,02-Mar-2026,PE,24000.0,20.6,40820.0,25693.7
06-Feb-2026,02-Mar-2026,PE,24050.0,28.1,3835.0,25693.7
06-Feb-2026,02-Mar-2026,PE,24100.0,22.0,3835.0,25693.7
06-Feb-2026,02-Mar-2026,PE,24150.0,22.3,2145.0,25693.7
06-Feb-2026,02-Mar-2026,PE,24200.0,24.0,7475.0,25693.7
06-Feb-2026,02-Mar-2026,PE,24250.0,25.35,3900.0,25693.7
06-Feb-2026,02-Mar-2026,PE,24300.0,25.8,6695.0,25693.7
06-Feb-2026,02-Mar-2026,PE,24350.0,26.45,2600.0,25693.7
06-Feb-2026,02-Mar-2026,PE,24400.0,29.5,8060.0,25693.7
06-Feb-2026,02-Mar-2026,PE,24450.0,30.0,4810.0,25693.7
06-Feb-2026,02-Mar-2026,PE,24500.0,35.15,65390.0,25693.7
06-Feb-2026,02-Mar-2026,PE,24550.0,34.3,4355.0,25693.7
06-Feb-2026,02-Mar-2026,PE,24600.0,37.85,10335.0,25693.7
06-Feb-2026,02-Mar-2026,PE,24650.0,39.05,4940.0,25693.7
06-Feb-2026,02-Mar-2026,PE,24700.0,43.1,13585.0,25693.7
06-Feb-2026,02-Mar-2026,PE,24750.0,47.2,5655.0,25693.7
06-Feb-2026,02-Mar-2026,PE,24800.0,50.85,26585.0,25693.7
06-Feb-2026,02-Mar-2026,PE,24850.0,54.85,4290.0,25693.7
06-Feb-2026,02-Mar-2026,PE,24900.0,59.35,17355.0,25693.7
06-Feb-2026,02-Mar-2026,PE,24950.0,66.6,12675.0,25693.7
06-Feb-2026,02-Mar-2026,PE,25000.0,72.3,115700.0,25693.7
06-Feb-2026,02-Mar-2026,PE,25050.0,77.8,16900.0,25693.7
06-Feb-2026,02-Mar-2026,PE,25100.0,84.05,16575.0,25693.7
06-Feb-2026,02-Mar-2026,PE,25150.0,91.0,11895.0,25693.7
06-Feb-2026,02-Mar-2026,PE,25200.0,101.55,30940.0,25693.7
06-Feb-2026,02-Mar-2026,PE,25250.0,109.05,11570.0,25693.7
06-Feb-2026,02-Mar-2026,PE,25300.0,122.05,54080.0,25693.7
06-Feb-2026,02-Mar-2026,PE,25350.0,130.85,10985.0,25693.7
06-Feb-2026,02-Mar-2026,PE,25400.0,141.85,26000.0,25693.7
06-Feb-2026,02-Mar-2026,PE,25450.0,157.35,9945.0,25693.7
06-Feb-2026,02-Mar-2026,PE,25500.0,174.1,69290.0,25693.7
06-Feb-2026,02-Mar-2026,PE,25550.0,188.75,7085.0,25693.7
06-Feb-2026,02-Mar-2026,PE,25600.0,203.4,21385.0,25693.7
06-Feb-2026,02-Mar-2026,PE,25650.0,222.2,6370.0,25693.7
06-Feb-2026,02-Mar-2026,PE,25700.0,242.85,26455.0,25693.7
06-Feb-2026,02-Mar-2026,PE,25750.0,263.9,2795.0,25693.7
06-Feb-2026,02-Mar-2026,PE,25800.0,290.0,22880.0,25693.7
06-Feb-2026,02-Mar-2026,PE,25850.0,320.6,3055.0,25693.7
06-Feb-2026,02-Mar-2026,PE,25900.0,340.35,15275.0,25693.7
06-Feb-2026,02-Mar-2026,PE,25950.0,374.3,1690.0,25693.7
06-Feb-2026,02-Mar-2026,PE,26000.0,399.65,13780.0,25693.7
06-Feb-2026,02-Mar-2026,PE,26050.0,433.45,845.0,25693.7
06-Feb-2026,02-Mar-2026,PE,26100.0,497.2,6240.0,25693.7
06-Feb-2026,02-Mar-2026,PE,26150.0,514.9,1105.0,25693.7
06-Feb-2026,02-Mar-2026,PE,26200.0,532.4,1950.0,25693.7
06-Feb-2026,02-Mar-2026,PE,26250.0,578.85,195.0,25693.7
06-Feb-2026,02-Mar-2026,PE,26300.0,637.3,2275.0,25693.7
06-Feb-2026,02-Mar-2026,PE,26350.0,740.45,845.0,25693.7
06-Feb-2026,02-Mar-2026,PE,26400.0,691.35,325.0,25693.7
06-Feb-2026,02-Mar-2026,PE,26450.0,831.05,715.0,25693.7
06-Feb-2026,02-Mar-2026,PE,26500.0,776.05,390.0,25693.7
06-Feb-2026,02-Mar-2026,PE,26550.0,,,25693.7
06-Feb-2026,02-Mar-2026,PE,26600.0,,,25693.7
06-Feb-2026,02-Mar-2026,PE,26650.0,,,25693.7
06-Feb-2026,02-Mar-2026,PE,26700.0,,,25693.7
06-Feb-2026,02-Mar-2026,PE,26750.0,,,25693.7
06-Feb-2026,02-Mar-2026,PE,26800.0,,,25693.7
06-Feb-2026,02-Mar-2026,PE,26850.0,,,25693.7
06-Feb-2026,02-Mar-2026,PE,26900.0,,,25693.7
06-Feb-2026,02-Mar-2026,PE,26950.0,1124.5,520.0,25693.7
06-Feb-2026,02-Mar-2026,PE,27000.0,,,25693.7
06-Feb-2026,02-Mar-2026,PE,27050.0,1308.25,,25693.7
06-Feb-2026,02-Mar-2026,PE,27100.0,,,25693.7
06-Feb-2026,02-Mar-2026,PE,27150.0,2027.85,65.0,25693.7
06-Feb-2026,02-Mar-2026,PE,27200.0,,,25693.7
06-Feb-2026,02-Mar-2026,PE,27250.0,,,25693.7
06-Feb-2026,02-Mar-2026,PE,27300.0,,,25693.7
06-Feb-2026,02-Mar-2026,PE,27350.0,,,25693.7
06-Feb-2026,02-Mar-2026,PE,27400.0,,,25693.7
06-Feb-2026,02-Mar-2026,PE,27450.0,,,25693.7
06-Feb-2026,02-Mar-2026,PE,27500.0,,,25693.7
06-Feb-2026,02-Mar-2026,PE,27550.0,,,25693.7
06-Feb-2026,10-Mar-2026,CE,23900.0,,,25693.7
06-Feb-2026,10-Mar-2026,CE,23950.0,,,25693.7
06-Feb-2026,10-Mar-2026,CE,24000.0,,,25693.7
06-Feb-2026,10-Mar-2026,CE,24050.0,,,25693.7
06-Feb-2026,10-Mar-2026,CE,24100.0,,,25693.7
06-Feb-2026,10-Mar-2026,CE,24150.0,,,25693.7
06-Feb-2026,10-Mar-2026,CE,24200.0,,,25693.7
06-Feb-2026,10-Mar-2026,CE,24250.0,,,25693.7
06-Feb-2026,10-Mar-2026,CE,24300.0,,,25693.7
06-Feb-2026,10-Mar-2026,CE,24350.0,,,25693.7
06-Feb-2026,10-Mar-2026,CE,24400.0,,,25693.7
06-Feb-2026,10-Mar-2026,CE,24450.0,,,25693.7
06-Feb-2026,10-Mar-2026,CE,24500.0,,,25693.7
06-Feb-2026,10-Mar-2026,CE,24550.0,,,25693.7
06-Feb-2026,10-Mar-2026,CE,24600.0,,,25693.7
06-Feb-2026,10-Mar-2026,CE,24650.0,,,25693.7
06-Feb-2026,10-Mar-2026,CE,24700.0,,,25693.7
06-Feb-2026,10-Mar-2026,CE,24750.0,,,25693.7
06-Feb-2026,10-Mar-2026,CE,24800.0,,,25693.7
06-Feb-2026,10-Mar-2026,CE,24850.0,,,25693.7
06-Feb-2026,10-Mar-2026,CE,24900.0,,,25693.7
06-Feb-2026,10-Mar-2026,CE,24950.0,,,25693.7
06-Feb-2026,10-Mar-2026,CE,25000.0,,,25693.7
06-Feb-2026,10-Mar-2026,CE,25050.0,,,25693.7
06-Feb-2026,10-Mar-2026,CE,25100.0,,,25693.7
06-Feb-2026,10-Mar-2026,CE,25150.0,,,25693.7
06-Feb-2026,10-Mar-2026,CE,25200.0,,,25693.7
06-Feb-2026,10-Mar-2026,CE,25250.0,,,25693.7
06-Feb-2026,10-Mar-2026,CE,25300.0,,,25693.7
06-Feb-2026,10-Mar-2026,CE,25350.0,,,25693.7
06-Feb-2026,10-Mar-2026,CE,25400.0,547.2,65.0,25693.7
06-Feb-2026,10-Mar-2026,CE,25450.0,,,25693.7
06-Feb-2026,10-Mar-2026,CE,25500.0,491.35,2405.0,25693.7
06-Feb-2026,10-Mar-2026,CE,25550.0,,,25693.7
06-Feb-2026,10-Mar-2026,CE,25600.0,423.8,4810.0,25693.7
06-Feb-2026,10-Mar-2026,CE,25650.0,,,25693.7
06-Feb-2026,10-Mar-2026,CE,25700.0,369.0,6370.0,25693.7
06-Feb-2026,10-Mar-2026,CE,25750.0,343.05,520.0,25693.7
06-Feb-2026,10-Mar-2026,CE,25800.0,308.35,2600.0,25693.7
06-Feb-2026,10-Mar-2026,CE,25850.0,,,25693.7
06-Feb-2026,10-Mar-2026,CE,25900.0,232.65,65.0,25693.7
06-Feb-2026,10-Mar-2026,CE,25950.0,,,25693.7
06-Feb-2026,10-Mar-2026,CE,26000.0,211.0,8710.0,25693.7
06-Feb-2026,10-Mar-2026,CE,26050.0,,,25693.7
06-Feb-2026,10-Mar-2026,CE,26100.0,179.6,2860.0,25693.7
06-Feb-2026,10-Mar-2026,CE,26150.0,,,25693.7
06-Feb-2026,10-Mar-2026,CE,26200.0,149.9,1300.0,25693.7
06-Feb-2026,10-Mar-2026,CE,26250.0,,,25693.7
06-Feb-2026,10-Mar-2026,CE,26300.0,120.95,1300.0,25693.7
06-Feb-2026,10-Mar-2026,CE,26350.0,,,25693.7
06-Feb-2026,10-Mar-2026,CE,26400.0,,,25693.7
06-Feb-2026,10-Mar-2026,CE,26450.0,,,25693.7
06-Feb-2026,10-Mar-2026,CE,26500.0,80.75,7995.0,25693.7
06-Feb-2026,10-Mar-2026,CE,26550.0,,,25693.7
06-Feb-2026,10-Mar-2026,CE,26600.0,70.0,195.0,25693.7
06-Feb-2026,10-Mar-2026,CE,26650.0,,,25693.7
06-Feb-2026,10-Mar-2026,CE,26700.0,,,25693.7
06-Feb-2026,10-Mar-2026,CE,26750.0,,,25693.7
06-Feb-2026,10-Mar-2026,CE,26800.0,,,25693.7
06-Feb-2026,10-Mar-2026,CE,26850.0,62.45,65.0,25693.7
06-Feb-2026,10-Mar-2026,CE,26900.0,47.4,65.0,25693.7
06-Feb-2026,10-Mar-2026,CE,26950.0,26.4,585.0,25693.7
06-Feb-2026,10-Mar-2026,CE,27000.0,32.0,585.0,25693.7
06-Feb-2026,10-Mar-2026,CE,27050.0,,,25693.7
06-Feb-2026,10-Mar-2026,CE,27100.0,,,25693.7
06-Feb-2026,10-Mar-2026,CE,27150.0,,,25693.7
06-Feb-2026,10-Mar-2026,CE,27200.0,,,25693.7
06-Feb-2026,10-Mar-2026,CE,27250.0,19.8,260.0,25693.7
06-Feb-2026,10-Mar-2026,CE,27300.0,,,25693.7
06-Feb-2026,10-Mar-2026,CE,27350.0,,,25693.7
06-Feb-2026,10-Mar-2026,CE,27400.0,27.7,65.0,25693.7
06-Feb-2026,10-Mar-2026,CE,27450.0,24.7,65.0,25693.7
06-Feb-2026,10-Mar-2026,CE,27500.0,11.95,2340.0,25693.7
06-Feb-2026,10-Mar-2026,CE,27550.0,,,25693.7
06-Feb-2026,10-Mar-2026,PE,23900.0,,,25693.7
06-Feb-2026,10-Mar-2026,PE,23950.0,,,25693.7
06-Feb-2026,10-Mar-2026,PE,24000.0,29.55,2665.0,25693.7
06-Feb-2026,10-Mar-2026,PE,24050.0,,,25693.7
06-Feb-2026,10-Mar-2026,PE,24100.0,,,25693.7
06-Feb-2026,10-Mar-2026,PE,24150.0,,,25693.7
06-Feb-2026,10-Mar-2026,PE,24200.0,,,25693.7
06-Feb-2026,10-Mar-2026,PE,24250.0,,,25693.7
06-Feb-2026,10-Mar-2026,PE,24300.0,37.95,325.0,25693.7
06-Feb-2026,10-Mar-2026,PE,24350.0,,,25693.7
06-Feb-2026,10-Mar-2026,PE,24400.0,,,25693.7
06-Feb-2026,10-Mar-2026,PE,24450.0,,,25693.7
06-Feb-2026,10-Mar-2026,PE,24500.0,44.05,4615.0,25693.7
06-Feb-2026,10-Mar-2026,PE,24550.0,,,25693.7
06-Feb-2026,10-Mar-2026,PE,24600.0,,,25693.7
06-Feb-2026,10-Mar-2026,PE,24650.0,,,25693.7
06-Feb-2026,10-Mar-2026,PE,24700.0,,,25693.7
06-Feb-2026,10-Mar-2026,PE,24750.0,,,25693.7
06-Feb-2026,10-Mar-2026,PE,24800.0,63.65,130.0,25693.7
06-Feb-2026,10-Mar-2026,PE,24850.0,,,25693.7
06-Feb-2026,10-Mar-2026,PE,24900.0,,,25693.7
06-Feb-2026,10-Mar-2026,PE,24950.0,,,25693.7
06-Feb-2026,10-Mar-2026,PE,25000.0,89.9,7410.0,25693.7
06-Feb-2026,10-Mar-2026,PE,25050.0,,,25693.7
06-Feb-2026,10-Mar-2026,PE,25100.0,110.95,1105.0,25693.7
06-Feb-2026,10-Mar-2026,PE,25150.0,,,25693.7
06-Feb-2026,10-Mar-2026,PE,25200.0,124.6,715.0,25693.7
06-Feb-2026,10-Mar-2026,PE,25250.0,,,25693.7
06-Feb-2026,10-Mar-2026,PE,25300.0,148.4,4290.0,25693.7
06-Feb-2026,10-Mar-2026,PE,25350.0,,,25693.7
06-Feb-2026,10-Mar-2026,PE,25400.0,,,25693.7
06-Feb-2026,10-Mar-2026,PE,25450.0,,,25693.7
06-Feb-2026,10-Mar-2026,PE,25500.0,201.15,8060.0,25693.7
06-Feb-2026,10-Mar-2026,PE,25550.0,219.0,1170.0,25693.7
06-Feb-2026,10-Mar-2026,PE,25600.0,225.2,4030.0,25693.7
06-Feb-2026,10-Mar-2026,PE,25650.0,248.65,780.0,25693.7
06-Feb-2026,10-Mar-2026,PE,25700.0,275.75,6955.0,25693.7
06-Feb-2026,10-Mar-2026,PE,25750.0,314.25,845.0,25693.7
06-Feb-2026,10-Mar-2026,PE,25800.0,309.0,975.0,25693.7
06-Feb-2026,10-Mar-2026,PE,25850.0,355.0,65.0,25693.7
06-Feb-2026,10-Mar-2026,PE,25900.0,,,25693.7
06-Feb-2026,10-Mar-2026,PE,25950.0,,,25693.7
06-Feb-2026,10-Mar-2026,PE,26000.0,439.35,130.0,25693.7
06-Feb-2026,10-Mar-2026,PE,26050.0,,,25693.7
06-Feb-2026,10-Mar-2026,PE,26100.0,,,25693.7
06-Feb-2026,10-Mar-2026,PE,26150.0,,,25693.7
06-Feb-2026,10-Mar-2026,PE,26200.0,,,25693.7
06-Feb-2026,10-Mar-2026,PE,26250.0,,,25693.7
06-Feb-2026,10-Mar-2026,PE,26300.0,,,25693.7
06-Feb-2026,10-Mar-2026,PE,26350.0,,,25693.7
06-Feb-2026,10-Mar-2026,PE,26400.0,,,25693.7
06-Feb-2026,10-Mar-2026,PE,26450.0,,,25693.7
06-Feb-2026,10-Mar-2026,PE,26500.0,,,25693.7
06-Feb-2026,10-Mar-2026,PE,26550.0,,,25693.7
06-Feb-2026,10-Mar-2026,PE,26600.0,,,25693.7
06-Feb-2026,10-Mar-2026,PE,26650.0,,,25693.7
06-Feb-2026,10-Mar-2026,PE,26700.0,,,25693.7
06-Feb-2026,10-Mar-2026,PE,26750.0,,,25693.7
06-Feb-2026,10-Mar-2026,PE,26800.0,,,25693.7
06-Feb-2026,10-Mar-2026,PE,26850.0,,,25693.7
06-Feb-2026,10-Mar-2026,PE,26900.0,,,25693.7
06-Feb-2026,10-Mar-2026,PE,26950.0,,,25693.7
06-Feb-2026,10-Mar-2026,PE,27000.0,,,25693.7
06-Feb-2026,10-Mar-2026,PE,27050.0,,,25693.7
06-Feb-2026,10-Mar-2026,PE,27100.0,,,25693.7
06-Feb-2026,10-Mar-2026,PE,27150.0,,,25693.7
06-Feb-2026,10-Mar-2026,PE,27200.0,,,25693.7
06-Feb-2026,10-Mar-2026,PE,27250.0,,,25693.7
06-Feb-2026,10-Mar-2026,PE,27300.0,,,25693.7
06-Feb-2026,10-Mar-2026,PE,27350.0,,,25693.7
06-Feb-2026,10-Mar-2026,PE,27400.0,,,25693.7
06-Feb-2026,10-Mar-2026,PE,27450.0,,,25693.7
06-Feb-2026,10-Mar-2026,PE,27500.0,,,25693.7
06-Feb-2026,10-Mar-2026,PE,27550.0,,,25693.7
09-Feb-2026,17-Feb-2026,CE,23100.0,2774.7,65.0,25867.3
09-Feb-2026,17-Feb-2026,CE,23150.0,2735.2,65.0,25867.3
09-Feb-2026,17-Feb-2026,CE,23200.0,2672.1,325.0,25867.3
09-Feb-2026,17-Feb-2026,CE,23250.0,2442.55,195.0,25867.3
09-Feb-2026,17-Feb-2026,CE,23300.0,2527.35,650.0,25867.3
09-Feb-2026,17-Feb-2026,CE,23350.0,2540.15,195.0,25867.3
09-Feb-2026,17-Feb-2026,CE,23400.0,2473.2,715.0,25867.3
09-Feb-2026,17-Feb-2026,CE,23450.0,2419.6,65.0,25867.3
09-Feb-2026,17-Feb-2026,CE,23500.0,2375.25,1235.0,25867.3
09-Feb-2026,17-Feb-2026,CE,23550.0,2320.1,130.0,25867.3
09-Feb-2026,17-Feb-2026,CE,23600.0,2271.65,975.0,25867.3
09-Feb-2026,17-Feb-2026,CE,23650.0,2229.75,325.0,25867.3
09-Feb-2026,17-Feb-2026,CE,23700.0,2180.35,585.0,25867.3
09-Feb-2026,17-Feb-2026,CE,23750.0,2139.5,195.0,25867.3
09-Feb-2026,17-Feb-2026,CE,23800.0,2083.0,780.0,25867.3
09-Feb-2026,17-Feb-2026,CE,23850.0,2029.95,260.0,25867.3
09-Feb-2026,17-Feb-2026,CE,23900.0,1976.4,845.0,25867.3
09-Feb-2026,17-Feb-2026,CE,23950.0,1940.55,195.0,25867.3
09-Feb-2026,17-Feb-2026,CE,24000.0,1879.3,15470.0,25867.3
09-Feb-2026,17-Feb-2026,CE,24050.0,1841.25,195.0,25867.3
09-Feb-2026,17-Feb-2026,CE,24100.0,1789.9,1040.0,25867.3
09-Feb-2026,17-Feb-2026,CE,24150.0,1741.05,325.0,25867.3
09-Feb-2026,17-Feb-2026,CE,24200.0,1687.0,975.0,25867.3
09-Feb-2026,17-Feb-2026,CE,24250.0,1643.65,390.0,25867.3
09-Feb-2026,17-Feb-2026,CE,24300.0,1585.0,1040.0,25867.3
09-Feb-2026,17-Feb-2026,CE,24350.0,1538.35,455.0,25867.3
09-Feb-2026,17-Feb-2026,CE,24400.0,1485.95,1365.0,25867.3
09-Feb-2026,17-Feb-2026,CE,24450.0,1445.65,455.0,25867.3
09-Feb-2026,17-Feb-2026,CE,24500.0,1386.0,30550.0,25867.3
09-Feb-2026,17-Feb-2026,CE,24550.0,1342.85,1430.0,25867.3
09-Feb-2026,17-Feb-2026,CE,24600.0,1286.2,13520.0,25867.3
09-Feb-2026,17-Feb-2026,CE,24650.0,1237.8,650.0,25867.3
09-Feb-2026,17-Feb-2026,CE,24700.0,1189.0,20085.0,25867.3
09-Feb-2026,17-Feb-2026,CE,24750.0,1142.75,6305.0,25867.3
09-Feb-2026,17-Feb-2026,CE,24800.0,1089.5,39845.0,25867.3
09-Feb-2026,17-Feb-2026,CE,24850.0,1039.3,4225.0,25867.3
09-Feb-2026,17-Feb-2026,CE,24900.0,993.1,39715.0,25867.3
09-Feb-2026,17-Feb-2026,CE,24950.0,944.55,9295.0,25867.3
09-Feb-2026,17-Feb-2026,CE,25000.0,892.0,167440.0,25867.3
09-Feb-2026,17-Feb-2026,CE,25050.0,847.45,6760.0,25867.3
09-Feb-2026,17-Feb-2026,CE,25100.0,800.15,79365.0,25867.3
09-Feb-2026,17-Feb-2026,CE,25150.0,750.0,15080.0,25867.3
09-Feb-2026,17-Feb-2026,CE,25200.0,701.0,201305.0,25867.3
09-Feb-2026,17-Feb-2026,CE,25250.0,658.8,23920.0,25867.3
09-Feb-2026,17-Feb-2026,CE,25300.0,607.2,154115.0,25867.3
09-Feb-2026,17-Feb-2026,CE,25350.0,563.7,16315.0,25867.3
09-Feb-2026,17-Feb-2026,CE,25400.0,513.15,219050.0,25867.3
09-Feb-2026,17-Feb-2026,CE,25450.0,474.2,25935.0,25867.3
09-Feb-2026,17-Feb-2026,CE,25500.0,425.9,653250.0,25867.3
09-Feb-2026,17-Feb-2026,CE,25550.0,386.2,65585.0,25867.3
09-Feb-2026,17-Feb-2026,CE,25600.0,342.45,484185.0,25867.3
09-Feb-2026,17-Feb-2026,CE,25650.0,307.0,297375.0,25867.3
09-Feb-2026,17-Feb-2026,CE,25700.0,273.55,579800.0,25867.3
09-Feb-2026,17-Feb-2026,CE,25750.0,237.0,247975.0,25867.3
09-Feb-2026,17-Feb-2026,CE,25800.0,205.1,1553370.0,25867.3
09-Feb-2026,17-Feb-2026,CE,25850.0,175.1,750685.0,25867.3
09-Feb-2026,17-Feb-2026,CE,25900.0,150.0,1439425.0,25867.3
09-Feb-2026,17-Feb-2026,CE,25950.0,125.0,334230.0,25867.3
09-Feb-2026,17-Feb-2026,CE,26000.0,106.0,2995915.0,25867.3
09-Feb-2026,17-Feb-2026,CE,26050.0,89.8,415220.0,25867.3
09-Feb-2026,17-Feb-2026,CE,26100.0,73.35,901875.0,25867.3
09-Feb-2026,17-Feb-2026,CE,26150.0,60.05,476060.0,25867.3
09-Feb-2026,17-Feb-2026,CE,26200.0,49.3,1978860.0,25867.3
09-Feb-2026,17-Feb-2026,CE,26250.0,40.85,264940.0,25867.3
09-Feb-2026,17-Feb-2026,CE,26300.0,34.05,1170650.0,25867.3
09-Feb-2026,17-Feb-2026,CE,26350.0,28.85,311545.0,25867.3
09-Feb-2026,17-Feb-2026,CE,26400.0,24.9,845000.0,25867.3
09-Feb-2026,17-Feb-2026,CE,26450.0,20.6,199290.0,25867.3
09-Feb-2026,17-Feb-2026,CE,26500.0,18.65,1708200.0,25867.3
09-Feb-2026,17-Feb-2026,CE,26550.0,16.15,281775.0,25867.3
09-Feb-2026,17-Feb-2026,CE,26600.0,14.25,706680.0,25867.3
09-Feb-2026,17-Feb-2026,CE,26650.0,12.9,163475.0,25867.3
09-Feb-2026,17-Feb-2026,CE,26700.0,11.5,688285.0,25867.3
09-Feb-2026,17-Feb-2026,CE,26750.0,10.0,101010.0,25867.3
09-Feb-2026,17-Feb-2026,CE,26800.0,9.0,713375.0,25867.3
09-Feb-2026,17-Feb-2026,CE,26850.0,8.25,192530.0,25867.3
09-Feb-2026,17-Feb-2026,CE,26900.0,7.5,364130.0,25867.3
09-Feb-2026,17-Feb-2026,CE,26950.0,6.7,54535.0,25867.3
09-Feb-2026,17-Feb-2026,CE,27000.0,6.45,2363855.0,25867.3
09-Feb-2026,17-Feb-2026,CE,27050.0,6.45,63180.0,25867.3
09-Feb-2026,17-Feb-2026,CE,27100.0,5.15,355420.0,25867.3
09-Feb-2026,17-Feb-2026,CE,27150.0,4.85,23790.0,25867.3
09-Feb-2026,17-Feb-2026,CE,27200.0,4.2,527020.0,25867.3
09-Feb-2026,17-Feb-2026,CE,27250.0,3.05,31785.0,25867.3
09-Feb-2026,17-Feb-2026,CE,27300.0,3.1,355030.0,25867.3
09-Feb-2026,17-Feb-2026,CE,27350.0,3.25,70265.0,25867.3
09-Feb-2026,17-Feb-2026,CE,27400.0,2.85,130845.0,25867.3
09-Feb-2026,17-Feb-2026,CE,27450.0,2.5,80600.0,25867.3
09-Feb-2026,17-Feb-2026,CE,27500.0,2.25,2774070.0,25867.3
09-Feb-2026,17-Feb-2026,CE,27550.0,2.2,224900.0,25867.3
09-Feb-2026,17-Feb-2026,PE,23100.0,3.65,1320085.0,25867.3
09-Feb-2026,17-Feb-2026,PE,23150.0,4.5,21645.0,25867.3
09-Feb-2026,17-Feb-2026,PE,23200.0,3.8,126685.0,25867.3
09-Feb-2026,17-Feb-2026,PE,23250.0,3.8,14755.0,25867.3
09-Feb-2026,17-Feb-2026,PE,23300.0,4.75,143390.0,25867.3
09-Feb-2026,17-Feb-2026,PE,23350.0,5.75,21515.0,25867.3
09-Feb-2026,17-Feb-2026,PE,23400.0,4.75,60775.0,25867.3
09-Feb-2026,17-Feb-2026,PE,23450.0,6.5,14105.0,25867.3
09-Feb-2026,17-Feb-2026,PE,23500.0,5.75,470015.0,25867.3
09-Feb-2026,17-Feb-2026,PE,23550.0,7.1,14755.0,25867.3
09-Feb-2026,17-Feb-2026,PE,23600.0,6.25,53755.0,25867.3
09-Feb-2026,17-Feb-2026,PE,23650.0,4.65,15145.0,25867.3
09-Feb-2026,17-Feb-2026,PE,23700.0,6.75,66170.0,25867.3
09-Feb-2026,17-Feb-2026,PE,23750.0,8.15,20995.0,25867.3
09-Feb-2026,17-Feb-2026,PE,23800.0,7.25,247975.0,25867.3
09-Feb-2026,17-Feb-2026,PE,23850.0,7.85,21255.0,25867.3
09-Feb-2026,17-Feb-2026,PE,23900.0,8.55,76375.0,25867.3
09-Feb-2026,17-Feb-2026,PE,23950.0,8.55,28730.0,25867.3
09-Feb-2026,17-Feb-2026,PE,24000.0,9.0,1920945.0,25867.3
09-Feb-2026,17-Feb-2026,PE,24050.0,9.8,16835.0,25867.3
09-Feb-2026,17-Feb-2026,PE,24100.0,9.35,131560.0,25867.3
09-Feb-2026,17-Feb-2026,PE,24150.0,9.6,20020.0,25867.3
09-Feb-2026,17-Feb-2026,PE,24200.0,10.8,445770.0,25867.3
09-Feb-2026,17-Feb-2026,PE,24250.0,10.75,52650.0,25867.3
09-Feb-2026,17-Feb-2026,PE,24300.0,10.5,508300.0,25867.3
09-Feb-2026,17-Feb-2026,PE,24350.0,10.35,40690.0,25867.3
09-Feb-2026,17-Feb-2026,PE,24400.0,11.45,224965.0,25867.3
09-Feb-2026,17-Feb-2026,PE,24450.0,12.45,41795.0,25867.3
09-Feb-2026,17-Feb-2026,PE,24500.0,12.9,1644370.0,25867.3
09-Feb-2026,17-Feb-2026,PE,24550.0,12.55,44590.0,25867.3
09-Feb-2026,17-Feb-2026,PE,24600.0,13.8,303160.0,25867.3
09-Feb-2026,17-Feb-2026,PE,24650.0,14.6,51675.0,25867.3
09-Feb-2026,17-Feb-2026,PE,24700.0,15.3,893035.0,25867.3
09-Feb-2026,17-Feb-2026,PE,24750.0,15.8,176540.0,25867.3
09-Feb-2026,17-Feb-2026,PE,24800.0,16.45,602355.0,25867.3
09-Feb-2026,17-Feb-2026,PE,24850.0,17.25,146250.0,25867.3
09-Feb-2026,17-Feb-2026,PE,24900.0,17.9,734240.0,25867.3
09-Feb-2026,17-Feb-2026,PE,24950.0,18.95,287300.0,25867.3
09-Feb-2026,17-Feb-2026,PE,25000.0,20.15,2050425.0,25867.3
09-Feb-2026,17-Feb-2026,PE,25050.0,21.05,140660.0,25867.3
09-Feb-2026,17-Feb-2026,PE,25100.0,23.6,689650.0,25867.3
09-Feb-2026,17-Feb-2026,PE,25150.0,24.65,232700.0,25867.3
09-Feb-2026,17-Feb-2026,PE,25200.0,27.7,928850.0,25867.3
09-Feb-2026,17-Feb-2026,PE,25250.0,30.1,377715.0,25867.3
09-Feb-2026,17-Feb-2026,PE,25300.0,33.0,805610.0,25867.3
09-Feb-2026,17-Feb-2026,PE,25350.0,37.65,259285.0,25867.3
09-Feb-2026,17-Feb-2026,PE,25400.0,39.9,748280.0,25867.3
09-Feb-2026,17-Feb-2026,PE,25450.0,46.1,347425.0,25867.3
09-Feb-2026,17-Feb-2026,PE,25500.0,52.8,1971450.0,25867.3
09-Feb-2026,17-Feb-2026,PE,25550.0,60.6,590005.0,25867.3
09-Feb-2026,17-Feb-2026,PE,25600.0,70.05,1580410.0,25867.3
09-Feb-2026,17-Feb-2026,PE,25650.0,82.05,462865.0,25867.3
09-Feb-2026,17-Feb-2026,PE,25700.0,96.5,1108965.0,25867.3
09-Feb-2026,17-Feb-2026,PE,25750.0,112.55,400270.0,25867.3
09-Feb-2026,17-Feb-2026,PE,25800.0,130.0,1525550.0,25867.3
09-Feb-2026,17-Feb-2026,PE,25850.0,151.0,535990.0,25867.3
09-Feb-2026,17-Feb-2026,PE,25900.0,174.95,995085.0,25867.3
09-Feb-2026,17-Feb-2026,PE,25950.0,200.95,255515.0,25867.3
09-Feb-2026,17-Feb-2026,PE,26000.0,230.0,920465.0,25867.3
09-Feb-2026,17-Feb-2026,PE,26050.0,260.6,63245.0,25867.3
09-Feb-2026,17-Feb-2026,PE,26100.0,290.55,156390.0,25867.3
09-Feb-2026,17-Feb-2026,PE,26150.0,334.55,41925.0,25867.3
09-Feb-2026,17-Feb-2026,PE,26200.0,372.6,132795.0,25867.3
09-Feb-2026,17-Feb-2026,PE,26250.0,413.7,11050.0,25867.3
09-Feb-2026,17-Feb-2026,PE,26300.0,453.95,76375.0,25867.3
09-Feb-2026,17-Feb-2026,PE,26350.0,499.0,7865.0,25867.3
09-Feb-2026,17-Feb-2026,PE,26400.0,546.8,39715.0,25867.3
09-Feb-2026,17-Feb-2026,PE,26450.0,580.9,325.0,25867.3
09-Feb-2026,17-Feb-2026,PE,26500.0,640.0,87425.0,25867.3
09-Feb-2026,17-Feb-2026,PE,26550.0,688.1,260.0,25867.3
09-Feb-2026,17-Feb-2026,PE,26600.0,727.0,8775.0,25867.3
09-Feb-2026,17-Feb-2026,PE,26650.0,820.8,4420.0,25867.3
09-Feb-2026,17-Feb-2026,PE,26700.0,828.0,2340.0,25867.3
09-Feb-2026,17-Feb-2026,PE,26750.0,874.95,65.0,25867.3
09-Feb-2026,17-Feb-2026,PE,26800.0,925.45,25220.0,25867.3
09-Feb-2026,17-Feb-2026,PE,26850.0,973.8,195.0,25867.3
09-Feb-2026,17-Feb-2026,PE,26900.0,1027.05,1365.0,25867.3
09-Feb-2026,17-Feb-2026,PE,26950.0,1070.15,65.0,25867.3
09-Feb-2026,17-Feb-2026,PE,27000.0,1122.5,61230.0,25867.3
09-Feb-2026,17-Feb-2026,PE,27050.0,1173.75,65.0,25867.3
09-Feb-2026,17-Feb-2026,PE,27100.0,1216.0,1040.0,25867.3
09-Feb-2026,17-Feb-2026,PE,27150.0,1280.6,390.0,25867.3
09-Feb-2026,17-Feb-2026,PE,27200.0,1320.0,390.0,25867.3
09-Feb-2026,17-Feb-2026,PE,27250.0,1364.65,3705.0,25867.3
09-Feb-2026,17-Feb-2026,PE,27300.0,1410.35,4160.0,25867.3
09-Feb-2026,17-Feb-2026,PE,27350.0,1467.35,65.0,25867.3
09-Feb-2026,17-Feb-2026,PE,27400.0,1521.25,260.0,25867.3
09-Feb-2026,17-Feb-2026,PE,27450.0,1565.4,260.0,25867.3
09-Feb-2026,17-Feb-2026,PE,27500.0,1608.5,5980.0,25867.3
09-Feb-2026,17-Feb-2026,PE,27550.0,1655.0,325.0,25867.3
09-Feb-2026,02-Mar-2026,CE,23100.0,,,25867.3
09-Feb-2026,02-Mar-2026,CE,23150.0,,,25867.3
09-Feb-2026,02-Mar-2026,CE,23200.0,,,25867.3
09-Feb-2026,02-Mar-2026,CE,23250.0,,,25867.3
09-Feb-2026,02-Mar-2026,CE,23300.0,2640.6,130.0,25867.3
09-Feb-2026,02-Mar-2026,CE,23350.0,,,25867.3
09-Feb-2026,02-Mar-2026,CE,23400.0,,,25867.3
09-Feb-2026,02-Mar-2026,CE,23450.0,,,25867.3
09-Feb-2026,02-Mar-2026,CE,23500.0,2438.75,130.0,25867.3
09-Feb-2026,02-Mar-2026,CE,23550.0,2391.8,130.0,25867.3
09-Feb-2026,02-Mar-2026,CE,23600.0,2345.15,130.0,25867.3
09-Feb-2026,02-Mar-2026,CE,23650.0,2241.8,195.0,25867.3
09-Feb-2026,02-Mar-2026,CE,23700.0,2254.25,130.0,25867.3
09-Feb-2026,02-Mar-2026,CE,23750.0,2024.8,195.0,25867.3
09-Feb-2026,02-Mar-2026,CE,23800.0,2140.8,130.0,25867.3
09-Feb-2026,02-Mar-2026,CE,23850.0,2046.2,195.0,25867.3
09-Feb-2026,02-Mar-2026,CE,23900.0,2049.55,130.0,25867.3
09-Feb-2026,02-Mar-2026,CE,23950.0,2014.1,130.0,25867.3
09-Feb-2026,02-Mar-2026,CE,24000.0,1953.55,1950.0,25867.3
09-Feb-2026,02-Mar-2026,CE,24050.0,1199.75,195.0,25867.3
09-Feb-2026,02-Mar-2026,CE,24100.0,1163.5,325.0,25867.3
09-Feb-2026,02-Mar-2026,CE,24150.0,,,25867.3
09-Feb-2026,02-Mar-2026,CE,24200.0,,,25867.3
09-Feb-2026,02-Mar-2026,CE,24250.0,,,25867.3
09-Feb-2026,02-Mar-2026,CE,24300.0,,,25867.3
09-Feb-2026,02-Mar-2026,CE,24350.0,,,25867.3
09-Feb-2026,02-Mar-2026,CE,24400.0,,,25867.3
09-Feb-2026,02-Mar-2026,CE,24450.0,,,25867.3
09-Feb-2026,02-Mar-2026,CE,24500.0,1292.0,1690.0,25867.3
09-Feb-2026,02-Mar-2026,CE,24550.0,1368.45,520.0,25867.3
09-Feb-2026,02-Mar-2026,CE,24600.0,1191.4,1625.0,25867.3
09-Feb-2026,02-Mar-2026,CE,24650.0,1007.3,1690.0,25867.3
09-Feb-2026,02-Mar-2026,CE,24700.0,1073.2,1690.0,25867.3
09-Feb-2026,02-Mar-2026,CE,24750.0,591.1,65.0,25867.3
09-Feb-2026,02-Mar-2026,CE,24800.0,1160.0,1950.0,25867.3
09-Feb-2026,02-Mar-2026,CE,24850.0,961.95,1495.0,25867.3
09-Feb-2026,02-Mar-2026,CE,24900.0,1065.6,1430.0,25867.3
09-Feb-2026,02-Mar-2026,CE,24950.0,881.85,2405.0,25867.3
09-Feb-2026,02-Mar-2026,CE,25000.0,998.45,7345.0,25867.3
09-Feb-2026,02-Mar-2026,CE,25050.0,941.5,1430.0,25867.3
09-Feb-2026,02-Mar-2026,CE,25100.0,906.0,3835.0,25867.3
09-Feb-2026,02-Mar-2026,CE,25150.0,847.95,2470.0,25867.3
09-Feb-2026,02-Mar-2026,CE,25200.0,800.15,7085.0,25867.3
09-Feb-2026,02-Mar-2026,CE,25250.0,759.3,1885.0,25867.3
09-Feb-2026,02-Mar-2026,CE,25300.0,726.4,12480.0,25867.3
09-Feb-2026,02-Mar-2026,CE,25350.0,680.0,20215.0,25867.3
09-Feb-2026,02-Mar-2026,CE,25400.0,636.7,11830.0,25867.3
09-Feb-2026,02-Mar-2026,CE,25450.0,590.45,2470.0,25867.3
09-Feb-2026,02-Mar-2026,CE,25500.0,552.25,30030.0,25867.3
09-Feb-2026,02-Mar-2026,CE,25550.0,522.65,1885.0,25867.3
09-Feb-2026,02-Mar-2026,CE,25600.0,480.6,23660.0,25867.3
09-Feb-2026,02-Mar-2026,CE,25650.0,440.9,10855.0,25867.3
09-Feb-2026,02-Mar-2026,CE,25700.0,406.1,26065.0,25867.3
09-Feb-2026,02-Mar-2026,CE,25750.0,366.1,10790.0,25867.3
09-Feb-2026,02-Mar-2026,CE,25800.0,340.6,38805.0,25867.3
09-Feb-2026,02-Mar-2026,CE,25850.0,314.0,10660.0,25867.3
09-Feb-2026,02-Mar-2026,CE,25900.0,283.0,32565.0,25867.3
09-Feb-2026,02-Mar-2026,CE,25950.0,254.6,14040.0,25867.3
09-Feb-2026,02-Mar-2026,CE,26000.0,229.0,100750.0,25867.3
09-Feb-2026,02-Mar-2026,CE,26050.0,207.9,28080.0,25867.3
09-Feb-2026,02-Mar-2026,CE,26100.0,186.75,39715.0,25867.3
09-Feb-2026,02-Mar-2026,CE,26150.0,169.3,5460.0,25867.3
09-Feb-2026,02-Mar-2026,CE,26200.0,147.05,53755.0,25867.3
09-Feb-2026,02-Mar-2026,CE,26250.0,133.8,14300.0,25867.3
09-Feb-2026,02-Mar-2026,CE,26300.0,114.4,61750.0,25867.3
09-Feb-2026,02-Mar-2026,CE,26350.0,103.1,10790.0,25867.3
09-Feb-2026,02-Mar-2026,CE,26400.0,92.0,24895.0,25867.3
09-Feb-2026,02-Mar-2026,CE,26450.0,76.55,9490.0,25867.3
09-Feb-2026,02-Mar-2026,CE,26500.0,71.4,88530.0,25867.3
09-Feb-2026,02-Mar-2026,CE,26550.0,62.15,10205.0,25867.3
09-Feb-2026,02-Mar-2026,CE,26600.0,53.9,37765.0,25867.3
09-Feb-2026,02-Mar-2026,CE,26650.0,194.25,2275.0,25867.3
09-Feb-2026,02-Mar-2026,CE,26700.0,42.05,23270.0,25867.3
09-Feb-2026,02-Mar-2026,CE,26750.0,37.15,6695.0,25867.3
09-Feb-2026,02-Mar-2026,CE,26800.0,33.4,22230.0,25867.3
09-Feb-2026,02-Mar-2026,CE,26850.0,29.4,9230.0,25867.3
09-Feb-2026,02-Mar-2026,CE,26900.0,27.6,10530.0,25867.3
09-Feb-2026,02-Mar-2026,CE,26950.0,24.6,8710.0,25867.3
09-Feb-2026,02-Mar-2026,CE,27000.0,22.0,154245.0,25867.3
09-Feb-2026,02-Mar-2026,CE,27050.0,20.0,7865.0,25867.3
09-Feb-2026,02-Mar-2026,CE,27100.0,17.05,15535.0,25867.3
09-Feb-2026,02-Mar-2026,CE,27150.0,17.1,6435.0,25867.3
09-Feb-2026,02-Mar-2026,CE,27200.0,14.4,13000.0,25867.3
09-Feb-2026,02-Mar-2026,CE,27250.0,,,25867.3
09-Feb-2026,02-Mar-2026,CE,27300.0,12.8,3575.0,25867.3
09-Feb-2026,02-Mar-2026,CE,27350.0,11.0,780.0,25867.3
09-Feb-2026,02-Mar-2026,CE,27400.0,10.45,5005.0,25867.3
09-Feb-2026,02-Mar-2026,CE,27450.0,10.6,1040.0,25867.3
09-Feb-2026,02-Mar-2026,CE,27500.0,8.4,61360.0,25867.3
09-Feb-2026,02-Mar-2026,CE,27550.0,,,25867.3
09-Feb-2026,02-Mar-2026,PE,23100.0,12.0,17875.0,25867.3
09-Feb-2026,02-Mar-2026,PE,23150.0,,,25867.3
09-Feb-2026,02-Mar-2026,PE,23200.0,11.75,975.0,25867.3
09-Feb-2026,02-Mar-2026,PE,23250.0,,,25867.3
09-Feb-2026,02-Mar-2026,PE,23300.0,10.6,4875.0,25867.3
09-Feb-2026,02-Mar-2026,PE,23350.0,12.8,2340.0,25867.3
09-Feb-2026,02-Mar-2026,PE,23400.0,12.2,4095.0,25867.3
09-Feb-2026,02-Mar-2026,PE,23450.0,11.7,1300.0,25867.3
09-Feb-2026,02-Mar-2026,PE,23500.0,13.0,36010.0,25867.3
09-Feb-2026,02-Mar-2026,PE,23550.0,12.0,1300.0,25867.3
09-Feb-2026,02-Mar-2026,PE,23600.0,17.1,2665.0,25867.3
09-Feb-2026,02-Mar-2026,PE,23650.0,48.25,2925.0,25867.3
09-Feb-2026,02-Mar-2026,PE,23700.0,14.0,3380.0,25867.3
09-Feb-2026,02-Mar-2026,PE,23750.0,23.7,2535.0,25867.3
09-Feb-2026,02-Mar-2026,PE,23800.0,13.4,2795.0,25867.3
09-Feb-2026,02-Mar-2026,PE,23850.0,13.6,1170.0,25867.3
09-Feb-2026,02-Mar-2026,PE,23900.0,16.15,2015.0,25867.3
09-Feb-2026,02-Mar-2026,PE,23950.0,17.1,1950.0,25867.3
09-Feb-2026,02-Mar-2026,PE,24000.0,19.15,43745.0,25867.3
09-Feb-2026,02-Mar-2026,PE,24050.0,20.0,2925.0,25867.3
09-Feb-2026,02-Mar-2026,PE,24100.0,20.95,3705.0,25867.3
09-Feb-2026,02-Mar-2026,PE,24150.0,14.9,2145.0,25867.3
09-Feb-2026,02-Mar-2026,PE,24200.0,21.0,6305.0,25867.3
09-Feb-2026,02-Mar-2026,PE,24250.0,17.3,3185.0,25867.3
09-Feb-2026,02-Mar-2026,PE,24300.0,20.8,8385.0,25867.3
09-Feb-2026,02-Mar-2026,PE,24350.0,22.5,2535.0,25867.3
09-Feb-2026,02-Mar-2026,PE,24400.0,25.6,10205.0,25867.3
09-Feb-2026,02-Mar-2026,PE,24450.0,26.45,4875.0,25867.3
09-Feb-2026,02-Mar-2026,PE,24500.0,28.65,68575.0,25867.3
09-Feb-2026,02-Mar-2026,PE,24550.0,30.1,4225.0,25867.3
09-Feb-2026,02-Mar-2026,PE,24600.0,31.2,11050.0,25867.3
09-Feb-2026,02-Mar-2026,PE,24650.0,31.75,5005.0,25867.3
09-Feb-2026,02-Mar-2026,PE,24700.0,34.55,13975.0,25867.3
09-Feb-2026,02-Mar-2026,PE,24750.0,35.7,6565.0,25867.3
09-Feb-2026,02-Mar-2026,PE,24800.0,39.95,30680.0,25867.3
09-Feb-2026,02-Mar-2026,PE,24850.0,43.2,5980.0,25867.3
09-Feb-2026,02-Mar-2026,PE,24900.0,44.0,20020.0,25867.3
09-Feb-2026,02-Mar-2026,PE,24950.0,46.1,14170.0,25867.3
09-Feb-2026,02-Mar-2026,PE,25000.0,51.7,139035.0,25867.3
09-Feb-2026,02-Mar-2026,PE,25050.0,54.25,16185.0,25867.3
09-Feb-2026,02-Mar-2026,PE,25100.0,57.45,26845.0,25867.3
09-Feb-2026,02-Mar-2026,PE,25150.0,63.65,11310.0,25867.3
09-Feb-2026,02-Mar-2026,PE,25200.0,68.45,32500.0,25867.3
09-Feb-2026,02-Mar-2026,PE,25250.0,73.8,8710.0,25867.3
09-Feb-2026,02-Mar-2026,PE,25300.0,79.25,31525.0,25867.3
09-Feb-2026,02-Mar-2026,PE,25350.0,86.95,10530.0,25867.3
09-Feb-2026,02-Mar-2026,PE,25400.0,96.7,53170.0,25867.3
09-Feb-2026,02-Mar-2026,PE,25450.0,105.0,9100.0,25867.3
09-Feb-2026,02-Mar-2026,PE,25500.0,114.0,79300.0,25867.3
09-Feb-2026,02-Mar-2026,PE,25550.0,122.9,9230.0,25867.3
09-Feb-2026,02-Mar-2026,PE,25600.0,136.5,32370.0,25867.3
09-Feb-2026,02-Mar-2026,PE,25650.0,150.45,9035.0,25867.3
09-Feb-2026,02-Mar-2026,PE,25700.0,164.25,41080.0,25867.3
09-Feb-2026,02-Mar-2026,PE,25750.0,180.35,10335.0,25867.3
09-Feb-2026,02-Mar-2026,PE,25800.0,198.5,36595.0,25867.3
09-Feb-2026,02-Mar-2026,PE,25850.0,216.55,13195.0,25867.3
09-Feb-2026,02-Mar-2026,PE,25900.0,238.0,27885.0,25867.3
09-Feb-2026,02-Mar-2026,PE,25950.0,261.0,4225.0,25867.3
09-Feb-2026,02-Mar-2026,PE,26000.0,285.6,49595.0,25867.3
09-Feb-2026,02-Mar-2026,PE,26050.0,302.5,3185.0,25867.3
09-Feb-2026,02-Mar-2026,PE,26100.0,339.55,18460.0,25867.3
09-Feb-2026,02-Mar-2026,PE,26150.0,360.6,975.0,25867.3
09-Feb-2026,02-Mar-2026,PE,26200.0,403.5,17680.0,25867.3
09-Feb-2026,02-Mar-2026,PE,26250.0,427.05,650.0,25867.3
09-Feb-2026,02-Mar-2026,PE,26300.0,465.85,13650.0,25867.3
09-Feb-2026,02-Mar-2026,PE,26350.0,490.3,715.0,25867.3
09-Feb-2026,02-Mar-2026,PE,26400.0,561.1,845.0,25867.3
09-Feb-2026,02-Mar-2026,PE,26450.0,587.85,715.0,25867.3
09-Feb-2026,02-Mar-2026,PE,26500.0,626.0,715.0,25867.3
09-Feb-2026,02-Mar-2026,PE,26550.0,,,25867.3
09-Feb-2026,02-Mar-2026,PE,26600.0,,,25867.3
09-Feb-2026,02-Mar-2026,PE,26650.0,,,25867.3
09-Feb-2026,02-Mar-2026,PE,26700.0,,,25867.3
09-Feb-2026,02-Mar-2026,PE,26750.0,,,25867.3
09-Feb-2026,02-Mar-2026,PE,26800.0,,,25867.3
09-Feb-2026,02-Mar-2026,PE,26850.0,,,25867.3
09-Feb-2026,02-Mar-2026,PE,26900.0,,,25867.3
09-Feb-2026,02-Mar-2026,PE,26950.0,1124.5,520.0,25867.3
09-Feb-2026,02-Mar-2026,PE,27000.0,,,25867.3
09-Feb-2026,02-Mar-2026,PE,27050.0,1308.25,,25867.3
09-Feb-2026,02-Mar-2026,PE,27100.0,,,25867.3
09-Feb-2026,02-Mar-2026,PE,27150.0,2027.85,65.0,25867.3
09-Feb-2026,02-Mar-2026,PE,27200.0,,,25867.3
09-Feb-2026,02-Mar-2026,PE,27250.0,,,25867.3
09-Feb-2026,02-Mar-2026,PE,27300.0,,,25867.3
09-Feb-2026,02-Mar-2026,PE,27350.0,,,25867.3
09-Feb-2026,02-Mar-2026,PE,27400.0,,,25867.3
09-Feb-2026,02-Mar-2026,PE,27450.0,,,25867.3
09-Feb-2026,02-Mar-2026,PE,27500.0,,,25867.3
09-Feb-2026,02-Mar-2026,PE,27550.0,,,25867.3
09-Feb-2026,10-Mar-2026,CE,23900.0,,,25867.3
09-Feb-2026,10-Mar-2026,CE,23950.0,,,25867.3
09-Feb-2026,10-Mar-2026,CE,24000.0,,,25867.3
09-Feb-2026,10-Mar-2026,CE,24050.0,,,25867.3
09-Feb-2026,10-Mar-2026,CE,24100.0,,,25867.3
09-Feb-2026,10-Mar-2026,CE,24150.0,,,25867.3
09-Feb-2026,10-Mar-2026,CE,24200.0,,,25867.3
09-Feb-2026,10-Mar-2026,CE,24250.0,,,25867.3
09-Feb-2026,10-Mar-2026,CE,24300.0,,,25867.3
09-Feb-2026,10-Mar-2026,CE,24350.0,,,25867.3
09-Feb-2026,10-Mar-2026,CE,24400.0,,,25867.3
09-Feb-2026,10-Mar-2026,CE,24450.0,,,25867.3
09-Feb-2026,10-Mar-2026,CE,24500.0,,,25867.3
09-Feb-2026,10-Mar-2026,CE,24550.0,,,25867.3
09-Feb-2026,10-Mar-2026,CE,24600.0,,,25867.3
09-Feb-2026,10-Mar-2026,CE,24650.0,,,25867.3
09-Feb-2026,10-Mar-2026,CE,24700.0,,,25867.3
09-Feb-2026,10-Mar-2026,CE,24750.0,,,25867.3
09-Feb-2026,10-Mar-2026,CE,24800.0,,,25867.3
09-Feb-2026,10-Mar-2026,CE,24850.0,,,25867.3
09-Feb-2026,10-Mar-2026,CE,24900.0,,,25867.3
09-Feb-2026,10-Mar-2026,CE,24950.0,,,25867.3
09-Feb-2026,10-Mar-2026,CE,25000.0,,,25867.3
09-Feb-2026,10-Mar-2026,CE,25050.0,,,25867.3
09-Feb-2026,10-Mar-2026,CE,25100.0,,,25867.3
09-Feb-2026,10-Mar-2026,CE,25150.0,,,25867.3
09-Feb-2026,10-Mar-2026,CE,25200.0,,,25867.3
09-Feb-2026,10-Mar-2026,CE,25250.0,,,25867.3
09-Feb-2026,10-Mar-2026,CE,25300.0,,,25867.3
09-Feb-2026,10-Mar-2026,CE,25350.0,,,25867.3
09-Feb-2026,10-Mar-2026,CE,25400.0,682.2,195.0,25867.3
09-Feb-2026,10-Mar-2026,CE,25450.0,,,25867.3
09-Feb-2026,10-Mar-2026,CE,25500.0,620.0,3510.0,25867.3
09-Feb-2026,10-Mar-2026,CE,25550.0,,,25867.3
09-Feb-2026,10-Mar-2026,CE,25600.0,548.75,5525.0,25867.3
09-Feb-2026,10-Mar-2026,CE,25650.0,,,25867.3
09-Feb-2026,10-Mar-2026,CE,25700.0,476.0,5005.0,25867.3
09-Feb-2026,10-Mar-2026,CE,25750.0,418.7,260.0,25867.3
09-Feb-2026,10-Mar-2026,CE,25800.0,405.6,3900.0,25867.3
09-Feb-2026,10-Mar-2026,CE,25850.0,363.3,715.0,25867.3
09-Feb-2026,10-Mar-2026,CE,25900.0,346.1,1170.0,25867.3
09-Feb-2026,10-Mar-2026,CE,25950.0,,,25867.3
09-Feb-2026,10-Mar-2026,CE,26000.0,290.0,13260.0,25867.3
09-Feb-2026,10-Mar-2026,CE,26050.0,,,25867.3
09-Feb-2026,10-Mar-2026,CE,26100.0,239.25,2990.0,25867.3
09-Feb-2026,10-Mar-2026,CE,26150.0,,,25867.3
09-Feb-2026,10-Mar-2026,CE,26200.0,195.0,1690.0,25867.3
09-Feb-2026,10-Mar-2026,CE,26250.0,175.0,130.0,25867.3
09-Feb-2026,10-Mar-2026,CE,26300.0,155.75,4095.0,25867.3
09-Feb-2026,10-Mar-2026,CE,26350.0,,,25867.3
09-Feb-2026,10-Mar-2026,CE,26400.0,154.5,65.0,25867.3
09-Feb-2026,10-Mar-2026,CE,26450.0,,,25867.3
09-Feb-2026,10-Mar-2026,CE,26500.0,103.95,12285.0,25867.3
09-Feb-2026,10-Mar-2026,CE,26550.0,,,25867.3
09-Feb-2026,10-Mar-2026,CE,26600.0,84.6,390.0,25867.3
09-Feb-2026,10-Mar-2026,CE,26650.0,,,25867.3
09-Feb-2026,10-Mar-2026,CE,26700.0,,,25867.3
09-Feb-2026,10-Mar-2026,CE,26750.0,,,25867.3
09-Feb-2026,10-Mar-2026,CE,26800.0,,,25867.3
09-Feb-2026,10-Mar-2026,CE,26850.0,62.45,130.0,25867.3
09-Feb-2026,10-Mar-2026,CE,26900.0,41.5,910.0,25867.3
09-Feb-2026,10-Mar-2026,CE,26950.0,26.4,585.0,25867.3
09-Feb-2026,10-Mar-2026,CE,27000.0,34.65,2795.0,25867.3
09-Feb-2026,10-Mar-2026,CE,27050.0,,,25867.3
09-Feb-2026,10-Mar-2026,CE,27100.0,,,25867.3
09-Feb-2026,10-Mar-2026,CE,27150.0,,,25867.3
09-Feb-2026,10-Mar-2026,CE,27200.0,,,25867.3
09-Feb-2026,10-Mar-2026,CE,27250.0,19.15,1235.0,25867.3
09-Feb-2026,10-Mar-2026,CE,27300.0,,,25867.3
09-Feb-2026,10-Mar-2026,CE,27350.0,,,25867.3
09-Feb-2026,10-Mar-2026,CE,27400.0,14.0,715.0,25867.3
09-Feb-2026,10-Mar-2026,CE,27450.0,24.7,65.0,25867.3
09-Feb-2026,10-Mar-2026,CE,27500.0,16.75,6630.0,25867.3
09-Feb-2026,10-Mar-2026,CE,27550.0,,,25867.3
09-Feb-2026,10-Mar-2026,PE,23900.0,,,25867.3
09-Feb-2026,10-Mar-2026,PE,23950.0,,,25867.3
09-Feb-2026,10-Mar-2026,PE,24000.0,26.0,4355.0,25867.3
09-Feb-2026,10-Mar-2026,PE,24050.0,,,25867.3
09-Feb-2026,10-Mar-2026,PE,24100.0,,,25867.3
09-Feb-2026,10-Mar-2026,PE,24150.0,,,25867.3
09-Feb-2026,10-Mar-2026,PE,24200.0,,,25867.3
09-Feb-2026,10-Mar-2026,PE,24250.0,,,25867.3
09-Feb-2026,10-Mar-2026,PE,24300.0,34.0,455.0,25867.3
09-Feb-2026,10-Mar-2026,PE,24350.0,,,25867.3
09-Feb-2026,10-Mar-2026,PE,24400.0,,,25867.3
09-Feb-2026,10-Mar-2026,PE,24450.0,,,25867.3
09-Feb-2026,10-Mar-2026,PE,24500.0,35.0,7215.0,25867.3
09-Feb-2026,10-Mar-2026,PE,24550.0,,,25867.3
09-Feb-2026,10-Mar-2026,PE,24600.0,,,25867.3
09-Feb-2026,10-Mar-2026,PE,24650.0,,,25867.3
09-Feb-2026,10-Mar-2026,PE,24700.0,,,25867.3
09-Feb-2026,10-Mar-2026,PE,24750.0,52.8,65.0,25867.3
09-Feb-2026,10-Mar-2026,PE,24800.0,50.4,2470.0,25867.3
09-Feb-2026,10-Mar-2026,PE,24850.0,,,25867.3
09-Feb-2026,10-Mar-2026,PE,24900.0,,,25867.3
09-Feb-2026,10-Mar-2026,PE,24950.0,,,25867.3
09-Feb-2026,10-Mar-2026,PE,25000.0,66.0,15925.0,25867.3
09-Feb-2026,10-Mar-2026,PE,25050.0,,,25867.3
09-Feb-2026,10-Mar-2026,PE,25100.0,69.05,1560.0,25867.3
09-Feb-2026,10-Mar-2026,PE,25150.0,,,25867.3
09-Feb-2026,10-Mar-2026,PE,25200.0,89.0,1560.0,25867.3
09-Feb-2026,10-Mar-2026,PE,25250.0,,,25867.3
09-Feb-2026,10-Mar-2026,PE,25300.0,104.2,4615.0,25867.3
09-Feb-2026,10-Mar-2026,PE,25350.0,,,25867.3
09-Feb-2026,10-Mar-2026,PE,25400.0,121.6,65.0,25867.3
09-Feb-2026,10-Mar-2026,PE,25450.0,,,25867.3
09-Feb-2026,10-Mar-2026,PE,25500.0,136.25,12155.0,25867.3
09-Feb-2026,10-Mar-2026,PE,25550.0,156.0,1365.0,25867.3
09-Feb-2026,10-Mar-2026,PE,25600.0,161.05,3770.0,25867.3
09-Feb-2026,10-Mar-2026,PE,25650.0,248.65,780.0,25867.3
09-Feb-2026,10-Mar-2026,PE,25700.0,195.0,8775.0,25867.3
09-Feb-2026,10-Mar-2026,PE,25750.0,213.1,1950.0,25867.3
09-Feb-2026,10-Mar-2026,PE,25800.0,229.45,7280.0,25867.3
09-Feb-2026,10-Mar-2026,PE,25850.0,242.3,195.0,25867.3
09-Feb-2026,10-Mar-2026,PE,25900.0,,,25867.3
09-Feb-2026,10-Mar-2026,PE,25950.0,294.15,390.0,25867.3
09-Feb-2026,10-Mar-2026,PE,26000.0,311.75,2340.0,25867.3
09-Feb-2026,10-Mar-2026,PE,26050.0,,,25867.3
09-Feb-2026,10-Mar-2026,PE,26100.0,,,25867.3
09-Feb-2026,10-Mar-2026,PE,26150.0,,,25867.3
09-Feb-2026,10-Mar-2026,PE,26200.0,416.4,65.0,25867.3
09-Feb-2026,10-Mar-2026,PE,26250.0,,,25867.3
09-Feb-2026,10-Mar-2026,PE,26300.0,,,25867.3
09-Feb-2026,10-Mar-2026,PE,26350.0,,,25867.3
09-Feb-2026,10-Mar-2026,PE,26400.0,,,25867.3
09-Feb-2026,10-Mar-2026,PE,26450.0,,,25867.3
09-Feb-2026,10-Mar-2026,PE,26500.0,,,25867.3
09-Feb-2026,10-Mar-2026,PE,26550.0,,,25867.3
09-Feb-2026,10-Mar-2026,PE,26600.0,,,25867.3
09-Feb-2026,10-Mar-2026,PE,26650.0,,,25867.3
09-Feb-2026,10-Mar-2026,PE,26700.0,,,25867.3
09-Feb-2026,10-Mar-2026,PE,26750.0,,,25867.3
09-Feb-2026,10-Mar-2026,PE,26800.0,,,25867.3
09-Feb-2026,10-Mar-2026,PE,26850.0,,,25867.3
09-Feb-2026,10-Mar-2026,PE,26900.0,1021.0,195.0,25867.3
09-Feb-2026,10-Mar-2026,PE,26950.0,,,25867.3
09-Feb-2026,10-Mar-2026,PE,27000.0,,,25867.3
09-Feb-2026,10-Mar-2026,PE,27050.0,,,25867.3
09-Feb-2026,10-Mar-2026,PE,27100.0,,,25867.3
09-Feb-2026,10-Mar-2026,PE,27150.0,,,25867.3
09-Feb-2026,10-Mar-2026,PE,27200.0,,,25867.3
09-Feb-2026,10-Mar-2026,PE,27250.0,,,25867.3
09-Feb-2026,10-Mar-2026,PE,27300.0,,,25867.3
09-Feb-2026,10-Mar-2026,PE,27350.0,,,25867.3
09-Feb-2026,10-Mar-2026,PE,27400.0,,,25867.3
09-Feb-2026,10-Mar-2026,PE,27450.0,,,25867.3
09-Feb-2026,10-Mar-2026,PE,27500.0,,,25867.3
09-Feb-2026,10-Mar-2026,PE,27550.0,,,25867.3
10-Feb-2026,17-Feb-2026,CE,23100.0,2855.55,65.0,25935.15
10-Feb-2026,17-Feb-2026,CE,23150.0,2811.3,65.0,25935.15
10-Feb-2026,17-Feb-2026,CE,23200.0,2730.25,455.0,25935.15
10-Feb-2026,17-Feb-2026,CE,23250.0,2442.55,195.0,25935.15
10-Feb-2026,17-Feb-2026,CE,23300.0,2666.85,650.0,25935.15
10-Feb-2026,17-Feb-2026,CE,23350.0,2608.85,195.0,25935.15
10-Feb-2026,17-Feb-2026,CE,23400.0,2564.5,715.0,25935.15
10-Feb-2026,17-Feb-2026,CE,23450.0,2487.5,130.0,25935.15
10-Feb-2026,17-Feb-2026,CE,23500.0,2441.0,4485.0,25935.15
10-Feb-2026,17-Feb-2026,CE,23550.0,2388.05,195.0,25935.15
10-Feb-2026,17-Feb-2026,CE,23600.0,2361.85,975.0,25935.15
10-Feb-2026,17-Feb-2026,CE,23650.0,2317.3,260.0,25935.15
10-Feb-2026,17-Feb-2026,CE,23700.0,2240.0,715.0,25935.15
10-Feb-2026,17-Feb-2026,CE,23750.0,2191.5,195.0,25935.15
10-Feb-2026,17-Feb-2026,CE,23800.0,2161.3,780.0,25935.15
10-Feb-2026,17-Feb-2026,CE,23850.0,2116.75,195.0,25935.15
10-Feb-2026,17-Feb-2026,CE,23900.0,2072.8,845.0,25935.15
10-Feb-2026,17-Feb-2026,CE,23950.0,2012.6,195.0,25935.15
10-Feb-2026,17-Feb-2026,CE,24000.0,1944.6,28145.0,25935.15
10-Feb-2026,17-Feb-2026,CE,24050.0,1915.65,195.0,25935.15
10-Feb-2026,17-Feb-2026,CE,24100.0,1844.4,1300.0,25935.15
10-Feb-2026,17-Feb-2026,CE,24150.0,1825.65,325.0,25935.15
10-Feb-2026,17-Feb-2026,CE,24200.0,1762.45,975.0,25935.15
10-Feb-2026,17-Feb-2026,CE,24250.0,1712.05,390.0,25935.15
10-Feb-2026,17-Feb-2026,CE,24300.0,1645.2,1170.0,25935.15
10-Feb-2026,17-Feb-2026,CE,24350.0,1617.25,520.0,25935.15
10-Feb-2026,17-Feb-2026,CE,24400.0,1554.45,2015.0,25935.15
10-Feb-2026,17-Feb-2026,CE,24450.0,1519.9,455.0,25935.15
10-Feb-2026,17-Feb-2026,CE,24500.0,1444.0,48945.0,25935.15
10-Feb-2026,17-Feb-2026,CE,24550.0,1424.45,1495.0,25935.15
10-Feb-2026,17-Feb-2026,CE,24600.0,1364.05,13520.0,25935.15
10-Feb-2026,17-Feb-2026,CE,24650.0,1318.45,650.0,25935.15
10-Feb-2026,17-Feb-2026,CE,24700.0,1250.5,20345.0,25935.15
10-Feb-2026,17-Feb-2026,CE,24750.0,1214.95,7345.0,25935.15
10-Feb-2026,17-Feb-2026,CE,24800.0,1146.25,53755.0,25935.15
10-Feb-2026,17-Feb-2026,CE,24850.0,1100.0,3770.0,25935.15
10-Feb-2026,17-Feb-2026,CE,24900.0,1050.0,44135.0,25935.15
10-Feb-2026,17-Feb-2026,CE,24950.0,998.9,10010.0,25935.15
10-Feb-2026,17-Feb-2026,CE,25000.0,954.0,263055.0,25935.15
10-Feb-2026,17-Feb-2026,CE,25050.0,901.45,23595.0,25935.15
10-Feb-2026,17-Feb-2026,CE,25100.0,855.6,93990.0,25935.15
10-Feb-2026,17-Feb-2026,CE,25150.0,803.2,46020.0,25935.15
10-Feb-2026,17-Feb-2026,CE,25200.0,757.9,218205.0,25935.15
10-Feb-2026,17-Feb-2026,CE,25250.0,705.35,25935.0,25935.15
10-Feb-2026,17-Feb-2026,CE,25300.0,660.75,281190.0,25935.15
10-Feb-2026,17-Feb-2026,CE,25350.0,610.5,23010.0,25935.15
10-Feb-2026,17-Feb-2026,CE,25400.0,563.2,215345.0,25935.15
10-Feb-2026,17-Feb-2026,CE,25450.0,520.35,31265.0,25935.15
10-Feb-2026,17-Feb-2026,CE,25500.0,469.6,786500.0,25935.15
10-Feb-2026,17-Feb-2026,CE,25550.0,426.15,61360.0,25935.15
10-Feb-2026,17-Feb-2026,CE,25600.0,383.0,511810.0,25935.15
10-Feb-2026,17-Feb-2026,CE,25650.0,341.75,292435.0,25935.15
10-Feb-2026,17-Feb-2026,CE,25700.0,299.95,702000.0,25935.15
10-Feb-2026,17-Feb-2026,CE,25750.0,261.5,242970.0,25935.15
10-Feb-2026,17-Feb-2026,CE,25800.0,225.15,1517945.0,25935.15
10-Feb-2026,17-Feb-2026,CE,25850.0,192.45,688480.0,25935.15
10-Feb-2026,17-Feb-2026,CE,25900.0,162.3,2513225.0,25935.15
10-Feb-2026,17-Feb-2026,CE,25950.0,134.0,1860820.0,25935.15
10-Feb-2026,17-Feb-2026,CE,26000.0,109.55,5881330.0,25935.15
10-Feb-2026,17-Feb-2026,CE,26050.0,89.0,1145560.0,25935.15
10-Feb-2026,17-Feb-2026,CE,26100.0,71.0,3212300.0,25935.15
10-Feb-2026,17-Feb-2026,CE,26150.0,56.5,945035.0,25935.15
10-Feb-2026,17-Feb-2026,CE,26200.0,44.2,3511235.0,25935.15
10-Feb-2026,17-Feb-2026,CE,26250.0,34.5,854620.0,25935.15
10-Feb-2026,17-Feb-2026,CE,26300.0,26.5,3312855.0,25935.15
10-Feb-2026,17-Feb-2026,CE,26350.0,21.15,848835.0,25935.15
10-Feb-2026,17-Feb-2026,CE,26400.0,16.55,1755910.0,25935.15
10-Feb-2026,17-Feb-2026,CE,26450.0,13.65,853190.0,25935.15
10-Feb-2026,17-Feb-2026,CE,26500.0,11.7,4001270.0,25935.15
10-Feb-2026,17-Feb-2026,CE,26550.0,9.6,664950.0,25935.15
10-Feb-2026,17-Feb-2026,CE,26600.0,8.1,1604070.0,25935.15
10-Feb-2026,17-Feb-2026,CE,26650.0,6.7,425750.0,25935.15
10-Feb-2026,17-Feb-2026,CE,26700.0,5.75,1349270.0,25935.15
10-Feb-2026,17-Feb-2026,CE,26750.0,5.2,408395.0,25935.15
10-Feb-2026,17-Feb-2026,CE,26800.0,4.7,1578720.0,25935.15
10-Feb-2026,17-Feb-2026,CE,26850.0,4.3,412360.0,25935.15
10-Feb-2026,17-Feb-2026,CE,26900.0,3.7,1288755.0,25935.15
10-Feb-2026,17-Feb-2026,CE,26950.0,3.8,182000.0,25935.15
10-Feb-2026,17-Feb-2026,CE,27000.0,3.45,5929105.0,25935.15
10-Feb-2026,17-Feb-2026,CE,27050.0,3.25,134615.0,25935.15
10-Feb-2026,17-Feb-2026,CE,27100.0,2.7,1111110.0,25935.15
10-Feb-2026,17-Feb-2026,CE,27150.0,2.45,153985.0,25935.15
10-Feb-2026,17-Feb-2026,CE,27200.0,2.3,1393730.0,25935.15
10-Feb-2026,17-Feb-2026,CE,27250.0,2.2,71370.0,25935.15
10-Feb-2026,17-Feb-2026,CE,27300.0,1.9,1419210.0,25935.15
10-Feb-2026,17-Feb-2026,CE,27350.0,1.7,184405.0,25935.15
10-Feb-2026,17-Feb-2026,CE,27400.0,1.55,1039155.0,25935.15
10-Feb-2026,17-Feb-2026,CE,27450.0,1.6,103285.0,25935.15
10-Feb-2026,17-Feb-2026,CE,27500.0,1.5,6643975.0,25935.15
10-Feb-2026,17-Feb-2026,CE,27550.0,1.35,386945.0,25935.15
10-Feb-2026,17-Feb-2026,CE,27600.0,1.3,800865.0,25935.15
10-Feb-2026,17-Feb-2026,PE,23100.0,2.35,3054545.0,25935.15
10-Feb-2026,17-Feb-2026,PE,23150.0,2.3,198315.0,25935.15
10-Feb-2026,17-Feb-2026,PE,23200.0,2.35,784420.0,25935.15
10-Feb-2026,17-Feb-2026,PE,23250.0,2.5,43225.0,25935.15
10-Feb-2026,17-Feb-2026,PE,23300.0,2.5,334230.0,25935.15
10-Feb-2026,17-Feb-2026,PE,23350.0,2.75,49595.0,25935.15
10-Feb-2026,17-Feb-2026,PE,23400.0,2.55,88140.0,25935.15
10-Feb-2026,17-Feb-2026,PE,23450.0,2.6,35230.0,25935.15
10-Feb-2026,17-Feb-2026,PE,23500.0,2.55,1745510.0,25935.15
10-Feb-2026,17-Feb-2026,PE,23550.0,2.95,42705.0,25935.15
10-Feb-2026,17-Feb-2026,PE,23600.0,2.9,117130.0,25935.15
10-Feb-2026,17-Feb-2026,PE,23650.0,3.0,41470.0,25935.15
10-Feb-2026,17-Feb-2026,PE,23700.0,3.25,260520.0,25935.15
10-Feb-2026,17-Feb-2026,PE,23750.0,3.45,40235.0,25935.15
10-Feb-2026,17-Feb-2026,PE,23800.0,3.35,772460.0,25935.15
10-Feb-2026,17-Feb-2026,PE,23850.0,3.75,61165.0,25935.15
10-Feb-2026,17-Feb-2026,PE,23900.0,3.7,174590.0,25935.15
10-Feb-2026,17-Feb-2026,PE,23950.0,3.95,43225.0,25935.15
10-Feb-2026,17-Feb-2026,PE,24000.0,4.1,5186805.0,25935.15
10-Feb-2026,17-Feb-2026,PE,24050.0,4.25,42900.0,25935.15
10-Feb-2026,17-Feb-2026,PE,24100.0,4.25,227890.0,25935.15
10-Feb-2026,17-Feb-2026,PE,24150.0,4.85,30160.0,25935.15
10-Feb-2026,17-Feb-2026,PE,24200.0,4.7,717600.0,25935.15
10-Feb-2026,17-Feb-2026,PE,24250.0,5.0,81315.0,25935.15
10-Feb-2026,17-Feb-2026,PE,24300.0,5.25,558935.0,25935.15
10-Feb-2026,17-Feb-2026,PE,24350.0,5.5,72020.0,25935.15
10-Feb-2026,17-Feb-2026,PE,24400.0,5.8,682630.0,25935.15
10-Feb-2026,17-Feb-2026,PE,24450.0,6.15,163215.0,25935.15
10-Feb-2026,17-Feb-2026,PE,24500.0,6.1,3589300.0,25935.15
10-Feb-2026,17-Feb-2026,PE,24550.0,6.6,97955.0,25935.15
10-Feb-2026,17-Feb-2026,PE,24600.0,6.8,1016470.0,25935.15
10-Feb-2026,17-Feb-2026,PE,24650.0,7.25,91845.0,25935.15
10-Feb-2026,17-Feb-2026,PE,24700.0,7.5,1294605.0,25935.15
10-Feb-2026,17-Feb-2026,PE,24750.0,8.15,218205.0,25935.15
10-Feb-2026,17-Feb-2026,PE,24800.0,8.1,1237795.0,25935.15
10-Feb-2026,17-Feb-2026,PE,24850.0,9.05,190515.0,25935.15
10-Feb-2026,17-Feb-2026,PE,24900.0,9.1,1271270.0,25935.15
10-Feb-2026,17-Feb-2026,PE,24950.0,10.05,404820.0,25935.15
10-Feb-2026,17-Feb-2026,PE,25000.0,10.55,4493320.0,25935.15
10-Feb-2026,17-Feb-2026,PE,25050.0,11.3,447850.0,25935.15
10-Feb-2026,17-Feb-2026,PE,25100.0,11.9,1168310.0,25935.15
10-Feb-2026,17-Feb-2026,PE,25150.0,12.9,438295.0,25935.15
10-Feb-2026,17-Feb-2026,PE,25200.0,14.0,1746940.0,25935.15
10-Feb-2026,17-Feb-2026,PE,25250.0,15.35,473785.0,25935.15
10-Feb-2026,17-Feb-2026,PE,25300.0,16.6,2249650.0,25935.15
10-Feb-2026,17-Feb-2026,PE,25350.0,18.9,628550.0,25935.15
10-Feb-2026,17-Feb-2026,PE,25400.0,21.75,1678365.0,25935.15
10-Feb-2026,17-Feb-2026,PE,25450.0,24.95,494325.0,25935.15
10-Feb-2026,17-Feb-2026,PE,25500.0,28.95,3470480.0,25935.15
10-Feb-2026,17-Feb-2026,PE,25550.0,33.65,778700.0,25935.15
10-Feb-2026,17-Feb-2026,PE,25600.0,39.9,2326545.0,25935.15
10-Feb-2026,17-Feb-2026,PE,25650.0,47.35,911040.0,25935.15
10-Feb-2026,17-Feb-2026,PE,25700.0,57.1,2696785.0,25935.15
10-Feb-2026,17-Feb-2026,PE,25750.0,68.55,847730.0,25935.15
10-Feb-2026,17-Feb-2026,PE,25800.0,82.65,3223025.0,25935.15
10-Feb-2026,17-Feb-2026,PE,25850.0,98.35,1383460.0,25935.15
10-Feb-2026,17-Feb-2026,PE,25900.0,118.45,3432845.0,25935.15
10-Feb-2026,17-Feb-2026,PE,25950.0,139.75,2017600.0,25935.15
10-Feb-2026,17-Feb-2026,PE,26000.0,166.3,3278730.0,25935.15
10-Feb-2026,17-Feb-2026,PE,26050.0,194.0,299975.0,25935.15
10-Feb-2026,17-Feb-2026,PE,26100.0,226.6,747435.0,25935.15
10-Feb-2026,17-Feb-2026,PE,26150.0,262.95,91520.0,25935.15
10-Feb-2026,17-Feb-2026,PE,26200.0,299.7,436930.0,25935.15
10-Feb-2026,17-Feb-2026,PE,26250.0,340.95,33995.0,25935.15
10-Feb-2026,17-Feb-2026,PE,26300.0,381.0,348140.0,25935.15
10-Feb-2026,17-Feb-2026,PE,26350.0,427.1,17030.0,25935.15
10-Feb-2026,17-Feb-2026,PE,26400.0,470.75,104390.0,25935.15
10-Feb-2026,17-Feb-2026,PE,26450.0,518.5,3185.0,25935.15
10-Feb-2026,17-Feb-2026,PE,26500.0,565.0,396630.0,25935.15
10-Feb-2026,17-Feb-2026,PE,26550.0,614.75,1430.0,25935.15
10-Feb-2026,17-Feb-2026,PE,26600.0,659.35,32240.0,25935.15
10-Feb-2026,17-Feb-2026,PE,26650.0,711.05,4225.0,25935.15
10-Feb-2026,17-Feb-2026,PE,26700.0,761.15,17615.0,25935.15
10-Feb-2026,17-Feb-2026,PE,26750.0,809.0,3965.0,25935.15
10-Feb-2026,17-Feb-2026,PE,26800.0,855.7,27170.0,25935.15
10-Feb-2026,17-Feb-2026,PE,26850.0,881.55,390.0,25935.15
10-Feb-2026,17-Feb-2026,PE,26900.0,953.0,2860.0,25935.15
10-Feb-2026,17-Feb-2026,PE,26950.0,982.3,195.0,25935.15
10-Feb-2026,17-Feb-2026,PE,27000.0,1053.6,116545.0,25935.15
10-Feb-2026,17-Feb-2026,PE,27050.0,1085.0,195.0,25935.15
10-Feb-2026,17-Feb-2026,PE,27100.0,1129.0,910.0,25935.15
10-Feb-2026,17-Feb-2026,PE,27150.0,1188.85,455.0,25935.15
10-Feb-2026,17-Feb-2026,PE,27200.0,1246.45,390.0,25935.15
10-Feb-2026,17-Feb-2026,PE,27250.0,1286.95,3705.0,25935.15
10-Feb-2026,17-Feb-2026,PE,27300.0,1350.1,4225.0,25935.15
10-Feb-2026,17-Feb-2026,PE,27350.0,1386.05,65.0,25935.15
10-Feb-2026,17-Feb-2026,PE,27400.0,1442.8,390.0,25935.15
10-Feb-2026,17-Feb-2026,PE,27450.0,1487.7,260.0,25935.15
10-Feb-2026,17-Feb-2026,PE,27500.0,1546.05,8580.0,25935.15
10-Feb-2026,17-Feb-2026,PE,27550.0,1608.7,325.0,25935.15
10-Feb-2026,17-Feb-2026,PE,27600.0,1648.0,260.0,25935.15
10-Feb-2026,02-Mar-2026,CE,23100.0,,,25935.15
10-Feb-2026,02-Mar-2026,CE,23150.0,,,25935.15
10-Feb-2026,02-Mar-2026,CE,23200.0,,,25935.15
10-Feb-2026,02-Mar-2026,CE,23250.0,,,25935.15
10-Feb-2026,02-Mar-2026,CE,23300.0,2640.6,130.0,25935.15
10-Feb-2026,02-Mar-2026,CE,23350.0,,,25935.15
10-Feb-2026,02-Mar-2026,CE,23400.0,,,25935.15
10-Feb-2026,02-Mar-2026,CE,23450.0,,,25935.15
10-Feb-2026,02-Mar-2026,CE,23500.0,2438.75,130.0,25935.15
10-Feb-2026,02-Mar-2026,CE,23550.0,2391.8,130.0,25935.15
10-Feb-2026,02-Mar-2026,CE,23600.0,2345.15,130.0,25935.15
10-Feb-2026,02-Mar-2026,CE,23650.0,2241.8,195.0,25935.15
10-Feb-2026,02-Mar-2026,CE,23700.0,2254.25,130.0,25935.15
10-Feb-2026,02-Mar-2026,CE,23750.0,2024.8,195.0,25935.15
10-Feb-2026,02-Mar-2026,CE,23800.0,2140.8,130.0,25935.15
10-Feb-2026,02-Mar-2026,CE,23850.0,2046.2,195.0,25935.15
10-Feb-2026,02-Mar-2026,CE,23900.0,2115.75,130.0,25935.15
10-Feb-2026,02-Mar-2026,CE,23950.0,2014.1,130.0,25935.15
10-Feb-2026,02-Mar-2026,CE,24000.0,1953.55,1950.0,25935.15
10-Feb-2026,02-Mar-2026,CE,24050.0,1968.75,195.0,25935.15
10-Feb-2026,02-Mar-2026,CE,24100.0,1163.5,325.0,25935.15
10-Feb-2026,02-Mar-2026,CE,24150.0,,,25935.15
10-Feb-2026,02-Mar-2026,CE,24200.0,,,25935.15
10-Feb-2026,02-Mar-2026,CE,24250.0,,,25935.15
10-Feb-2026,02-Mar-2026,CE,24300.0,,,25935.15
10-Feb-2026,02-Mar-2026,CE,24350.0,,,25935.15
10-Feb-2026,02-Mar-2026,CE,24400.0,,,25935.15
10-Feb-2026,02-Mar-2026,CE,24450.0,,,25935.15
10-Feb-2026,02-Mar-2026,CE,24500.0,1292.0,1690.0,25935.15
10-Feb-2026,02-Mar-2026,CE,24550.0,1368.45,520.0,25935.15
10-Feb-2026,02-Mar-2026,CE,24600.0,1191.4,1625.0,25935.15
10-Feb-2026,02-Mar-2026,CE,24650.0,1007.3,1690.0,25935.15
10-Feb-2026,02-Mar-2026,CE,24700.0,1073.2,1690.0,25935.15
10-Feb-2026,02-Mar-2026,CE,24750.0,591.1,65.0,25935.15
10-Feb-2026,02-Mar-2026,CE,24800.0,1230.0,1690.0,25935.15
10-Feb-2026,02-Mar-2026,CE,24850.0,961.95,1495.0,25935.15
10-Feb-2026,02-Mar-2026,CE,24900.0,1065.6,1430.0,25935.15
10-Feb-2026,02-Mar-2026,CE,24950.0,881.85,2405.0,25935.15
10-Feb-2026,02-Mar-2026,CE,25000.0,1062.8,7670.0,25935.15
10-Feb-2026,02-Mar-2026,CE,25050.0,993.4,1365.0,25935.15
10-Feb-2026,02-Mar-2026,CE,25100.0,943.5,3510.0,25935.15
10-Feb-2026,02-Mar-2026,CE,25150.0,847.95,2470.0,25935.15
10-Feb-2026,02-Mar-2026,CE,25200.0,852.75,7020.0,25935.15
10-Feb-2026,02-Mar-2026,CE,25250.0,810.9,1755.0,25935.15
10-Feb-2026,02-Mar-2026,CE,25300.0,779.7,12480.0,25935.15
10-Feb-2026,02-Mar-2026,CE,25350.0,724.5,13065.0,25935.15
10-Feb-2026,02-Mar-2026,CE,25400.0,700.0,12220.0,25935.15
10-Feb-2026,02-Mar-2026,CE,25450.0,671.25,2470.0,25935.15
10-Feb-2026,02-Mar-2026,CE,25500.0,589.1,30940.0,25935.15
10-Feb-2026,02-Mar-2026,CE,25550.0,570.0,2470.0,25935.15
10-Feb-2026,02-Mar-2026,CE,25600.0,513.0,18850.0,25935.15
10-Feb-2026,02-Mar-2026,CE,25650.0,473.85,10205.0,25935.15
10-Feb-2026,02-Mar-2026,CE,25700.0,437.0,22685.0,25935.15
10-Feb-2026,02-Mar-2026,CE,25750.0,401.0,9425.0,25935.15
10-Feb-2026,02-Mar-2026,CE,25800.0,366.6,36335.0,25935.15
10-Feb-2026,02-Mar-2026,CE,25850.0,335.45,5265.0,25935.15
10-Feb-2026,02-Mar-2026,CE,25900.0,300.65,39260.0,25935.15
10-Feb-2026,02-Mar-2026,CE,25950.0,278.2,17095.0,25935.15
10-Feb-2026,02-Mar-2026,CE,26000.0,248.45,109330.0,25935.15
10-Feb-2026,02-Mar-2026,CE,26050.0,221.7,27560.0,25935.15
10-Feb-2026,02-Mar-2026,CE,26100.0,194.1,45500.0,25935.15
10-Feb-2026,02-Mar-2026,CE,26150.0,174.0,6825.0,25935.15
10-Feb-2026,02-Mar-2026,CE,26200.0,157.1,118170.0,25935.15
10-Feb-2026,02-Mar-2026,CE,26250.0,133.4,14040.0,25935.15
10-Feb-2026,02-Mar-2026,CE,26300.0,119.1,69160.0,25935.15
10-Feb-2026,02-Mar-2026,CE,26350.0,102.0,10400.0,25935.15
10-Feb-2026,02-Mar-2026,CE,26400.0,89.35,49725.0,25935.15
10-Feb-2026,02-Mar-2026,CE,26450.0,79.5,10205.0,25935.15
10-Feb-2026,02-Mar-2026,CE,26500.0,68.0,131820.0,25935.15
10-Feb-2026,02-Mar-2026,CE,26550.0,59.75,10855.0,25935.15
10-Feb-2026,02-Mar-2026,CE,26600.0,50.9,45435.0,25935.15
10-Feb-2026,02-Mar-2026,CE,26650.0,194.25,2275.0,25935.15
10-Feb-2026,02-Mar-2026,CE,26700.0,38.3,28665.0,25935.15
10-Feb-2026,02-Mar-2026,CE,26750.0,32.45,6825.0,25935.15
10-Feb-2026,02-Mar-2026,CE,26800.0,29.3,29185.0,25935.15
10-Feb-2026,02-Mar-2026,CE,26850.0,25.4,8710.0,25935.15
10-Feb-2026,02-Mar-2026,CE,26900.0,23.65,9945.0,25935.15
10-Feb-2026,02-Mar-2026,CE,26950.0,21.7,9165.0,25935.15
10-Feb-2026,02-Mar-2026,CE,27000.0,18.2,167050.0,25935.15
10-Feb-2026,02-Mar-2026,CE,27050.0,17.45,9100.0,25935.15
10-Feb-2026,02-Mar-2026,CE,27100.0,14.15,16575.0,25935.15
10-Feb-2026,02-Mar-2026,CE,27150.0,13.6,6045.0,25935.15
10-Feb-2026,02-Mar-2026,CE,27200.0,13.0,13195.0,25935.15
10-Feb-2026,02-Mar-2026,CE,27250.0,,,25935.15
10-Feb-2026,02-Mar-2026,CE,27300.0,10.85,4030.0,25935.15
10-Feb-2026,02-Mar-2026,CE,27350.0,11.0,1430.0,25935.15
10-Feb-2026,02-Mar-2026,CE,27400.0,8.45,6825.0,25935.15
10-Feb-2026,02-Mar-2026,CE,27450.0,7.8,1430.0,25935.15
10-Feb-2026,02-Mar-2026,CE,27500.0,6.4,67860.0,25935.15
10-Feb-2026,02-Mar-2026,CE,27550.0,,,25935.15
10-Feb-2026,02-Mar-2026,CE,27600.0,,,25935.15
10-Feb-2026,02-Mar-2026,PE,23100.0,9.15,18330.0,25935.15
10-Feb-2026,02-Mar-2026,PE,23150.0,,,25935.15
10-Feb-2026,02-Mar-2026,PE,23200.0,8.5,1235.0,25935.15
10-Feb-2026,02-Mar-2026,PE,23250.0,,,25935.15
10-Feb-2026,02-Mar-2026,PE,23300.0,9.3,3770.0,25935.15
10-Feb-2026,02-Mar-2026,PE,23350.0,9.5,2600.0,25935.15
10-Feb-2026,02-Mar-2026,PE,23400.0,11.45,4095.0,25935.15
10-Feb-2026,02-Mar-2026,PE,23450.0,10.9,1950.0,25935.15
10-Feb-2026,02-Mar-2026,PE,23500.0,10.3,44655.0,25935.15
10-Feb-2026,02-Mar-2026,PE,23550.0,8.55,1235.0,25935.15
10-Feb-2026,02-Mar-2026,PE,23600.0,11.75,2145.0,25935.15
10-Feb-2026,02-Mar-2026,PE,23650.0,48.25,2925.0,25935.15
10-Feb-2026,02-Mar-2026,PE,23700.0,11.75,3315.0,25935.15
10-Feb-2026,02-Mar-2026,PE,23750.0,23.7,2535.0,25935.15
10-Feb-2026,02-Mar-2026,PE,23800.0,12.0,3120.0,25935.15
10-Feb-2026,02-Mar-2026,PE,23850.0,13.6,1170.0,25935.15
10-Feb-2026,02-Mar-2026,PE,23900.0,12.0,1885.0,25935.15
10-Feb-2026,02-Mar-2026,PE,23950.0,17.1,1950.0,25935.15
10-Feb-2026,02-Mar-2026,PE,24000.0,15.35,55315.0,25935.15
10-Feb-2026,02-Mar-2026,PE,24050.0,20.0,2925.0,25935.15
10-Feb-2026,02-Mar-2026,PE,24100.0,13.65,3835.0,25935.15
10-Feb-2026,02-Mar-2026,PE,24150.0,14.9,2145.0,25935.15
10-Feb-2026,02-Mar-2026,PE,24200.0,14.5,7085.0,25935.15
10-Feb-2026,02-Mar-2026,PE,24250.0,16.0,2990.0,25935.15
10-Feb-2026,02-Mar-2026,PE,24300.0,15.75,10660.0,25935.15
10-Feb-2026,02-Mar-2026,PE,24350.0,17.45,2795.0,25935.15
10-Feb-2026,02-Mar-2026,PE,24400.0,19.7,11700.0,25935.15
10-Feb-2026,02-Mar-2026,PE,24450.0,20.45,5070.0,25935.15
10-Feb-2026,02-Mar-2026,PE,24500.0,21.1,76765.0,25935.15
10-Feb-2026,02-Mar-2026,PE,24550.0,22.2,4485.0,25935.15
10-Feb-2026,02-Mar-2026,PE,24600.0,23.45,10400.0,25935.15
10-Feb-2026,02-Mar-2026,PE,24650.0,24.4,5850.0,25935.15
10-Feb-2026,02-Mar-2026,PE,24700.0,25.9,24245.0,25935.15
10-Feb-2026,02-Mar-2026,PE,24750.0,27.3,6630.0,25935.15
10-Feb-2026,02-Mar-2026,PE,24800.0,28.45,30810.0,25935.15
10-Feb-2026,02-Mar-2026,PE,24850.0,29.65,6175.0,25935.15
10-Feb-2026,02-Mar-2026,PE,24900.0,31.7,20280.0,25935.15
10-Feb-2026,02-Mar-2026,PE,24950.0,34.8,15600.0,25935.15
10-Feb-2026,02-Mar-2026,PE,25000.0,38.3,178490.0,25935.15
10-Feb-2026,02-Mar-2026,PE,25050.0,40.55,19760.0,25935.15
10-Feb-2026,02-Mar-2026,PE,25100.0,43.2,30745.0,25935.15
10-Feb-2026,02-Mar-2026,PE,25150.0,45.35,9230.0,25935.15
10-Feb-2026,02-Mar-2026,PE,25200.0,49.95,35685.0,25935.15
10-Feb-2026,02-Mar-2026,PE,25250.0,53.9,8450.0,25935.15
10-Feb-2026,02-Mar-2026,PE,25300.0,58.25,35945.0,25935.15
10-Feb-2026,02-Mar-2026,PE,25350.0,65.55,14625.0,25935.15
10-Feb-2026,02-Mar-2026,PE,25400.0,72.0,59020.0,25935.15
10-Feb-2026,02-Mar-2026,PE,25450.0,79.0,9165.0,25935.15
10-Feb-2026,02-Mar-2026,PE,25500.0,87.05,122590.0,25935.15
10-Feb-2026,02-Mar-2026,PE,25550.0,95.9,17290.0,25935.15
10-Feb-2026,02-Mar-2026,PE,25600.0,105.75,41275.0,25935.15
10-Feb-2026,02-Mar-2026,PE,25650.0,116.5,12350.0,25935.15
10-Feb-2026,02-Mar-2026,PE,25700.0,128.95,48880.0,25935.15
10-Feb-2026,02-Mar-2026,PE,25750.0,143.65,13260.0,25935.15
10-Feb-2026,02-Mar-2026,PE,25800.0,158.8,47905.0,25935.15
10-Feb-2026,02-Mar-2026,PE,25850.0,177.7,25545.0,25935.15
10-Feb-2026,02-Mar-2026,PE,25900.0,192.05,41405.0,25935.15
10-Feb-2026,02-Mar-2026,PE,25950.0,212.05,8710.0,25935.15
10-Feb-2026,02-Mar-2026,PE,26000.0,233.75,88335.0,25935.15
10-Feb-2026,02-Mar-2026,PE,26050.0,256.9,5525.0,25935.15
10-Feb-2026,02-Mar-2026,PE,26100.0,289.5,30550.0,25935.15
10-Feb-2026,02-Mar-2026,PE,26150.0,300.25,2535.0,25935.15
10-Feb-2026,02-Mar-2026,PE,26200.0,340.55,28990.0,25935.15
10-Feb-2026,02-Mar-2026,PE,26250.0,371.15,1105.0,25935.15
10-Feb-2026,02-Mar-2026,PE,26300.0,400.9,21710.0,25935.15
10-Feb-2026,02-Mar-2026,PE,26350.0,490.3,715.0,25935.15
10-Feb-2026,02-Mar-2026,PE,26400.0,476.35,13975.0,25935.15
10-Feb-2026,02-Mar-2026,PE,26450.0,587.85,715.0,25935.15
10-Feb-2026,02-Mar-2026,PE,26500.0,550.25,2080.0,25935.15
10-Feb-2026,02-Mar-2026,PE,26550.0,,,25935.15
10-Feb-2026,02-Mar-2026,PE,26600.0,,,25935.15
10-Feb-2026,02-Mar-2026,PE,26650.0,,,25935.15
10-Feb-2026,02-Mar-2026,PE,26700.0,,,25935.15
10-Feb-2026,02-Mar-2026,PE,26750.0,,,25935.15
10-Feb-2026,02-Mar-2026,PE,26800.0,,,25935.15
10-Feb-2026,02-Mar-2026,PE,26850.0,,,25935.15
10-Feb-2026,02-Mar-2026,PE,26900.0,,,25935.15
10-Feb-2026,02-Mar-2026,PE,26950.0,1124.5,520.0,25935.15
10-Feb-2026,02-Mar-2026,PE,27000.0,,,25935.15
10-Feb-2026,02-Mar-2026,PE,27050.0,1308.25,,25935.15
10-Feb-2026,02-Mar-2026,PE,27100.0,,,25935.15
10-Feb-2026,02-Mar-2026,PE,27150.0,2027.85,65.0,25935.15
10-Feb-2026,02-Mar-2026,PE,27200.0,,,25935.15
10-Feb-2026,02-Mar-2026,PE,27250.0,,,25935.15
10-Feb-2026,02-Mar-2026,PE,27300.0,,,25935.15
10-Feb-2026,02-Mar-2026,PE,27350.0,,,25935.15
10-Feb-2026,02-Mar-2026,PE,27400.0,,,25935.15
10-Feb-2026,02-Mar-2026,PE,27450.0,,,25935.15
10-Feb-2026,02-Mar-2026,PE,27500.0,,,25935.15
10-Feb-2026,02-Mar-2026,PE,27550.0,,,25935.15
10-Feb-2026,02-Mar-2026,PE,27600.0,,,25935.15
10-Feb-2026,10-Mar-2026,CE,23900.0,,,25935.15
10-Feb-2026,10-Mar-2026,CE,23950.0,,,25935.15
10-Feb-2026,10-Mar-2026,CE,24000.0,,,25935.15
10-Feb-2026,10-Mar-2026,CE,24050.0,,,25935.15
10-Feb-2026,10-Mar-2026,CE,24100.0,,,25935.15
10-Feb-2026,10-Mar-2026,CE,24150.0,,,25935.15
10-Feb-2026,10-Mar-2026,CE,24200.0,,,25935.15
10-Feb-2026,10-Mar-2026,CE,24250.0,,,25935.15
10-Feb-2026,10-Mar-2026,CE,24300.0,,,25935.15
10-Feb-2026,10-Mar-2026,CE,24350.0,,,25935.15
10-Feb-2026,10-Mar-2026,CE,24400.0,,,25935.15
10-Feb-2026,10-Mar-2026,CE,24450.0,,,25935.15
10-Feb-2026,10-Mar-2026,CE,24500.0,,,25935.15
10-Feb-2026,10-Mar-2026,CE,24550.0,,,25935.15
10-Feb-2026,10-Mar-2026,CE,24600.0,,,25935.15
10-Feb-2026,10-Mar-2026,CE,24650.0,,,25935.15
10-Feb-2026,10-Mar-2026,CE,24700.0,,,25935.15
10-Feb-2026,10-Mar-2026,CE,24750.0,,,25935.15
10-Feb-2026,10-Mar-2026,CE,24800.0,,,25935.15
10-Feb-2026,10-Mar-2026,CE,24850.0,,,25935.15
10-Feb-2026,10-Mar-2026,CE,24900.0,,,25935.15
10-Feb-2026,10-Mar-2026,CE,24950.0,,,25935.15
10-Feb-2026,10-Mar-2026,CE,25000.0,,,25935.15
10-Feb-2026,10-Mar-2026,CE,25050.0,,,25935.15
10-Feb-2026,10-Mar-2026,CE,25100.0,,,25935.15
10-Feb-2026,10-Mar-2026,CE,25150.0,,,25935.15
10-Feb-2026,10-Mar-2026,CE,25200.0,,,25935.15
10-Feb-2026,10-Mar-2026,CE,25250.0,,,25935.15
10-Feb-2026,10-Mar-2026,CE,25300.0,,,25935.15
10-Feb-2026,10-Mar-2026,CE,25350.0,,,25935.15
10-Feb-2026,10-Mar-2026,CE,25400.0,732.75,65.0,25935.15
10-Feb-2026,10-Mar-2026,CE,25450.0,,,25935.15
10-Feb-2026,10-Mar-2026,CE,25500.0,650.75,3380.0,25935.15
10-Feb-2026,10-Mar-2026,CE,25550.0,,,25935.15
10-Feb-2026,10-Mar-2026,CE,25600.0,572.55,5135.0,25935.15
10-Feb-2026,10-Mar-2026,CE,25650.0,,,25935.15
10-Feb-2026,10-Mar-2026,CE,25700.0,501.0,1170.0,25935.15
10-Feb-2026,10-Mar-2026,CE,25750.0,418.7,260.0,25935.15
10-Feb-2026,10-Mar-2026,CE,25800.0,436.0,3900.0,25935.15
10-Feb-2026,10-Mar-2026,CE,25850.0,414.25,325.0,25935.15
10-Feb-2026,10-Mar-2026,CE,25900.0,359.9,2730.0,25935.15
10-Feb-2026,10-Mar-2026,CE,25950.0,355.95,650.0,25935.15
10-Feb-2026,10-Mar-2026,CE,26000.0,306.0,17550.0,25935.15
10-Feb-2026,10-Mar-2026,CE,26050.0,,,25935.15
10-Feb-2026,10-Mar-2026,CE,26100.0,255.7,4810.0,25935.15
10-Feb-2026,10-Mar-2026,CE,26150.0,242.0,130.0,25935.15
10-Feb-2026,10-Mar-2026,CE,26200.0,211.35,3900.0,25935.15
10-Feb-2026,10-Mar-2026,CE,26250.0,193.15,910.0,25935.15
10-Feb-2026,10-Mar-2026,CE,26300.0,164.65,5785.0,25935.15
10-Feb-2026,10-Mar-2026,CE,26350.0,,,25935.15
10-Feb-2026,10-Mar-2026,CE,26400.0,133.65,3835.0,25935.15
10-Feb-2026,10-Mar-2026,CE,26450.0,,,25935.15
10-Feb-2026,10-Mar-2026,CE,26500.0,103.9,28210.0,25935.15
10-Feb-2026,10-Mar-2026,CE,26550.0,,,25935.15
10-Feb-2026,10-Mar-2026,CE,26600.0,84.5,3575.0,25935.15
10-Feb-2026,10-Mar-2026,CE,26650.0,,,25935.15
10-Feb-2026,10-Mar-2026,CE,26700.0,,,25935.15
10-Feb-2026,10-Mar-2026,CE,26750.0,,,25935.15
10-Feb-2026,10-Mar-2026,CE,26800.0,,,25935.15
10-Feb-2026,10-Mar-2026,CE,26850.0,77.95,325.0,25935.15
10-Feb-2026,10-Mar-2026,CE,26900.0,38.05,4095.0,25935.15
10-Feb-2026,10-Mar-2026,CE,26950.0,26.4,585.0,25935.15
10-Feb-2026,10-Mar-2026,CE,27000.0,30.75,6955.0,25935.15
10-Feb-2026,10-Mar-2026,CE,27050.0,,,25935.15
10-Feb-2026,10-Mar-2026,CE,27100.0,,,25935.15
10-Feb-2026,10-Mar-2026,CE,27150.0,,,25935.15
10-Feb-2026,10-Mar-2026,CE,27200.0,,,25935.15
10-Feb-2026,10-Mar-2026,CE,27250.0,17.0,1950.0,25935.15
10-Feb-2026,10-Mar-2026,CE,27300.0,,,25935.15
10-Feb-2026,10-Mar-2026,CE,27350.0,,,25935.15
10-Feb-2026,10-Mar-2026,CE,27400.0,13.7,1950.0,25935.15
10-Feb-2026,10-Mar-2026,CE,27450.0,24.7,65.0,25935.15
10-Feb-2026,10-Mar-2026,CE,27500.0,12.0,15275.0,25935.15
10-Feb-2026,10-Mar-2026,CE,27550.0,,,25935.15
10-Feb-2026,10-Mar-2026,CE,27600.0,,,25935.15
10-Feb-2026,10-Mar-2026,PE,23900.0,,,25935.15
10-Feb-2026,10-Mar-2026,PE,23950.0,,,25935.15
10-Feb-2026,10-Mar-2026,PE,24000.0,18.25,9620.0,25935.15
10-Feb-2026,10-Mar-2026,PE,24050.0,,,25935.15
10-Feb-2026,10-Mar-2026,PE,24100.0,,,25935.15
10-Feb-2026,10-Mar-2026,PE,24150.0,,,25935.15
10-Feb-2026,10-Mar-2026,PE,24200.0,18.25,1300.0,25935.15
10-Feb-2026,10-Mar-2026,PE,24250.0,,,25935.15
10-Feb-2026,10-Mar-2026,PE,24300.0,21.4,390.0,25935.15
10-Feb-2026,10-Mar-2026,PE,24350.0,,,25935.15
10-Feb-2026,10-Mar-2026,PE,24400.0,,,25935.15
10-Feb-2026,10-Mar-2026,PE,24450.0,,,25935.15
10-Feb-2026,10-Mar-2026,PE,24500.0,29.45,10205.0,25935.15
10-Feb-2026,10-Mar-2026,PE,24550.0,,,25935.15
10-Feb-2026,10-Mar-2026,PE,24600.0,,,25935.15
10-Feb-2026,10-Mar-2026,PE,24650.0,,,25935.15
10-Feb-2026,10-Mar-2026,PE,24700.0,,,25935.15
10-Feb-2026,10-Mar-2026,PE,24750.0,40.15,65.0,25935.15
10-Feb-2026,10-Mar-2026,PE,24800.0,40.0,3250.0,25935.15
10-Feb-2026,10-Mar-2026,PE,24850.0,,,25935.15
10-Feb-2026,10-Mar-2026,PE,24900.0,44.3,520.0,25935.15
10-Feb-2026,10-Mar-2026,PE,24950.0,,,25935.15
10-Feb-2026,10-Mar-2026,PE,25000.0,53.5,21710.0,25935.15
10-Feb-2026,10-Mar-2026,PE,25050.0,,,25935.15
10-Feb-2026,10-Mar-2026,PE,25100.0,60.0,3185.0,25935.15
10-Feb-2026,10-Mar-2026,PE,25150.0,,,25935.15
10-Feb-2026,10-Mar-2026,PE,25200.0,67.0,2275.0,25935.15
10-Feb-2026,10-Mar-2026,PE,25250.0,,,25935.15
10-Feb-2026,10-Mar-2026,PE,25300.0,83.25,7410.0,25935.15
10-Feb-2026,10-Mar-2026,PE,25350.0,,,25935.15
10-Feb-2026,10-Mar-2026,PE,25400.0,95.05,780.0,25935.15
10-Feb-2026,10-Mar-2026,PE,25450.0,,,25935.15
10-Feb-2026,10-Mar-2026,PE,25500.0,115.55,20800.0,25935.15
10-Feb-2026,10-Mar-2026,PE,25550.0,130.0,2600.0,25935.15
10-Feb-2026,10-Mar-2026,PE,25600.0,131.95,5070.0,25935.15
10-Feb-2026,10-Mar-2026,PE,25650.0,248.65,780.0,25935.15
10-Feb-2026,10-Mar-2026,PE,25700.0,161.0,6435.0,25935.15
10-Feb-2026,10-Mar-2026,PE,25750.0,170.0,2665.0,25935.15
10-Feb-2026,10-Mar-2026,PE,25800.0,186.95,10660.0,25935.15
10-Feb-2026,10-Mar-2026,PE,25850.0,197.3,2275.0,25935.15
10-Feb-2026,10-Mar-2026,PE,25900.0,222.45,5200.0,25935.15
10-Feb-2026,10-Mar-2026,PE,25950.0,235.55,585.0,25935.15
10-Feb-2026,10-Mar-2026,PE,26000.0,262.15,13000.0,25935.15
10-Feb-2026,10-Mar-2026,PE,26050.0,,,25935.15
10-Feb-2026,10-Mar-2026,PE,26100.0,315.55,1365.0,25935.15
10-Feb-2026,10-Mar-2026,PE,26150.0,,,25935.15
10-Feb-2026,10-Mar-2026,PE,26200.0,338.5,325.0,25935.15
10-Feb-2026,10-Mar-2026,PE,26250.0,,,25935.15
10-Feb-2026,10-Mar-2026,PE,26300.0,,,25935.15
10-Feb-2026,10-Mar-2026,PE,26350.0,,,25935.15
10-Feb-2026,10-Mar-2026,PE,26400.0,,,25935.15
10-Feb-2026,10-Mar-2026,PE,26450.0,,,25935.15
10-Feb-2026,10-Mar-2026,PE,26500.0,,,25935.15
10-Feb-2026,10-Mar-2026,PE,26550.0,,,25935.15
10-Feb-2026,10-Mar-2026,PE,26600.0,,,25935.15
10-Feb-2026,10-Mar-2026,PE,26650.0,,,25935.15
10-Feb-2026,10-Mar-2026,PE,26700.0,,,25935.15
10-Feb-2026,10-Mar-2026,PE,26750.0,,,25935.15
10-Feb-2026,10-Mar-2026,PE,26800.0,,,25935.15
10-Feb-2026,10-Mar-2026,PE,26850.0,,,25935.15
10-Feb-2026,10-Mar-2026,PE,26900.0,1021.0,195.0,25935.15
10-Feb-2026,10-Mar-2026,PE,26950.0,,,25935.15
10-Feb-2026,10-Mar-2026,PE,27000.0,,,25935.15
10-Feb-2026,10-Mar-2026,PE,27050.0,,,25935.15
10-Feb-2026,10-Mar-2026,PE,27100.0,,,25935.15
10-Feb-2026,10-Mar-2026,PE,27150.0,,,25935.15
10-Feb-2026,10-Mar-2026,PE,27200.0,,,25935.15
10-Feb-2026,10-Mar-2026,PE,27250.0,,,25935.15
10-Feb-2026,10-Mar-2026,PE,27300.0,,,25935.15
10-Feb-2026,10-Mar-2026,PE,27350.0,,,25935.15
10-Feb-2026,10-Mar-2026,PE,27400.0,,,25935.15
10-Feb-2026,10-Mar-2026,PE,27450.0,,,25935.15
10-Feb-2026,10-Mar-2026,PE,27500.0,,,25935.15
10-Feb-2026,10-Mar-2026,PE,27550.0,,,25935.15
10-Feb-2026,10-Mar-2026,PE,27600.0,,,25935.15
11-Feb-2026,17-Feb-2026,CE,23100.0,2866.0,65.0,25953.85
11-Feb-2026,17-Feb-2026,CE,23150.0,2811.3,65.0,25953.85
11-Feb-2026,17-Feb-2026,CE,23200.0,2802.0,390.0,25953.85
11-Feb-2026,17-Feb-2026,CE,23250.0,2468.45,260.0,25953.85
11-Feb-2026,17-Feb-2026,CE,23300.0,2666.85,650.0,25953.85
11-Feb-2026,17-Feb-2026,CE,23350.0,2608.85,195.0,25953.85
11-Feb-2026,17-Feb-2026,CE,23400.0,2564.5,715.0,25953.85
11-Feb-2026,17-Feb-2026,CE,23450.0,2487.5,130.0,25953.85
11-Feb-2026,17-Feb-2026,CE,23500.0,2465.75,5135.0,25953.85
11-Feb-2026,17-Feb-2026,CE,23550.0,2388.05,195.0,25953.85
11-Feb-2026,17-Feb-2026,CE,23600.0,2361.85,975.0,25953.85
11-Feb-2026,17-Feb-2026,CE,23650.0,2317.3,260.0,25953.85
11-Feb-2026,17-Feb-2026,CE,23700.0,2240.0,715.0,25953.85
11-Feb-2026,17-Feb-2026,CE,23750.0,2191.5,195.0,25953.85
11-Feb-2026,17-Feb-2026,CE,23800.0,2161.05,845.0,25953.85
11-Feb-2026,17-Feb-2026,CE,23850.0,2116.75,195.0,25953.85
11-Feb-2026,17-Feb-2026,CE,23900.0,2072.8,845.0,25953.85
11-Feb-2026,17-Feb-2026,CE,23950.0,2012.6,195.0,25953.85
11-Feb-2026,17-Feb-2026,CE,24000.0,1969.8,28405.0,25953.85
11-Feb-2026,17-Feb-2026,CE,24050.0,1915.65,195.0,25953.85
11-Feb-2026,17-Feb-2026,CE,24100.0,1844.4,1300.0,25953.85
11-Feb-2026,17-Feb-2026,CE,24150.0,1825.65,325.0,25953.85
11-Feb-2026,17-Feb-2026,CE,24200.0,1762.45,975.0,25953.85
11-Feb-2026,17-Feb-2026,CE,24250.0,1712.05,390.0,25953.85
11-Feb-2026,17-Feb-2026,CE,24300.0,1646.4,1105.0,25953.85
11-Feb-2026,17-Feb-2026,CE,24350.0,1627.35,455.0,25953.85
11-Feb-2026,17-Feb-2026,CE,24400.0,1591.35,3445.0,25953.85
11-Feb-2026,17-Feb-2026,CE,24450.0,1558.0,455.0,25953.85
11-Feb-2026,17-Feb-2026,CE,24500.0,1475.0,48880.0,25953.85
11-Feb-2026,17-Feb-2026,CE,24550.0,1424.45,1495.0,25953.85
11-Feb-2026,17-Feb-2026,CE,24600.0,1372.25,13390.0,25953.85
11-Feb-2026,17-Feb-2026,CE,24650.0,1353.9,845.0,25953.85
11-Feb-2026,17-Feb-2026,CE,24700.0,1273.3,18200.0,25953.85
11-Feb-2026,17-Feb-2026,CE,24750.0,1215.0,7280.0,25953.85
11-Feb-2026,17-Feb-2026,CE,24800.0,1172.85,36920.0,25953.85
11-Feb-2026,17-Feb-2026,CE,24850.0,1124.95,11830.0,25953.85
11-Feb-2026,17-Feb-2026,CE,24900.0,1077.35,40560.0,25953.85
11-Feb-2026,17-Feb-2026,CE,24950.0,1024.9,9555.0,25953.85
11-Feb-2026,17-Feb-2026,CE,25000.0,971.85,226590.0,25953.85
11-Feb-2026,17-Feb-2026,CE,25050.0,926.05,21190.0,25953.85
11-Feb-2026,17-Feb-2026,CE,25100.0,877.15,78910.0,25953.85
11-Feb-2026,17-Feb-2026,CE,25150.0,828.65,43290.0,25953.85
11-Feb-2026,17-Feb-2026,CE,25200.0,777.0,212680.0,25953.85
11-Feb-2026,17-Feb-2026,CE,25250.0,729.75,30615.0,25953.85
11-Feb-2026,17-Feb-2026,CE,25300.0,677.4,277030.0,25953.85
11-Feb-2026,17-Feb-2026,CE,25350.0,632.2,29185.0,25953.85
11-Feb-2026,17-Feb-2026,CE,25400.0,579.9,229450.0,25953.85
11-Feb-2026,17-Feb-2026,CE,25450.0,532.6,39195.0,25953.85
11-Feb-2026,17-Feb-2026,CE,25500.0,488.0,648895.0,25953.85
11-Feb-2026,17-Feb-2026,CE,25550.0,438.75,69160.0,25953.85
11-Feb-2026,17-Feb-2026,CE,25600.0,393.0,526955.0,25953.85
11-Feb-2026,17-Feb-2026,CE,25650.0,347.85,279175.0,25953.85
11-Feb-2026,17-Feb-2026,CE,25700.0,304.75,704925.0,25953.85
11-Feb-2026,17-Feb-2026,CE,25750.0,263.95,294255.0,25953.85
11-Feb-2026,17-Feb-2026,CE,25800.0,225.5,1768715.0,25953.85
11-Feb-2026,17-Feb-2026,CE,25850.0,190.05,827320.0,25953.85
11-Feb-2026,17-Feb-2026,CE,25900.0,157.75,4011995.0,25953.85
11-Feb-2026,17-Feb-2026,CE,25950.0,128.5,4497090.0,25953.85
11-Feb-2026,17-Feb-2026,CE,26000.0,102.3,11435190.0,25953.85
11-Feb-2026,17-Feb-2026,CE,26050.0,81.5,3428425.0,25953.85
11-Feb-2026,17-Feb-2026,CE,26100.0,63.65,5726110.0,25953.85
11-Feb-2026,17-Feb-2026,CE,26150.0,48.45,3630185.0,25953.85
11-Feb-2026,17-Feb-2026,CE,26200.0,37.9,5333770.0,25953.85
11-Feb-2026,17-Feb-2026,CE,26250.0,29.05,3045445.0,25953.85
11-Feb-2026,17-Feb-2026,CE,26300.0,22.55,4302870.0,25953.85
11-Feb-2026,17-Feb-2026,CE,26350.0,18.4,1905670.0,25953.85
11-Feb-2026,17-Feb-2026,CE,26400.0,14.85,2792790.0,25953.85
11-Feb-2026,17-Feb-2026,CE,26450.0,12.55,2540005.0,25953.85
11-Feb-2026,17-Feb-2026,CE,26500.0,10.7,5419570.0,25953.85
11-Feb-2026,17-Feb-2026,CE,26550.0,8.95,1162590.0,25953.85
11-Feb-2026,17-Feb-2026,CE,26600.0,7.75,2513290.0,25953.85
11-Feb-2026,17-Feb-2026,CE,26650.0,6.85,932555.0,25953.85
11-Feb-2026,17-Feb-2026,CE,26700.0,6.0,2404025.0,25953.85
11-Feb-2026,17-Feb-2026,CE,26750.0,5.45,1099085.0,25953.85
11-Feb-2026,17-Feb-2026,CE,26800.0,4.8,2598570.0,25953.85
11-Feb-2026,17-Feb-2026,CE,26850.0,4.45,597805.0,25953.85
11-Feb-2026,17-Feb-2026,CE,26900.0,4.0,2987660.0,25953.85
11-Feb-2026,17-Feb-2026,CE,26950.0,3.75,425425.0,25953.85
11-Feb-2026,17-Feb-2026,CE,27000.0,3.4,9482655.0,25953.85
11-Feb-2026,17-Feb-2026,CE,27050.0,3.1,516945.0,25953.85
11-Feb-2026,17-Feb-2026,CE,27100.0,2.65,1822860.0,25953.85
11-Feb-2026,17-Feb-2026,CE,27150.0,2.65,382525.0,25953.85
11-Feb-2026,17-Feb-2026,CE,27200.0,2.4,2456610.0,25953.85
11-Feb-2026,17-Feb-2026,CE,27250.0,2.15,520650.0,25953.85
11-Feb-2026,17-Feb-2026,CE,27300.0,1.75,3165825.0,25953.85
11-Feb-2026,17-Feb-2026,CE,27350.0,1.65,720070.0,25953.85
11-Feb-2026,17-Feb-2026,CE,27400.0,1.55,2211105.0,25953.85
11-Feb-2026,17-Feb-2026,CE,27450.0,1.5,607230.0,25953.85
11-Feb-2026,17-Feb-2026,CE,27500.0,1.55,8528910.0,25953.85
11-Feb-2026,17-Feb-2026,CE,27550.0,1.4,915915.0,25953.85
11-Feb-2026,17-Feb-2026,CE,27600.0,1.4,1499095.0,25953.85
11-Feb-2026,17-Feb-2026,CE,27650.0,1.3,170365.0,25953.85
11-Feb-2026,17-Feb-2026,CE,27700.0,1.25,961870.0,25953.85
11-Feb-2026,17-Feb-2026,PE,23100.0,2.1,3900325.0,25953.85
11-Feb-2026,17-Feb-2026,PE,23150.0,2.25,214890.0,25953.85
11-Feb-2026,17-Feb-2026,PE,23200.0,2.3,967005.0,25953.85
11-Feb-2026,17-Feb-2026,PE,23250.0,2.5,47840.0,25953.85
11-Feb-2026,17-Feb-2026,PE,23300.0,2.4,420615.0,25953.85
11-Feb-2026,17-Feb-2026,PE,23350.0,2.45,76375.0,25953.85
11-Feb-2026,17-Feb-2026,PE,23400.0,2.5,190775.0,25953.85
11-Feb-2026,17-Feb-2026,PE,23450.0,2.5,107445.0,25953.85
11-Feb-2026,17-Feb-2026,PE,23500.0,2.3,2056730.0,25953.85
11-Feb-2026,17-Feb-2026,PE,23550.0,2.5,145795.0,25953.85
11-Feb-2026,17-Feb-2026,PE,23600.0,2.4,433745.0,25953.85
11-Feb-2026,17-Feb-2026,PE,23650.0,2.6,166790.0,25953.85
11-Feb-2026,17-Feb-2026,PE,23700.0,2.5,590785.0,25953.85
11-Feb-2026,17-Feb-2026,PE,23750.0,2.85,154635.0,25953.85
11-Feb-2026,17-Feb-2026,PE,23800.0,2.7,1353170.0,25953.85
11-Feb-2026,17-Feb-2026,PE,23850.0,2.9,127335.0,25953.85
11-Feb-2026,17-Feb-2026,PE,23900.0,3.0,299130.0,25953.85
11-Feb-2026,17-Feb-2026,PE,23950.0,3.35,87295.0,25953.85
11-Feb-2026,17-Feb-2026,PE,24000.0,3.25,5159960.0,25953.85
11-Feb-2026,17-Feb-2026,PE,24050.0,3.4,75855.0,25953.85
11-Feb-2026,17-Feb-2026,PE,24100.0,3.5,651560.0,25953.85
11-Feb-2026,17-Feb-2026,PE,24150.0,3.95,80015.0,25953.85
11-Feb-2026,17-Feb-2026,PE,24200.0,3.9,1117220.0,25953.85
11-Feb-2026,17-Feb-2026,PE,24250.0,4.25,134290.0,25953.85
11-Feb-2026,17-Feb-2026,PE,24300.0,4.35,1072175.0,25953.85
11-Feb-2026,17-Feb-2026,PE,24350.0,4.55,184535.0,25953.85
11-Feb-2026,17-Feb-2026,PE,24400.0,4.9,1292395.0,25953.85
11-Feb-2026,17-Feb-2026,PE,24450.0,5.1,277290.0,25953.85
11-Feb-2026,17-Feb-2026,PE,24500.0,5.45,7056010.0,25953.85
11-Feb-2026,17-Feb-2026,PE,24550.0,5.7,229580.0,25953.85
11-Feb-2026,17-Feb-2026,PE,24600.0,5.95,1526330.0,25953.85
11-Feb-2026,17-Feb-2026,PE,24650.0,6.3,214435.0,25953.85
11-Feb-2026,17-Feb-2026,PE,24700.0,6.5,1867515.0,25953.85
11-Feb-2026,17-Feb-2026,PE,24750.0,6.85,289055.0,25953.85
11-Feb-2026,17-Feb-2026,PE,24800.0,7.2,1944020.0,25953.85
11-Feb-2026,17-Feb-2026,PE,24850.0,7.55,264550.0,25953.85
11-Feb-2026,17-Feb-2026,PE,24900.0,8.1,1636115.0,25953.85
11-Feb-2026,17-Feb-2026,PE,24950.0,8.65,661895.0,25953.85
11-Feb-2026,17-Feb-2026,PE,25000.0,9.2,5411965.0,25953.85
11-Feb-2026,17-Feb-2026,PE,25050.0,9.6,602615.0,25953.85
11-Feb-2026,17-Feb-2026,PE,25100.0,10.15,1552655.0,25953.85
11-Feb-2026,17-Feb-2026,PE,25150.0,10.6,855855.0,25953.85
11-Feb-2026,17-Feb-2026,PE,25200.0,11.75,2445820.0,25953.85
11-Feb-2026,17-Feb-2026,PE,25250.0,12.55,837395.0,25953.85
11-Feb-2026,17-Feb-2026,PE,25300.0,13.55,2795780.0,25953.85
11-Feb-2026,17-Feb-2026,PE,25350.0,15.2,826475.0,25953.85
11-Feb-2026,17-Feb-2026,PE,25400.0,16.6,2139995.0,25953.85
11-Feb-2026,17-Feb-2026,PE,25450.0,19.05,1898130.0,25953.85
11-Feb-2026,17-Feb-2026,PE,25500.0,21.6,4857775.0,25953.85
11-Feb-2026,17-Feb-2026,PE,25550.0,24.65,1203020.0,25953.85
11-Feb-2026,17-Feb-2026,PE,25600.0,29.1,2828930.0,25953.85
11-Feb-2026,17-Feb-2026,PE,25650.0,34.25,2689830.0,25953.85
11-Feb-2026,17-Feb-2026,PE,25700.0,41.1,3669835.0,25953.85
11-Feb-2026,17-Feb-2026,PE,25750.0,50.65,2343120.0,25953.85
11-Feb-2026,17-Feb-2026,PE,25800.0,61.65,4441840.0,25953.85
11-Feb-2026,17-Feb-2026,PE,25850.0,75.95,2267395.0,25953.85
11-Feb-2026,17-Feb-2026,PE,25900.0,92.95,6189430.0,25953.85
11-Feb-2026,17-Feb-2026,PE,25950.0,113.05,3915210.0,25953.85
11-Feb-2026,17-Feb-2026,PE,26000.0,137.5,5972135.0,25953.85
11-Feb-2026,17-Feb-2026,PE,26050.0,165.75,745875.0,25953.85
11-Feb-2026,17-Feb-2026,PE,26100.0,198.0,1244295.0,25953.85
11-Feb-2026,17-Feb-2026,PE,26150.0,233.7,303355.0,25953.85
11-Feb-2026,17-Feb-2026,PE,26200.0,272.4,572650.0,25953.85
11-Feb-2026,17-Feb-2026,PE,26250.0,312.0,98345.0,25953.85
11-Feb-2026,17-Feb-2026,PE,26300.0,358.85,360035.0,25953.85
11-Feb-2026,17-Feb-2026,PE,26350.0,399.2,45695.0,25953.85
11-Feb-2026,17-Feb-2026,PE,26400.0,447.8,136110.0,25953.85
11-Feb-2026,17-Feb-2026,PE,26450.0,496.85,22295.0,25953.85
11-Feb-2026,17-Feb-2026,PE,26500.0,545.65,342745.0,25953.85
11-Feb-2026,17-Feb-2026,PE,26550.0,590.2,11115.0,25953.85
11-Feb-2026,17-Feb-2026,PE,26600.0,643.85,42120.0,25953.85
11-Feb-2026,17-Feb-2026,PE,26650.0,689.35,13780.0,25953.85
11-Feb-2026,17-Feb-2026,PE,26700.0,737.3,22100.0,25953.85
11-Feb-2026,17-Feb-2026,PE,26750.0,787.85,5070.0,25953.85
11-Feb-2026,17-Feb-2026,PE,26800.0,837.0,26845.0,25953.85
11-Feb-2026,17-Feb-2026,PE,26850.0,894.25,520.0,25953.85
11-Feb-2026,17-Feb-2026,PE,26900.0,933.7,2600.0,25953.85
11-Feb-2026,17-Feb-2026,PE,26950.0,974.6,845.0,25953.85
11-Feb-2026,17-Feb-2026,PE,27000.0,1035.0,120835.0,25953.85
11-Feb-2026,17-Feb-2026,PE,27050.0,1057.7,260.0,25953.85
11-Feb-2026,17-Feb-2026,PE,27100.0,1104.7,845.0,25953.85
11-Feb-2026,17-Feb-2026,PE,27150.0,1179.2,715.0,25953.85
11-Feb-2026,17-Feb-2026,PE,27200.0,1189.2,390.0,25953.85
11-Feb-2026,17-Feb-2026,PE,27250.0,1266.35,3705.0,25953.85
11-Feb-2026,17-Feb-2026,PE,27300.0,1350.1,4225.0,25953.85
11-Feb-2026,17-Feb-2026,PE,27350.0,1353.2,65.0,25953.85
11-Feb-2026,17-Feb-2026,PE,27400.0,1416.0,455.0,25953.85
11-Feb-2026,17-Feb-2026,PE,27450.0,1487.7,260.0,25953.85
11-Feb-2026,17-Feb-2026,PE,27500.0,1509.05,10660.0,25953.85
11-Feb-2026,17-Feb-2026,PE,27550.0,1561.75,325.0,25953.85
11-Feb-2026,17-Feb-2026,PE,27600.0,1648.0,260.0,25953.85
11-Feb-2026,17-Feb-2026,PE,27650.0,1688.1,14170.0,25953.85
11-Feb-2026,17-Feb-2026,PE,27700.0,1701.15,65.0,25953.85
11-Feb-2026,02-Mar-2026,CE,23100.0,2927.2,65.0,25953.85
11-Feb-2026,02-Mar-2026,CE,23150.0,,,25953.85
11-Feb-2026,02-Mar-2026,CE,23200.0,2831.85,65.0,25953.85
11-Feb-2026,02-Mar-2026,CE,23250.0,2782.35,65.0,25953.85
11-Feb-2026,02-Mar-2026,CE,23300.0,2719.6,130.0,25953.85
11-Feb-2026,02-Mar-2026,CE,23350.0,2673.65,65.0,25953.85
11-Feb-2026,02-Mar-2026,CE,23400.0,2624.35,65.0,25953.85
11-Feb-2026,02-Mar-2026,CE,23450.0,2574.7,65.0,25953.85
11-Feb-2026,02-Mar-2026,CE,23500.0,2521.8,130.0,25953.85
11-Feb-2026,02-Mar-2026,CE,23550.0,2473.0,130.0,25953.85
11-Feb-2026,02-Mar-2026,CE,23600.0,2423.55,130.0,25953.85
11-Feb-2026,02-Mar-2026,CE,23650.0,2241.8,195.0,25953.85
11-Feb-2026,02-Mar-2026,CE,23700.0,2333.55,130.0,25953.85
11-Feb-2026,02-Mar-2026,CE,23750.0,2024.8,195.0,25953.85
11-Feb-2026,02-Mar-2026,CE,23800.0,2226.45,130.0,25953.85
11-Feb-2026,02-Mar-2026,CE,23850.0,2046.2,195.0,25953.85
11-Feb-2026,02-Mar-2026,CE,23900.0,2133.75,130.0,25953.85
11-Feb-2026,02-Mar-2026,CE,23950.0,2085.25,130.0,25953.85
11-Feb-2026,02-Mar-2026,CE,24000.0,2029.45,1950.0,25953.85
11-Feb-2026,02-Mar-2026,CE,24050.0,1968.75,195.0,25953.85
11-Feb-2026,02-Mar-2026,CE,24100.0,1937.05,260.0,25953.85
11-Feb-2026,02-Mar-2026,CE,24150.0,1882.75,65.0,25953.85
11-Feb-2026,02-Mar-2026,CE,24200.0,1837.85,130.0,25953.85
11-Feb-2026,02-Mar-2026,CE,24250.0,1784.35,65.0,25953.85
11-Feb-2026,02-Mar-2026,CE,24300.0,1733.3,65.0,25953.85
11-Feb-2026,02-Mar-2026,CE,24350.0,1684.3,65.0,25953.85
11-Feb-2026,02-Mar-2026,CE,24400.0,1642.6,130.0,25953.85
11-Feb-2026,02-Mar-2026,CE,24450.0,1593.85,130.0,25953.85
11-Feb-2026,02-Mar-2026,CE,24500.0,1538.2,1690.0,25953.85
11-Feb-2026,02-Mar-2026,CE,24550.0,1489.95,520.0,25953.85
11-Feb-2026,02-Mar-2026,CE,24600.0,1453.6,1495.0,25953.85
11-Feb-2026,02-Mar-2026,CE,24650.0,1390.05,1625.0,25953.85
11-Feb-2026,02-Mar-2026,CE,24700.0,1348.1,1755.0,25953.85
11-Feb-2026,02-Mar-2026,CE,24750.0,1303.55,195.0,25953.85
11-Feb-2026,02-Mar-2026,CE,24800.0,1247.2,1625.0,25953.85
11-Feb-2026,02-Mar-2026,CE,24850.0,1199.5,1430.0,25953.85
11-Feb-2026,02-Mar-2026,CE,24900.0,1160.8,1170.0,25953.85
11-Feb-2026,02-Mar-2026,CE,24950.0,1106.55,2275.0,25953.85
11-Feb-2026,02-Mar-2026,CE,25000.0,1057.7,7475.0,25953.85
11-Feb-2026,02-Mar-2026,CE,25050.0,1023.55,1365.0,25953.85
11-Feb-2026,02-Mar-2026,CE,25100.0,972.75,3705.0,25953.85
11-Feb-2026,02-Mar-2026,CE,25150.0,921.85,2340.0,25953.85
11-Feb-2026,02-Mar-2026,CE,25200.0,869.45,7865.0,25953.85
11-Feb-2026,02-Mar-2026,CE,25250.0,828.85,1560.0,25953.85
11-Feb-2026,02-Mar-2026,CE,25300.0,789.55,12480.0,25953.85
11-Feb-2026,02-Mar-2026,CE,25350.0,739.3,12805.0,25953.85
11-Feb-2026,02-Mar-2026,CE,25400.0,694.5,12155.0,25953.85
11-Feb-2026,02-Mar-2026,CE,25450.0,651.85,2405.0,25953.85
11-Feb-2026,02-Mar-2026,CE,25500.0,602.5,39325.0,25953.85
11-Feb-2026,02-Mar-2026,CE,25550.0,556.35,2470.0,25953.85
11-Feb-2026,02-Mar-2026,CE,25600.0,521.4,35620.0,25953.85
11-Feb-2026,02-Mar-2026,CE,25650.0,483.2,10140.0,25953.85
11-Feb-2026,02-Mar-2026,CE,25700.0,443.5,33605.0,25953.85
11-Feb-2026,02-Mar-2026,CE,25750.0,406.35,9165.0,25953.85
11-Feb-2026,02-Mar-2026,CE,25800.0,371.95,53040.0,25953.85
11-Feb-2026,02-Mar-2026,CE,25850.0,341.6,13195.0,25953.85
11-Feb-2026,02-Mar-2026,CE,25900.0,305.45,48815.0,25953.85
11-Feb-2026,02-Mar-2026,CE,25950.0,277.0,27430.0,25953.85
11-Feb-2026,02-Mar-2026,CE,26000.0,244.0,119795.0,25953.85
11-Feb-2026,02-Mar-2026,CE,26050.0,222.6,23725.0,25953.85
11-Feb-2026,02-Mar-2026,CE,26100.0,194.75,68120.0,25953.85
11-Feb-2026,02-Mar-2026,CE,26150.0,171.35,11635.0,25953.85
11-Feb-2026,02-Mar-2026,CE,26200.0,151.5,128050.0,25953.85
11-Feb-2026,02-Mar-2026,CE,26250.0,132.3,20345.0,25953.85
11-Feb-2026,02-Mar-2026,CE,26300.0,115.3,79040.0,25953.85
11-Feb-2026,02-Mar-2026,CE,26350.0,100.05,12870.0,25953.85
11-Feb-2026,02-Mar-2026,CE,26400.0,87.3,57850.0,25953.85
11-Feb-2026,02-Mar-2026,CE,26450.0,75.8,11310.0,25953.85
11-Feb-2026,02-Mar-2026,CE,26500.0,67.0,245375.0,25953.85
11-Feb-2026,02-Mar-2026,CE,26550.0,55.95,12870.0,25953.85
11-Feb-2026,02-Mar-2026,CE,26600.0,44.0,53820.0,25953.85
11-Feb-2026,02-Mar-2026,CE,26650.0,194.25,2275.0,25953.85
11-Feb-2026,02-Mar-2026,CE,26700.0,28.0,49010.0,25953.85
11-Feb-2026,02-Mar-2026,CE,26750.0,31.25,13325.0,25953.85
11-Feb-2026,02-Mar-2026,CE,26800.0,23.8,37440.0,25953.85
11-Feb-2026,02-Mar-2026,CE,26850.0,24.2,9555.0,25953.85
11-Feb-2026,02-Mar-2026,CE,26900.0,21.0,19630.0,25953.85
11-Feb-2026,02-Mar-2026,CE,26950.0,17.75,12090.0,25953.85
11-Feb-2026,02-Mar-2026,CE,27000.0,16.0,185575.0,25953.85
11-Feb-2026,02-Mar-2026,CE,27050.0,14.25,7280.0,25953.85
11-Feb-2026,02-Mar-2026,CE,27100.0,13.25,16575.0,25953.85
11-Feb-2026,02-Mar-2026,CE,27150.0,12.15,7540.0,25953.85
11-Feb-2026,02-Mar-2026,CE,27200.0,11.6,22490.0,25953.85
11-Feb-2026,02-Mar-2026,CE,27250.0,,,25953.85
11-Feb-2026,02-Mar-2026,CE,27300.0,8.6,8905.0,25953.85
11-Feb-2026,02-Mar-2026,CE,27350.0,7.6,1755.0,25953.85
11-Feb-2026,02-Mar-2026,CE,27400.0,7.1,10335.0,25953.85
11-Feb-2026,02-Mar-2026,CE,27450.0,6.75,2730.0,25953.85
11-Feb-2026,02-Mar-2026,CE,27500.0,6.15,74360.0,25953.85
11-Feb-2026,02-Mar-2026,CE,27550.0,6.85,390.0,25953.85
11-Feb-2026,02-Mar-2026,CE,27600.0,,,25953.85
11-Feb-2026,02-Mar-2026,CE,27650.0,4.75,,25953.85
11-Feb-2026,02-Mar-2026,CE,27700.0,,,25953.85
11-Feb-2026,02-Mar-2026,PE,23100.0,7.75,24830.0,25953.85
11-Feb-2026,02-Mar-2026,PE,23150.0,6.9,,25953.85
11-Feb-2026,02-Mar-2026,PE,23200.0,6.9,3315.0,25953.85
11-Feb-2026,02-Mar-2026,PE,23250.0,,,25953.85
11-Feb-2026,02-Mar-2026,PE,23300.0,9.0,4680.0,25953.85
11-Feb-2026,02-Mar-2026,PE,23350.0,9.25,2860.0,25953.85
11-Feb-2026,02-Mar-2026,PE,23400.0,9.0,4225.0,25953.85
11-Feb-2026,02-Mar-2026,PE,23450.0,10.9,2470.0,25953.85
11-Feb-2026,02-Mar-2026,PE,23500.0,9.1,51545.0,25953.85
11-Feb-2026,02-Mar-2026,PE,23550.0,10.25,1300.0,25953.85
11-Feb-2026,02-Mar-2026,PE,23600.0,11.75,2145.0,25953.85
11-Feb-2026,02-Mar-2026,PE,23650.0,10.75,1105.0,25953.85
11-Feb-2026,02-Mar-2026,PE,23700.0,10.75,4875.0,25953.85
11-Feb-2026,02-Mar-2026,PE,23750.0,23.7,2535.0,25953.85
11-Feb-2026,02-Mar-2026,PE,23800.0,12.45,3315.0,25953.85
11-Feb-2026,02-Mar-2026,PE,23850.0,13.6,1170.0,25953.85
11-Feb-2026,02-Mar-2026,PE,23900.0,12.3,2600.0,25953.85
11-Feb-2026,02-Mar-2026,PE,23950.0,17.1,1950.0,25953.85
11-Feb-2026,02-Mar-2026,PE,24000.0,13.0,65780.0,25953.85
11-Feb-2026,02-Mar-2026,PE,24050.0,12.8,2405.0,25953.85
11-Feb-2026,02-Mar-2026,PE,24100.0,12.8,3770.0,25953.85
11-Feb-2026,02-Mar-2026,PE,24150.0,14.9,2145.0,25953.85
11-Feb-2026,02-Mar-2026,PE,24200.0,14.05,9685.0,25953.85
11-Feb-2026,02-Mar-2026,PE,24250.0,15.5,2730.0,25953.85
11-Feb-2026,02-Mar-2026,PE,24300.0,15.0,16120.0,25953.85
11-Feb-2026,02-Mar-2026,PE,24350.0,16.4,2600.0,25953.85
11-Feb-2026,02-Mar-2026,PE,24400.0,16.0,13065.0,25953.85
11-Feb-2026,02-Mar-2026,PE,24450.0,17.9,3380.0,25953.85
11-Feb-2026,02-Mar-2026,PE,24500.0,18.05,86190.0,25953.85
11-Feb-2026,02-Mar-2026,PE,24550.0,19.8,4290.0,25953.85
11-Feb-2026,02-Mar-2026,PE,24600.0,21.7,13650.0,25953.85
11-Feb-2026,02-Mar-2026,PE,24650.0,22.75,6370.0,25953.85
11-Feb-2026,02-Mar-2026,PE,24700.0,23.0,23400.0,25953.85
11-Feb-2026,02-Mar-2026,PE,24750.0,24.05,7150.0,25953.85
11-Feb-2026,02-Mar-2026,PE,24800.0,26.9,32630.0,25953.85
11-Feb-2026,02-Mar-2026,PE,24850.0,27.0,6110.0,25953.85
11-Feb-2026,02-Mar-2026,PE,24900.0,29.95,27560.0,25953.85
11-Feb-2026,02-Mar-2026,PE,24950.0,31.95,17615.0,25953.85
11-Feb-2026,02-Mar-2026,PE,25000.0,34.75,226590.0,25953.85
11-Feb-2026,02-Mar-2026,PE,25050.0,36.6,20410.0,25953.85
11-Feb-2026,02-Mar-2026,PE,25100.0,37.95,40690.0,25953.85
11-Feb-2026,02-Mar-2026,PE,25150.0,41.95,21385.0,25953.85
11-Feb-2026,02-Mar-2026,PE,25200.0,44.25,58435.0,25953.85
11-Feb-2026,02-Mar-2026,PE,25250.0,48.65,12480.0,25953.85
11-Feb-2026,02-Mar-2026,PE,25300.0,51.45,38480.0,25953.85
11-Feb-2026,02-Mar-2026,PE,25350.0,58.55,16380.0,25953.85
11-Feb-2026,02-Mar-2026,PE,25400.0,64.05,57460.0,25953.85
11-Feb-2026,02-Mar-2026,PE,25450.0,70.3,10400.0,25953.85
11-Feb-2026,02-Mar-2026,PE,25500.0,77.25,127335.0,25953.85
11-Feb-2026,02-Mar-2026,PE,25550.0,84.35,17550.0,25953.85
11-Feb-2026,02-Mar-2026,PE,25600.0,93.65,61295.0,25953.85
11-Feb-2026,02-Mar-2026,PE,25650.0,104.8,14755.0,25953.85
11-Feb-2026,02-Mar-2026,PE,25700.0,116.45,69030.0,25953.85
11-Feb-2026,02-Mar-2026,PE,25750.0,129.1,14040.0,25953.85
11-Feb-2026,02-Mar-2026,PE,25800.0,143.45,67145.0,25953.85
11-Feb-2026,02-Mar-2026,PE,25850.0,158.95,29250.0,25953.85
11-Feb-2026,02-Mar-2026,PE,25900.0,176.75,55250.0,25953.85
11-Feb-2026,02-Mar-2026,PE,25950.0,195.0,22165.0,25953.85
11-Feb-2026,02-Mar-2026,PE,26000.0,216.8,129480.0,25953.85
11-Feb-2026,02-Mar-2026,PE,26050.0,239.3,8450.0,25953.85
11-Feb-2026,02-Mar-2026,PE,26100.0,263.4,44655.0,25953.85
11-Feb-2026,02-Mar-2026,PE,26150.0,289.3,4940.0,25953.85
11-Feb-2026,02-Mar-2026,PE,26200.0,318.0,39325.0,25953.85
11-Feb-2026,02-Mar-2026,PE,26250.0,351.0,1495.0,25953.85
11-Feb-2026,02-Mar-2026,PE,26300.0,383.0,28990.0,25953.85
11-Feb-2026,02-Mar-2026,PE,26350.0,418.6,1495.0,25953.85
11-Feb-2026,02-Mar-2026,PE,26400.0,451.1,26130.0,25953.85
11-Feb-2026,02-Mar-2026,PE,26450.0,481.6,845.0,25953.85
11-Feb-2026,02-Mar-2026,PE,26500.0,534.3,17875.0,25953.85
11-Feb-2026,02-Mar-2026,PE,26550.0,538.65,520.0,25953.85
11-Feb-2026,02-Mar-2026,PE,26600.0,604.75,195.0,25953.85
11-Feb-2026,02-Mar-2026,PE,26650.0,637.95,65.0,25953.85
11-Feb-2026,02-Mar-2026,PE,26700.0,693.25,65.0,25953.85
11-Feb-2026,02-Mar-2026,PE,26750.0,742.95,130.0,25953.85
11-Feb-2026,02-Mar-2026,PE,26800.0,788.8,65.0,25953.85
11-Feb-2026,02-Mar-2026,PE,26850.0,835.35,65.0,25953.85
11-Feb-2026,02-Mar-2026,PE,26900.0,869.35,65.0,25953.85
11-Feb-2026,02-Mar-2026,PE,26950.0,931.35,390.0,25953.85
11-Feb-2026,02-Mar-2026,PE,27000.0,978.15,65.0,25953.85
11-Feb-2026,02-Mar-2026,PE,27050.0,1018.55,,25953.85
11-Feb-2026,02-Mar-2026,PE,27100.0,1071.05,,25953.85
11-Feb-2026,02-Mar-2026,PE,27150.0,1123.85,,25953.85
11-Feb-2026,02-Mar-2026,PE,27200.0,1174.3,65.0,25953.85
11-Feb-2026,02-Mar-2026,PE,27250.0,1216.95,,25953.85
11-Feb-2026,02-Mar-2026,PE,27300.0,1271.0,65.0,25953.85
11-Feb-2026,02-Mar-2026,PE,27350.0,1314.05,,25953.85
11-Feb-2026,02-Mar-2026,PE,27400.0,1357.0,,25953.85
11-Feb-2026,02-Mar-2026,PE,27450.0,1414.0,,25953.85
11-Feb-2026,02-Mar-2026,PE,27500.0,1463.2,65.0,25953.85
11-Feb-2026,02-Mar-2026,PE,27550.0,1505.15,,25953.85
11-Feb-2026,02-Mar-2026,PE,27600.0,1561.9,,25953.85
11-Feb-2026,02-Mar-2026,PE,27650.0,1611.45,,25953.85
11-Feb-2026,02-Mar-2026,PE,27700.0,1668.5,65.0,25953.85
11-Feb-2026,10-Mar-2026,CE,23900.0,,,25953.85
11-Feb-2026,10-Mar-2026,CE,23950.0,,,25953.85
11-Feb-2026,10-Mar-2026,CE,24000.0,,,25953.85
11-Feb-2026,10-Mar-2026,CE,24050.0,,,25953.85
11-Feb-2026,10-Mar-2026,CE,24100.0,,,25953.85
11-Feb-2026,10-Mar-2026,CE,24150.0,,,25953.85
11-Feb-2026,10-Mar-2026,CE,24200.0,,,25953.85
11-Feb-2026,10-Mar-2026,CE,24250.0,,,25953.85
11-Feb-2026,10-Mar-2026,CE,24300.0,,,25953.85
11-Feb-2026,10-Mar-2026,CE,24350.0,,,25953.85
11-Feb-2026,10-Mar-2026,CE,24400.0,,,25953.85
11-Feb-2026,10-Mar-2026,CE,24450.0,,,25953.85
11-Feb-2026,10-Mar-2026,CE,24500.0,,,25953.85
11-Feb-2026,10-Mar-2026,CE,24550.0,,,25953.85
11-Feb-2026,10-Mar-2026,CE,24600.0,,,25953.85
11-Feb-2026,10-Mar-2026,CE,24650.0,,,25953.85
11-Feb-2026,10-Mar-2026,CE,24700.0,,,25953.85
11-Feb-2026,10-Mar-2026,CE,24750.0,,,25953.85
11-Feb-2026,10-Mar-2026,CE,24800.0,,,25953.85
11-Feb-2026,10-Mar-2026,CE,24850.0,,,25953.85
11-Feb-2026,10-Mar-2026,CE,24900.0,,,25953.85
11-Feb-2026,10-Mar-2026,CE,24950.0,,,25953.85
11-Feb-2026,10-Mar-2026,CE,25000.0,,,25953.85
11-Feb-2026,10-Mar-2026,CE,25050.0,,,25953.85
11-Feb-2026,10-Mar-2026,CE,25100.0,,,25953.85
11-Feb-2026,10-Mar-2026,CE,25150.0,,,25953.85
11-Feb-2026,10-Mar-2026,CE,25200.0,,,25953.85
11-Feb-2026,10-Mar-2026,CE,25250.0,,,25953.85
11-Feb-2026,10-Mar-2026,CE,25300.0,,,25953.85
11-Feb-2026,10-Mar-2026,CE,25350.0,,,25953.85
11-Feb-2026,10-Mar-2026,CE,25400.0,752.85,,25953.85
11-Feb-2026,10-Mar-2026,CE,25450.0,,,25953.85
11-Feb-2026,10-Mar-2026,CE,25500.0,678.0,3315.0,25953.85
11-Feb-2026,10-Mar-2026,CE,25550.0,,,25953.85
11-Feb-2026,10-Mar-2026,CE,25600.0,589.85,4875.0,25953.85
11-Feb-2026,10-Mar-2026,CE,25650.0,,,25953.85
11-Feb-2026,10-Mar-2026,CE,25700.0,502.35,2275.0,25953.85
11-Feb-2026,10-Mar-2026,CE,25750.0,472.3,1105.0,25953.85
11-Feb-2026,10-Mar-2026,CE,25800.0,438.75,5980.0,25953.85
11-Feb-2026,10-Mar-2026,CE,25850.0,404.1,195.0,25953.85
11-Feb-2026,10-Mar-2026,CE,25900.0,371.0,5720.0,25953.85
11-Feb-2026,10-Mar-2026,CE,25950.0,340.45,3120.0,25953.85
11-Feb-2026,10-Mar-2026,CE,26000.0,308.55,26260.0,25953.85
11-Feb-2026,10-Mar-2026,CE,26050.0,275.7,195.0,25953.85
11-Feb-2026,10-Mar-2026,CE,26100.0,254.45,8060.0,25953.85
11-Feb-2026,10-Mar-2026,CE,26150.0,221.0,325.0,25953.85
11-Feb-2026,10-Mar-2026,CE,26200.0,204.35,6045.0,25953.85
11-Feb-2026,10-Mar-2026,CE,26250.0,174.0,1755.0,25953.85
11-Feb-2026,10-Mar-2026,CE,26300.0,165.8,8385.0,25953.85
11-Feb-2026,10-Mar-2026,CE,26350.0,,,25953.85
11-Feb-2026,10-Mar-2026,CE,26400.0,132.6,5850.0,25953.85
11-Feb-2026,10-Mar-2026,CE,26450.0,,,25953.85
11-Feb-2026,10-Mar-2026,CE,26500.0,104.05,38155.0,25953.85
11-Feb-2026,10-Mar-2026,CE,26550.0,,,25953.85
11-Feb-2026,10-Mar-2026,CE,26600.0,81.0,9945.0,25953.85
11-Feb-2026,10-Mar-2026,CE,26650.0,,,25953.85
11-Feb-2026,10-Mar-2026,CE,26700.0,,,25953.85
11-Feb-2026,10-Mar-2026,CE,26750.0,,,25953.85
11-Feb-2026,10-Mar-2026,CE,26800.0,,,25953.85
11-Feb-2026,10-Mar-2026,CE,26850.0,49.0,455.0,25953.85
11-Feb-2026,10-Mar-2026,CE,26900.0,36.05,3705.0,25953.85
11-Feb-2026,10-Mar-2026,CE,26950.0,26.4,585.0,25953.85
11-Feb-2026,10-Mar-2026,CE,27000.0,30.25,22880.0,25953.85
11-Feb-2026,10-Mar-2026,CE,27050.0,,,25953.85
11-Feb-2026,10-Mar-2026,CE,27100.0,,,25953.85
11-Feb-2026,10-Mar-2026,CE,27150.0,,,25953.85
11-Feb-2026,10-Mar-2026,CE,27200.0,,,25953.85
11-Feb-2026,10-Mar-2026,CE,27250.0,16.55,3250.0,25953.85
11-Feb-2026,10-Mar-2026,CE,27300.0,,,25953.85
11-Feb-2026,10-Mar-2026,CE,27350.0,,,25953.85
11-Feb-2026,10-Mar-2026,CE,27400.0,12.5,6370.0,25953.85
11-Feb-2026,10-Mar-2026,CE,27450.0,11.5,1235.0,25953.85
11-Feb-2026,10-Mar-2026,CE,27500.0,10.15,20735.0,25953.85
11-Feb-2026,10-Mar-2026,CE,27550.0,,,25953.85
11-Feb-2026,10-Mar-2026,CE,27600.0,,,25953.85
11-Feb-2026,10-Mar-2026,CE,27650.0,,,25953.85
11-Feb-2026,10-Mar-2026,CE,27700.0,,,25953.85
11-Feb-2026,10-Mar-2026,PE,23900.0,,,25953.85
11-Feb-2026,10-Mar-2026,PE,23950.0,,,25953.85
11-Feb-2026,10-Mar-2026,PE,24000.0,17.0,15795.0,25953.85
11-Feb-2026,10-Mar-2026,PE,24050.0,,,25953.85
11-Feb-2026,10-Mar-2026,PE,24100.0,,,25953.85
11-Feb-2026,10-Mar-2026,PE,24150.0,,,25953.85
11-Feb-2026,10-Mar-2026,PE,24200.0,18.25,1300.0,25953.85
11-Feb-2026,10-Mar-2026,PE,24250.0,,,25953.85
11-Feb-2026,10-Mar-2026,PE,24300.0,19.4,390.0,25953.85
11-Feb-2026,10-Mar-2026,PE,24350.0,,,25953.85
11-Feb-2026,10-Mar-2026,PE,24400.0,,,25953.85
11-Feb-2026,10-Mar-2026,PE,24450.0,,,25953.85
11-Feb-2026,10-Mar-2026,PE,24500.0,26.7,12545.0,25953.85
11-Feb-2026,10-Mar-2026,PE,24550.0,,,25953.85
11-Feb-2026,10-Mar-2026,PE,24600.0,29.9,1040.0,25953.85
11-Feb-2026,10-Mar-2026,PE,24650.0,,,25953.85
11-Feb-2026,10-Mar-2026,PE,24700.0,,,25953.85
11-Feb-2026,10-Mar-2026,PE,24750.0,40.15,65.0,25953.85
11-Feb-2026,10-Mar-2026,PE,24800.0,37.0,5590.0,25953.85
11-Feb-2026,10-Mar-2026,PE,24850.0,,,25953.85
11-Feb-2026,10-Mar-2026,PE,24900.0,39.1,1430.0,25953.85
11-Feb-2026,10-Mar-2026,PE,24950.0,,,25953.85
11-Feb-2026,10-Mar-2026,PE,25000.0,49.2,31980.0,25953.85
11-Feb-2026,10-Mar-2026,PE,25050.0,,,25953.85
11-Feb-2026,10-Mar-2026,PE,25100.0,52.1,4355.0,25953.85
11-Feb-2026,10-Mar-2026,PE,25150.0,,,25953.85
11-Feb-2026,10-Mar-2026,PE,25200.0,62.35,4160.0,25953.85
11-Feb-2026,10-Mar-2026,PE,25250.0,,,25953.85
11-Feb-2026,10-Mar-2026,PE,25300.0,72.4,7930.0,25953.85
11-Feb-2026,10-Mar-2026,PE,25350.0,,,25953.85
11-Feb-2026,10-Mar-2026,PE,25400.0,84.35,2665.0,25953.85
11-Feb-2026,10-Mar-2026,PE,25450.0,,,25953.85
11-Feb-2026,10-Mar-2026,PE,25500.0,104.6,25610.0,25953.85
11-Feb-2026,10-Mar-2026,PE,25550.0,120.15,2600.0,25953.85
11-Feb-2026,10-Mar-2026,PE,25600.0,122.0,10335.0,25953.85
11-Feb-2026,10-Mar-2026,PE,25650.0,248.65,780.0,25953.85
11-Feb-2026,10-Mar-2026,PE,25700.0,147.0,10400.0,25953.85
11-Feb-2026,10-Mar-2026,PE,25750.0,154.65,4355.0,25953.85
11-Feb-2026,10-Mar-2026,PE,25800.0,174.8,13650.0,25953.85
11-Feb-2026,10-Mar-2026,PE,25850.0,189.0,2600.0,25953.85
11-Feb-2026,10-Mar-2026,PE,25900.0,205.9,7085.0,25953.85
11-Feb-2026,10-Mar-2026,PE,25950.0,221.4,2080.0,25953.85
11-Feb-2026,10-Mar-2026,PE,26000.0,248.75,22815.0,25953.85
11-Feb-2026,10-Mar-2026,PE,26050.0,267.0,260.0,25953.85
11-Feb-2026,10-Mar-2026,PE,26100.0,291.2,3445.0,25953.85
11-Feb-2026,10-Mar-2026,PE,26150.0,,,25953.85
11-Feb-2026,10-Mar-2026,PE,26200.0,349.9,455.0,25953.85
11-Feb-2026,10-Mar-2026,PE,26250.0,303.4,65.0,25953.85
11-Feb-2026,10-Mar-2026,PE,26300.0,,,25953.85
11-Feb-2026,10-Mar-2026,PE,26350.0,,,25953.85
11-Feb-2026,10-Mar-2026,PE,26400.0,,,25953.85
11-Feb-2026,10-Mar-2026,PE,26450.0,,,25953.85
11-Feb-2026,10-Mar-2026,PE,26500.0,,,25953.85
11-Feb-2026,10-Mar-2026,PE,26550.0,,,25953.85
11-Feb-2026,10-Mar-2026,PE,26600.0,,,25953.85
11-Feb-2026,10-Mar-2026,PE,26650.0,,,25953.85
11-Feb-2026,10-Mar-2026,PE,26700.0,,,25953.85
11-Feb-2026,10-Mar-2026,PE,26750.0,,,25953.85
11-Feb-2026,10-Mar-2026,PE,26800.0,,,25953.85
11-Feb-2026,10-Mar-2026,PE,26850.0,,,25953.85
11-Feb-2026,10-Mar-2026,PE,26900.0,1021.0,195.0,25953.85
11-Feb-2026,10-Mar-2026,PE,26950.0,,,25953.85
11-Feb-2026,10-Mar-2026,PE,27000.0,,,25953.85
11-Feb-2026,10-Mar-2026,PE,27050.0,,,25953.85
11-Feb-2026,10-Mar-2026,PE,27100.0,,,25953.85
11-Feb-2026,10-Mar-2026,PE,27150.0,,,25953.85
11-Feb-2026,10-Mar-2026,PE,27200.0,,,25953.85
11-Feb-2026,10-Mar-2026,PE,27250.0,,,25953.85
11-Feb-2026,10-Mar-2026,PE,27300.0,,,25953.85
11-Feb-2026,10-Mar-2026,PE,27350.0,,,25953.85
11-Feb-2026,10-Mar-2026,PE,27400.0,,,25953.85
11-Feb-2026,10-Mar-2026,PE,27450.0,,,25953.85
11-Feb-2026,10-Mar-2026,PE,27500.0,,,25953.85
11-Feb-2026,10-Mar-2026,PE,27550.0,,,25953.85
11-Feb-2026,10-Mar-2026,PE,27600.0,,,25953.85
11-Feb-2026,10-Mar-2026,PE,27650.0,,,25953.85
11-Feb-2026,10-Mar-2026,PE,27700.0,,,25953.85
12-Feb-2026,17-Feb-2026,CE,23100.0,2866.0,65.0,25807.2
12-Feb-2026,17-Feb-2026,CE,23150.0,2811.3,65.0,25807.2
12-Feb-2026,17-Feb-2026,CE,23200.0,2642.0,325.0,25807.2
12-Feb-2026,17-Feb-2026,CE,23250.0,2468.45,260.0,25807.2
12-Feb-2026,17-Feb-2026,CE,23300.0,2526.4,650.0,25807.2
12-Feb-2026,17-Feb-2026,CE,23350.0,2608.85,195.0,25807.2
12-Feb-2026,17-Feb-2026,CE,23400.0,2564.5,715.0,25807.2
12-Feb-2026,17-Feb-2026,CE,23450.0,2487.5,130.0,25807.2
12-Feb-2026,17-Feb-2026,CE,23500.0,2334.05,5265.0,25807.2
12-Feb-2026,17-Feb-2026,CE,23550.0,2388.05,195.0,25807.2
12-Feb-2026,17-Feb-2026,CE,23600.0,2361.85,975.0,25807.2
12-Feb-2026,17-Feb-2026,CE,23650.0,2317.3,260.0,25807.2
12-Feb-2026,17-Feb-2026,CE,23700.0,2240.0,715.0,25807.2
12-Feb-2026,17-Feb-2026,CE,23750.0,2191.5,195.0,25807.2
12-Feb-2026,17-Feb-2026,CE,23800.0,2161.05,845.0,25807.2
12-Feb-2026,17-Feb-2026,CE,23850.0,2116.75,195.0,25807.2
12-Feb-2026,17-Feb-2026,CE,23900.0,2072.8,845.0,25807.2
12-Feb-2026,17-Feb-2026,CE,23950.0,2012.6,195.0,25807.2
12-Feb-2026,17-Feb-2026,CE,24000.0,1823.5,27755.0,25807.2
12-Feb-2026,17-Feb-2026,CE,24050.0,1915.65,195.0,25807.2
12-Feb-2026,17-Feb-2026,CE,24100.0,1844.4,1300.0,25807.2
12-Feb-2026,17-Feb-2026,CE,24150.0,1825.65,325.0,25807.2
12-Feb-2026,17-Feb-2026,CE,24200.0,1700.25,910.0,25807.2
12-Feb-2026,17-Feb-2026,CE,24250.0,1712.05,390.0,25807.2
12-Feb-2026,17-Feb-2026,CE,24300.0,1536.1,1040.0,25807.2
12-Feb-2026,17-Feb-2026,CE,24350.0,1627.35,455.0,25807.2
12-Feb-2026,17-Feb-2026,CE,24400.0,1591.35,3445.0,25807.2
12-Feb-2026,17-Feb-2026,CE,24450.0,1558.0,455.0,25807.2
12-Feb-2026,17-Feb-2026,CE,24500.0,1329.15,49855.0,25807.2
12-Feb-2026,17-Feb-2026,CE,24550.0,1424.45,1495.0,25807.2
12-Feb-2026,17-Feb-2026,CE,24600.0,1235.0,13000.0,25807.2
12-Feb-2026,17-Feb-2026,CE,24650.0,1155.8,1105.0,25807.2
12-Feb-2026,17-Feb-2026,CE,24700.0,1134.25,17290.0,25807.2
12-Feb-2026,17-Feb-2026,CE,24750.0,1084.15,6500.0,25807.2
12-Feb-2026,17-Feb-2026,CE,24800.0,1032.9,37245.0,25807.2
12-Feb-2026,17-Feb-2026,CE,24850.0,991.5,11765.0,25807.2
12-Feb-2026,17-Feb-2026,CE,24900.0,938.05,34580.0,25807.2
12-Feb-2026,17-Feb-2026,CE,24950.0,880.8,9165.0,25807.2
12-Feb-2026,17-Feb-2026,CE,25000.0,834.55,201695.0,25807.2
12-Feb-2026,17-Feb-2026,CE,25050.0,799.8,22880.0,25807.2
12-Feb-2026,17-Feb-2026,CE,25100.0,732.9,74815.0,25807.2
12-Feb-2026,17-Feb-2026,CE,25150.0,695.5,43745.0,25807.2
12-Feb-2026,17-Feb-2026,CE,25200.0,636.0,179530.0,25807.2
12-Feb-2026,17-Feb-2026,CE,25250.0,592.85,33215.0,25807.2
12-Feb-2026,17-Feb-2026,CE,25300.0,537.0,270205.0,25807.2
12-Feb-2026,17-Feb-2026,CE,25350.0,490.0,33345.0,25807.2
12-Feb-2026,17-Feb-2026,CE,25400.0,443.15,239460.0,25807.2
12-Feb-2026,17-Feb-2026,CE,25450.0,395.2,55575.0,25807.2
12-Feb-2026,17-Feb-2026,CE,25500.0,350.0,755040.0,25807.2
12-Feb-2026,17-Feb-2026,CE,25550.0,305.4,110435.0,25807.2
12-Feb-2026,17-Feb-2026,CE,25600.0,264.0,665470.0,25807.2
12-Feb-2026,17-Feb-2026,CE,25650.0,223.35,392860.0,25807.2
12-Feb-2026,17-Feb-2026,CE,25700.0,187.1,1460745.0,25807.2
12-Feb-2026,17-Feb-2026,CE,25750.0,154.05,1144000.0,25807.2
12-Feb-2026,17-Feb-2026,CE,25800.0,123.75,7350200.0,25807.2
12-Feb-2026,17-Feb-2026,CE,25850.0,97.65,6084845.0,25807.2
12-Feb-2026,17-Feb-2026,CE,25900.0,75.8,11126505.0,25807.2
12-Feb-2026,17-Feb-2026,CE,25950.0,58.5,6353815.0,25807.2
12-Feb-2026,17-Feb-2026,CE,26000.0,44.5,16509155.0,25807.2
12-Feb-2026,17-Feb-2026,CE,26050.0,33.2,4319120.0,25807.2
12-Feb-2026,17-Feb-2026,CE,26100.0,25.05,7574970.0,25807.2
12-Feb-2026,17-Feb-2026,CE,26150.0,18.75,4751240.0,25807.2
12-Feb-2026,17-Feb-2026,CE,26200.0,14.8,6910670.0,25807.2
12-Feb-2026,17-Feb-2026,CE,26250.0,11.6,3556930.0,25807.2
12-Feb-2026,17-Feb-2026,CE,26300.0,9.6,4903470.0,25807.2
12-Feb-2026,17-Feb-2026,CE,26350.0,8.1,2397460.0,25807.2
12-Feb-2026,17-Feb-2026,CE,26400.0,6.95,4633200.0,25807.2
12-Feb-2026,17-Feb-2026,CE,26450.0,6.3,2732015.0,25807.2
12-Feb-2026,17-Feb-2026,CE,26500.0,5.7,7294755.0,25807.2
12-Feb-2026,17-Feb-2026,CE,26550.0,5.0,1471080.0,25807.2
12-Feb-2026,17-Feb-2026,CE,26600.0,4.5,3853525.0,25807.2
12-Feb-2026,17-Feb-2026,CE,26650.0,4.2,1091350.0,25807.2
12-Feb-2026,17-Feb-2026,CE,26700.0,3.85,4234360.0,25807.2
12-Feb-2026,17-Feb-2026,CE,26750.0,3.6,1567215.0,25807.2
12-Feb-2026,17-Feb-2026,CE,26800.0,3.25,7183410.0,25807.2
12-Feb-2026,17-Feb-2026,CE,26850.0,3.15,1435005.0,25807.2
12-Feb-2026,17-Feb-2026,CE,26900.0,3.05,4207905.0,25807.2
12-Feb-2026,17-Feb-2026,CE,26950.0,2.85,670020.0,25807.2
12-Feb-2026,17-Feb-2026,CE,27000.0,2.65,13987155.0,25807.2
12-Feb-2026,17-Feb-2026,CE,27050.0,2.5,631735.0,25807.2
12-Feb-2026,17-Feb-2026,CE,27100.0,2.2,3299530.0,25807.2
12-Feb-2026,17-Feb-2026,CE,27150.0,2.05,751920.0,25807.2
12-Feb-2026,17-Feb-2026,CE,27200.0,1.8,4235985.0,25807.2
12-Feb-2026,17-Feb-2026,CE,27250.0,1.8,872625.0,25807.2
12-Feb-2026,17-Feb-2026,CE,27300.0,1.6,4485520.0,25807.2
12-Feb-2026,17-Feb-2026,CE,27350.0,1.55,878735.0,25807.2
12-Feb-2026,17-Feb-2026,CE,27400.0,1.5,2559115.0,25807.2
12-Feb-2026,17-Feb-2026,CE,27450.0,1.55,599560.0,25807.2
12-Feb-2026,17-Feb-2026,CE,27500.0,1.5,10448100.0,25807.2
12-Feb-2026,17-Feb-2026,CE,27550.0,1.35,921050.0,25807.2
12-Feb-2026,17-Feb-2026,CE,27600.0,1.3,1907750.0,25807.2
12-Feb-2026,17-Feb-2026,CE,27650.0,1.3,321815.0,25807.2
12-Feb-2026,17-Feb-2026,CE,27700.0,1.3,1785940.0,25807.2
12-Feb-2026,17-Feb-2026,PE,23100.0,1.6,4312555.0,25807.2
12-Feb-2026,17-Feb-2026,PE,23150.0,1.6,273065.0,25807.2
12-Feb-2026,17-Feb-2026,PE,23200.0,1.75,918515.0,25807.2
12-Feb-2026,17-Feb-2026,PE,23250.0,1.7,52845.0,25807.2
12-Feb-2026,17-Feb-2026,PE,23300.0,1.7,448955.0,25807.2
12-Feb-2026,17-Feb-2026,PE,23350.0,1.8,125710.0,25807.2
12-Feb-2026,17-Feb-2026,PE,23400.0,1.75,317200.0,25807.2
12-Feb-2026,17-Feb-2026,PE,23450.0,1.75,133900.0,25807.2
12-Feb-2026,17-Feb-2026,PE,23500.0,1.75,1957345.0,25807.2
12-Feb-2026,17-Feb-2026,PE,23550.0,1.9,164970.0,25807.2
12-Feb-2026,17-Feb-2026,PE,23600.0,1.85,485940.0,25807.2
12-Feb-2026,17-Feb-2026,PE,23650.0,1.85,212810.0,25807.2
12-Feb-2026,17-Feb-2026,PE,23700.0,1.9,595660.0,25807.2
12-Feb-2026,17-Feb-2026,PE,23750.0,1.95,205725.0,25807.2
12-Feb-2026,17-Feb-2026,PE,23800.0,1.95,1285765.0,25807.2
12-Feb-2026,17-Feb-2026,PE,23850.0,2.25,175175.0,25807.2
12-Feb-2026,17-Feb-2026,PE,23900.0,2.15,517985.0,25807.2
12-Feb-2026,17-Feb-2026,PE,23950.0,2.25,151385.0,25807.2
12-Feb-2026,17-Feb-2026,PE,24000.0,2.3,5754385.0,25807.2
12-Feb-2026,17-Feb-2026,PE,24050.0,2.3,153595.0,25807.2
12-Feb-2026,17-Feb-2026,PE,24100.0,2.4,639730.0,25807.2
12-Feb-2026,17-Feb-2026,PE,24150.0,2.5,118625.0,25807.2
12-Feb-2026,17-Feb-2026,PE,24200.0,2.55,1281280.0,25807.2
12-Feb-2026,17-Feb-2026,PE,24250.0,2.7,192010.0,25807.2
12-Feb-2026,17-Feb-2026,PE,24300.0,2.7,1784380.0,25807.2
12-Feb-2026,17-Feb-2026,PE,24350.0,3.0,265265.0,25807.2
12-Feb-2026,17-Feb-2026,PE,24400.0,3.1,1276990.0,25807.2
12-Feb-2026,17-Feb-2026,PE,24450.0,3.15,337090.0,25807.2
12-Feb-2026,17-Feb-2026,PE,24500.0,3.5,8495435.0,25807.2
12-Feb-2026,17-Feb-2026,PE,24550.0,3.6,233155.0,25807.2
12-Feb-2026,17-Feb-2026,PE,24600.0,3.7,1643655.0,25807.2
12-Feb-2026,17-Feb-2026,PE,24650.0,4.0,234325.0,25807.2
12-Feb-2026,17-Feb-2026,PE,24700.0,4.05,1381250.0,25807.2
12-Feb-2026,17-Feb-2026,PE,24750.0,4.5,379405.0,25807.2
12-Feb-2026,17-Feb-2026,PE,24800.0,4.7,2302170.0,25807.2
12-Feb-2026,17-Feb-2026,PE,24850.0,5.1,485810.0,25807.2
12-Feb-2026,17-Feb-2026,PE,24900.0,5.5,1747265.0,25807.2
12-Feb-2026,17-Feb-2026,PE,24950.0,5.9,729040.0,25807.2
12-Feb-2026,17-Feb-2026,PE,25000.0,6.35,5547360.0,25807.2
12-Feb-2026,17-Feb-2026,PE,25050.0,6.7,738725.0,25807.2
12-Feb-2026,17-Feb-2026,PE,25100.0,7.2,2173080.0,25807.2
12-Feb-2026,17-Feb-2026,PE,25150.0,7.95,1074710.0,25807.2
12-Feb-2026,17-Feb-2026,PE,25200.0,8.6,2986230.0,25807.2
12-Feb-2026,17-Feb-2026,PE,25250.0,9.7,1381640.0,25807.2
12-Feb-2026,17-Feb-2026,PE,25300.0,10.8,4362020.0,25807.2
12-Feb-2026,17-Feb-2026,PE,25350.0,12.95,1024725.0,25807.2
12-Feb-2026,17-Feb-2026,PE,25400.0,15.55,2965755.0,25807.2
12-Feb-2026,17-Feb-2026,PE,25450.0,19.0,1788605.0,25807.2
12-Feb-2026,17-Feb-2026,PE,25500.0,23.65,5343780.0,25807.2
12-Feb-2026,17-Feb-2026,PE,25550.0,29.1,3012100.0,25807.2
12-Feb-2026,17-Feb-2026,PE,25600.0,37.15,3571230.0,25807.2
12-Feb-2026,17-Feb-2026,PE,25650.0,47.25,2416635.0,25807.2
12-Feb-2026,17-Feb-2026,PE,25700.0,60.1,4871945.0,25807.2
12-Feb-2026,17-Feb-2026,PE,25750.0,76.15,2440945.0,25807.2
12-Feb-2026,17-Feb-2026,PE,25800.0,95.8,6141330.0,25807.2
12-Feb-2026,17-Feb-2026,PE,25850.0,119.9,2796820.0,25807.2
12-Feb-2026,17-Feb-2026,PE,25900.0,148.4,3980470.0,25807.2
12-Feb-2026,17-Feb-2026,PE,25950.0,180.05,1413295.0,25807.2
12-Feb-2026,17-Feb-2026,PE,26000.0,216.95,2679950.0,25807.2
12-Feb-2026,17-Feb-2026,PE,26050.0,256.25,252395.0,25807.2
12-Feb-2026,17-Feb-2026,PE,26100.0,296.85,811005.0,25807.2
12-Feb-2026,17-Feb-2026,PE,26150.0,340.9,141245.0,25807.2
12-Feb-2026,17-Feb-2026,PE,26200.0,386.75,476450.0,25807.2
12-Feb-2026,17-Feb-2026,PE,26250.0,434.5,93990.0,25807.2
12-Feb-2026,17-Feb-2026,PE,26300.0,481.95,316290.0,25807.2
12-Feb-2026,17-Feb-2026,PE,26350.0,531.6,41730.0,25807.2
12-Feb-2026,17-Feb-2026,PE,26400.0,577.4,110370.0,25807.2
12-Feb-2026,17-Feb-2026,PE,26450.0,626.55,25870.0,25807.2
12-Feb-2026,17-Feb-2026,PE,26500.0,676.2,327470.0,25807.2
12-Feb-2026,17-Feb-2026,PE,26550.0,720.5,15080.0,25807.2
12-Feb-2026,17-Feb-2026,PE,26600.0,776.8,45370.0,25807.2
12-Feb-2026,17-Feb-2026,PE,26650.0,856.85,13910.0,25807.2
12-Feb-2026,17-Feb-2026,PE,26700.0,880.0,21970.0,25807.2
12-Feb-2026,17-Feb-2026,PE,26750.0,876.75,5005.0,25807.2
12-Feb-2026,17-Feb-2026,PE,26800.0,973.0,25285.0,25807.2
12-Feb-2026,17-Feb-2026,PE,26850.0,894.25,520.0,25807.2
12-Feb-2026,17-Feb-2026,PE,26900.0,1063.55,2535.0,25807.2
12-Feb-2026,17-Feb-2026,PE,26950.0,974.6,845.0,25807.2
12-Feb-2026,17-Feb-2026,PE,27000.0,1169.1,122720.0,25807.2
12-Feb-2026,17-Feb-2026,PE,27050.0,1057.7,260.0,25807.2
12-Feb-2026,17-Feb-2026,PE,27100.0,1104.7,845.0,25807.2
12-Feb-2026,17-Feb-2026,PE,27150.0,1179.2,715.0,25807.2
12-Feb-2026,17-Feb-2026,PE,27200.0,1353.15,325.0,25807.2
12-Feb-2026,17-Feb-2026,PE,27250.0,1266.35,3705.0,25807.2
12-Feb-2026,17-Feb-2026,PE,27300.0,1350.1,4225.0,25807.2
12-Feb-2026,17-Feb-2026,PE,27350.0,1353.2,65.0,25807.2
12-Feb-2026,17-Feb-2026,PE,27400.0,1416.0,455.0,25807.2
12-Feb-2026,17-Feb-2026,PE,27450.0,1487.7,260.0,25807.2
12-Feb-2026,17-Feb-2026,PE,27500.0,1612.45,10790.0,25807.2
12-Feb-2026,17-Feb-2026,PE,27550.0,1561.75,325.0,25807.2
12-Feb-2026,17-Feb-2026,PE,27600.0,1648.0,260.0,25807.2
12-Feb-2026,17-Feb-2026,PE,27650.0,1802.65,14170.0,25807.2
12-Feb-2026,17-Feb-2026,PE,27700.0,1854.85,325.0,25807.2
12-Feb-2026,02-Mar-2026,CE,23100.0,2927.2,65.0,25807.2
12-Feb-2026,02-Mar-2026,CE,23150.0,2752.35,65.0,25807.2
12-Feb-2026,02-Mar-2026,CE,23200.0,2831.85,65.0,25807.2
12-Feb-2026,02-Mar-2026,CE,23250.0,2782.35,65.0,25807.2
12-Feb-2026,02-Mar-2026,CE,23300.0,2596.85,130.0,25807.2
12-Feb-2026,02-Mar-2026,CE,23350.0,2544.85,130.0,25807.2
12-Feb-2026,02-Mar-2026,CE,23400.0,2491.25,130.0,25807.2
12-Feb-2026,02-Mar-2026,CE,23450.0,2446.25,130.0,25807.2
12-Feb-2026,02-Mar-2026,CE,23500.0,2398.2,130.0,25807.2
12-Feb-2026,02-Mar-2026,CE,23550.0,2341.75,130.0,25807.2
12-Feb-2026,02-Mar-2026,CE,23600.0,2312.25,130.0,25807.2
12-Feb-2026,02-Mar-2026,CE,23650.0,2257.65,195.0,25807.2
12-Feb-2026,02-Mar-2026,CE,23700.0,2206.6,130.0,25807.2
12-Feb-2026,02-Mar-2026,CE,23750.0,2158.9,195.0,25807.2
12-Feb-2026,02-Mar-2026,CE,23800.0,2098.55,130.0,25807.2
12-Feb-2026,02-Mar-2026,CE,23850.0,2046.2,195.0,25807.2
12-Feb-2026,02-Mar-2026,CE,23900.0,2011.15,130.0,25807.2
12-Feb-2026,02-Mar-2026,CE,23950.0,1962.5,130.0,25807.2
12-Feb-2026,02-Mar-2026,CE,24000.0,1903.7,1950.0,25807.2
12-Feb-2026,02-Mar-2026,CE,24050.0,1863.3,195.0,25807.2
12-Feb-2026,02-Mar-2026,CE,24100.0,1811.2,195.0,25807.2
12-Feb-2026,02-Mar-2026,CE,24150.0,1729.65,65.0,25807.2
12-Feb-2026,02-Mar-2026,CE,24200.0,1716.3,130.0,25807.2
12-Feb-2026,02-Mar-2026,CE,24250.0,1643.3,130.0,25807.2
12-Feb-2026,02-Mar-2026,CE,24300.0,1615.25,195.0,25807.2
12-Feb-2026,02-Mar-2026,CE,24350.0,1569.2,130.0,25807.2
12-Feb-2026,02-Mar-2026,CE,24400.0,1505.65,195.0,25807.2
12-Feb-2026,02-Mar-2026,CE,24450.0,1464.95,130.0,25807.2
12-Feb-2026,02-Mar-2026,CE,24500.0,1414.6,1755.0,25807.2
12-Feb-2026,02-Mar-2026,CE,24550.0,1360.4,455.0,25807.2
12-Feb-2026,02-Mar-2026,CE,24600.0,1309.45,1170.0,25807.2
12-Feb-2026,02-Mar-2026,CE,24650.0,1271.45,1430.0,25807.2
12-Feb-2026,02-Mar-2026,CE,24700.0,1221.15,1755.0,25807.2
12-Feb-2026,02-Mar-2026,CE,24750.0,1180.05,130.0,25807.2
12-Feb-2026,02-Mar-2026,CE,24800.0,1115.65,1690.0,25807.2
12-Feb-2026,02-Mar-2026,CE,24850.0,1065.2,1430.0,25807.2
12-Feb-2026,02-Mar-2026,CE,24900.0,1019.9,1040.0,25807.2
12-Feb-2026,02-Mar-2026,CE,24950.0,955.95,2145.0,25807.2
12-Feb-2026,02-Mar-2026,CE,25000.0,935.0,6565.0,25807.2
12-Feb-2026,02-Mar-2026,CE,25050.0,864.95,1365.0,25807.2
12-Feb-2026,02-Mar-2026,CE,25100.0,812.0,3770.0,25807.2
12-Feb-2026,02-Mar-2026,CE,25150.0,800.8,2015.0,25807.2
12-Feb-2026,02-Mar-2026,CE,25200.0,739.75,7930.0,25807.2
12-Feb-2026,02-Mar-2026,CE,25250.0,708.5,1365.0,25807.2
12-Feb-2026,02-Mar-2026,CE,25300.0,654.1,18980.0,25807.2
12-Feb-2026,02-Mar-2026,CE,25350.0,675.25,12350.0,25807.2
12-Feb-2026,02-Mar-2026,CE,25400.0,577.45,20735.0,25807.2
12-Feb-2026,02-Mar-2026,CE,25450.0,533.0,2795.0,25807.2
12-Feb-2026,02-Mar-2026,CE,25500.0,488.3,70980.0,25807.2
12-Feb-2026,02-Mar-2026,CE,25550.0,443.55,3510.0,25807.2
12-Feb-2026,02-Mar-2026,CE,25600.0,412.9,52650.0,25807.2
12-Feb-2026,02-Mar-2026,CE,25650.0,387.45,9945.0,25807.2
12-Feb-2026,02-Mar-2026,CE,25700.0,340.0,51415.0,25807.2
12-Feb-2026,02-Mar-2026,CE,25750.0,309.5,14235.0,25807.2
12-Feb-2026,02-Mar-2026,CE,25800.0,274.9,97500.0,25807.2
12-Feb-2026,02-Mar-2026,CE,25850.0,248.95,53170.0,25807.2
12-Feb-2026,02-Mar-2026,CE,25900.0,220.0,88270.0,25807.2
12-Feb-2026,02-Mar-2026,CE,25950.0,196.0,44265.0,25807.2
12-Feb-2026,02-Mar-2026,CE,26000.0,172.35,263250.0,25807.2
12-Feb-2026,02-Mar-2026,CE,26050.0,153.85,21385.0,25807.2
12-Feb-2026,02-Mar-2026,CE,26100.0,132.95,90220.0,25807.2
12-Feb-2026,02-Mar-2026,CE,26150.0,117.2,23140.0,25807.2
12-Feb-2026,02-Mar-2026,CE,26200.0,103.15,194805.0,25807.2
12-Feb-2026,02-Mar-2026,CE,26250.0,88.0,34320.0,25807.2
12-Feb-2026,02-Mar-2026,CE,26300.0,76.4,108940.0,25807.2
12-Feb-2026,02-Mar-2026,CE,26350.0,66.4,15145.0,25807.2
12-Feb-2026,02-Mar-2026,CE,26400.0,58.15,70850.0,25807.2
12-Feb-2026,02-Mar-2026,CE,26450.0,49.9,16250.0,25807.2
12-Feb-2026,02-Mar-2026,CE,26500.0,44.9,325325.0,25807.2
12-Feb-2026,02-Mar-2026,CE,26550.0,37.7,17940.0,25807.2
12-Feb-2026,02-Mar-2026,CE,26600.0,33.4,107250.0,25807.2
12-Feb-2026,02-Mar-2026,CE,26650.0,194.25,2275.0,25807.2
12-Feb-2026,02-Mar-2026,CE,26700.0,24.95,53170.0,25807.2
12-Feb-2026,02-Mar-2026,CE,26750.0,21.8,20020.0,25807.2
12-Feb-2026,02-Mar-2026,CE,26800.0,19.7,48945.0,25807.2
12-Feb-2026,02-Mar-2026,CE,26850.0,19.55,8970.0,25807.2
12-Feb-2026,02-Mar-2026,CE,26900.0,16.35,31135.0,25807.2
12-Feb-2026,02-Mar-2026,CE,26950.0,14.05,12285.0,25807.2
12-Feb-2026,02-Mar-2026,CE,27000.0,14.35,200200.0,25807.2
12-Feb-2026,02-Mar-2026,CE,27050.0,12.75,8060.0,25807.2
12-Feb-2026,02-Mar-2026,CE,27100.0,11.95,22100.0,25807.2
12-Feb-2026,02-Mar-2026,CE,27150.0,10.85,6825.0,25807.2
12-Feb-2026,02-Mar-2026,CE,27200.0,9.2,24375.0,25807.2
12-Feb-2026,02-Mar-2026,CE,27250.0,,,25807.2
12-Feb-2026,02-Mar-2026,CE,27300.0,8.3,10790.0,25807.2
12-Feb-2026,02-Mar-2026,CE,27350.0,7.6,1755.0,25807.2
12-Feb-2026,02-Mar-2026,CE,27400.0,7.9,9360.0,25807.2
12-Feb-2026,02-Mar-2026,CE,27450.0,6.7,2015.0,25807.2
12-Feb-2026,02-Mar-2026,CE,27500.0,6.05,75660.0,25807.2
12-Feb-2026,02-Mar-2026,CE,27550.0,6.3,1495.0,25807.2
12-Feb-2026,02-Mar-2026,CE,27600.0,,,25807.2
12-Feb-2026,02-Mar-2026,CE,27650.0,5.3,1625.0,25807.2
12-Feb-2026,02-Mar-2026,CE,27700.0,6.0,390.0,25807.2
12-Feb-2026,02-Mar-2026,PE,23100.0,6.3,32760.0,25807.2
12-Feb-2026,02-Mar-2026,PE,23150.0,6.9,,25807.2
12-Feb-2026,02-Mar-2026,PE,23200.0,6.05,3770.0,25807.2
12-Feb-2026,02-Mar-2026,PE,23250.0,6.15,520.0,25807.2
12-Feb-2026,02-Mar-2026,PE,23300.0,7.8,8125.0,25807.2
12-Feb-2026,02-Mar-2026,PE,23350.0,7.1,1495.0,25807.2
12-Feb-2026,02-Mar-2026,PE,23400.0,9.05,4290.0,25807.2
12-Feb-2026,02-Mar-2026,PE,23450.0,9.05,3055.0,25807.2
12-Feb-2026,02-Mar-2026,PE,23500.0,8.05,54340.0,25807.2
12-Feb-2026,02-Mar-2026,PE,23550.0,9.0,1235.0,25807.2
12-Feb-2026,02-Mar-2026,PE,23600.0,9.05,2275.0,25807.2
12-Feb-2026,02-Mar-2026,PE,23650.0,10.45,975.0,25807.2
12-Feb-2026,02-Mar-2026,PE,23700.0,10.75,4615.0,25807.2
12-Feb-2026,02-Mar-2026,PE,23750.0,10.0,975.0,25807.2
12-Feb-2026,02-Mar-2026,PE,23800.0,10.0,3380.0,25807.2
12-Feb-2026,02-Mar-2026,PE,23850.0,11.1,1170.0,25807.2
12-Feb-2026,02-Mar-2026,PE,23900.0,12.65,2795.0,25807.2
12-Feb-2026,02-Mar-2026,PE,23950.0,11.9,1885.0,25807.2
12-Feb-2026,02-Mar-2026,PE,24000.0,11.7,67925.0,25807.2
12-Feb-2026,02-Mar-2026,PE,24050.0,12.8,2405.0,25807.2
12-Feb-2026,02-Mar-2026,PE,24100.0,13.75,3770.0,25807.2
12-Feb-2026,02-Mar-2026,PE,24150.0,12.85,1105.0,25807.2
12-Feb-2026,02-Mar-2026,PE,24200.0,13.15,10465.0,25807.2
12-Feb-2026,02-Mar-2026,PE,24250.0,14.15,2210.0,25807.2
12-Feb-2026,02-Mar-2026,PE,24300.0,13.9,16965.0,25807.2
12-Feb-2026,02-Mar-2026,PE,24350.0,15.45,2795.0,25807.2
12-Feb-2026,02-Mar-2026,PE,24400.0,16.3,14560.0,25807.2
12-Feb-2026,02-Mar-2026,PE,24450.0,17.8,10660.0,25807.2
12-Feb-2026,02-Mar-2026,PE,24500.0,18.7,100425.0,25807.2
12-Feb-2026,02-Mar-2026,PE,24550.0,20.3,9165.0,25807.2
12-Feb-2026,02-Mar-2026,PE,24600.0,21.85,19305.0,25807.2
12-Feb-2026,02-Mar-2026,PE,24650.0,21.7,6565.0,25807.2
12-Feb-2026,02-Mar-2026,PE,24700.0,24.0,25740.0,25807.2
12-Feb-2026,02-Mar-2026,PE,24750.0,24.8,8060.0,25807.2
12-Feb-2026,02-Mar-2026,PE,24800.0,26.55,42445.0,25807.2
12-Feb-2026,02-Mar-2026,PE,24850.0,29.15,7930.0,25807.2
12-Feb-2026,02-Mar-2026,PE,24900.0,31.1,31005.0,25807.2
12-Feb-2026,02-Mar-2026,PE,24950.0,33.45,28015.0,25807.2
12-Feb-2026,02-Mar-2026,PE,25000.0,35.8,254345.0,25807.2
12-Feb-2026,02-Mar-2026,PE,25050.0,38.4,23205.0,25807.2
12-Feb-2026,02-Mar-2026,PE,25100.0,42.0,44850.0,25807.2
12-Feb-2026,02-Mar-2026,PE,25150.0,46.35,17810.0,25807.2
12-Feb-2026,02-Mar-2026,PE,25200.0,50.1,100750.0,25807.2
12-Feb-2026,02-Mar-2026,PE,25250.0,55.4,8840.0,25807.2
12-Feb-2026,02-Mar-2026,PE,25300.0,61.7,104130.0,25807.2
12-Feb-2026,02-Mar-2026,PE,25350.0,68.75,11375.0,25807.2
12-Feb-2026,02-Mar-2026,PE,25400.0,78.8,76375.0,25807.2
12-Feb-2026,02-Mar-2026,PE,25450.0,85.9,15795.0,25807.2
12-Feb-2026,02-Mar-2026,PE,25500.0,96.85,150150.0,25807.2
12-Feb-2026,02-Mar-2026,PE,25550.0,105.25,28275.0,25807.2
12-Feb-2026,02-Mar-2026,PE,25600.0,117.85,84630.0,25807.2
12-Feb-2026,02-Mar-2026,PE,25650.0,132.1,10660.0,25807.2
12-Feb-2026,02-Mar-2026,PE,25700.0,147.15,97825.0,25807.2
12-Feb-2026,02-Mar-2026,PE,25750.0,164.0,16705.0,25807.2
12-Feb-2026,02-Mar-2026,PE,25800.0,183.75,122590.0,25807.2
12-Feb-2026,02-Mar-2026,PE,25850.0,204.1,24440.0,25807.2
12-Feb-2026,02-Mar-2026,PE,25900.0,223.45,60840.0,25807.2
12-Feb-2026,02-Mar-2026,PE,25950.0,250.0,17355.0,25807.2
12-Feb-2026,02-Mar-2026,PE,26000.0,277.7,175760.0,25807.2
12-Feb-2026,02-Mar-2026,PE,26050.0,307.25,6500.0,25807.2
12-Feb-2026,02-Mar-2026,PE,26100.0,340.3,41535.0,25807.2
12-Feb-2026,02-Mar-2026,PE,26150.0,365.35,4355.0,25807.2
12-Feb-2026,02-Mar-2026,PE,26200.0,403.85,37050.0,25807.2
12-Feb-2026,02-Mar-2026,PE,26250.0,430.0,1170.0,25807.2
12-Feb-2026,02-Mar-2026,PE,26300.0,479.0,45630.0,25807.2
12-Feb-2026,02-Mar-2026,PE,26350.0,536.55,910.0,25807.2
12-Feb-2026,02-Mar-2026,PE,26400.0,562.95,25220.0,25807.2
12-Feb-2026,02-Mar-2026,PE,26450.0,599.15,715.0,25807.2
12-Feb-2026,02-Mar-2026,PE,26500.0,640.8,23790.0,25807.2
12-Feb-2026,02-Mar-2026,PE,26550.0,657.75,130.0,25807.2
12-Feb-2026,02-Mar-2026,PE,26600.0,717.65,130.0,25807.2
12-Feb-2026,02-Mar-2026,PE,26650.0,769.4,65.0,25807.2
12-Feb-2026,02-Mar-2026,PE,26700.0,817.15,65.0,25807.2
12-Feb-2026,02-Mar-2026,PE,26750.0,881.9,65.0,25807.2
12-Feb-2026,02-Mar-2026,PE,26800.0,928.55,65.0,25807.2
12-Feb-2026,02-Mar-2026,PE,26850.0,962.5,65.0,25807.2
12-Feb-2026,02-Mar-2026,PE,26900.0,1006.45,130.0,25807.2
12-Feb-2026,02-Mar-2026,PE,26950.0,1058.2,130.0,25807.2
12-Feb-2026,02-Mar-2026,PE,27000.0,1123.8,130.0,25807.2
12-Feb-2026,02-Mar-2026,PE,27050.0,1147.9,65.0,25807.2
12-Feb-2026,02-Mar-2026,PE,27100.0,1205.4,65.0,25807.2
12-Feb-2026,02-Mar-2026,PE,27150.0,1276.35,,25807.2
12-Feb-2026,02-Mar-2026,PE,27200.0,1302.25,65.0,25807.2
12-Feb-2026,02-Mar-2026,PE,27250.0,1365.3,65.0,25807.2
12-Feb-2026,02-Mar-2026,PE,27300.0,1413.75,65.0,25807.2
12-Feb-2026,02-Mar-2026,PE,27350.0,1442.75,,25807.2
12-Feb-2026,02-Mar-2026,PE,27400.0,1488.4,,25807.2
12-Feb-2026,02-Mar-2026,PE,27450.0,1537.95,,25807.2
12-Feb-2026,02-Mar-2026,PE,27500.0,1605.2,65.0,25807.2
12-Feb-2026,02-Mar-2026,PE,27550.0,1652.55,65.0,25807.2
12-Feb-2026,02-Mar-2026,PE,27600.0,1697.65,65.0,25807.2
12-Feb-2026,02-Mar-2026,PE,27650.0,1751.7,65.0,25807.2
12-Feb-2026,02-Mar-2026,PE,27700.0,1668.5,65.0,25807.2
12-Feb-2026,10-Mar-2026,CE,23900.0,,,25807.2
12-Feb-2026,10-Mar-2026,CE,23950.0,,,25807.2
12-Feb-2026,10-Mar-2026,CE,24000.0,,,25807.2
12-Feb-2026,10-Mar-2026,CE,24050.0,,,25807.2
12-Feb-2026,10-Mar-2026,CE,24100.0,,,25807.2
12-Feb-2026,10-Mar-2026,CE,24150.0,,,25807.2
12-Feb-2026,10-Mar-2026,CE,24200.0,,,25807.2
12-Feb-2026,10-Mar-2026,CE,24250.0,,,25807.2
12-Feb-2026,10-Mar-2026,CE,24300.0,,,25807.2
12-Feb-2026,10-Mar-2026,CE,24350.0,,,25807.2
12-Feb-2026,10-Mar-2026,CE,24400.0,,,25807.2
12-Feb-2026,10-Mar-2026,CE,24450.0,,,25807.2
12-Feb-2026,10-Mar-2026,CE,24500.0,,,25807.2
12-Feb-2026,10-Mar-2026,CE,24550.0,,,25807.2
12-Feb-2026,10-Mar-2026,CE,24600.0,,,25807.2
12-Feb-2026,10-Mar-2026,CE,24650.0,,,25807.2
12-Feb-2026,10-Mar-2026,CE,24700.0,,,25807.2
12-Feb-2026,10-Mar-2026,CE,24750.0,,,25807.2
12-Feb-2026,10-Mar-2026,CE,24800.0,,,25807.2
12-Feb-2026,10-Mar-2026,CE,24850.0,,,25807.2
12-Feb-2026,10-Mar-2026,CE,24900.0,,,25807.2
12-Feb-2026,10-Mar-2026,CE,24950.0,,,25807.2
12-Feb-2026,10-Mar-2026,CE,25000.0,987.5,65.0,25807.2
12-Feb-2026,10-Mar-2026,CE,25050.0,,,25807.2
12-Feb-2026,10-Mar-2026,CE,25100.0,897.4,65.0,25807.2
12-Feb-2026,10-Mar-2026,CE,25150.0,,,25807.2
12-Feb-2026,10-Mar-2026,CE,25200.0,812.35,65.0,25807.2
12-Feb-2026,10-Mar-2026,CE,25250.0,,,25807.2
12-Feb-2026,10-Mar-2026,CE,25300.0,726.75,65.0,25807.2
12-Feb-2026,10-Mar-2026,CE,25350.0,,,25807.2
12-Feb-2026,10-Mar-2026,CE,25400.0,642.8,65.0,25807.2
12-Feb-2026,10-Mar-2026,CE,25450.0,,,25807.2
12-Feb-2026,10-Mar-2026,CE,25500.0,558.0,5330.0,25807.2
12-Feb-2026,10-Mar-2026,CE,25550.0,526.25,65.0,25807.2
12-Feb-2026,10-Mar-2026,CE,25600.0,484.9,6240.0,25807.2
12-Feb-2026,10-Mar-2026,CE,25650.0,450.2,65.0,25807.2
12-Feb-2026,10-Mar-2026,CE,25700.0,410.25,2665.0,25807.2
12-Feb-2026,10-Mar-2026,CE,25750.0,376.45,2015.0,25807.2
12-Feb-2026,10-Mar-2026,CE,25800.0,346.0,14430.0,25807.2
12-Feb-2026,10-Mar-2026,CE,25850.0,317.1,2730.0,25807.2
12-Feb-2026,10-Mar-2026,CE,25900.0,286.05,6045.0,25807.2
12-Feb-2026,10-Mar-2026,CE,25950.0,266.1,5850.0,25807.2
12-Feb-2026,10-Mar-2026,CE,26000.0,237.1,46605.0,25807.2
12-Feb-2026,10-Mar-2026,CE,26050.0,217.0,520.0,25807.2
12-Feb-2026,10-Mar-2026,CE,26100.0,187.35,8255.0,25807.2
12-Feb-2026,10-Mar-2026,CE,26150.0,169.3,520.0,25807.2
12-Feb-2026,10-Mar-2026,CE,26200.0,150.0,7475.0,25807.2
12-Feb-2026,10-Mar-2026,CE,26250.0,137.05,2665.0,25807.2
12-Feb-2026,10-Mar-2026,CE,26300.0,116.75,8905.0,25807.2
12-Feb-2026,10-Mar-2026,CE,26350.0,,,25807.2
12-Feb-2026,10-Mar-2026,CE,26400.0,89.65,8060.0,25807.2
12-Feb-2026,10-Mar-2026,CE,26450.0,,,25807.2
12-Feb-2026,10-Mar-2026,CE,26500.0,73.0,53690.0,25807.2
12-Feb-2026,10-Mar-2026,CE,26550.0,,,25807.2
12-Feb-2026,10-Mar-2026,CE,26600.0,53.75,13130.0,25807.2
12-Feb-2026,10-Mar-2026,CE,26650.0,,,25807.2
12-Feb-2026,10-Mar-2026,CE,26700.0,,,25807.2
12-Feb-2026,10-Mar-2026,CE,26750.0,,,25807.2
12-Feb-2026,10-Mar-2026,CE,26800.0,,,25807.2
12-Feb-2026,10-Mar-2026,CE,26850.0,35.0,4290.0,25807.2
12-Feb-2026,10-Mar-2026,CE,26900.0,25.95,4615.0,25807.2
12-Feb-2026,10-Mar-2026,CE,26950.0,26.4,585.0,25807.2
12-Feb-2026,10-Mar-2026,CE,27000.0,21.8,36920.0,25807.2
12-Feb-2026,10-Mar-2026,CE,27050.0,,,25807.2
12-Feb-2026,10-Mar-2026,CE,27100.0,,,25807.2
12-Feb-2026,10-Mar-2026,CE,27150.0,,,25807.2
12-Feb-2026,10-Mar-2026,CE,27200.0,,,25807.2
12-Feb-2026,10-Mar-2026,CE,27250.0,12.0,4680.0,25807.2
12-Feb-2026,10-Mar-2026,CE,27300.0,,,25807.2
12-Feb-2026,10-Mar-2026,CE,27350.0,,,25807.2
12-Feb-2026,10-Mar-2026,CE,27400.0,9.45,7085.0,25807.2
12-Feb-2026,10-Mar-2026,CE,27450.0,10.95,1235.0,25807.2
12-Feb-2026,10-Mar-2026,CE,27500.0,8.4,25090.0,25807.2
12-Feb-2026,10-Mar-2026,CE,27550.0,,,25807.2
12-Feb-2026,10-Mar-2026,CE,27600.0,8.8,130.0,25807.2
12-Feb-2026,10-Mar-2026,CE,27650.0,,,25807.2
12-Feb-2026,10-Mar-2026,CE,27700.0,,,25807.2
12-Feb-2026,10-Mar-2026,PE,23900.0,,,25807.2
12-Feb-2026,10-Mar-2026,PE,23950.0,,,25807.2
12-Feb-2026,10-Mar-2026,PE,24000.0,15.5,17940.0,25807.2
12-Feb-2026,10-Mar-2026,PE,24050.0,,,25807.2
12-Feb-2026,10-Mar-2026,PE,24100.0,,,25807.2
12-Feb-2026,10-Mar-2026,PE,24150.0,,,25807.2
12-Feb-2026,10-Mar-2026,PE,24200.0,18.25,1300.0,25807.2
12-Feb-2026,10-Mar-2026,PE,24250.0,,,25807.2
12-Feb-2026,10-Mar-2026,PE,24300.0,19.4,390.0,25807.2
12-Feb-2026,10-Mar-2026,PE,24350.0,,,25807.2
12-Feb-2026,10-Mar-2026,PE,24400.0,,,25807.2
12-Feb-2026,10-Mar-2026,PE,24450.0,27.0,65.0,25807.2
12-Feb-2026,10-Mar-2026,PE,24500.0,29.65,29055.0,25807.2
12-Feb-2026,10-Mar-2026,PE,24550.0,,,25807.2
12-Feb-2026,10-Mar-2026,PE,24600.0,33.85,2210.0,25807.2
12-Feb-2026,10-Mar-2026,PE,24650.0,,,25807.2
12-Feb-2026,10-Mar-2026,PE,24700.0,,,25807.2
12-Feb-2026,10-Mar-2026,PE,24750.0,40.15,65.0,25807.2
12-Feb-2026,10-Mar-2026,PE,24800.0,38.55,6565.0,25807.2
12-Feb-2026,10-Mar-2026,PE,24850.0,,,25807.2
12-Feb-2026,10-Mar-2026,PE,24900.0,43.7,2080.0,25807.2
12-Feb-2026,10-Mar-2026,PE,24950.0,,,25807.2
12-Feb-2026,10-Mar-2026,PE,25000.0,53.85,42705.0,25807.2
12-Feb-2026,10-Mar-2026,PE,25050.0,,,25807.2
12-Feb-2026,10-Mar-2026,PE,25100.0,61.6,6500.0,25807.2
12-Feb-2026,10-Mar-2026,PE,25150.0,,,25807.2
12-Feb-2026,10-Mar-2026,PE,25200.0,75.0,7735.0,25807.2
12-Feb-2026,10-Mar-2026,PE,25250.0,,,25807.2
12-Feb-2026,10-Mar-2026,PE,25300.0,88.35,10725.0,25807.2
12-Feb-2026,10-Mar-2026,PE,25350.0,,,25807.2
12-Feb-2026,10-Mar-2026,PE,25400.0,106.2,4030.0,25807.2
12-Feb-2026,10-Mar-2026,PE,25450.0,114.95,195.0,25807.2
12-Feb-2026,10-Mar-2026,PE,25500.0,126.6,35815.0,25807.2
12-Feb-2026,10-Mar-2026,PE,25550.0,140.0,2600.0,25807.2
12-Feb-2026,10-Mar-2026,PE,25600.0,153.0,15340.0,25807.2
12-Feb-2026,10-Mar-2026,PE,25650.0,248.65,780.0,25807.2
12-Feb-2026,10-Mar-2026,PE,25700.0,179.0,8905.0,25807.2
12-Feb-2026,10-Mar-2026,PE,25750.0,198.0,6305.0,25807.2
12-Feb-2026,10-Mar-2026,PE,25800.0,216.1,16900.0,25807.2
12-Feb-2026,10-Mar-2026,PE,25850.0,236.6,2990.0,25807.2
12-Feb-2026,10-Mar-2026,PE,25900.0,257.0,7605.0,25807.2
12-Feb-2026,10-Mar-2026,PE,25950.0,277.75,2080.0,25807.2
12-Feb-2026,10-Mar-2026,PE,26000.0,304.8,32370.0,25807.2
12-Feb-2026,10-Mar-2026,PE,26050.0,330.0,520.0,25807.2
12-Feb-2026,10-Mar-2026,PE,26100.0,358.65,3380.0,25807.2
12-Feb-2026,10-Mar-2026,PE,26150.0,,,25807.2
12-Feb-2026,10-Mar-2026,PE,26200.0,415.3,780.0,25807.2
12-Feb-2026,10-Mar-2026,PE,26250.0,303.4,65.0,25807.2
12-Feb-2026,10-Mar-2026,PE,26300.0,475.8,260.0,25807.2
12-Feb-2026,10-Mar-2026,PE,26350.0,,,25807.2
12-Feb-2026,10-Mar-2026,PE,26400.0,,,25807.2
12-Feb-2026,10-Mar-2026,PE,26450.0,,,25807.2
12-Feb-2026,10-Mar-2026,PE,26500.0,,,25807.2
12-Feb-2026,10-Mar-2026,PE,26550.0,,,25807.2
12-Feb-2026,10-Mar-2026,PE,26600.0,,,25807.2
12-Feb-2026,10-Mar-2026,PE,26650.0,,,25807.2
12-Feb-2026,10-Mar-2026,PE,26700.0,,,25807.2
12-Feb-2026,10-Mar-2026,PE,26750.0,,,25807.2
12-Feb-2026,10-Mar-2026,PE,26800.0,,,25807.2
12-Feb-2026,10-Mar-2026,PE,26850.0,,,25807.2
12-Feb-2026,10-Mar-2026,PE,26900.0,975.45,195.0,25807.2
12-Feb-2026,10-Mar-2026,PE,26950.0,,,25807.2
12-Feb-2026,10-Mar-2026,PE,27000.0,,,25807.2
12-Feb-2026,10-Mar-2026,PE,27050.0,,,25807.2
12-Feb-2026,10-Mar-2026,PE,27100.0,,,25807.2
12-Feb-2026,10-Mar-2026,PE,27150.0,,,25807.2
12-Feb-2026,10-Mar-2026,PE,27200.0,,,25807.2
12-Feb-2026,10-Mar-2026,PE,27250.0,,,25807.2
12-Feb-2026,10-Mar-2026,PE,27300.0,,,25807.2
12-Feb-2026,10-Mar-2026,PE,27350.0,,,25807.2
12-Feb-2026,10-Mar-2026,PE,27400.0,,,25807.2
12-Feb-2026,10-Mar-2026,PE,27450.0,,,25807.2
12-Feb-2026,10-Mar-2026,PE,27500.0,,,25807.2
12-Feb-2026,10-Mar-2026,PE,27550.0,,,25807.2
12-Feb-2026,10-Mar-2026,PE,27600.0,,,25807.2
12-Feb-2026,10-Mar-2026,PE,27650.0,,,25807.2
12-Feb-2026,10-Mar-2026,PE,27700.0,,,25807.2
13-Feb-2026,17-Feb-2026,CE,23100.0,2866.0,65.0,25471.1
13-Feb-2026,17-Feb-2026,CE,23150.0,2811.3,65.0,25471.1
13-Feb-2026,17-Feb-2026,CE,23200.0,2642.0,325.0,25471.1
13-Feb-2026,17-Feb-2026,CE,23250.0,2468.45,260.0,25471.1
13-Feb-2026,17-Feb-2026,CE,23300.0,2200.4,585.0,25471.1
13-Feb-2026,17-Feb-2026,CE,23350.0,2608.85,195.0,25471.1
13-Feb-2026,17-Feb-2026,CE,23400.0,2185.0,650.0,25471.1
13-Feb-2026,17-Feb-2026,CE,23450.0,2088.8,195.0,25471.1
13-Feb-2026,17-Feb-2026,CE,23500.0,1998.0,5395.0,25471.1
13-Feb-2026,17-Feb-2026,CE,23550.0,2388.05,195.0,25471.1
13-Feb-2026,17-Feb-2026,CE,23600.0,1865.0,780.0,25471.1
13-Feb-2026,17-Feb-2026,CE,23650.0,2317.3,260.0,25471.1
13-Feb-2026,17-Feb-2026,CE,23700.0,1855.0,455.0,25471.1
13-Feb-2026,17-Feb-2026,CE,23750.0,2191.5,195.0,25471.1
13-Feb-2026,17-Feb-2026,CE,23800.0,1765.0,650.0,25471.1
13-Feb-2026,17-Feb-2026,CE,23850.0,2116.75,195.0,25471.1
13-Feb-2026,17-Feb-2026,CE,23900.0,1680.0,650.0,25471.1
13-Feb-2026,17-Feb-2026,CE,23950.0,2012.6,195.0,25471.1
13-Feb-2026,17-Feb-2026,CE,24000.0,1460.0,36920.0,25471.1
13-Feb-2026,17-Feb-2026,CE,24050.0,1915.65,195.0,25471.1
13-Feb-2026,17-Feb-2026,CE,24100.0,1480.0,1170.0,25471.1
13-Feb-2026,17-Feb-2026,CE,24150.0,1825.65,325.0,25471.1
13-Feb-2026,17-Feb-2026,CE,24200.0,1251.65,1170.0,25471.1
13-Feb-2026,17-Feb-2026,CE,24250.0,1712.05,390.0,25471.1
13-Feb-2026,17-Feb-2026,CE,24300.0,1245.7,845.0,25471.1
13-Feb-2026,17-Feb-2026,CE,24350.0,1627.35,455.0,25471.1
13-Feb-2026,17-Feb-2026,CE,24400.0,1115.0,3380.0,25471.1
13-Feb-2026,17-Feb-2026,CE,24450.0,1558.0,455.0,25471.1
13-Feb-2026,17-Feb-2026,CE,24500.0,957.75,47060.0,25471.1
13-Feb-2026,17-Feb-2026,CE,24550.0,997.3,1430.0,25471.1
13-Feb-2026,17-Feb-2026,CE,24600.0,900.5,12675.0,25471.1
13-Feb-2026,17-Feb-2026,CE,24650.0,955.5,1690.0,25471.1
13-Feb-2026,17-Feb-2026,CE,24700.0,769.95,15080.0,25471.1
13-Feb-2026,17-Feb-2026,CE,24750.0,773.0,7475.0,25471.1
13-Feb-2026,17-Feb-2026,CE,24800.0,667.0,64870.0,25471.1
13-Feb-2026,17-Feb-2026,CE,24850.0,650.0,10400.0,25471.1
13-Feb-2026,17-Feb-2026,CE,24900.0,573.45,40625.0,25471.1
13-Feb-2026,17-Feb-2026,CE,24950.0,528.2,12935.0,25471.1
13-Feb-2026,17-Feb-2026,CE,25000.0,476.3,338195.0,25471.1
13-Feb-2026,17-Feb-2026,CE,25050.0,433.95,29705.0,25471.1
13-Feb-2026,17-Feb-2026,CE,25100.0,384.55,120380.0,25471.1
13-Feb-2026,17-Feb-2026,CE,25150.0,339.45,54730.0,25471.1
13-Feb-2026,17-Feb-2026,CE,25200.0,296.0,248170.0,25471.1
13-Feb-2026,17-Feb-2026,CE,25250.0,256.25,99970.0,25471.1
13-Feb-2026,17-Feb-2026,CE,25300.0,217.7,620815.0,25471.1
13-Feb-2026,17-Feb-2026,CE,25350.0,181.85,240435.0,25471.1
13-Feb-2026,17-Feb-2026,CE,25400.0,150.75,1477580.0,25471.1
13-Feb-2026,17-Feb-2026,CE,25450.0,122.55,1732250.0,25471.1
13-Feb-2026,17-Feb-2026,CE,25500.0,98.0,9295780.0,25471.1
13-Feb-2026,17-Feb-2026,CE,25550.0,78.15,5460520.0,25471.1
13-Feb-2026,17-Feb-2026,CE,25600.0,62.1,12824565.0,25471.1
13-Feb-2026,17-Feb-2026,CE,25650.0,50.0,5005585.0,25471.1
13-Feb-2026,17-Feb-2026,CE,25700.0,40.15,8979230.0,25471.1
13-Feb-2026,17-Feb-2026,CE,25750.0,33.3,4447170.0,25471.1
13-Feb-2026,17-Feb-2026,CE,25800.0,28.2,10494575.0,25471.1
13-Feb-2026,17-Feb-2026,CE,25850.0,23.75,6824415.0,25471.1
13-Feb-2026,17-Feb-2026,CE,25900.0,21.15,11113050.0,25471.1
13-Feb-2026,17-Feb-2026,CE,25950.0,18.5,6414785.0,25471.1
13-Feb-2026,17-Feb-2026,CE,26000.0,16.5,16764150.0,25471.1
13-Feb-2026,17-Feb-2026,CE,26050.0,14.7,6980610.0,25471.1
13-Feb-2026,17-Feb-2026,CE,26100.0,13.0,8672560.0,25471.1
13-Feb-2026,17-Feb-2026,CE,26150.0,11.8,2755090.0,25471.1
13-Feb-2026,17-Feb-2026,CE,26200.0,10.6,7201025.0,25471.1
13-Feb-2026,17-Feb-2026,CE,26250.0,9.55,2797340.0,25471.1
13-Feb-2026,17-Feb-2026,CE,26300.0,8.4,6066840.0,25471.1
13-Feb-2026,17-Feb-2026,CE,26350.0,7.75,2237495.0,25471.1
13-Feb-2026,17-Feb-2026,CE,26400.0,6.8,6036810.0,25471.1
13-Feb-2026,17-Feb-2026,CE,26450.0,6.3,2454530.0,25471.1
13-Feb-2026,17-Feb-2026,CE,26500.0,6.0,13527410.0,25471.1
13-Feb-2026,17-Feb-2026,CE,26550.0,5.55,1415765.0,25471.1
13-Feb-2026,17-Feb-2026,CE,26600.0,5.1,6511180.0,25471.1
13-Feb-2026,17-Feb-2026,CE,26650.0,4.5,1126450.0,25471.1
13-Feb-2026,17-Feb-2026,CE,26700.0,4.15,5947435.0,25471.1
13-Feb-2026,17-Feb-2026,CE,26750.0,3.7,1331915.0,25471.1
13-Feb-2026,17-Feb-2026,CE,26800.0,3.45,8912670.0,25471.1
13-Feb-2026,17-Feb-2026,CE,26850.0,3.25,1341600.0,25471.1
13-Feb-2026,17-Feb-2026,CE,26900.0,3.1,4675905.0,25471.1
13-Feb-2026,17-Feb-2026,CE,26950.0,2.85,895115.0,25471.1
13-Feb-2026,17-Feb-2026,CE,27000.0,2.75,16290950.0,25471.1
13-Feb-2026,17-Feb-2026,CE,27050.0,2.55,804895.0,25471.1
13-Feb-2026,17-Feb-2026,CE,27100.0,2.45,2949765.0,25471.1
13-Feb-2026,17-Feb-2026,CE,27150.0,2.3,793260.0,25471.1
13-Feb-2026,17-Feb-2026,CE,27200.0,2.2,4614935.0,25471.1
13-Feb-2026,17-Feb-2026,CE,27250.0,2.05,957580.0,25471.1
13-Feb-2026,17-Feb-2026,CE,27300.0,2.0,4380610.0,25471.1
13-Feb-2026,17-Feb-2026,CE,27350.0,1.9,787735.0,25471.1
13-Feb-2026,17-Feb-2026,CE,27400.0,1.95,3013010.0,25471.1
13-Feb-2026,17-Feb-2026,CE,27450.0,1.8,745355.0,25471.1
13-Feb-2026,17-Feb-2026,CE,27500.0,1.8,12283830.0,25471.1
13-Feb-2026,17-Feb-2026,CE,27550.0,1.6,687245.0,25471.1
13-Feb-2026,17-Feb-2026,CE,27600.0,1.65,2116725.0,25471.1
13-Feb-2026,17-Feb-2026,CE,27650.0,1.5,465855.0,25471.1
13-Feb-2026,17-Feb-2026,CE,27700.0,1.4,3345810.0,25471.1
13-Feb-2026,17-Feb-2026,PE,23100.0,1.75,5626790.0,25471.1
13-Feb-2026,17-Feb-2026,PE,23150.0,1.85,476385.0,25471.1
13-Feb-2026,17-Feb-2026,PE,23200.0,1.9,991770.0,25471.1
13-Feb-2026,17-Feb-2026,PE,23250.0,1.95,143975.0,25471.1
13-Feb-2026,17-Feb-2026,PE,23300.0,2.05,486005.0,25471.1
13-Feb-2026,17-Feb-2026,PE,23350.0,2.15,158925.0,25471.1
13-Feb-2026,17-Feb-2026,PE,23400.0,2.15,268775.0,25471.1
13-Feb-2026,17-Feb-2026,PE,23450.0,2.15,175630.0,25471.1
13-Feb-2026,17-Feb-2026,PE,23500.0,2.25,2777190.0,25471.1
13-Feb-2026,17-Feb-2026,PE,23550.0,2.4,238745.0,25471.1
13-Feb-2026,17-Feb-2026,PE,23600.0,2.4,516685.0,25471.1
13-Feb-2026,17-Feb-2026,PE,23650.0,2.55,208585.0,25471.1
13-Feb-2026,17-Feb-2026,PE,23700.0,2.5,743470.0,25471.1
13-Feb-2026,17-Feb-2026,PE,23750.0,2.65,215475.0,25471.1
13-Feb-2026,17-Feb-2026,PE,23800.0,2.85,1117415.0,25471.1
13-Feb-2026,17-Feb-2026,PE,23850.0,2.95,213655.0,25471.1
13-Feb-2026,17-Feb-2026,PE,23900.0,3.1,467675.0,25471.1
13-Feb-2026,17-Feb-2026,PE,23950.0,3.1,143195.0,25471.1
13-Feb-2026,17-Feb-2026,PE,24000.0,3.45,7239895.0,25471.1
13-Feb-2026,17-Feb-2026,PE,24050.0,3.45,264420.0,25471.1
13-Feb-2026,17-Feb-2026,PE,24100.0,3.5,855140.0,25471.1
13-Feb-2026,17-Feb-2026,PE,24150.0,3.65,121810.0,25471.1
13-Feb-2026,17-Feb-2026,PE,24200.0,3.7,1614275.0,25471.1
13-Feb-2026,17-Feb-2026,PE,24250.0,3.95,235690.0,25471.1
13-Feb-2026,17-Feb-2026,PE,24300.0,4.2,2496780.0,25471.1
13-Feb-2026,17-Feb-2026,PE,24350.0,4.6,331110.0,25471.1
13-Feb-2026,17-Feb-2026,PE,24400.0,4.65,1535040.0,25471.1
13-Feb-2026,17-Feb-2026,PE,24450.0,5.15,408200.0,25471.1
13-Feb-2026,17-Feb-2026,PE,24500.0,5.75,7577050.0,25471.1
13-Feb-2026,17-Feb-2026,PE,24550.0,6.0,626990.0,25471.1
13-Feb-2026,17-Feb-2026,PE,24600.0,6.65,2346695.0,25471.1
13-Feb-2026,17-Feb-2026,PE,24650.0,7.7,636610.0,25471.1
13-Feb-2026,17-Feb-2026,PE,24700.0,8.45,1910155.0,25471.1
13-Feb-2026,17-Feb-2026,PE,24750.0,9.75,1038310.0,25471.1
13-Feb-2026,17-Feb-2026,PE,24800.0,10.85,3139175.0,25471.1
13-Feb-2026,17-Feb-2026,PE,24850.0,12.4,917150.0,25471.1
13-Feb-2026,17-Feb-2026,PE,24900.0,14.5,3004495.0,25471.1
13-Feb-2026,17-Feb-2026,PE,24950.0,16.75,1269710.0,25471.1
13-Feb-2026,17-Feb-2026,PE,25000.0,20.0,8292765.0,25471.1
13-Feb-2026,17-Feb-2026,PE,25050.0,23.3,1100320.0,25471.1
13-Feb-2026,17-Feb-2026,PE,25100.0,28.1,3004755.0,25471.1
13-Feb-2026,17-Feb-2026,PE,25150.0,33.75,1513265.0,25471.1
13-Feb-2026,17-Feb-2026,PE,25200.0,40.7,4197700.0,25471.1
13-Feb-2026,17-Feb-2026,PE,25250.0,50.3,1763580.0,25471.1
13-Feb-2026,17-Feb-2026,PE,25300.0,61.05,6098300.0,25471.1
13-Feb-2026,17-Feb-2026,PE,25350.0,76.9,1673880.0,25471.1
13-Feb-2026,17-Feb-2026,PE,25400.0,94.95,4484025.0,25471.1
13-Feb-2026,17-Feb-2026,PE,25450.0,116.75,2348840.0,25471.1
13-Feb-2026,17-Feb-2026,PE,25500.0,143.0,6567600.0,25471.1
13-Feb-2026,17-Feb-2026,PE,25550.0,172.05,2042625.0,25471.1
13-Feb-2026,17-Feb-2026,PE,25600.0,206.05,3965910.0,25471.1
13-Feb-2026,17-Feb-2026,PE,25650.0,244.65,1289795.0,25471.1
13-Feb-2026,17-Feb-2026,PE,25700.0,284.9,1830725.0,25471.1
13-Feb-2026,17-Feb-2026,PE,25750.0,326.05,694200.0,25471.1
13-Feb-2026,17-Feb-2026,PE,25800.0,370.55,2219360.0,25471.1
13-Feb-2026,17-Feb-2026,PE,25850.0,420.0,896805.0,25471.1
13-Feb-2026,17-Feb-2026,PE,25900.0,465.45,1801020.0,25471.1
13-Feb-2026,17-Feb-2026,PE,25950.0,511.25,607230.0,25471.1
13-Feb-2026,17-Feb-2026,PE,26000.0,561.55,1499550.0,25471.1
13-Feb-2026,17-Feb-2026,PE,26050.0,608.3,127790.0,25471.1
13-Feb-2026,17-Feb-2026,PE,26100.0,658.15,578305.0,25471.1
13-Feb-2026,17-Feb-2026,PE,26150.0,697.5,97565.0,25471.1
13-Feb-2026,17-Feb-2026,PE,26200.0,754.0,263055.0,25471.1
13-Feb-2026,17-Feb-2026,PE,26250.0,803.0,82680.0,25471.1
13-Feb-2026,17-Feb-2026,PE,26300.0,853.9,282230.0,25471.1
13-Feb-2026,17-Feb-2026,PE,26350.0,870.45,39000.0,25471.1
13-Feb-2026,17-Feb-2026,PE,26400.0,950.0,101660.0,25471.1
13-Feb-2026,17-Feb-2026,PE,26450.0,939.7,25415.0,25471.1
13-Feb-2026,17-Feb-2026,PE,26500.0,1046.2,286910.0,25471.1
13-Feb-2026,17-Feb-2026,PE,26550.0,1011.7,15470.0,25471.1
13-Feb-2026,17-Feb-2026,PE,26600.0,1141.0,67210.0,25471.1
13-Feb-2026,17-Feb-2026,PE,26650.0,1104.3,13780.0,25471.1
13-Feb-2026,17-Feb-2026,PE,26700.0,1188.0,20345.0,25471.1
13-Feb-2026,17-Feb-2026,PE,26750.0,1209.3,4810.0,25471.1
13-Feb-2026,17-Feb-2026,PE,26800.0,1295.0,25155.0,25471.1
13-Feb-2026,17-Feb-2026,PE,26850.0,894.25,520.0,25471.1
13-Feb-2026,17-Feb-2026,PE,26900.0,1355.0,2535.0,25471.1
13-Feb-2026,17-Feb-2026,PE,26950.0,1393.45,845.0,25471.1
13-Feb-2026,17-Feb-2026,PE,27000.0,1540.0,107380.0,25471.1
13-Feb-2026,17-Feb-2026,PE,27050.0,1057.7,260.0,25471.1
13-Feb-2026,17-Feb-2026,PE,27100.0,1104.7,845.0,25471.1
13-Feb-2026,17-Feb-2026,PE,27150.0,1179.2,715.0,25471.1
13-Feb-2026,17-Feb-2026,PE,27200.0,1620.0,325.0,25471.1
13-Feb-2026,17-Feb-2026,PE,27250.0,1266.35,3705.0,25471.1
13-Feb-2026,17-Feb-2026,PE,27300.0,1350.1,4225.0,25471.1
13-Feb-2026,17-Feb-2026,PE,27350.0,1353.2,65.0,25471.1
13-Feb-2026,17-Feb-2026,PE,27400.0,1416.0,455.0,25471.1
13-Feb-2026,17-Feb-2026,PE,27450.0,1487.7,260.0,25471.1
13-Feb-2026,17-Feb-2026,PE,27500.0,1992.05,10725.0,25471.1
13-Feb-2026,17-Feb-2026,PE,27550.0,2065.0,260.0,25471.1
13-Feb-2026,17-Feb-2026,PE,27600.0,1648.0,260.0,25471.1
13-Feb-2026,17-Feb-2026,PE,27650.0,1802.65,14170.0,25471.1
13-Feb-2026,17-Feb-2026,PE,27700.0,1854.85,325.0,25471.1
13-Feb-2026,02-Mar-2026,CE,23100.0,2927.2,65.0,25471.1
13-Feb-2026,02-Mar-2026,CE,23150.0,2752.35,65.0,25471.1
13-Feb-2026,02-Mar-2026,CE,23200.0,2339.25,65.0,25471.1
13-Feb-2026,02-Mar-2026,CE,23250.0,2286.1,65.0,25471.1
13-Feb-2026,02-Mar-2026,CE,23300.0,2283.2,130.0,25471.1
13-Feb-2026,02-Mar-2026,CE,23350.0,2236.95,130.0,25471.1
13-Feb-2026,02-Mar-2026,CE,23400.0,2172.85,130.0,25471.1
13-Feb-2026,02-Mar-2026,CE,23450.0,2129.7,130.0,25471.1
13-Feb-2026,02-Mar-2026,CE,23500.0,2086.1,130.0,25471.1
13-Feb-2026,02-Mar-2026,CE,23550.0,2063.1,130.0,25471.1
13-Feb-2026,02-Mar-2026,CE,23600.0,1977.5,130.0,25471.1
13-Feb-2026,02-Mar-2026,CE,23650.0,1936.35,195.0,25471.1
13-Feb-2026,02-Mar-2026,CE,23700.0,1885.3,130.0,25471.1
13-Feb-2026,02-Mar-2026,CE,23750.0,1836.6,130.0,25471.1
13-Feb-2026,02-Mar-2026,CE,23800.0,1789.45,130.0,25471.1
13-Feb-2026,02-Mar-2026,CE,23850.0,1739.45,130.0,25471.1
13-Feb-2026,02-Mar-2026,CE,23900.0,1701.6,130.0,25471.1
13-Feb-2026,02-Mar-2026,CE,23950.0,1720.85,130.0,25471.1
13-Feb-2026,02-Mar-2026,CE,24000.0,1579.9,2080.0,25471.1
13-Feb-2026,02-Mar-2026,CE,24050.0,1544.75,130.0,25471.1
13-Feb-2026,02-Mar-2026,CE,24100.0,1505.6,130.0,25471.1
13-Feb-2026,02-Mar-2026,CE,24150.0,1479.65,65.0,25471.1
13-Feb-2026,02-Mar-2026,CE,24200.0,1403.75,195.0,25471.1
13-Feb-2026,02-Mar-2026,CE,24250.0,1355.05,130.0,25471.1
13-Feb-2026,02-Mar-2026,CE,24300.0,1306.95,195.0,25471.1
13-Feb-2026,02-Mar-2026,CE,24350.0,1252.4,130.0,25471.1
13-Feb-2026,02-Mar-2026,CE,24400.0,1210.15,195.0,25471.1
13-Feb-2026,02-Mar-2026,CE,24450.0,1150.6,130.0,25471.1
13-Feb-2026,02-Mar-2026,CE,24500.0,1079.0,1625.0,25471.1
13-Feb-2026,02-Mar-2026,CE,24550.0,1059.4,390.0,25471.1
13-Feb-2026,02-Mar-2026,CE,24600.0,1088.45,1170.0,25471.1
13-Feb-2026,02-Mar-2026,CE,24650.0,995.0,1235.0,25471.1
13-Feb-2026,02-Mar-2026,CE,24700.0,917.65,1625.0,25471.1
13-Feb-2026,02-Mar-2026,CE,24750.0,880.0,195.0,25471.1
13-Feb-2026,02-Mar-2026,CE,24800.0,816.7,2210.0,25471.1
13-Feb-2026,02-Mar-2026,CE,24850.0,791.35,1170.0,25471.1
13-Feb-2026,02-Mar-2026,CE,24900.0,762.75,975.0,25471.1
13-Feb-2026,02-Mar-2026,CE,24950.0,703.25,2080.0,25471.1
13-Feb-2026,02-Mar-2026,CE,25000.0,621.55,32565.0,25471.1
13-Feb-2026,02-Mar-2026,CE,25050.0,615.0,2405.0,25471.1
13-Feb-2026,02-Mar-2026,CE,25100.0,547.7,6305.0,25471.1
13-Feb-2026,02-Mar-2026,CE,25150.0,555.55,2145.0,25471.1
13-Feb-2026,02-Mar-2026,CE,25200.0,466.4,76440.0,25471.1
13-Feb-2026,02-Mar-2026,CE,25250.0,432.6,3770.0,25471.1
13-Feb-2026,02-Mar-2026,CE,25300.0,388.25,39910.0,25471.1
13-Feb-2026,02-Mar-2026,CE,25350.0,362.25,12675.0,25471.1
13-Feb-2026,02-Mar-2026,CE,25400.0,330.0,59735.0,25471.1
13-Feb-2026,02-Mar-2026,CE,25450.0,302.95,19500.0,25471.1
13-Feb-2026,02-Mar-2026,CE,25500.0,270.0,234130.0,25471.1
13-Feb-2026,02-Mar-2026,CE,25550.0,247.35,46540.0,25471.1
13-Feb-2026,02-Mar-2026,CE,25600.0,220.0,148070.0,25471.1
13-Feb-2026,02-Mar-2026,CE,25650.0,196.9,31980.0,25471.1
13-Feb-2026,02-Mar-2026,CE,25700.0,174.0,123110.0,25471.1
13-Feb-2026,02-Mar-2026,CE,25750.0,154.05,30355.0,25471.1
13-Feb-2026,02-Mar-2026,CE,25800.0,139.8,262340.0,25471.1
13-Feb-2026,02-Mar-2026,CE,25850.0,123.2,70655.0,25471.1
13-Feb-2026,02-Mar-2026,CE,25900.0,108.95,119535.0,25471.1
13-Feb-2026,02-Mar-2026,CE,25950.0,98.3,50570.0,25471.1
13-Feb-2026,02-Mar-2026,CE,26000.0,82.75,489970.0,25471.1
13-Feb-2026,02-Mar-2026,CE,26050.0,75.95,27430.0,25471.1
13-Feb-2026,02-Mar-2026,CE,26100.0,65.9,132600.0,25471.1
13-Feb-2026,02-Mar-2026,CE,26150.0,58.8,31850.0,25471.1
13-Feb-2026,02-Mar-2026,CE,26200.0,52.7,213720.0,25471.1
13-Feb-2026,02-Mar-2026,CE,26250.0,47.25,37310.0,25471.1
13-Feb-2026,02-Mar-2026,CE,26300.0,40.8,151905.0,25471.1
13-Feb-2026,02-Mar-2026,CE,26350.0,36.6,23010.0,25471.1
13-Feb-2026,02-Mar-2026,CE,26400.0,33.2,90740.0,25471.1
13-Feb-2026,02-Mar-2026,CE,26450.0,28.95,13845.0,25471.1
13-Feb-2026,02-Mar-2026,CE,26500.0,26.45,218985.0,25471.1
13-Feb-2026,02-Mar-2026,CE,26550.0,24.7,14235.0,25471.1
13-Feb-2026,02-Mar-2026,CE,26600.0,23.3,94055.0,25471.1
13-Feb-2026,02-Mar-2026,CE,26650.0,22.25,3315.0,25471.1
13-Feb-2026,02-Mar-2026,CE,26700.0,20.05,78585.0,25471.1
13-Feb-2026,02-Mar-2026,CE,26750.0,17.5,23855.0,25471.1
13-Feb-2026,02-Mar-2026,CE,26800.0,17.65,73060.0,25471.1
13-Feb-2026,02-Mar-2026,CE,26850.0,15.5,10595.0,25471.1
13-Feb-2026,02-Mar-2026,CE,26900.0,14.4,36985.0,25471.1
13-Feb-2026,02-Mar-2026,CE,26950.0,13.75,13585.0,25471.1
13-Feb-2026,02-Mar-2026,CE,27000.0,13.2,220610.0,25471.1
13-Feb-2026,02-Mar-2026,CE,27050.0,9.55,8970.0,25471.1
13-Feb-2026,02-Mar-2026,CE,27100.0,10.6,16315.0,25471.1
13-Feb-2026,02-Mar-2026,CE,27150.0,10.6,6630.0,25471.1
13-Feb-2026,02-Mar-2026,CE,27200.0,9.2,26260.0,25471.1
13-Feb-2026,02-Mar-2026,CE,27250.0,,,25471.1
13-Feb-2026,02-Mar-2026,CE,27300.0,9.9,10920.0,25471.1
13-Feb-2026,02-Mar-2026,CE,27350.0,6.0,2015.0,25471.1
13-Feb-2026,02-Mar-2026,CE,27400.0,7.0,9880.0,25471.1
13-Feb-2026,02-Mar-2026,CE,27450.0,7.55,1495.0,25471.1
13-Feb-2026,02-Mar-2026,CE,27500.0,6.0,75400.0,25471.1
13-Feb-2026,02-Mar-2026,CE,27550.0,6.05,1495.0,25471.1
13-Feb-2026,02-Mar-2026,CE,27600.0,5.8,910.0,25471.1
13-Feb-2026,02-Mar-2026,CE,27650.0,5.8,1885.0,25471.1
13-Feb-2026,02-Mar-2026,CE,27700.0,5.65,11895.0,25471.1
13-Feb-2026,02-Mar-2026,PE,23100.0,10.0,44590.0,25471.1
13-Feb-2026,02-Mar-2026,PE,23150.0,9.0,1560.0,25471.1
13-Feb-2026,02-Mar-2026,PE,23200.0,6.05,3770.0,25471.1
13-Feb-2026,02-Mar-2026,PE,23250.0,11.55,585.0,25471.1
13-Feb-2026,02-Mar-2026,PE,23300.0,12.85,10335.0,25471.1
13-Feb-2026,02-Mar-2026,PE,23350.0,12.7,2600.0,25471.1
13-Feb-2026,02-Mar-2026,PE,23400.0,14.5,6110.0,25471.1
13-Feb-2026,02-Mar-2026,PE,23450.0,14.4,2665.0,25471.1
13-Feb-2026,02-Mar-2026,PE,23500.0,13.85,72410.0,25471.1
13-Feb-2026,02-Mar-2026,PE,23550.0,15.65,1170.0,25471.1
13-Feb-2026,02-Mar-2026,PE,23600.0,17.45,4160.0,25471.1
13-Feb-2026,02-Mar-2026,PE,23650.0,16.0,1430.0,25471.1
13-Feb-2026,02-Mar-2026,PE,23700.0,17.85,3315.0,25471.1
13-Feb-2026,02-Mar-2026,PE,23750.0,17.75,715.0,25471.1
13-Feb-2026,02-Mar-2026,PE,23800.0,18.55,3965.0,25471.1
13-Feb-2026,02-Mar-2026,PE,23850.0,21.3,2405.0,25471.1
13-Feb-2026,02-Mar-2026,PE,23900.0,19.45,4745.0,25471.1
13-Feb-2026,02-Mar-2026,PE,23950.0,21.9,4160.0,25471.1
13-Feb-2026,02-Mar-2026,PE,24000.0,23.2,114920.0,25471.1
13-Feb-2026,02-Mar-2026,PE,24050.0,23.9,2990.0,25471.1
13-Feb-2026,02-Mar-2026,PE,24100.0,26.95,17095.0,25471.1
13-Feb-2026,02-Mar-2026,PE,24150.0,28.15,4875.0,25471.1
13-Feb-2026,02-Mar-2026,PE,24200.0,29.4,40170.0,25471.1
13-Feb-2026,02-Mar-2026,PE,24250.0,31.1,4290.0,25471.1
13-Feb-2026,02-Mar-2026,PE,24300.0,32.55,38545.0,25471.1
13-Feb-2026,02-Mar-2026,PE,24350.0,36.0,10530.0,25471.1
13-Feb-2026,02-Mar-2026,PE,24400.0,38.55,92235.0,25471.1
13-Feb-2026,02-Mar-2026,PE,24450.0,40.4,15080.0,25471.1
13-Feb-2026,02-Mar-2026,PE,24500.0,44.0,156975.0,25471.1
13-Feb-2026,02-Mar-2026,PE,24550.0,49.6,11765.0,25471.1
13-Feb-2026,02-Mar-2026,PE,24600.0,50.55,49075.0,25471.1
13-Feb-2026,02-Mar-2026,PE,24650.0,53.95,14495.0,25471.1
13-Feb-2026,02-Mar-2026,PE,24700.0,58.6,75855.0,25471.1
13-Feb-2026,02-Mar-2026,PE,24750.0,60.8,14170.0,25471.1
13-Feb-2026,02-Mar-2026,PE,24800.0,69.55,77350.0,25471.1
13-Feb-2026,02-Mar-2026,PE,24850.0,72.7,10985.0,25471.1
13-Feb-2026,02-Mar-2026,PE,24900.0,78.4,47515.0,25471.1
13-Feb-2026,02-Mar-2026,PE,24950.0,86.7,21775.0,25471.1
13-Feb-2026,02-Mar-2026,PE,25000.0,95.4,262665.0,25471.1
13-Feb-2026,02-Mar-2026,PE,25050.0,106.0,27820.0,25471.1
13-Feb-2026,02-Mar-2026,PE,25100.0,114.2,72930.0,25471.1
13-Feb-2026,02-Mar-2026,PE,25150.0,123.45,18070.0,25471.1
13-Feb-2026,02-Mar-2026,PE,25200.0,137.65,151125.0,25471.1
13-Feb-2026,02-Mar-2026,PE,25250.0,153.95,50245.0,25471.1
13-Feb-2026,02-Mar-2026,PE,25300.0,164.8,114660.0,25471.1
13-Feb-2026,02-Mar-2026,PE,25350.0,181.1,15665.0,25471.1
13-Feb-2026,02-Mar-2026,PE,25400.0,200.8,114075.0,25471.1
13-Feb-2026,02-Mar-2026,PE,25450.0,216.85,18980.0,25471.1
13-Feb-2026,02-Mar-2026,PE,25500.0,240.45,286845.0,25471.1
13-Feb-2026,02-Mar-2026,PE,25550.0,264.25,17940.0,25471.1
13-Feb-2026,02-Mar-2026,PE,25600.0,289.3,104780.0,25471.1
13-Feb-2026,02-Mar-2026,PE,25650.0,309.85,33345.0,25471.1
13-Feb-2026,02-Mar-2026,PE,25700.0,337.65,79820.0,25471.1
13-Feb-2026,02-Mar-2026,PE,25750.0,370.9,23140.0,25471.1
13-Feb-2026,02-Mar-2026,PE,25800.0,409.05,95485.0,25471.1
13-Feb-2026,02-Mar-2026,PE,25850.0,435.65,19890.0,25471.1
13-Feb-2026,02-Mar-2026,PE,25900.0,475.85,47645.0,25471.1
13-Feb-2026,02-Mar-2026,PE,25950.0,483.95,13390.0,25471.1
13-Feb-2026,02-Mar-2026,PE,26000.0,549.55,260065.0,25471.1
13-Feb-2026,02-Mar-2026,PE,26050.0,554.95,4875.0,25471.1
13-Feb-2026,02-Mar-2026,PE,26100.0,630.35,32370.0,25471.1
13-Feb-2026,02-Mar-2026,PE,26150.0,638.95,3510.0,25471.1
13-Feb-2026,02-Mar-2026,PE,26200.0,715.75,40625.0,25471.1
13-Feb-2026,02-Mar-2026,PE,26250.0,687.0,845.0,25471.1
13-Feb-2026,02-Mar-2026,PE,26300.0,795.5,32045.0,25471.1
13-Feb-2026,02-Mar-2026,PE,26350.0,780.0,585.0,25471.1
13-Feb-2026,02-Mar-2026,PE,26400.0,851.0,19695.0,25471.1
13-Feb-2026,02-Mar-2026,PE,26450.0,763.1,325.0,25471.1
13-Feb-2026,02-Mar-2026,PE,26500.0,992.3,19630.0,25471.1
13-Feb-2026,02-Mar-2026,PE,26550.0,980.1,,25471.1
13-Feb-2026,02-Mar-2026,PE,26600.0,1007.0,65.0,25471.1
13-Feb-2026,02-Mar-2026,PE,26650.0,1082.8,65.0,25471.1
13-Feb-2026,02-Mar-2026,PE,26700.0,1131.0,65.0,25471.1
13-Feb-2026,02-Mar-2026,PE,26750.0,1153.75,65.0,25471.1
13-Feb-2026,02-Mar-2026,PE,26800.0,1225.45,65.0,25471.1
13-Feb-2026,02-Mar-2026,PE,26850.0,1284.45,65.0,25471.1
13-Feb-2026,02-Mar-2026,PE,26900.0,1337.6,65.0,25471.1
13-Feb-2026,02-Mar-2026,PE,26950.0,1361.45,130.0,25471.1
13-Feb-2026,02-Mar-2026,PE,27000.0,1422.6,260.0,25471.1
13-Feb-2026,02-Mar-2026,PE,27050.0,1483.65,65.0,25471.1
13-Feb-2026,02-Mar-2026,PE,27100.0,1530.35,65.0,25471.1
13-Feb-2026,02-Mar-2026,PE,27150.0,1535.95,65.0,25471.1
13-Feb-2026,02-Mar-2026,PE,27200.0,1633.5,65.0,25471.1
13-Feb-2026,02-Mar-2026,PE,27250.0,1682.45,65.0,25471.1
13-Feb-2026,02-Mar-2026,PE,27300.0,1413.75,65.0,25471.1
13-Feb-2026,02-Mar-2026,PE,27350.0,1763.65,,25471.1
13-Feb-2026,02-Mar-2026,PE,27400.0,1810.8,,25471.1
13-Feb-2026,02-Mar-2026,PE,27450.0,1870.7,65.0,25471.1
13-Feb-2026,02-Mar-2026,PE,27500.0,1911.6,65.0,25471.1
13-Feb-2026,02-Mar-2026,PE,27550.0,2014.0,65.0,25471.1
13-Feb-2026,02-Mar-2026,PE,27600.0,2026.2,65.0,25471.1
13-Feb-2026,02-Mar-2026,PE,27650.0,2087.85,65.0,25471.1
13-Feb-2026,02-Mar-2026,PE,27700.0,2138.35,65.0,25471.1
13-Feb-2026,10-Mar-2026,CE,23900.0,,,25471.1
13-Feb-2026,10-Mar-2026,CE,23950.0,,,25471.1
13-Feb-2026,10-Mar-2026,CE,24000.0,,,25471.1
13-Feb-2026,10-Mar-2026,CE,24050.0,,,25471.1
13-Feb-2026,10-Mar-2026,CE,24100.0,,,25471.1
13-Feb-2026,10-Mar-2026,CE,24150.0,,,25471.1
13-Feb-2026,10-Mar-2026,CE,24200.0,,,25471.1
13-Feb-2026,10-Mar-2026,CE,24250.0,,,25471.1
13-Feb-2026,10-Mar-2026,CE,24300.0,,,25471.1
13-Feb-2026,10-Mar-2026,CE,24350.0,,,25471.1
13-Feb-2026,10-Mar-2026,CE,24400.0,,,25471.1
13-Feb-2026,10-Mar-2026,CE,24450.0,,,25471.1
13-Feb-2026,10-Mar-2026,CE,24500.0,,,25471.1
13-Feb-2026,10-Mar-2026,CE,24550.0,,,25471.1
13-Feb-2026,10-Mar-2026,CE,24600.0,,,25471.1
13-Feb-2026,10-Mar-2026,CE,24650.0,,,25471.1
13-Feb-2026,10-Mar-2026,CE,24700.0,,,25471.1
13-Feb-2026,10-Mar-2026,CE,24750.0,,,25471.1
13-Feb-2026,10-Mar-2026,CE,24800.0,,,25471.1
13-Feb-2026,10-Mar-2026,CE,24850.0,,,25471.1
13-Feb-2026,10-Mar-2026,CE,24900.0,,,25471.1
13-Feb-2026,10-Mar-2026,CE,24950.0,,,25471.1
13-Feb-2026,10-Mar-2026,CE,25000.0,706.0,130.0,25471.1
13-Feb-2026,10-Mar-2026,CE,25050.0,,,25471.1
13-Feb-2026,10-Mar-2026,CE,25100.0,631.0,5265.0,25471.1
13-Feb-2026,10-Mar-2026,CE,25150.0,,,25471.1
13-Feb-2026,10-Mar-2026,CE,25200.0,569.8,6695.0,25471.1
13-Feb-2026,10-Mar-2026,CE,25250.0,,,25471.1
13-Feb-2026,10-Mar-2026,CE,25300.0,461.05,2990.0,25471.1
13-Feb-2026,10-Mar-2026,CE,25350.0,707.7,65.0,25471.1
13-Feb-2026,10-Mar-2026,CE,25400.0,406.0,3770.0,25471.1
13-Feb-2026,10-Mar-2026,CE,25450.0,374.55,1820.0,25471.1
13-Feb-2026,10-Mar-2026,CE,25500.0,344.9,57785.0,25471.1
13-Feb-2026,10-Mar-2026,CE,25550.0,316.35,6630.0,25471.1
13-Feb-2026,10-Mar-2026,CE,25600.0,288.0,22360.0,25471.1
13-Feb-2026,10-Mar-2026,CE,25650.0,280.6,2275.0,25471.1
13-Feb-2026,10-Mar-2026,CE,25700.0,240.7,18005.0,25471.1
13-Feb-2026,10-Mar-2026,CE,25750.0,211.35,3770.0,25471.1
13-Feb-2026,10-Mar-2026,CE,25800.0,198.05,27105.0,25471.1
13-Feb-2026,10-Mar-2026,CE,25850.0,178.6,9425.0,25471.1
13-Feb-2026,10-Mar-2026,CE,25900.0,162.0,16055.0,25471.1
13-Feb-2026,10-Mar-2026,CE,25950.0,146.5,10920.0,25471.1
13-Feb-2026,10-Mar-2026,CE,26000.0,131.0,94900.0,25471.1
13-Feb-2026,10-Mar-2026,CE,26050.0,120.35,1950.0,25471.1
13-Feb-2026,10-Mar-2026,CE,26100.0,105.8,20930.0,25471.1
13-Feb-2026,10-Mar-2026,CE,26150.0,95.0,3640.0,25471.1
13-Feb-2026,10-Mar-2026,CE,26200.0,85.3,39780.0,25471.1
13-Feb-2026,10-Mar-2026,CE,26250.0,75.05,4875.0,25471.1
13-Feb-2026,10-Mar-2026,CE,26300.0,67.1,22165.0,25471.1
13-Feb-2026,10-Mar-2026,CE,26350.0,,,25471.1
13-Feb-2026,10-Mar-2026,CE,26400.0,54.6,10855.0,25471.1
13-Feb-2026,10-Mar-2026,CE,26450.0,,,25471.1
13-Feb-2026,10-Mar-2026,CE,26500.0,41.0,53430.0,25471.1
13-Feb-2026,10-Mar-2026,CE,26550.0,,,25471.1
13-Feb-2026,10-Mar-2026,CE,26600.0,37.4,20215.0,25471.1
13-Feb-2026,10-Mar-2026,CE,26650.0,,,25471.1
13-Feb-2026,10-Mar-2026,CE,26700.0,,,25471.1
13-Feb-2026,10-Mar-2026,CE,26750.0,,,25471.1
13-Feb-2026,10-Mar-2026,CE,26800.0,,,25471.1
13-Feb-2026,10-Mar-2026,CE,26850.0,26.0,4615.0,25471.1
13-Feb-2026,10-Mar-2026,CE,26900.0,21.75,15405.0,25471.1
13-Feb-2026,10-Mar-2026,CE,26950.0,18.7,975.0,25471.1
13-Feb-2026,10-Mar-2026,CE,27000.0,20.0,45305.0,25471.1
13-Feb-2026,10-Mar-2026,CE,27050.0,,,25471.1
13-Feb-2026,10-Mar-2026,CE,27100.0,16.0,5785.0,25471.1
13-Feb-2026,10-Mar-2026,CE,27150.0,13.7,130.0,25471.1
13-Feb-2026,10-Mar-2026,CE,27200.0,14.8,2015.0,25471.1
13-Feb-2026,10-Mar-2026,CE,27250.0,12.0,4355.0,25471.1
13-Feb-2026,10-Mar-2026,CE,27300.0,11.5,1625.0,25471.1
13-Feb-2026,10-Mar-2026,CE,27350.0,,,25471.1
13-Feb-2026,10-Mar-2026,CE,27400.0,11.45,7670.0,25471.1
13-Feb-2026,10-Mar-2026,CE,27450.0,9.2,1365.0,25471.1
13-Feb-2026,10-Mar-2026,CE,27500.0,8.7,25480.0,25471.1
13-Feb-2026,10-Mar-2026,CE,27550.0,,,25471.1
13-Feb-2026,10-Mar-2026,CE,27600.0,9.5,910.0,25471.1
13-Feb-2026,10-Mar-2026,CE,27650.0,,,25471.1
13-Feb-2026,10-Mar-2026,CE,27700.0,,,25471.1
13-Feb-2026,10-Mar-2026,PE,23900.0,,,25471.1
13-Feb-2026,10-Mar-2026,PE,23950.0,,,25471.1
13-Feb-2026,10-Mar-2026,PE,24000.0,28.6,25805.0,25471.1
13-Feb-2026,10-Mar-2026,PE,24050.0,34.5,,25471.1
13-Feb-2026,10-Mar-2026,PE,24100.0,39.3,130.0,25471.1
13-Feb-2026,10-Mar-2026,PE,24150.0,34.35,130.0,25471.1
13-Feb-2026,10-Mar-2026,PE,24200.0,43.25,9815.0,25471.1
13-Feb-2026,10-Mar-2026,PE,24250.0,44.2,130.0,25471.1
13-Feb-2026,10-Mar-2026,PE,24300.0,46.2,1885.0,25471.1
13-Feb-2026,10-Mar-2026,PE,24350.0,41.45,,25471.1
13-Feb-2026,10-Mar-2026,PE,24400.0,59.0,325.0,25471.1
13-Feb-2026,10-Mar-2026,PE,24450.0,54.35,65.0,25471.1
13-Feb-2026,10-Mar-2026,PE,24500.0,61.4,24570.0,25471.1
13-Feb-2026,10-Mar-2026,PE,24550.0,59.35,,25471.1
13-Feb-2026,10-Mar-2026,PE,24600.0,71.15,9555.0,25471.1
13-Feb-2026,10-Mar-2026,PE,24650.0,68.95,,25471.1
13-Feb-2026,10-Mar-2026,PE,24700.0,79.5,2535.0,25471.1
13-Feb-2026,10-Mar-2026,PE,24750.0,80.0,1170.0,25471.1
13-Feb-2026,10-Mar-2026,PE,24800.0,91.0,8320.0,25471.1
13-Feb-2026,10-Mar-2026,PE,24850.0,79.2,,25471.1
13-Feb-2026,10-Mar-2026,PE,24900.0,108.25,8255.0,25471.1
13-Feb-2026,10-Mar-2026,PE,24950.0,90.95,,25471.1
13-Feb-2026,10-Mar-2026,PE,25000.0,125.4,64805.0,25471.1
13-Feb-2026,10-Mar-2026,PE,25050.0,109.65,455.0,25471.1
13-Feb-2026,10-Mar-2026,PE,25100.0,145.7,7150.0,25471.1
13-Feb-2026,10-Mar-2026,PE,25150.0,133.95,65.0,25471.1
13-Feb-2026,10-Mar-2026,PE,25200.0,168.8,11765.0,25471.1
13-Feb-2026,10-Mar-2026,PE,25250.0,166.0,195.0,25471.1
13-Feb-2026,10-Mar-2026,PE,25300.0,198.15,14040.0,25471.1
13-Feb-2026,10-Mar-2026,PE,25350.0,204.0,1690.0,25471.1
13-Feb-2026,10-Mar-2026,PE,25400.0,229.85,12740.0,25471.1
13-Feb-2026,10-Mar-2026,PE,25450.0,256.55,1430.0,25471.1
13-Feb-2026,10-Mar-2026,PE,25500.0,276.0,35230.0,25471.1
13-Feb-2026,10-Mar-2026,PE,25550.0,291.25,4290.0,25471.1
13-Feb-2026,10-Mar-2026,PE,25600.0,319.0,15080.0,25471.1
13-Feb-2026,10-Mar-2026,PE,25650.0,337.2,1170.0,25471.1
13-Feb-2026,10-Mar-2026,PE,25700.0,364.15,9945.0,25471.1
13-Feb-2026,10-Mar-2026,PE,25750.0,363.1,3900.0,25471.1
13-Feb-2026,10-Mar-2026,PE,25800.0,421.55,12090.0,25471.1
13-Feb-2026,10-Mar-2026,PE,25850.0,395.8,1365.0,25471.1
13-Feb-2026,10-Mar-2026,PE,25900.0,453.6,8645.0,25471.1
13-Feb-2026,10-Mar-2026,PE,25950.0,452.45,2015.0,25471.1
13-Feb-2026,10-Mar-2026,PE,26000.0,554.0,38935.0,25471.1
13-Feb-2026,10-Mar-2026,PE,26050.0,523.8,520.0,25471.1
13-Feb-2026,10-Mar-2026,PE,26100.0,545.6,5525.0,25471.1
13-Feb-2026,10-Mar-2026,PE,26150.0,624.0,,25471.1
13-Feb-2026,10-Mar-2026,PE,26200.0,602.0,520.0,25471.1
13-Feb-2026,10-Mar-2026,PE,26250.0,702.35,65.0,25471.1
13-Feb-2026,10-Mar-2026,PE,26300.0,736.9,260.0,25471.1
13-Feb-2026,10-Mar-2026,PE,26350.0,,,25471.1
13-Feb-2026,10-Mar-2026,PE,26400.0,,,25471.1
13-Feb-2026,10-Mar-2026,PE,26450.0,,,25471.1
13-Feb-2026,10-Mar-2026,PE,26500.0,918.95,65.0,25471.1
13-Feb-2026,10-Mar-2026,PE,26550.0,,,25471.1
13-Feb-2026,10-Mar-2026,PE,26600.0,,,25471.1
13-Feb-2026,10-Mar-2026,PE,26650.0,,,25471.1
13-Feb-2026,10-Mar-2026,PE,26700.0,,,25471.1
13-Feb-2026,10-Mar-2026,PE,26750.0,,,25471.1
13-Feb-2026,10-Mar-2026,PE,26800.0,,,25471.1
13-Feb-2026,10-Mar-2026,PE,26850.0,,,25471.1
13-Feb-2026,10-Mar-2026,PE,26900.0,1292.85,,25471.1
13-Feb-2026,10-Mar-2026,PE,26950.0,,,25471.1
13-Feb-2026,10-Mar-2026,PE,27000.0,,,25471.1
13-Feb-2026,10-Mar-2026,PE,27050.0,,,25471.1
13-Feb-2026,10-Mar-2026,PE,27100.0,,,25471.1
13-Feb-2026,10-Mar-2026,PE,27150.0,,,25471.1
13-Feb-2026,10-Mar-2026,PE,27200.0,,,25471.1
13-Feb-2026,10-Mar-2026,PE,27250.0,,,25471.1
13-Feb-2026,10-Mar-2026,PE,27300.0,,,25471.1
13-Feb-2026,10-Mar-2026,PE,27350.0,,,25471.1
13-Feb-2026,10-Mar-2026,PE,27400.0,,,25471.1
13-Feb-2026,10-Mar-2026,PE,27450.0,,,25471.1
13-Feb-2026,10-Mar-2026,PE,27500.0,,,25471.1
13-Feb-2026,10-Mar-2026,PE,27550.0,,,25471.1
13-Feb-2026,10-Mar-2026,PE,27600.0,,,25471.1
13-Feb-2026,10-Mar-2026,PE,27650.0,,,25471.1
13-Feb-2026,10-Mar-2026,PE,27700.0,,,25471.1
16-Feb-2026,17-Feb-2026,CE,23100.0,2866.0,65.0,25682.75
16-Feb-2026,17-Feb-2026,CE,23150.0,2811.3,65.0,25682.75
16-Feb-2026,17-Feb-2026,CE,23200.0,2400.0,390.0,25682.75
16-Feb-2026,17-Feb-2026,CE,23250.0,2468.45,260.0,25682.75
16-Feb-2026,17-Feb-2026,CE,23300.0,2293.0,390.0,25682.75
16-Feb-2026,17-Feb-2026,CE,23350.0,2608.85,195.0,25682.75
16-Feb-2026,17-Feb-2026,CE,23400.0,2211.2,195.0,25682.75
16-Feb-2026,17-Feb-2026,CE,23450.0,2154.5,195.0,25682.75
16-Feb-2026,17-Feb-2026,CE,23500.0,2193.65,4550.0,25682.75
16-Feb-2026,17-Feb-2026,CE,23550.0,2388.05,195.0,25682.75
16-Feb-2026,17-Feb-2026,CE,23600.0,2090.0,390.0,25682.75
16-Feb-2026,17-Feb-2026,CE,23650.0,2317.3,260.0,25682.75
16-Feb-2026,17-Feb-2026,CE,23700.0,1893.0,325.0,25682.75
16-Feb-2026,17-Feb-2026,CE,23750.0,2191.5,195.0,25682.75
16-Feb-2026,17-Feb-2026,CE,23800.0,1800.0,520.0,25682.75
16-Feb-2026,17-Feb-2026,CE,23850.0,1664.5,195.0,25682.75
16-Feb-2026,17-Feb-2026,CE,23900.0,1698.0,260.0,25682.75
16-Feb-2026,17-Feb-2026,CE,23950.0,1565.1,390.0,25682.75
16-Feb-2026,17-Feb-2026,CE,24000.0,1700.0,27560.0,25682.75
16-Feb-2026,17-Feb-2026,CE,24050.0,1477.65,260.0,25682.75
16-Feb-2026,17-Feb-2026,CE,24100.0,1492.0,910.0,25682.75
16-Feb-2026,17-Feb-2026,CE,24150.0,1382.5,390.0,25682.75
16-Feb-2026,17-Feb-2026,CE,24200.0,1391.8,845.0,25682.75
16-Feb-2026,17-Feb-2026,CE,24250.0,1338.2,1365.0,25682.75
16-Feb-2026,17-Feb-2026,CE,24300.0,1390.45,520.0,25682.75
16-Feb-2026,17-Feb-2026,CE,24350.0,1235.05,4810.0,25682.75
16-Feb-2026,17-Feb-2026,CE,24400.0,1302.55,3055.0,25682.75
16-Feb-2026,17-Feb-2026,CE,24450.0,1250.0,650.0,25682.75
16-Feb-2026,17-Feb-2026,CE,24500.0,1209.0,19630.0,25682.75
16-Feb-2026,17-Feb-2026,CE,24550.0,1040.0,2015.0,25682.75
16-Feb-2026,17-Feb-2026,CE,24600.0,1109.5,6565.0,25682.75
16-Feb-2026,17-Feb-2026,CE,24650.0,1030.0,2015.0,25682.75
16-Feb-2026,17-Feb-2026,CE,24700.0,1001.3,13975.0,25682.75
16-Feb-2026,17-Feb-2026,CE,24750.0,952.0,9035.0,25682.75
16-Feb-2026,17-Feb-2026,CE,24800.0,906.0,38220.0,25682.75
16-Feb-2026,17-Feb-2026,CE,24850.0,858.15,14560.0,25682.75
16-Feb-2026,17-Feb-2026,CE,24900.0,803.0,28275.0,25682.75
16-Feb-2026,17-Feb-2026,CE,24950.0,754.0,20085.0,25682.75
16-Feb-2026,17-Feb-2026,CE,25000.0,715.8,128310.0,25682.75
16-Feb-2026,17-Feb-2026,CE,25050.0,657.75,27690.0,25682.75
16-Feb-2026,17-Feb-2026,CE,25100.0,612.0,68705.0,25682.75
16-Feb-2026,17-Feb-2026,CE,25150.0,562.65,58565.0,25682.75
16-Feb-2026,17-Feb-2026,CE,25200.0,514.6,176865.0,25682.75
16-Feb-2026,17-Feb-2026,CE,25250.0,465.45,63570.0,25682.75
16-Feb-2026,17-Feb-2026,CE,25300.0,416.9,409435.0,25682.75
16-Feb-2026,17-Feb-2026,CE,25350.0,368.05,185640.0,25682.75
16-Feb-2026,17-Feb-2026,CE,25400.0,320.75,694330.0,25682.75
16-Feb-2026,17-Feb-2026,CE,25450.0,273.8,767845.0,25682.75
16-Feb-2026,17-Feb-2026,CE,25500.0,226.0,3176615.0,25682.75
16-Feb-2026,17-Feb-2026,CE,25550.0,181.55,1990755.0,25682.75
16-Feb-2026,17-Feb-2026,CE,25600.0,139.25,5753345.0,25682.75
16-Feb-2026,17-Feb-2026,CE,25650.0,104.05,3407885.0,25682.75
16-Feb-2026,17-Feb-2026,CE,25700.0,75.4,8290620.0,25682.75
16-Feb-2026,17-Feb-2026,CE,25750.0,52.55,5297370.0,25682.75
16-Feb-2026,17-Feb-2026,CE,25800.0,37.4,9887605.0,25682.75
16-Feb-2026,17-Feb-2026,CE,25850.0,27.75,5892770.0,25682.75
16-Feb-2026,17-Feb-2026,CE,25900.0,21.15,9363835.0,25682.75
16-Feb-2026,17-Feb-2026,CE,25950.0,16.7,5325515.0,25682.75
16-Feb-2026,17-Feb-2026,CE,26000.0,13.05,13689780.0,25682.75
16-Feb-2026,17-Feb-2026,CE,26050.0,10.05,4025060.0,25682.75
16-Feb-2026,17-Feb-2026,CE,26100.0,8.0,7144020.0,25682.75
16-Feb-2026,17-Feb-2026,CE,26150.0,6.4,2220530.0,25682.75
16-Feb-2026,17-Feb-2026,CE,26200.0,5.1,6320145.0,25682.75
16-Feb-2026,17-Feb-2026,CE,26250.0,4.05,2309645.0,25682.75
16-Feb-2026,17-Feb-2026,CE,26300.0,3.25,5527925.0,25682.75
16-Feb-2026,17-Feb-2026,CE,26350.0,2.5,2086240.0,25682.75
16-Feb-2026,17-Feb-2026,CE,26400.0,2.15,5270720.0,25682.75
16-Feb-2026,17-Feb-2026,CE,26450.0,1.95,1881230.0,25682.75
16-Feb-2026,17-Feb-2026,CE,26500.0,1.85,12401480.0,25682.75
16-Feb-2026,17-Feb-2026,CE,26550.0,1.5,1726075.0,25682.75
16-Feb-2026,17-Feb-2026,CE,26600.0,1.35,3582215.0,25682.75
16-Feb-2026,17-Feb-2026,CE,26650.0,1.35,807040.0,25682.75
16-Feb-2026,17-Feb-2026,CE,26700.0,1.2,3439085.0,25682.75
16-Feb-2026,17-Feb-2026,CE,26750.0,1.2,773175.0,25682.75
16-Feb-2026,17-Feb-2026,CE,26800.0,1.2,4861935.0,25682.75
16-Feb-2026,17-Feb-2026,CE,26850.0,1.15,718900.0,25682.75
16-Feb-2026,17-Feb-2026,CE,26900.0,1.15,2459340.0,25682.75
16-Feb-2026,17-Feb-2026,CE,26950.0,1.1,374075.0,25682.75
16-Feb-2026,17-Feb-2026,CE,27000.0,1.1,8822840.0,25682.75
16-Feb-2026,17-Feb-2026,CE,27050.0,1.1,460655.0,25682.75
16-Feb-2026,17-Feb-2026,CE,27100.0,0.95,1172275.0,25682.75
16-Feb-2026,17-Feb-2026,CE,27150.0,0.95,997685.0,25682.75
16-Feb-2026,17-Feb-2026,CE,27200.0,1.0,2513030.0,25682.75
16-Feb-2026,17-Feb-2026,CE,27250.0,0.95,419055.0,25682.75
16-Feb-2026,17-Feb-2026,CE,27300.0,0.95,1668550.0,25682.75
16-Feb-2026,17-Feb-2026,CE,27350.0,0.95,249665.0,25682.75
16-Feb-2026,17-Feb-2026,CE,27400.0,1.05,2351570.0,25682.75
16-Feb-2026,17-Feb-2026,CE,27450.0,0.7,650390.0,25682.75
16-Feb-2026,17-Feb-2026,CE,27500.0,0.75,6536530.0,25682.75
16-Feb-2026,17-Feb-2026,CE,27550.0,0.75,517595.0,25682.75
16-Feb-2026,17-Feb-2026,CE,27600.0,0.7,1698060.0,25682.75
16-Feb-2026,17-Feb-2026,CE,27650.0,0.65,579280.0,25682.75
16-Feb-2026,17-Feb-2026,CE,27700.0,0.55,3568435.0,25682.75
16-Feb-2026,17-Feb-2026,PE,23100.0,1.55,7654790.0,25682.75
16-Feb-2026,17-Feb-2026,PE,23150.0,1.45,979680.0,25682.75
16-Feb-2026,17-Feb-2026,PE,23200.0,1.7,1836835.0,25682.75
16-Feb-2026,17-Feb-2026,PE,23250.0,1.6,147290.0,25682.75
16-Feb-2026,17-Feb-2026,PE,23300.0,1.7,1082055.0,25682.75
16-Feb-2026,17-Feb-2026,PE,23350.0,1.75,176345.0,25682.75
16-Feb-2026,17-Feb-2026,PE,23400.0,1.75,392470.0,25682.75
16-Feb-2026,17-Feb-2026,PE,23450.0,1.8,244530.0,25682.75
16-Feb-2026,17-Feb-2026,PE,23500.0,1.7,3892850.0,25682.75
16-Feb-2026,17-Feb-2026,PE,23550.0,1.85,484120.0,25682.75
16-Feb-2026,17-Feb-2026,PE,23600.0,1.9,1011660.0,25682.75
16-Feb-2026,17-Feb-2026,PE,23650.0,2.0,395590.0,25682.75
16-Feb-2026,17-Feb-2026,PE,23700.0,2.0,1086735.0,25682.75
16-Feb-2026,17-Feb-2026,PE,23750.0,2.2,362375.0,25682.75
16-Feb-2026,17-Feb-2026,PE,23800.0,2.35,1118455.0,25682.75
16-Feb-2026,17-Feb-2026,PE,23850.0,2.4,260065.0,25682.75
16-Feb-2026,17-Feb-2026,PE,23900.0,2.5,773370.0,25682.75
16-Feb-2026,17-Feb-2026,PE,23950.0,2.55,433940.0,25682.75
16-Feb-2026,17-Feb-2026,PE,24000.0,2.85,10817430.0,25682.75
16-Feb-2026,17-Feb-2026,PE,24050.0,2.8,419640.0,25682.75
16-Feb-2026,17-Feb-2026,PE,24100.0,2.9,1463930.0,25682.75
16-Feb-2026,17-Feb-2026,PE,24150.0,3.15,417300.0,25682.75
16-Feb-2026,17-Feb-2026,PE,24200.0,3.25,3247140.0,25682.75
16-Feb-2026,17-Feb-2026,PE,24250.0,3.45,535145.0,25682.75
16-Feb-2026,17-Feb-2026,PE,24300.0,3.6,3975335.0,25682.75
16-Feb-2026,17-Feb-2026,PE,24350.0,3.8,743795.0,25682.75
16-Feb-2026,17-Feb-2026,PE,24400.0,3.85,3254875.0,25682.75
16-Feb-2026,17-Feb-2026,PE,24450.0,4.2,711750.0,25682.75
16-Feb-2026,17-Feb-2026,PE,24500.0,4.5,12371190.0,25682.75
16-Feb-2026,17-Feb-2026,PE,24550.0,4.65,982670.0,25682.75
16-Feb-2026,17-Feb-2026,PE,24600.0,5.0,3987750.0,25682.75
16-Feb-2026,17-Feb-2026,PE,24650.0,5.15,1253915.0,25682.75
16-Feb-2026,17-Feb-2026,PE,24700.0,5.4,4629820.0,25682.75
16-Feb-2026,17-Feb-2026,PE,24750.0,5.6,1203670.0,25682.75
16-Feb-2026,17-Feb-2026,PE,24800.0,6.1,4182425.0,25682.75
16-Feb-2026,17-Feb-2026,PE,24850.0,6.65,1754870.0,25682.75
16-Feb-2026,17-Feb-2026,PE,24900.0,7.0,3497845.0,25682.75
16-Feb-2026,17-Feb-2026,PE,24950.0,7.55,1649505.0,25682.75
16-Feb-2026,17-Feb-2026,PE,25000.0,8.15,7944690.0,25682.75
16-Feb-2026,17-Feb-2026,PE,25050.0,8.75,1393665.0,25682.75
16-Feb-2026,17-Feb-2026,PE,25100.0,9.4,4315480.0,25682.75
16-Feb-2026,17-Feb-2026,PE,25150.0,10.0,2434965.0,25682.75
16-Feb-2026,17-Feb-2026,PE,25200.0,10.75,6160960.0,25682.75
16-Feb-2026,17-Feb-2026,PE,25250.0,11.9,3359655.0,25682.75
16-Feb-2026,17-Feb-2026,PE,25300.0,13.1,6783725.0,25682.75
16-Feb-2026,17-Feb-2026,PE,25350.0,14.7,4034420.0,25682.75
16-Feb-2026,17-Feb-2026,PE,25400.0,16.65,10120955.0,25682.75
16-Feb-2026,17-Feb-2026,PE,25450.0,19.1,7195760.0,25682.75
16-Feb-2026,17-Feb-2026,PE,25500.0,22.35,14139450.0,25682.75
16-Feb-2026,17-Feb-2026,PE,25550.0,27.75,7081815.0,25682.75
16-Feb-2026,17-Feb-2026,PE,25600.0,36.45,10516610.0,25682.75
16-Feb-2026,17-Feb-2026,PE,25650.0,50.15,5141630.0,25682.75
16-Feb-2026,17-Feb-2026,PE,25700.0,70.35,6466330.0,25682.75
16-Feb-2026,17-Feb-2026,PE,25750.0,97.8,1347710.0,25682.75
16-Feb-2026,17-Feb-2026,PE,25800.0,133.3,1944150.0,25682.75
16-Feb-2026,17-Feb-2026,PE,25850.0,172.9,634075.0,25682.75
16-Feb-2026,17-Feb-2026,PE,25900.0,216.65,1081795.0,25682.75
16-Feb-2026,17-Feb-2026,PE,25950.0,262.4,458835.0,25682.75
16-Feb-2026,17-Feb-2026,PE,26000.0,309.2,1177540.0,25682.75
16-Feb-2026,17-Feb-2026,PE,26050.0,357.0,89245.0,25682.75
16-Feb-2026,17-Feb-2026,PE,26100.0,402.0,444795.0,25682.75
16-Feb-2026,17-Feb-2026,PE,26150.0,453.7,75205.0,25682.75
16-Feb-2026,17-Feb-2026,PE,26200.0,501.1,189345.0,25682.75
16-Feb-2026,17-Feb-2026,PE,26250.0,550.0,69680.0,25682.75
16-Feb-2026,17-Feb-2026,PE,26300.0,600.0,219375.0,25682.75
16-Feb-2026,17-Feb-2026,PE,26350.0,654.4,31395.0,25682.75
16-Feb-2026,17-Feb-2026,PE,26400.0,700.0,77350.0,25682.75
16-Feb-2026,17-Feb-2026,PE,26450.0,759.4,24570.0,25682.75
16-Feb-2026,17-Feb-2026,PE,26500.0,797.0,153010.0,25682.75
16-Feb-2026,17-Feb-2026,PE,26550.0,890.0,15470.0,25682.75
16-Feb-2026,17-Feb-2026,PE,26600.0,903.4,59540.0,25682.75
16-Feb-2026,17-Feb-2026,PE,26650.0,963.25,14040.0,25682.75
16-Feb-2026,17-Feb-2026,PE,26700.0,1001.25,16770.0,25682.75
16-Feb-2026,17-Feb-2026,PE,26750.0,1063.25,5330.0,25682.75
16-Feb-2026,17-Feb-2026,PE,26800.0,1101.2,17225.0,25682.75
16-Feb-2026,17-Feb-2026,PE,26850.0,1233.55,325.0,25682.75
16-Feb-2026,17-Feb-2026,PE,26900.0,1212.55,6630.0,25682.75
16-Feb-2026,17-Feb-2026,PE,26950.0,1250.0,910.0,25682.75
16-Feb-2026,17-Feb-2026,PE,27000.0,1298.8,29315.0,25682.75
16-Feb-2026,17-Feb-2026,PE,27050.0,1057.7,260.0,25682.75
16-Feb-2026,17-Feb-2026,PE,27100.0,1478.3,715.0,25682.75
16-Feb-2026,17-Feb-2026,PE,27150.0,1676.6,520.0,25682.75
16-Feb-2026,17-Feb-2026,PE,27200.0,1500.0,390.0,25682.75
16-Feb-2026,17-Feb-2026,PE,27250.0,1681.0,3185.0,25682.75
16-Feb-2026,17-Feb-2026,PE,27300.0,1761.9,2600.0,25682.75
16-Feb-2026,17-Feb-2026,PE,27350.0,1353.2,65.0,25682.75
16-Feb-2026,17-Feb-2026,PE,27400.0,1718.25,455.0,25682.75
16-Feb-2026,17-Feb-2026,PE,27450.0,1782.35,325.0,25682.75
16-Feb-2026,17-Feb-2026,PE,27500.0,1800.0,6890.0,25682.75
16-Feb-2026,17-Feb-2026,PE,27550.0,2065.0,260.0,25682.75
16-Feb-2026,17-Feb-2026,PE,27600.0,1852.1,325.0,25682.75
16-Feb-2026,17-Feb-2026,PE,27650.0,2103.85,14170.0,25682.75
16-Feb-2026,17-Feb-2026,PE,27700.0,2073.1,325.0,25682.75
16-Feb-2026,02-Mar-2026,CE,23100.0,2661.5,65.0,25682.75
16-Feb-2026,02-Mar-2026,CE,23150.0,2611.2,65.0,25682.75
16-Feb-2026,02-Mar-2026,CE,23200.0,2547.45,,25682.75
16-Feb-2026,02-Mar-2026,CE,23250.0,2498.7,,25682.75
16-Feb-2026,02-Mar-2026,CE,23300.0,2445.45,130.0,25682.75
16-Feb-2026,02-Mar-2026,CE,23350.0,2396.45,130.0,25682.75
16-Feb-2026,02-Mar-2026,CE,23400.0,2172.85,130.0,25682.75
16-Feb-2026,02-Mar-2026,CE,23450.0,2296.3,130.0,25682.75
16-Feb-2026,02-Mar-2026,CE,23500.0,2244.45,130.0,25682.75
16-Feb-2026,02-Mar-2026,CE,23550.0,2202.7,130.0,25682.75
16-Feb-2026,02-Mar-2026,CE,23600.0,2156.45,130.0,25682.75
16-Feb-2026,02-Mar-2026,CE,23650.0,2099.5,130.0,25682.75
16-Feb-2026,02-Mar-2026,CE,23700.0,2057.95,130.0,25682.75
16-Feb-2026,02-Mar-2026,CE,23750.0,2008.7,130.0,25682.75
16-Feb-2026,02-Mar-2026,CE,23800.0,1958.8,130.0,25682.75
16-Feb-2026,02-Mar-2026,CE,23850.0,1909.05,130.0,25682.75
16-Feb-2026,02-Mar-2026,CE,23900.0,1854.9,130.0,25682.75
16-Feb-2026,02-Mar-2026,CE,23950.0,1800.5,130.0,25682.75
16-Feb-2026,02-Mar-2026,CE,24000.0,1734.25,2080.0,25682.75
16-Feb-2026,02-Mar-2026,CE,24050.0,1713.55,130.0,25682.75
16-Feb-2026,02-Mar-2026,CE,24100.0,1631.5,1170.0,25682.75
16-Feb-2026,02-Mar-2026,CE,24150.0,1608.55,65.0,25682.75
16-Feb-2026,02-Mar-2026,CE,24200.0,1578.65,195.0,25682.75
16-Feb-2026,02-Mar-2026,CE,24250.0,1506.4,130.0,25682.75
16-Feb-2026,02-Mar-2026,CE,24300.0,1476.15,130.0,25682.75
16-Feb-2026,02-Mar-2026,CE,24350.0,1420.1,130.0,25682.75
16-Feb-2026,02-Mar-2026,CE,24400.0,1372.05,130.0,25682.75
16-Feb-2026,02-Mar-2026,CE,24450.0,1311.55,65.0,25682.75
16-Feb-2026,02-Mar-2026,CE,24500.0,1241.95,4225.0,25682.75
16-Feb-2026,02-Mar-2026,CE,24550.0,1223.65,260.0,25682.75
16-Feb-2026,02-Mar-2026,CE,24600.0,1148.35,780.0,25682.75
16-Feb-2026,02-Mar-2026,CE,24650.0,1100.45,780.0,25682.75
16-Feb-2026,02-Mar-2026,CE,24700.0,1066.25,1950.0,25682.75
16-Feb-2026,02-Mar-2026,CE,24750.0,1026.05,130.0,25682.75
16-Feb-2026,02-Mar-2026,CE,24800.0,1004.4,3835.0,25682.75
16-Feb-2026,02-Mar-2026,CE,24850.0,912.35,1040.0,25682.75
16-Feb-2026,02-Mar-2026,CE,24900.0,900.8,4550.0,25682.75
16-Feb-2026,02-Mar-2026,CE,24950.0,838.95,2795.0,25682.75
16-Feb-2026,02-Mar-2026,CE,25000.0,818.0,45630.0,25682.75
16-Feb-2026,02-Mar-2026,CE,25050.0,650.1,2795.0,25682.75
16-Feb-2026,02-Mar-2026,CE,25100.0,718.0,6695.0,25682.75
16-Feb-2026,02-Mar-2026,CE,25150.0,674.0,2210.0,25682.75
16-Feb-2026,02-Mar-2026,CE,25200.0,634.0,75205.0,25682.75
16-Feb-2026,02-Mar-2026,CE,25250.0,594.1,3770.0,25682.75
16-Feb-2026,02-Mar-2026,CE,25300.0,557.95,32240.0,25682.75
16-Feb-2026,02-Mar-2026,CE,25350.0,515.4,12545.0,25682.75
16-Feb-2026,02-Mar-2026,CE,25400.0,474.05,70200.0,25682.75
16-Feb-2026,02-Mar-2026,CE,25450.0,434.55,19500.0,25682.75
16-Feb-2026,02-Mar-2026,CE,25500.0,400.0,216320.0,25682.75
16-Feb-2026,02-Mar-2026,CE,25550.0,362.1,36075.0,25682.75
16-Feb-2026,02-Mar-2026,CE,25600.0,329.8,159055.0,25682.75
16-Feb-2026,02-Mar-2026,CE,25650.0,296.6,44200.0,25682.75
16-Feb-2026,02-Mar-2026,CE,25700.0,267.0,142480.0,25682.75
16-Feb-2026,02-Mar-2026,CE,25750.0,242.9,45955.0,25682.75
16-Feb-2026,02-Mar-2026,CE,25800.0,212.0,229060.0,25682.75
16-Feb-2026,02-Mar-2026,CE,25850.0,188.0,77090.0,25682.75
16-Feb-2026,02-Mar-2026,CE,25900.0,163.95,151840.0,25682.75
16-Feb-2026,02-Mar-2026,CE,25950.0,146.9,64870.0,25682.75
16-Feb-2026,02-Mar-2026,CE,26000.0,127.1,505115.0,25682.75
16-Feb-2026,02-Mar-2026,CE,26050.0,107.45,27105.0,25682.75
16-Feb-2026,02-Mar-2026,CE,26100.0,95.0,143845.0,25682.75
16-Feb-2026,02-Mar-2026,CE,26150.0,81.85,33735.0,25682.75
16-Feb-2026,02-Mar-2026,CE,26200.0,72.25,262470.0,25682.75
16-Feb-2026,02-Mar-2026,CE,26250.0,62.6,51025.0,25682.75
16-Feb-2026,02-Mar-2026,CE,26300.0,53.95,206895.0,25682.75
16-Feb-2026,02-Mar-2026,CE,26350.0,46.1,30420.0,25682.75
16-Feb-2026,02-Mar-2026,CE,26400.0,40.75,160810.0,25682.75
16-Feb-2026,02-Mar-2026,CE,26450.0,34.35,18200.0,25682.75
16-Feb-2026,02-Mar-2026,CE,26500.0,30.4,264875.0,25682.75
16-Feb-2026,02-Mar-2026,CE,26550.0,26.75,19825.0,25682.75
16-Feb-2026,02-Mar-2026,CE,26600.0,24.0,106860.0,25682.75
16-Feb-2026,02-Mar-2026,CE,26650.0,22.05,13130.0,25682.75
16-Feb-2026,02-Mar-2026,CE,26700.0,19.85,92755.0,25682.75
16-Feb-2026,02-Mar-2026,CE,26750.0,16.9,21775.0,25682.75
16-Feb-2026,02-Mar-2026,CE,26800.0,15.1,94250.0,25682.75
16-Feb-2026,02-Mar-2026,CE,26850.0,13.9,14235.0,25682.75
16-Feb-2026,02-Mar-2026,CE,26900.0,14.05,33735.0,25682.75
16-Feb-2026,02-Mar-2026,CE,26950.0,11.6,12285.0,25682.75
16-Feb-2026,02-Mar-2026,CE,27000.0,11.0,259155.0,25682.75
16-Feb-2026,02-Mar-2026,CE,27050.0,10.45,11245.0,25682.75
16-Feb-2026,02-Mar-2026,CE,27100.0,9.0,19500.0,25682.75
16-Feb-2026,02-Mar-2026,CE,27150.0,7.4,7280.0,25682.75
16-Feb-2026,02-Mar-2026,CE,27200.0,6.25,35165.0,25682.75
16-Feb-2026,02-Mar-2026,CE,27250.0,5.55,1820.0,25682.75
16-Feb-2026,02-Mar-2026,CE,27300.0,5.2,15795.0,25682.75
16-Feb-2026,02-Mar-2026,CE,27350.0,5.9,2340.0,25682.75
16-Feb-2026,02-Mar-2026,CE,27400.0,4.25,7995.0,25682.75
16-Feb-2026,02-Mar-2026,CE,27450.0,5.5,1625.0,25682.75
16-Feb-2026,02-Mar-2026,CE,27500.0,4.15,81900.0,25682.75
16-Feb-2026,02-Mar-2026,CE,27550.0,5.0,2795.0,25682.75
16-Feb-2026,02-Mar-2026,CE,27600.0,5.0,3250.0,25682.75
16-Feb-2026,02-Mar-2026,CE,27650.0,3.7,3835.0,25682.75
16-Feb-2026,02-Mar-2026,CE,27700.0,3.35,15340.0,25682.75
16-Feb-2026,02-Mar-2026,PE,23100.0,9.15,61360.0,25682.75
16-Feb-2026,02-Mar-2026,PE,23150.0,11.0,2665.0,25682.75
16-Feb-2026,02-Mar-2026,PE,23200.0,10.45,9425.0,25682.75
16-Feb-2026,02-Mar-2026,PE,23250.0,9.2,1495.0,25682.75
16-Feb-2026,02-Mar-2026,PE,23300.0,11.9,10725.0,25682.75
16-Feb-2026,02-Mar-2026,PE,23350.0,11.0,2665.0,25682.75
16-Feb-2026,02-Mar-2026,PE,23400.0,13.25,5785.0,25682.75
16-Feb-2026,02-Mar-2026,PE,23450.0,11.6,3315.0,25682.75
16-Feb-2026,02-Mar-2026,PE,23500.0,13.9,75530.0,25682.75
16-Feb-2026,02-Mar-2026,PE,23550.0,15.6,1300.0,25682.75
16-Feb-2026,02-Mar-2026,PE,23600.0,12.85,4875.0,25682.75
16-Feb-2026,02-Mar-2026,PE,23650.0,13.9,1495.0,25682.75
16-Feb-2026,02-Mar-2026,PE,23700.0,15.0,5460.0,25682.75
16-Feb-2026,02-Mar-2026,PE,23750.0,15.9,845.0,25682.75
16-Feb-2026,02-Mar-2026,PE,23800.0,15.65,14560.0,25682.75
16-Feb-2026,02-Mar-2026,PE,23850.0,17.0,2015.0,25682.75
16-Feb-2026,02-Mar-2026,PE,23900.0,17.0,5915.0,25682.75
16-Feb-2026,02-Mar-2026,PE,23950.0,17.8,3965.0,25682.75
16-Feb-2026,02-Mar-2026,PE,24000.0,20.05,145990.0,25682.75
16-Feb-2026,02-Mar-2026,PE,24050.0,20.1,5070.0,25682.75
16-Feb-2026,02-Mar-2026,PE,24100.0,20.9,14885.0,25682.75
16-Feb-2026,02-Mar-2026,PE,24150.0,22.35,6565.0,25682.75
16-Feb-2026,02-Mar-2026,PE,24200.0,22.5,43420.0,25682.75
16-Feb-2026,02-Mar-2026,PE,24250.0,24.55,9750.0,25682.75
16-Feb-2026,02-Mar-2026,PE,24300.0,23.7,33215.0,25682.75
16-Feb-2026,02-Mar-2026,PE,24350.0,25.65,10855.0,25682.75
16-Feb-2026,02-Mar-2026,PE,24400.0,26.8,43810.0,25682.75
16-Feb-2026,02-Mar-2026,PE,24450.0,28.6,12740.0,25682.75
16-Feb-2026,02-Mar-2026,PE,24500.0,29.5,214240.0,25682.75
16-Feb-2026,02-Mar-2026,PE,24550.0,31.05,13000.0,25682.75
16-Feb-2026,02-Mar-2026,PE,24600.0,32.3,100165.0,25682.75
16-Feb-2026,02-Mar-2026,PE,24650.0,35.05,21645.0,25682.75
16-Feb-2026,02-Mar-2026,PE,24700.0,37.05,91000.0,25682.75
16-Feb-2026,02-Mar-2026,PE,24750.0,40.0,25610.0,25682.75
16-Feb-2026,02-Mar-2026,PE,24800.0,42.75,154245.0,25682.75
16-Feb-2026,02-Mar-2026,PE,24850.0,45.9,23335.0,25682.75
16-Feb-2026,02-Mar-2026,PE,24900.0,48.5,89375.0,25682.75
16-Feb-2026,02-Mar-2026,PE,24950.0,52.5,23205.0,25682.75
16-Feb-2026,02-Mar-2026,PE,25000.0,55.75,373100.0,25682.75
16-Feb-2026,02-Mar-2026,PE,25050.0,61.7,26975.0,25682.75
16-Feb-2026,02-Mar-2026,PE,25100.0,66.0,116740.0,25682.75
16-Feb-2026,02-Mar-2026,PE,25150.0,73.5,26325.0,25682.75
16-Feb-2026,02-Mar-2026,PE,25200.0,78.6,264485.0,25682.75
16-Feb-2026,02-Mar-2026,PE,25250.0,86.6,37505.0,25682.75
16-Feb-2026,02-Mar-2026,PE,25300.0,95.4,157755.0,25682.75
16-Feb-2026,02-Mar-2026,PE,25350.0,104.05,33020.0,25682.75
16-Feb-2026,02-Mar-2026,PE,25400.0,113.4,293540.0,25682.75
16-Feb-2026,02-Mar-2026,PE,25450.0,125.75,66170.0,25682.75
16-Feb-2026,02-Mar-2026,PE,25500.0,137.75,463580.0,25682.75
16-Feb-2026,02-Mar-2026,PE,25550.0,151.0,58435.0,25682.75
16-Feb-2026,02-Mar-2026,PE,25600.0,165.3,252525.0,25682.75
16-Feb-2026,02-Mar-2026,PE,25650.0,185.3,38610.0,25682.75
16-Feb-2026,02-Mar-2026,PE,25700.0,203.35,124995.0,25682.75
16-Feb-2026,02-Mar-2026,PE,25750.0,223.95,38935.0,25682.75
16-Feb-2026,02-Mar-2026,PE,25800.0,244.5,112320.0,25682.75
16-Feb-2026,02-Mar-2026,PE,25850.0,270.85,23205.0,25682.75
16-Feb-2026,02-Mar-2026,PE,25900.0,300.65,72865.0,25682.75
16-Feb-2026,02-Mar-2026,PE,25950.0,330.9,20475.0,25682.75
16-Feb-2026,02-Mar-2026,PE,26000.0,360.0,205530.0,25682.75
16-Feb-2026,02-Mar-2026,PE,26050.0,498.1,5135.0,25682.75
16-Feb-2026,02-Mar-2026,PE,26100.0,429.65,39845.0,25682.75
16-Feb-2026,02-Mar-2026,PE,26150.0,468.85,5070.0,25682.75
16-Feb-2026,02-Mar-2026,PE,26200.0,508.0,43225.0,25682.75
16-Feb-2026,02-Mar-2026,PE,26250.0,642.9,1560.0,25682.75
16-Feb-2026,02-Mar-2026,PE,26300.0,594.0,24180.0,25682.75
16-Feb-2026,02-Mar-2026,PE,26350.0,643.0,1105.0,25682.75
16-Feb-2026,02-Mar-2026,PE,26400.0,682.6,18395.0,25682.75
16-Feb-2026,02-Mar-2026,PE,26450.0,728.0,260.0,25682.75
16-Feb-2026,02-Mar-2026,PE,26500.0,773.0,19175.0,25682.75
16-Feb-2026,02-Mar-2026,PE,26550.0,830.65,65.0,25682.75
16-Feb-2026,02-Mar-2026,PE,26600.0,1065.0,195.0,25682.75
16-Feb-2026,02-Mar-2026,PE,26650.0,922.4,65.0,25682.75
16-Feb-2026,02-Mar-2026,PE,26700.0,967.5,130.0,25682.75
16-Feb-2026,02-Mar-2026,PE,26750.0,1017.25,130.0,25682.75
16-Feb-2026,02-Mar-2026,PE,26800.0,1065.5,65.0,25682.75
16-Feb-2026,02-Mar-2026,PE,26850.0,1112.45,130.0,25682.75
16-Feb-2026,02-Mar-2026,PE,26900.0,1161.7,130.0,25682.75
16-Feb-2026,02-Mar-2026,PE,26950.0,1288.7,130.0,25682.75
16-Feb-2026,02-Mar-2026,PE,27000.0,1251.55,455.0,25682.75
16-Feb-2026,02-Mar-2026,PE,27050.0,1307.6,130.0,25682.75
16-Feb-2026,02-Mar-2026,PE,27100.0,1350.3,65.0,25682.75
16-Feb-2026,02-Mar-2026,PE,27150.0,1613.45,65.0,25682.75
16-Feb-2026,02-Mar-2026,PE,27200.0,1447.65,65.0,25682.75
16-Feb-2026,02-Mar-2026,PE,27250.0,1501.3,65.0,25682.75
16-Feb-2026,02-Mar-2026,PE,27300.0,1413.75,65.0,25682.75
16-Feb-2026,02-Mar-2026,PE,27350.0,1596.35,65.0,25682.75
16-Feb-2026,02-Mar-2026,PE,27400.0,1651.9,65.0,25682.75
16-Feb-2026,02-Mar-2026,PE,27450.0,1694.8,65.0,25682.75
16-Feb-2026,02-Mar-2026,PE,27500.0,1742.8,195.0,25682.75
16-Feb-2026,02-Mar-2026,PE,27550.0,2014.0,65.0,25682.75
16-Feb-2026,02-Mar-2026,PE,27600.0,1849.55,65.0,25682.75
16-Feb-2026,02-Mar-2026,PE,27650.0,2087.85,65.0,25682.75
16-Feb-2026,02-Mar-2026,PE,27700.0,2138.35,65.0,25682.75
16-Feb-2026,10-Mar-2026,CE,23700.0,,,25682.75
16-Feb-2026,10-Mar-2026,CE,23750.0,,,25682.75
16-Feb-2026,10-Mar-2026,CE,23800.0,,,25682.75
16-Feb-2026,10-Mar-2026,CE,23850.0,,,25682.75
16-Feb-2026,10-Mar-2026,CE,23900.0,,,25682.75
16-Feb-2026,10-Mar-2026,CE,23950.0,,,25682.75
16-Feb-2026,10-Mar-2026,CE,24000.0,,,25682.75
16-Feb-2026,10-Mar-2026,CE,24050.0,,,25682.75
16-Feb-2026,10-Mar-2026,CE,24100.0,,,25682.75
16-Feb-2026,10-Mar-2026,CE,24150.0,,,25682.75
16-Feb-2026,10-Mar-2026,CE,24200.0,,,25682.75
16-Feb-2026,10-Mar-2026,CE,24250.0,,,25682.75
16-Feb-2026,10-Mar-2026,CE,24300.0,,,25682.75
16-Feb-2026,10-Mar-2026,CE,24350.0,,,25682.75
16-Feb-2026,10-Mar-2026,CE,24400.0,,,25682.75
16-Feb-2026,10-Mar-2026,CE,24450.0,,,25682.75
16-Feb-2026,10-Mar-2026,CE,24500.0,,,25682.75
16-Feb-2026,10-Mar-2026,CE,24550.0,,,25682.75
16-Feb-2026,10-Mar-2026,CE,24600.0,,,25682.75
16-Feb-2026,10-Mar-2026,CE,24650.0,,,25682.75
16-Feb-2026,10-Mar-2026,CE,24700.0,,,25682.75
16-Feb-2026,10-Mar-2026,CE,24750.0,,,25682.75
16-Feb-2026,10-Mar-2026,CE,24800.0,,,25682.75
16-Feb-2026,10-Mar-2026,CE,24850.0,,,25682.75
16-Feb-2026,10-Mar-2026,CE,24900.0,,,25682.75
16-Feb-2026,10-Mar-2026,CE,24950.0,,,25682.75
16-Feb-2026,10-Mar-2026,CE,25000.0,871.0,5980.0,25682.75
16-Feb-2026,10-Mar-2026,CE,25050.0,668.05,65.0,25682.75
16-Feb-2026,10-Mar-2026,CE,25100.0,768.85,5070.0,25682.75
16-Feb-2026,10-Mar-2026,CE,25150.0,735.9,65.0,25682.75
16-Feb-2026,10-Mar-2026,CE,25200.0,699.3,10985.0,25682.75
16-Feb-2026,10-Mar-2026,CE,25250.0,654.1,325.0,25682.75
16-Feb-2026,10-Mar-2026,CE,25300.0,583.6,7605.0,25682.75
16-Feb-2026,10-Mar-2026,CE,25350.0,466.45,,25682.75
16-Feb-2026,10-Mar-2026,CE,25400.0,548.75,5980.0,25682.75
16-Feb-2026,10-Mar-2026,CE,25450.0,482.0,2210.0,25682.75
16-Feb-2026,10-Mar-2026,CE,25500.0,469.9,47905.0,25682.75
16-Feb-2026,10-Mar-2026,CE,25550.0,428.7,5590.0,25682.75
16-Feb-2026,10-Mar-2026,CE,25600.0,399.95,21385.0,25682.75
16-Feb-2026,10-Mar-2026,CE,25650.0,360.05,7605.0,25682.75
16-Feb-2026,10-Mar-2026,CE,25700.0,337.8,24895.0,25682.75
16-Feb-2026,10-Mar-2026,CE,25750.0,307.1,5460.0,25682.75
16-Feb-2026,10-Mar-2026,CE,25800.0,282.0,30355.0,25682.75
16-Feb-2026,10-Mar-2026,CE,25850.0,254.2,11245.0,25682.75
16-Feb-2026,10-Mar-2026,CE,25900.0,231.05,19175.0,25682.75
16-Feb-2026,10-Mar-2026,CE,25950.0,204.5,11895.0,25682.75
16-Feb-2026,10-Mar-2026,CE,26000.0,187.0,97240.0,25682.75
16-Feb-2026,10-Mar-2026,CE,26050.0,127.0,2145.0,25682.75
16-Feb-2026,10-Mar-2026,CE,26100.0,148.7,42705.0,25682.75
16-Feb-2026,10-Mar-2026,CE,26150.0,132.0,4615.0,25682.75
16-Feb-2026,10-Mar-2026,CE,26200.0,118.0,38090.0,25682.75
16-Feb-2026,10-Mar-2026,CE,26250.0,106.3,5850.0,25682.75
16-Feb-2026,10-Mar-2026,CE,26300.0,90.55,23855.0,25682.75
16-Feb-2026,10-Mar-2026,CE,26350.0,82.25,2145.0,25682.75
16-Feb-2026,10-Mar-2026,CE,26400.0,73.0,16380.0,25682.75
16-Feb-2026,10-Mar-2026,CE,26450.0,,,25682.75
16-Feb-2026,10-Mar-2026,CE,26500.0,55.5,54340.0,25682.75
16-Feb-2026,10-Mar-2026,CE,26550.0,,,25682.75
16-Feb-2026,10-Mar-2026,CE,26600.0,42.45,20800.0,25682.75
16-Feb-2026,10-Mar-2026,CE,26650.0,,,25682.75
16-Feb-2026,10-Mar-2026,CE,26700.0,,,25682.75
16-Feb-2026,10-Mar-2026,CE,26750.0,,,25682.75
16-Feb-2026,10-Mar-2026,CE,26800.0,,,25682.75
16-Feb-2026,10-Mar-2026,CE,26850.0,24.4,5785.0,25682.75
16-Feb-2026,10-Mar-2026,CE,26900.0,22.0,20475.0,25682.75
16-Feb-2026,10-Mar-2026,CE,26950.0,22.8,2340.0,25682.75
16-Feb-2026,10-Mar-2026,CE,27000.0,19.65,52910.0,25682.75
16-Feb-2026,10-Mar-2026,CE,27050.0,,,25682.75
16-Feb-2026,10-Mar-2026,CE,27100.0,14.65,6630.0,25682.75
16-Feb-2026,10-Mar-2026,CE,27150.0,12.0,650.0,25682.75
16-Feb-2026,10-Mar-2026,CE,27200.0,12.4,6045.0,25682.75
16-Feb-2026,10-Mar-2026,CE,27250.0,10.3,5005.0,25682.75
16-Feb-2026,10-Mar-2026,CE,27300.0,9.0,1950.0,25682.75
16-Feb-2026,10-Mar-2026,CE,27350.0,,,25682.75
16-Feb-2026,10-Mar-2026,CE,27400.0,8.7,8125.0,25682.75
16-Feb-2026,10-Mar-2026,CE,27450.0,8.1,1690.0,25682.75
16-Feb-2026,10-Mar-2026,CE,27500.0,6.75,29380.0,25682.75
16-Feb-2026,10-Mar-2026,CE,27550.0,,,25682.75
16-Feb-2026,10-Mar-2026,CE,27600.0,7.8,1820.0,25682.75
16-Feb-2026,10-Mar-2026,CE,27650.0,,,25682.75
16-Feb-2026,10-Mar-2026,CE,27700.0,,,25682.75
16-Feb-2026,10-Mar-2026,PE,23700.0,19.55,5070.0,25682.75
16-Feb-2026,10-Mar-2026,PE,23750.0,,,25682.75
16-Feb-2026,10-Mar-2026,PE,23800.0,,,25682.75
16-Feb-2026,10-Mar-2026,PE,23850.0,,,25682.75
16-Feb-2026,10-Mar-2026,PE,23900.0,25.95,780.0,25682.75
16-Feb-2026,10-Mar-2026,PE,23950.0,,,25682.75
16-Feb-2026,10-Mar-2026,PE,24000.0,28.5,42445.0,25682.75
16-Feb-2026,10-Mar-2026,PE,24050.0,28.9,260.0,25682.75
16-Feb-2026,10-Mar-2026,PE,24100.0,32.85,520.0,25682.75
16-Feb-2026,10-Mar-2026,PE,24150.0,32.1,130.0,25682.75
16-Feb-2026,10-Mar-2026,PE,24200.0,33.75,13520.0,25682.75
16-Feb-2026,10-Mar-2026,PE,24250.0,35.55,,25682.75
16-Feb-2026,10-Mar-2026,PE,24300.0,39.5,5070.0,25682.75
16-Feb-2026,10-Mar-2026,PE,24350.0,40.5,715.0,25682.75
16-Feb-2026,10-Mar-2026,PE,24400.0,40.5,5005.0,25682.75
16-Feb-2026,10-Mar-2026,PE,24450.0,47.9,1430.0,25682.75
16-Feb-2026,10-Mar-2026,PE,24500.0,44.7,51090.0,25682.75
16-Feb-2026,10-Mar-2026,PE,24550.0,45.7,130.0,25682.75
16-Feb-2026,10-Mar-2026,PE,24600.0,50.3,7670.0,25682.75
16-Feb-2026,10-Mar-2026,PE,24650.0,51.2,65.0,25682.75
16-Feb-2026,10-Mar-2026,PE,24700.0,54.75,7410.0,25682.75
16-Feb-2026,10-Mar-2026,PE,24750.0,56.25,1300.0,25682.75
16-Feb-2026,10-Mar-2026,PE,24800.0,62.25,13845.0,25682.75
16-Feb-2026,10-Mar-2026,PE,24850.0,70.75,195.0,25682.75
16-Feb-2026,10-Mar-2026,PE,24900.0,71.2,8190.0,25682.75
16-Feb-2026,10-Mar-2026,PE,24950.0,77.9,1300.0,25682.75
16-Feb-2026,10-Mar-2026,PE,25000.0,80.2,100880.0,25682.75
16-Feb-2026,10-Mar-2026,PE,25050.0,91.8,585.0,25682.75
16-Feb-2026,10-Mar-2026,PE,25100.0,94.0,8515.0,25682.75
16-Feb-2026,10-Mar-2026,PE,25150.0,108.9,910.0,25682.75
16-Feb-2026,10-Mar-2026,PE,25200.0,109.0,21645.0,25682.75
16-Feb-2026,10-Mar-2026,PE,25250.0,126.6,520.0,25682.75
16-Feb-2026,10-Mar-2026,PE,25300.0,125.0,31330.0,25682.75
16-Feb-2026,10-Mar-2026,PE,25350.0,131.65,2145.0,25682.75
16-Feb-2026,10-Mar-2026,PE,25400.0,150.0,34580.0,25682.75
16-Feb-2026,10-Mar-2026,PE,25450.0,161.05,3575.0,25682.75
16-Feb-2026,10-Mar-2026,PE,25500.0,172.55,94705.0,25682.75
16-Feb-2026,10-Mar-2026,PE,25550.0,188.7,6695.0,25682.75
16-Feb-2026,10-Mar-2026,PE,25600.0,203.85,30745.0,25682.75
16-Feb-2026,10-Mar-2026,PE,25650.0,222.15,9165.0,25682.75
16-Feb-2026,10-Mar-2026,PE,25700.0,240.55,21905.0,25682.75
16-Feb-2026,10-Mar-2026,PE,25750.0,262.7,7085.0,25682.75
16-Feb-2026,10-Mar-2026,PE,25800.0,280.8,20865.0,25682.75
16-Feb-2026,10-Mar-2026,PE,25850.0,306.1,3640.0,25682.75
16-Feb-2026,10-Mar-2026,PE,25900.0,330.0,13845.0,25682.75
16-Feb-2026,10-Mar-2026,PE,25950.0,499.5,2015.0,25682.75
16-Feb-2026,10-Mar-2026,PE,26000.0,385.65,40365.0,25682.75
16-Feb-2026,10-Mar-2026,PE,26050.0,419.05,520.0,25682.75
16-Feb-2026,10-Mar-2026,PE,26100.0,446.9,7800.0,25682.75
16-Feb-2026,10-Mar-2026,PE,26150.0,481.5,65.0,25682.75
16-Feb-2026,10-Mar-2026,PE,26200.0,540.3,1235.0,25682.75
16-Feb-2026,10-Mar-2026,PE,26250.0,725.95,65.0,25682.75
16-Feb-2026,10-Mar-2026,PE,26300.0,596.35,520.0,25682.75
16-Feb-2026,10-Mar-2026,PE,26350.0,653.6,65.0,25682.75
16-Feb-2026,10-Mar-2026,PE,26400.0,686.0,65.0,25682.75
16-Feb-2026,10-Mar-2026,PE,26450.0,720.6,65.0,25682.75
16-Feb-2026,10-Mar-2026,PE,26500.0,769.2,260.0,25682.75
16-Feb-2026,10-Mar-2026,PE,26550.0,,,25682.75
16-Feb-2026,10-Mar-2026,PE,26600.0,,,25682.75
16-Feb-2026,10-Mar-2026,PE,26650.0,,,25682.75
16-Feb-2026,10-Mar-2026,PE,26700.0,,,25682.75
16-Feb-2026,10-Mar-2026,PE,26750.0,,,25682.75
16-Feb-2026,10-Mar-2026,PE,26800.0,,,25682.75
16-Feb-2026,10-Mar-2026,PE,26850.0,,,25682.75
16-Feb-2026,10-Mar-2026,PE,26900.0,1292.85,,25682.75
16-Feb-2026,10-Mar-2026,PE,26950.0,,,25682.75
16-Feb-2026,10-Mar-2026,PE,27000.0,,,25682.75
16-Feb-2026,10-Mar-2026,PE,27050.0,,,25682.75
16-Feb-2026,10-Mar-2026,PE,27100.0,,,25682.75
16-Feb-2026,10-Mar-2026,PE,27150.0,,,25682.75
16-Feb-2026,10-Mar-2026,PE,27200.0,,,25682.75
16-Feb-2026,10-Mar-2026,PE,27250.0,,,25682.75
16-Feb-2026,10-Mar-2026,PE,27300.0,,,25682.75
16-Feb-2026,10-Mar-2026,PE,27350.0,,,25682.75
16-Feb-2026,10-Mar-2026,PE,27400.0,,,25682.75
16-Feb-2026,10-Mar-2026,PE,27450.0,,,25682.75
16-Feb-2026,10-Mar-2026,PE,27500.0,,,25682.75
16-Feb-2026,10-Mar-2026,PE,27550.0,,,25682.75
16-Feb-2026,10-Mar-2026,PE,27600.0,,,25682.75
16-Feb-2026,10-Mar-2026,PE,27650.0,,,25682.75
16-Feb-2026,10-Mar-2026,PE,27700.0,,,25682.75
17-Feb-2026,17-Feb-2026,CE,23100.0,2866.0,65.0,25725.4
17-Feb-2026,17-Feb-2026,CE,23150.0,2811.3,65.0,25725.4
17-Feb-2026,17-Feb-2026,CE,23200.0,2400.0,390.0,25725.4
17-Feb-2026,17-Feb-2026,CE,23250.0,2468.45,260.0,25725.4
17-Feb-2026,17-Feb-2026,CE,23300.0,2440.0,390.0,25725.4
17-Feb-2026,17-Feb-2026,CE,23350.0,2608.85,195.0,25725.4
17-Feb-2026,17-Feb-2026,CE,23400.0,2211.2,195.0,25725.4
17-Feb-2026,17-Feb-2026,CE,23450.0,2154.5,195.0,25725.4
17-Feb-2026,17-Feb-2026,CE,23500.0,2228.95,2080.0,25725.4
17-Feb-2026,17-Feb-2026,CE,23550.0,2388.05,195.0,25725.4
17-Feb-2026,17-Feb-2026,CE,23600.0,2090.0,390.0,25725.4
17-Feb-2026,17-Feb-2026,CE,23650.0,2317.3,260.0,25725.4
17-Feb-2026,17-Feb-2026,CE,23700.0,1893.0,325.0,25725.4
17-Feb-2026,17-Feb-2026,CE,23750.0,2191.5,195.0,25725.4
17-Feb-2026,17-Feb-2026,CE,23800.0,1950.0,585.0,25725.4
17-Feb-2026,17-Feb-2026,CE,23850.0,1664.5,195.0,25725.4
17-Feb-2026,17-Feb-2026,CE,23900.0,1698.0,260.0,25725.4
17-Feb-2026,17-Feb-2026,CE,23950.0,1565.1,390.0,25725.4
17-Feb-2026,17-Feb-2026,CE,24000.0,1722.1,24830.0,25725.4
17-Feb-2026,17-Feb-2026,CE,24050.0,1477.65,260.0,25725.4
17-Feb-2026,17-Feb-2026,CE,24100.0,1641.1,910.0,25725.4
17-Feb-2026,17-Feb-2026,CE,24150.0,1430.0,390.0,25725.4
17-Feb-2026,17-Feb-2026,CE,24200.0,1527.3,780.0,25725.4
17-Feb-2026,17-Feb-2026,CE,24250.0,1467.6,1300.0,25725.4
17-Feb-2026,17-Feb-2026,CE,24300.0,1427.25,455.0,25725.4
17-Feb-2026,17-Feb-2026,CE,24350.0,1350.0,4810.0,25725.4
17-Feb-2026,17-Feb-2026,CE,24400.0,1315.0,3055.0,25725.4
17-Feb-2026,17-Feb-2026,CE,24450.0,1240.0,650.0,25725.4
17-Feb-2026,17-Feb-2026,CE,24500.0,1227.55,12805.0,25725.4
17-Feb-2026,17-Feb-2026,CE,24550.0,1178.7,1950.0,25725.4
17-Feb-2026,17-Feb-2026,CE,24600.0,1124.85,6110.0,25725.4
17-Feb-2026,17-Feb-2026,CE,24650.0,1063.45,2080.0,25725.4
17-Feb-2026,17-Feb-2026,CE,24700.0,1027.45,13455.0,25725.4
17-Feb-2026,17-Feb-2026,CE,24750.0,977.5,8385.0,25725.4
17-Feb-2026,17-Feb-2026,CE,24800.0,924.1,33215.0,25725.4
17-Feb-2026,17-Feb-2026,CE,24850.0,874.35,14755.0,25725.4
17-Feb-2026,17-Feb-2026,CE,24900.0,825.7,22945.0,25725.4
17-Feb-2026,17-Feb-2026,CE,24950.0,777.55,18525.0,25725.4
17-Feb-2026,17-Feb-2026,CE,25000.0,724.55,100100.0,25725.4
17-Feb-2026,17-Feb-2026,CE,25050.0,676.95,22880.0,25725.4
17-Feb-2026,17-Feb-2026,CE,25100.0,625.15,56290.0,25725.4
17-Feb-2026,17-Feb-2026,CE,25150.0,576.65,36010.0,25725.4
17-Feb-2026,17-Feb-2026,CE,25200.0,524.85,143455.0,25725.4
17-Feb-2026,17-Feb-2026,CE,25250.0,474.95,41015.0,25725.4
17-Feb-2026,17-Feb-2026,CE,25300.0,425.9,140270.0,25725.4
17-Feb-2026,17-Feb-2026,CE,25350.0,375.05,96200.0,25725.4
17-Feb-2026,17-Feb-2026,CE,25400.0,325.7,278395.0,25725.4
17-Feb-2026,17-Feb-2026,CE,25450.0,274.85,426790.0,25725.4
17-Feb-2026,17-Feb-2026,CE,25500.0,225.0,1569945.0,25725.4
17-Feb-2026,17-Feb-2026,CE,25550.0,175.4,943540.0,25725.4
17-Feb-2026,17-Feb-2026,CE,25600.0,125.2,2478190.0,25725.4
17-Feb-2026,17-Feb-2026,CE,25650.0,75.25,2314390.0,25725.4
17-Feb-2026,17-Feb-2026,CE,25700.0,25.4,9011405.0,25725.4
17-Feb-2026,17-Feb-2026,CE,25750.0,0.05,26713895.0,25725.4
17-Feb-2026,17-Feb-2026,CE,25800.0,0.05,10768290.0,25725.4
17-Feb-2026,17-Feb-2026,CE,25850.0,0.05,5901805.0,25725.4
17-Feb-2026,17-Feb-2026,CE,25900.0,0.05,7242755.0,25725.4
17-Feb-2026,17-Feb-2026,CE,25950.0,0.05,4314700.0,25725.4
17-Feb-2026,17-Feb-2026,CE,26000.0,0.05,10288720.0,25725.4
17-Feb-2026,17-Feb-2026,CE,26050.0,0.05,3458975.0,25725.4
17-Feb-2026,17-Feb-2026,CE,26100.0,0.05,6881940.0,25725.4
17-Feb-2026,17-Feb-2026,CE,26150.0,0.05,2173535.0,25725.4
17-Feb-2026,17-Feb-2026,CE,26200.0,0.05,5984810.0,25725.4
17-Feb-2026,17-Feb-2026,CE,26250.0,0.05,3165630.0,25725.4
17-Feb-2026,17-Feb-2026,CE,26300.0,0.05,5379465.0,25725.4
17-Feb-2026,17-Feb-2026,CE,26350.0,0.05,1746680.0,25725.4
17-Feb-2026,17-Feb-2026,CE,26400.0,0.05,3699800.0,25725.4
17-Feb-2026,17-Feb-2026,CE,26450.0,0.05,1227525.0,25725.4
17-Feb-2026,17-Feb-2026,CE,26500.0,0.05,6979765.0,25725.4
17-Feb-2026,17-Feb-2026,CE,26550.0,0.05,1212705.0,25725.4
17-Feb-2026,17-Feb-2026,CE,26600.0,0.05,2967965.0,25725.4
17-Feb-2026,17-Feb-2026,CE,26650.0,0.05,833950.0,25725.4
17-Feb-2026,17-Feb-2026,CE,26700.0,0.05,2534480.0,25725.4
17-Feb-2026,17-Feb-2026,CE,26750.0,0.05,1304095.0,25725.4
17-Feb-2026,17-Feb-2026,CE,26800.0,0.05,2897180.0,25725.4
17-Feb-2026,17-Feb-2026,CE,26850.0,0.05,587210.0,25725.4
17-Feb-2026,17-Feb-2026,CE,26900.0,0.05,1188200.0,25725.4
17-Feb-2026,17-Feb-2026,CE,26950.0,0.05,708240.0,25725.4
17-Feb-2026,17-Feb-2026,CE,27000.0,0.05,5783115.0,25725.4
17-Feb-2026,17-Feb-2026,CE,27050.0,0.05,404300.0,25725.4
17-Feb-2026,17-Feb-2026,CE,27100.0,0.05,856375.0,25725.4
17-Feb-2026,17-Feb-2026,CE,27150.0,0.05,596765.0,25725.4
17-Feb-2026,17-Feb-2026,CE,27200.0,0.05,1567800.0,25725.4
17-Feb-2026,17-Feb-2026,CE,27250.0,0.05,428090.0,25725.4
17-Feb-2026,17-Feb-2026,CE,27300.0,0.05,1151995.0,25725.4
17-Feb-2026,17-Feb-2026,CE,27350.0,0.05,348140.0,25725.4
17-Feb-2026,17-Feb-2026,CE,27400.0,0.05,2470260.0,25725.4
17-Feb-2026,17-Feb-2026,CE,27450.0,0.05,609830.0,25725.4
17-Feb-2026,17-Feb-2026,CE,27500.0,0.05,4247945.0,25725.4
17-Feb-2026,17-Feb-2026,CE,27550.0,0.05,434785.0,25725.4
17-Feb-2026,17-Feb-2026,CE,27600.0,0.05,1231945.0,25725.4
17-Feb-2026,17-Feb-2026,CE,27650.0,0.05,373555.0,25725.4
17-Feb-2026,17-Feb-2026,CE,27700.0,0.05,2468570.0,25725.4
17-Feb-2026,17-Feb-2026,PE,23100.0,0.05,3115190.0,25725.4
17-Feb-2026,17-Feb-2026,PE,23150.0,0.05,793260.0,25725.4
17-Feb-2026,17-Feb-2026,PE,23200.0,0.05,902915.0,25725.4
17-Feb-2026,17-Feb-2026,PE,23250.0,0.05,136825.0,25725.4
17-Feb-2026,17-Feb-2026,PE,23300.0,0.05,428480.0,25725.4
17-Feb-2026,17-Feb-2026,PE,23350.0,0.1,121550.0,25725.4
17-Feb-2026,17-Feb-2026,PE,23400.0,0.05,167310.0,25725.4
17-Feb-2026,17-Feb-2026,PE,23450.0,0.05,166855.0,25725.4
17-Feb-2026,17-Feb-2026,PE,23500.0,0.05,1390545.0,25725.4
17-Feb-2026,17-Feb-2026,PE,23550.0,0.05,159120.0,25725.4
17-Feb-2026,17-Feb-2026,PE,23600.0,0.05,311935.0,25725.4
17-Feb-2026,17-Feb-2026,PE,23650.0,0.05,259675.0,25725.4
17-Feb-2026,17-Feb-2026,PE,23700.0,0.05,839150.0,25725.4
17-Feb-2026,17-Feb-2026,PE,23750.0,0.05,299260.0,25725.4
17-Feb-2026,17-Feb-2026,PE,23800.0,0.05,472290.0,25725.4
17-Feb-2026,17-Feb-2026,PE,23850.0,0.05,226915.0,25725.4
17-Feb-2026,17-Feb-2026,PE,23900.0,0.05,273585.0,25725.4
17-Feb-2026,17-Feb-2026,PE,23950.0,0.05,210145.0,25725.4
17-Feb-2026,17-Feb-2026,PE,24000.0,0.05,5558540.0,25725.4
17-Feb-2026,17-Feb-2026,PE,24050.0,0.05,397930.0,25725.4
17-Feb-2026,17-Feb-2026,PE,24100.0,0.05,1083225.0,25725.4
17-Feb-2026,17-Feb-2026,PE,24150.0,0.05,370890.0,25725.4
17-Feb-2026,17-Feb-2026,PE,24200.0,0.05,1559480.0,25725.4
17-Feb-2026,17-Feb-2026,PE,24250.0,0.05,399035.0,25725.4
17-Feb-2026,17-Feb-2026,PE,24300.0,0.05,2425865.0,25725.4
17-Feb-2026,17-Feb-2026,PE,24350.0,0.05,583375.0,25725.4
17-Feb-2026,17-Feb-2026,PE,24400.0,0.05,1738685.0,25725.4
17-Feb-2026,17-Feb-2026,PE,24450.0,0.05,684775.0,25725.4
17-Feb-2026,17-Feb-2026,PE,24500.0,0.05,6358950.0,25725.4
17-Feb-2026,17-Feb-2026,PE,24550.0,0.05,813800.0,25725.4
17-Feb-2026,17-Feb-2026,PE,24600.0,0.05,4033575.0,25725.4
17-Feb-2026,17-Feb-2026,PE,24650.0,0.05,984425.0,25725.4
17-Feb-2026,17-Feb-2026,PE,24700.0,0.05,3592615.0,25725.4
17-Feb-2026,17-Feb-2026,PE,24750.0,0.05,1204450.0,25725.4
17-Feb-2026,17-Feb-2026,PE,24800.0,0.05,3712670.0,25725.4
17-Feb-2026,17-Feb-2026,PE,24850.0,0.05,1155115.0,25725.4
17-Feb-2026,17-Feb-2026,PE,24900.0,0.05,4786990.0,25725.4
17-Feb-2026,17-Feb-2026,PE,24950.0,0.05,2221375.0,25725.4
17-Feb-2026,17-Feb-2026,PE,25000.0,0.05,8047975.0,25725.4
17-Feb-2026,17-Feb-2026,PE,25050.0,0.05,1678690.0,25725.4
17-Feb-2026,17-Feb-2026,PE,25100.0,0.05,4979780.0,25725.4
17-Feb-2026,17-Feb-2026,PE,25150.0,0.05,2464800.0,25725.4
17-Feb-2026,17-Feb-2026,PE,25200.0,0.05,5094310.0,25725.4
17-Feb-2026,17-Feb-2026,PE,25250.0,0.05,3040375.0,25725.4
17-Feb-2026,17-Feb-2026,PE,25300.0,0.05,5430230.0,25725.4
17-Feb-2026,17-Feb-2026,PE,25350.0,0.05,3200275.0,25725.4
17-Feb-2026,17-Feb-2026,PE,25400.0,0.05,5686265.0,25725.4
17-Feb-2026,17-Feb-2026,PE,25450.0,0.05,3530995.0,25725.4
17-Feb-2026,17-Feb-2026,PE,25500.0,0.05,8497125.0,25725.4
17-Feb-2026,17-Feb-2026,PE,25550.0,0.05,6744595.0,25725.4
17-Feb-2026,17-Feb-2026,PE,25600.0,0.05,11975795.0,25725.4
17-Feb-2026,17-Feb-2026,PE,25650.0,0.05,10765885.0,25725.4
17-Feb-2026,17-Feb-2026,PE,25700.0,0.05,29694730.0,25725.4
17-Feb-2026,17-Feb-2026,PE,25750.0,24.6,5817110.0,25725.4
17-Feb-2026,17-Feb-2026,PE,25800.0,74.35,3139630.0,25725.4
17-Feb-2026,17-Feb-2026,PE,25850.0,124.3,776425.0,25725.4
17-Feb-2026,17-Feb-2026,PE,25900.0,174.15,572130.0,25725.4
17-Feb-2026,17-Feb-2026,PE,25950.0,224.2,289185.0,25725.4
17-Feb-2026,17-Feb-2026,PE,26000.0,274.1,568035.0,25725.4
17-Feb-2026,17-Feb-2026,PE,26050.0,323.7,53430.0,25725.4
17-Feb-2026,17-Feb-2026,PE,26100.0,374.3,243685.0,25725.4
17-Feb-2026,17-Feb-2026,PE,26150.0,423.85,49335.0,25725.4
17-Feb-2026,17-Feb-2026,PE,26200.0,475.2,117260.0,25725.4
17-Feb-2026,17-Feb-2026,PE,26250.0,525.1,62400.0,25725.4
17-Feb-2026,17-Feb-2026,PE,26300.0,575.55,113035.0,25725.4
17-Feb-2026,17-Feb-2026,PE,26350.0,625.55,41600.0,25725.4
17-Feb-2026,17-Feb-2026,PE,26400.0,675.85,56225.0,25725.4
17-Feb-2026,17-Feb-2026,PE,26450.0,721.4,21515.0,25725.4
17-Feb-2026,17-Feb-2026,PE,26500.0,775.9,84240.0,25725.4
17-Feb-2026,17-Feb-2026,PE,26550.0,825.0,15015.0,25725.4
17-Feb-2026,17-Feb-2026,PE,26600.0,873.95,39715.0,25725.4
17-Feb-2026,17-Feb-2026,PE,26650.0,924.5,14040.0,25725.4
17-Feb-2026,17-Feb-2026,PE,26700.0,975.0,9880.0,25725.4
17-Feb-2026,17-Feb-2026,PE,26750.0,1022.0,5135.0,25725.4
17-Feb-2026,17-Feb-2026,PE,26800.0,1075.0,7150.0,25725.4
17-Feb-2026,17-Feb-2026,PE,26850.0,1157.25,325.0,25725.4
17-Feb-2026,17-Feb-2026,PE,26900.0,1189.9,6500.0,25725.4
17-Feb-2026,17-Feb-2026,PE,26950.0,1250.0,585.0,25725.4
17-Feb-2026,17-Feb-2026,PE,27000.0,1276.35,14430.0,25725.4
17-Feb-2026,17-Feb-2026,PE,27050.0,1281.35,195.0,25725.4
17-Feb-2026,17-Feb-2026,PE,27100.0,1407.1,520.0,25725.4
17-Feb-2026,17-Feb-2026,PE,27150.0,1425.45,455.0,25725.4
17-Feb-2026,17-Feb-2026,PE,27200.0,1559.2,260.0,25725.4
17-Feb-2026,17-Feb-2026,PE,27250.0,1524.0,2990.0,25725.4
17-Feb-2026,17-Feb-2026,PE,27300.0,1567.05,2535.0,25725.4
17-Feb-2026,17-Feb-2026,PE,27350.0,1353.2,65.0,25725.4
17-Feb-2026,17-Feb-2026,PE,27400.0,1675.35,390.0,25725.4
17-Feb-2026,17-Feb-2026,PE,27450.0,1782.35,325.0,25725.4
17-Feb-2026,17-Feb-2026,PE,27500.0,1777.5,3900.0,25725.4
17-Feb-2026,17-Feb-2026,PE,27550.0,2065.0,260.0,25725.4
17-Feb-2026,17-Feb-2026,PE,27600.0,1926.7,325.0,25725.4
17-Feb-2026,17-Feb-2026,PE,27650.0,1969.15,14170.0,25725.4
17-Feb-2026,17-Feb-2026,PE,27700.0,2013.75,325.0,25725.4
17-Feb-2026,02-Mar-2026,CE,23100.0,2662.65,65.0,25725.4
17-Feb-2026,02-Mar-2026,CE,23150.0,2598.75,65.0,25725.4
17-Feb-2026,02-Mar-2026,CE,23200.0,2567.35,65.0,25725.4
17-Feb-2026,02-Mar-2026,CE,23250.0,2498.7,,25725.4
17-Feb-2026,02-Mar-2026,CE,23300.0,2477.2,130.0,25725.4
17-Feb-2026,02-Mar-2026,CE,23350.0,2428.3,130.0,25725.4
17-Feb-2026,02-Mar-2026,CE,23400.0,2363.6,130.0,25725.4
17-Feb-2026,02-Mar-2026,CE,23450.0,2323.1,130.0,25725.4
17-Feb-2026,02-Mar-2026,CE,23500.0,2278.45,130.0,25725.4
17-Feb-2026,02-Mar-2026,CE,23550.0,2215.05,130.0,25725.4
17-Feb-2026,02-Mar-2026,CE,23600.0,2174.5,130.0,25725.4
17-Feb-2026,02-Mar-2026,CE,23650.0,2115.9,130.0,25725.4
17-Feb-2026,02-Mar-2026,CE,23700.0,2076.0,130.0,25725.4
17-Feb-2026,02-Mar-2026,CE,23750.0,2026.2,130.0,25725.4
17-Feb-2026,02-Mar-2026,CE,23800.0,1969.3,130.0,25725.4
17-Feb-2026,02-Mar-2026,CE,23850.0,1927.65,130.0,25725.4
17-Feb-2026,02-Mar-2026,CE,23900.0,1877.85,130.0,25725.4
17-Feb-2026,02-Mar-2026,CE,23950.0,1822.5,130.0,25725.4
17-Feb-2026,02-Mar-2026,CE,24000.0,1770.3,2340.0,25725.4
17-Feb-2026,02-Mar-2026,CE,24050.0,1730.4,130.0,25725.4
17-Feb-2026,02-Mar-2026,CE,24100.0,1668.9,1170.0,25725.4
17-Feb-2026,02-Mar-2026,CE,24150.0,1627.7,65.0,25725.4
17-Feb-2026,02-Mar-2026,CE,24200.0,1578.65,195.0,25725.4
17-Feb-2026,02-Mar-2026,CE,24250.0,1532.15,130.0,25725.4
17-Feb-2026,02-Mar-2026,CE,24300.0,1493.9,130.0,25725.4
17-Feb-2026,02-Mar-2026,CE,24350.0,1440.35,130.0,25725.4
17-Feb-2026,02-Mar-2026,CE,24400.0,1368.7,130.0,25725.4
17-Feb-2026,02-Mar-2026,CE,24450.0,1337.0,65.0,25725.4
17-Feb-2026,02-Mar-2026,CE,24500.0,1297.2,5330.0,25725.4
17-Feb-2026,02-Mar-2026,CE,24550.0,1251.5,260.0,25725.4
17-Feb-2026,02-Mar-2026,CE,24600.0,1188.1,780.0,25725.4
17-Feb-2026,02-Mar-2026,CE,24650.0,1132.9,715.0,25725.4
17-Feb-2026,02-Mar-2026,CE,24700.0,1095.0,1560.0,25725.4
17-Feb-2026,02-Mar-2026,CE,24750.0,1052.9,130.0,25725.4
17-Feb-2026,02-Mar-2026,CE,24800.0,983.2,4030.0,25725.4
17-Feb-2026,02-Mar-2026,CE,24850.0,934.4,910.0,25725.4
17-Feb-2026,02-Mar-2026,CE,24900.0,907.65,22295.0,25725.4
17-Feb-2026,02-Mar-2026,CE,24950.0,882.35,2860.0,25725.4
17-Feb-2026,02-Mar-2026,CE,25000.0,813.75,31980.0,25725.4
17-Feb-2026,02-Mar-2026,CE,25050.0,753.65,2665.0,25725.4
17-Feb-2026,02-Mar-2026,CE,25100.0,724.25,7995.0,25725.4
17-Feb-2026,02-Mar-2026,CE,25150.0,686.3,3510.0,25725.4
17-Feb-2026,02-Mar-2026,CE,25200.0,634.3,71305.0,25725.4
17-Feb-2026,02-Mar-2026,CE,25250.0,574.1,4030.0,25725.4
17-Feb-2026,02-Mar-2026,CE,25300.0,553.3,44460.0,25725.4
17-Feb-2026,02-Mar-2026,CE,25350.0,510.0,10140.0,25725.4
17-Feb-2026,02-Mar-2026,CE,25400.0,472.35,81835.0,25725.4
17-Feb-2026,02-Mar-2026,CE,25450.0,427.05,26780.0,25725.4
17-Feb-2026,02-Mar-2026,CE,25500.0,395.95,271570.0,25725.4
17-Feb-2026,02-Mar-2026,CE,25550.0,355.9,65715.0,25725.4
17-Feb-2026,02-Mar-2026,CE,25600.0,321.1,192010.0,25725.4
17-Feb-2026,02-Mar-2026,CE,25650.0,288.8,70785.0,25725.4
17-Feb-2026,02-Mar-2026,CE,25700.0,256.15,277290.0,25725.4
17-Feb-2026,02-Mar-2026,CE,25750.0,229.75,132080.0,25725.4
17-Feb-2026,02-Mar-2026,CE,25800.0,198.35,286065.0,25725.4
17-Feb-2026,02-Mar-2026,CE,25850.0,172.15,96070.0,25725.4
17-Feb-2026,02-Mar-2026,CE,25900.0,152.0,217815.0,25725.4
17-Feb-2026,02-Mar-2026,CE,25950.0,132.9,75790.0,25725.4
17-Feb-2026,02-Mar-2026,CE,26000.0,115.0,620100.0,25725.4
17-Feb-2026,02-Mar-2026,CE,26050.0,99.6,52260.0,25725.4
17-Feb-2026,02-Mar-2026,CE,26100.0,84.5,272740.0,25725.4
17-Feb-2026,02-Mar-2026,CE,26150.0,70.9,48815.0,25725.4
17-Feb-2026,02-Mar-2026,CE,26200.0,60.0,262730.0,25725.4
17-Feb-2026,02-Mar-2026,CE,26250.0,50.15,63700.0,25725.4
17-Feb-2026,02-Mar-2026,CE,26300.0,42.0,290355.0,25725.4
17-Feb-2026,02-Mar-2026,CE,26350.0,36.4,51220.0,25725.4
17-Feb-2026,02-Mar-2026,CE,26400.0,30.6,358150.0,25725.4
17-Feb-2026,02-Mar-2026,CE,26450.0,25.7,42315.0,25725.4
17-Feb-2026,02-Mar-2026,CE,26500.0,22.6,419705.0,25725.4
17-Feb-2026,02-Mar-2026,CE,26550.0,18.95,25545.0,25725.4
17-Feb-2026,02-Mar-2026,CE,26600.0,16.15,152945.0,25725.4
17-Feb-2026,02-Mar-2026,CE,26650.0,13.65,20215.0,25725.4
17-Feb-2026,02-Mar-2026,CE,26700.0,12.4,198185.0,25725.4
17-Feb-2026,02-Mar-2026,CE,26750.0,12.3,28080.0,25725.4
17-Feb-2026,02-Mar-2026,CE,26800.0,9.05,139880.0,25725.4
17-Feb-2026,02-Mar-2026,CE,26850.0,9.6,19370.0,25725.4
17-Feb-2026,02-Mar-2026,CE,26900.0,8.05,38545.0,25725.4
17-Feb-2026,02-Mar-2026,CE,26950.0,6.7,15795.0,25725.4
17-Feb-2026,02-Mar-2026,CE,27000.0,6.0,405275.0,25725.4
17-Feb-2026,02-Mar-2026,CE,27050.0,6.25,15340.0,25725.4
17-Feb-2026,02-Mar-2026,CE,27100.0,5.45,31915.0,25725.4
17-Feb-2026,02-Mar-2026,CE,27150.0,4.8,8905.0,25725.4
17-Feb-2026,02-Mar-2026,CE,27200.0,4.45,68055.0,25725.4
17-Feb-2026,02-Mar-2026,CE,27250.0,3.9,6175.0,25725.4
17-Feb-2026,02-Mar-2026,CE,27300.0,3.1,202735.0,25725.4
17-Feb-2026,02-Mar-2026,CE,27350.0,3.65,2925.0,25725.4
17-Feb-2026,02-Mar-2026,CE,27400.0,3.0,24635.0,25725.4
17-Feb-2026,02-Mar-2026,CE,27450.0,3.0,2795.0,25725.4
17-Feb-2026,02-Mar-2026,CE,27500.0,3.05,323115.0,25725.4
17-Feb-2026,02-Mar-2026,CE,27550.0,2.35,10270.0,25725.4
17-Feb-2026,02-Mar-2026,CE,27600.0,3.0,16445.0,25725.4
17-Feb-2026,02-Mar-2026,CE,27650.0,2.3,15600.0,25725.4
17-Feb-2026,02-Mar-2026,CE,27700.0,2.4,92105.0,25725.4
17-Feb-2026,02-Mar-2026,PE,23100.0,5.4,92235.0,25725.4
17-Feb-2026,02-Mar-2026,PE,23150.0,5.8,5005.0,25725.4
17-Feb-2026,02-Mar-2026,PE,23200.0,6.2,11635.0,25725.4
17-Feb-2026,02-Mar-2026,PE,23250.0,7.6,2405.0,25725.4
17-Feb-2026,02-Mar-2026,PE,23300.0,6.45,13390.0,25725.4
17-Feb-2026,02-Mar-2026,PE,23350.0,6.4,2080.0,25725.4
17-Feb-2026,02-Mar-2026,PE,23400.0,6.7,8515.0,25725.4
17-Feb-2026,02-Mar-2026,PE,23450.0,7.7,7150.0,25725.4
17-Feb-2026,02-Mar-2026,PE,23500.0,6.8,199095.0,25725.4
17-Feb-2026,02-Mar-2026,PE,23550.0,15.6,1300.0,25725.4
17-Feb-2026,02-Mar-2026,PE,23600.0,8.0,6565.0,25725.4
17-Feb-2026,02-Mar-2026,PE,23650.0,9.35,2990.0,25725.4
17-Feb-2026,02-Mar-2026,PE,23700.0,7.65,9360.0,25725.4
17-Feb-2026,02-Mar-2026,PE,23750.0,8.45,6630.0,25725.4
17-Feb-2026,02-Mar-2026,PE,23800.0,8.9,17550.0,25725.4
17-Feb-2026,02-Mar-2026,PE,23850.0,11.0,1950.0,25725.4
17-Feb-2026,02-Mar-2026,PE,23900.0,10.8,7605.0,25725.4
17-Feb-2026,02-Mar-2026,PE,23950.0,10.85,4225.0,25725.4
17-Feb-2026,02-Mar-2026,PE,24000.0,10.65,219115.0,25725.4
17-Feb-2026,02-Mar-2026,PE,24050.0,10.3,5005.0,25725.4
17-Feb-2026,02-Mar-2026,PE,24100.0,12.95,15925.0,25725.4
17-Feb-2026,02-Mar-2026,PE,24150.0,13.45,5915.0,25725.4
17-Feb-2026,02-Mar-2026,PE,24200.0,13.5,47255.0,25725.4
17-Feb-2026,02-Mar-2026,PE,24250.0,14.0,11505.0,25725.4
17-Feb-2026,02-Mar-2026,PE,24300.0,14.95,59215.0,25725.4
17-Feb-2026,02-Mar-2026,PE,24350.0,15.75,11440.0,25725.4
17-Feb-2026,02-Mar-2026,PE,24400.0,16.5,54275.0,25725.4
17-Feb-2026,02-Mar-2026,PE,24450.0,17.8,11050.0,25725.4
17-Feb-2026,02-Mar-2026,PE,24500.0,18.95,231595.0,25725.4
17-Feb-2026,02-Mar-2026,PE,24550.0,20.55,11180.0,25725.4
17-Feb-2026,02-Mar-2026,PE,24600.0,21.5,104260.0,25725.4
17-Feb-2026,02-Mar-2026,PE,24650.0,23.25,23010.0,25725.4
17-Feb-2026,02-Mar-2026,PE,24700.0,25.85,209105.0,25725.4
17-Feb-2026,02-Mar-2026,PE,24750.0,26.85,32630.0,25725.4
17-Feb-2026,02-Mar-2026,PE,24800.0,29.85,382200.0,25725.4
17-Feb-2026,02-Mar-2026,PE,24850.0,31.35,33540.0,25725.4
17-Feb-2026,02-Mar-2026,PE,24900.0,34.75,150085.0,25725.4
17-Feb-2026,02-Mar-2026,PE,24950.0,37.15,42380.0,25725.4
17-Feb-2026,02-Mar-2026,PE,25000.0,42.1,525785.0,25725.4
17-Feb-2026,02-Mar-2026,PE,25050.0,45.85,56550.0,25725.4
17-Feb-2026,02-Mar-2026,PE,25100.0,50.3,135720.0,25725.4
17-Feb-2026,02-Mar-2026,PE,25150.0,56.45,46930.0,25725.4
17-Feb-2026,02-Mar-2026,PE,25200.0,61.5,362375.0,25725.4
17-Feb-2026,02-Mar-2026,PE,25250.0,68.05,42770.0,25725.4
17-Feb-2026,02-Mar-2026,PE,25300.0,76.05,213590.0,25725.4
17-Feb-2026,02-Mar-2026,PE,25350.0,82.85,44655.0,25725.4
17-Feb-2026,02-Mar-2026,PE,25400.0,93.7,388960.0,25725.4
17-Feb-2026,02-Mar-2026,PE,25450.0,104.35,83135.0,25725.4
17-Feb-2026,02-Mar-2026,PE,25500.0,118.85,647010.0,25725.4
17-Feb-2026,02-Mar-2026,PE,25550.0,133.7,131560.0,25725.4
17-Feb-2026,02-Mar-2026,PE,25600.0,147.0,365105.0,25725.4
17-Feb-2026,02-Mar-2026,PE,25650.0,162.3,97175.0,25725.4
17-Feb-2026,02-Mar-2026,PE,25700.0,180.0,281710.0,25725.4
17-Feb-2026,02-Mar-2026,PE,25750.0,200.55,150215.0,25725.4
17-Feb-2026,02-Mar-2026,PE,25800.0,223.4,222755.0,25725.4
17-Feb-2026,02-Mar-2026,PE,25850.0,250.25,37895.0,25725.4
17-Feb-2026,02-Mar-2026,PE,25900.0,274.0,153855.0,25725.4
17-Feb-2026,02-Mar-2026,PE,25950.0,304.95,22490.0,25725.4
17-Feb-2026,02-Mar-2026,PE,26000.0,336.8,280540.0,25725.4
17-Feb-2026,02-Mar-2026,PE,26050.0,350.85,8125.0,25725.4
17-Feb-2026,02-Mar-2026,PE,26100.0,402.8,57005.0,25725.4
17-Feb-2026,02-Mar-2026,PE,26150.0,445.0,5005.0,25725.4
17-Feb-2026,02-Mar-2026,PE,26200.0,479.9,46020.0,25725.4
17-Feb-2026,02-Mar-2026,PE,26250.0,532.5,1560.0,25725.4
17-Feb-2026,02-Mar-2026,PE,26300.0,560.65,24375.0,25725.4
17-Feb-2026,02-Mar-2026,PE,26350.0,598.0,1690.0,25725.4
17-Feb-2026,02-Mar-2026,PE,26400.0,646.7,25220.0,25725.4
17-Feb-2026,02-Mar-2026,PE,26450.0,696.7,325.0,25725.4
17-Feb-2026,02-Mar-2026,PE,26500.0,738.95,14170.0,25725.4
17-Feb-2026,02-Mar-2026,PE,26550.0,809.15,65.0,25725.4
17-Feb-2026,02-Mar-2026,PE,26600.0,856.55,1560.0,25725.4
17-Feb-2026,02-Mar-2026,PE,26650.0,884.75,,25725.4
17-Feb-2026,02-Mar-2026,PE,26700.0,932.8,65.0,25725.4
17-Feb-2026,02-Mar-2026,PE,26750.0,986.15,130.0,25725.4
17-Feb-2026,02-Mar-2026,PE,26800.0,1037.35,65.0,25725.4
17-Feb-2026,02-Mar-2026,PE,26850.0,1086.3,65.0,25725.4
17-Feb-2026,02-Mar-2026,PE,26900.0,1137.45,65.0,25725.4
17-Feb-2026,02-Mar-2026,PE,26950.0,1180.05,195.0,25725.4
17-Feb-2026,02-Mar-2026,PE,27000.0,1225.85,715.0,25725.4
17-Feb-2026,02-Mar-2026,PE,27050.0,1279.0,65.0,25725.4
17-Feb-2026,02-Mar-2026,PE,27100.0,1320.4,,25725.4
17-Feb-2026,02-Mar-2026,PE,27150.0,1380.5,130.0,25725.4
17-Feb-2026,02-Mar-2026,PE,27200.0,1420.45,65.0,25725.4
17-Feb-2026,02-Mar-2026,PE,27250.0,1468.55,65.0,25725.4
17-Feb-2026,02-Mar-2026,PE,27300.0,1413.75,65.0,25725.4
17-Feb-2026,02-Mar-2026,PE,27350.0,1567.2,65.0,25725.4
17-Feb-2026,02-Mar-2026,PE,27400.0,1618.45,65.0,25725.4
17-Feb-2026,02-Mar-2026,PE,27450.0,1665.6,65.0,25725.4
17-Feb-2026,02-Mar-2026,PE,27500.0,1724.5,195.0,25725.4
17-Feb-2026,02-Mar-2026,PE,27550.0,1765.45,65.0,25725.4
17-Feb-2026,02-Mar-2026,PE,27600.0,1823.4,130.0,25725.4
17-Feb-2026,02-Mar-2026,PE,27650.0,1864.8,65.0,25725.4
17-Feb-2026,02-Mar-2026,PE,27700.0,1914.35,65.0,25725.4
17-Feb-2026,10-Mar-2026,CE,23700.0,,,25725.4
17-Feb-2026,10-Mar-2026,CE,23750.0,,,25725.4
17-Feb-2026,10-Mar-2026,CE,23800.0,,,25725.4
17-Feb-2026,10-Mar-2026,CE,23850.0,,,25725.4
17-Feb-2026,10-Mar-2026,CE,23900.0,,,25725.4
17-Feb-2026,10-Mar-2026,CE,23950.0,,,25725.4
17-Feb-2026,10-Mar-2026,CE,24000.0,,,25725.4
17-Feb-2026,10-Mar-2026,CE,24050.0,,,25725.4
17-Feb-2026,10-Mar-2026,CE,24100.0,,,25725.4
17-Feb-2026,10-Mar-2026,CE,24150.0,,,25725.4
17-Feb-2026,10-Mar-2026,CE,24200.0,,,25725.4
17-Feb-2026,10-Mar-2026,CE,24250.0,,,25725.4
17-Feb-2026,10-Mar-2026,CE,24300.0,,,25725.4
17-Feb-2026,10-Mar-2026,CE,24350.0,,,25725.4
17-Feb-2026,10-Mar-2026,CE,24400.0,,,25725.4
17-Feb-2026,10-Mar-2026,CE,24450.0,,,25725.4
17-Feb-2026,10-Mar-2026,CE,24500.0,,,25725.4
17-Feb-2026,10-Mar-2026,CE,24550.0,,,25725.4
17-Feb-2026,10-Mar-2026,CE,24600.0,,,25725.4
17-Feb-2026,10-Mar-2026,CE,24650.0,,,25725.4
17-Feb-2026,10-Mar-2026,CE,24700.0,,,25725.4
17-Feb-2026,10-Mar-2026,CE,24750.0,,,25725.4
17-Feb-2026,10-Mar-2026,CE,24800.0,,,25725.4
17-Feb-2026,10-Mar-2026,CE,24850.0,,,25725.4
17-Feb-2026,10-Mar-2026,CE,24900.0,,,25725.4
17-Feb-2026,10-Mar-2026,CE,24950.0,,,25725.4
17-Feb-2026,10-Mar-2026,CE,25000.0,862.6,6370.0,25725.4
17-Feb-2026,10-Mar-2026,CE,25050.0,830.45,130.0,25725.4
17-Feb-2026,10-Mar-2026,CE,25100.0,784.5,4940.0,25725.4
17-Feb-2026,10-Mar-2026,CE,25150.0,749.8,195.0,25725.4
17-Feb-2026,10-Mar-2026,CE,25200.0,705.25,6565.0,25725.4
17-Feb-2026,10-Mar-2026,CE,25250.0,661.45,325.0,25725.4
17-Feb-2026,10-Mar-2026,CE,25300.0,632.5,10790.0,25725.4
17-Feb-2026,10-Mar-2026,CE,25350.0,578.2,260.0,25725.4
17-Feb-2026,10-Mar-2026,CE,25400.0,542.25,7540.0,25725.4
17-Feb-2026,10-Mar-2026,CE,25450.0,422.45,2210.0,25725.4
17-Feb-2026,10-Mar-2026,CE,25500.0,465.75,46410.0,25725.4
17-Feb-2026,10-Mar-2026,CE,25550.0,433.2,4615.0,25725.4
17-Feb-2026,10-Mar-2026,CE,25600.0,398.7,29055.0,25725.4
17-Feb-2026,10-Mar-2026,CE,25650.0,361.8,8385.0,25725.4
17-Feb-2026,10-Mar-2026,CE,25700.0,329.7,36400.0,25725.4
17-Feb-2026,10-Mar-2026,CE,25750.0,306.4,7865.0,25725.4
17-Feb-2026,10-Mar-2026,CE,25800.0,276.8,52260.0,25725.4
17-Feb-2026,10-Mar-2026,CE,25850.0,248.75,13520.0,25725.4
17-Feb-2026,10-Mar-2026,CE,25900.0,219.5,29640.0,25725.4
17-Feb-2026,10-Mar-2026,CE,25950.0,198.55,10985.0,25725.4
17-Feb-2026,10-Mar-2026,CE,26000.0,177.95,122200.0,25725.4
17-Feb-2026,10-Mar-2026,CE,26050.0,153.85,3445.0,25725.4
17-Feb-2026,10-Mar-2026,CE,26100.0,136.95,62010.0,25725.4
17-Feb-2026,10-Mar-2026,CE,26150.0,124.65,4030.0,25725.4
17-Feb-2026,10-Mar-2026,CE,26200.0,105.85,49725.0,25725.4
17-Feb-2026,10-Mar-2026,CE,26250.0,92.0,8255.0,25725.4
17-Feb-2026,10-Mar-2026,CE,26300.0,81.9,31200.0,25725.4
17-Feb-2026,10-Mar-2026,CE,26350.0,68.9,3965.0,25725.4
17-Feb-2026,10-Mar-2026,CE,26400.0,61.7,21125.0,25725.4
17-Feb-2026,10-Mar-2026,CE,26450.0,,,25725.4
17-Feb-2026,10-Mar-2026,CE,26500.0,46.35,70785.0,25725.4
17-Feb-2026,10-Mar-2026,CE,26550.0,,,25725.4
17-Feb-2026,10-Mar-2026,CE,26600.0,35.65,38805.0,25725.4
17-Feb-2026,10-Mar-2026,CE,26650.0,,,25725.4
17-Feb-2026,10-Mar-2026,CE,26700.0,,,25725.4
17-Feb-2026,10-Mar-2026,CE,26750.0,,,25725.4
17-Feb-2026,10-Mar-2026,CE,26800.0,19.4,43875.0,25725.4
17-Feb-2026,10-Mar-2026,CE,26850.0,17.15,4095.0,25725.4
17-Feb-2026,10-Mar-2026,CE,26900.0,15.0,23270.0,25725.4
17-Feb-2026,10-Mar-2026,CE,26950.0,12.5,29380.0,25725.4
17-Feb-2026,10-Mar-2026,CE,27000.0,12.2,64480.0,25725.4
17-Feb-2026,10-Mar-2026,CE,27050.0,,,25725.4
17-Feb-2026,10-Mar-2026,CE,27100.0,9.95,7410.0,25725.4
17-Feb-2026,10-Mar-2026,CE,27150.0,10.3,1235.0,25725.4
17-Feb-2026,10-Mar-2026,CE,27200.0,7.95,9100.0,25725.4
17-Feb-2026,10-Mar-2026,CE,27250.0,7.8,9360.0,25725.4
17-Feb-2026,10-Mar-2026,CE,27300.0,6.8,7475.0,25725.4
17-Feb-2026,10-Mar-2026,CE,27350.0,5.4,780.0,25725.4
17-Feb-2026,10-Mar-2026,CE,27400.0,5.7,9100.0,25725.4
17-Feb-2026,10-Mar-2026,CE,27450.0,5.5,3055.0,25725.4
17-Feb-2026,10-Mar-2026,CE,27500.0,4.9,46865.0,25725.4
17-Feb-2026,10-Mar-2026,CE,27550.0,,,25725.4
17-Feb-2026,10-Mar-2026,CE,27600.0,4.0,1625.0,25725.4
17-Feb-2026,10-Mar-2026,CE,27650.0,,,25725.4
17-Feb-2026,10-Mar-2026,CE,27700.0,,,25725.4
17-Feb-2026,10-Mar-2026,PE,23700.0,15.0,9555.0,25725.4
17-Feb-2026,10-Mar-2026,PE,23750.0,,,25725.4
17-Feb-2026,10-Mar-2026,PE,23800.0,17.0,1950.0,25725.4
17-Feb-2026,10-Mar-2026,PE,23850.0,,,25725.4
17-Feb-2026,10-Mar-2026,PE,23900.0,15.95,10400.0,25725.4
17-Feb-2026,10-Mar-2026,PE,23950.0,,,25725.4
17-Feb-2026,10-Mar-2026,PE,24000.0,20.4,68250.0,25725.4
17-Feb-2026,10-Mar-2026,PE,24050.0,28.9,260.0,25725.4
17-Feb-2026,10-Mar-2026,PE,24100.0,26.95,1105.0,25725.4
17-Feb-2026,10-Mar-2026,PE,24150.0,19.6,11050.0,25725.4
17-Feb-2026,10-Mar-2026,PE,24200.0,24.4,14105.0,25725.4
17-Feb-2026,10-Mar-2026,PE,24250.0,25.85,195.0,25725.4
17-Feb-2026,10-Mar-2026,PE,24300.0,27.6,6630.0,25725.4
17-Feb-2026,10-Mar-2026,PE,24350.0,27.0,1105.0,25725.4
17-Feb-2026,10-Mar-2026,PE,24400.0,27.7,4875.0,25725.4
17-Feb-2026,10-Mar-2026,PE,24450.0,33.3,1625.0,25725.4
17-Feb-2026,10-Mar-2026,PE,24500.0,33.95,54275.0,25725.4
17-Feb-2026,10-Mar-2026,PE,24550.0,35.45,1105.0,25725.4
17-Feb-2026,10-Mar-2026,PE,24600.0,39.1,21255.0,25725.4
17-Feb-2026,10-Mar-2026,PE,24650.0,40.0,1040.0,25725.4
17-Feb-2026,10-Mar-2026,PE,24700.0,44.45,22100.0,25725.4
17-Feb-2026,10-Mar-2026,PE,24750.0,45.6,2210.0,25725.4
17-Feb-2026,10-Mar-2026,PE,24800.0,48.35,16965.0,25725.4
17-Feb-2026,10-Mar-2026,PE,24850.0,50.85,520.0,25725.4
17-Feb-2026,10-Mar-2026,PE,24900.0,56.45,26975.0,25725.4
17-Feb-2026,10-Mar-2026,PE,24950.0,61.25,1430.0,25725.4
17-Feb-2026,10-Mar-2026,PE,25000.0,68.0,121810.0,25725.4
17-Feb-2026,10-Mar-2026,PE,25050.0,70.05,2470.0,25725.4
17-Feb-2026,10-Mar-2026,PE,25100.0,77.55,12740.0,25725.4
17-Feb-2026,10-Mar-2026,PE,25150.0,84.35,2990.0,25725.4
17-Feb-2026,10-Mar-2026,PE,25200.0,91.65,30095.0,25725.4
17-Feb-2026,10-Mar-2026,PE,25250.0,101.0,2665.0,25725.4
17-Feb-2026,10-Mar-2026,PE,25300.0,111.8,31850.0,25725.4
17-Feb-2026,10-Mar-2026,PE,25350.0,118.2,1950.0,25725.4
17-Feb-2026,10-Mar-2026,PE,25400.0,130.0,59215.0,25725.4
17-Feb-2026,10-Mar-2026,PE,25450.0,138.65,4875.0,25725.4
17-Feb-2026,10-Mar-2026,PE,25500.0,158.35,114465.0,25725.4
17-Feb-2026,10-Mar-2026,PE,25550.0,170.25,7150.0,25725.4
17-Feb-2026,10-Mar-2026,PE,25600.0,187.7,52845.0,25725.4
17-Feb-2026,10-Mar-2026,PE,25650.0,199.95,17225.0,25725.4
17-Feb-2026,10-Mar-2026,PE,25700.0,220.5,37765.0,25725.4
17-Feb-2026,10-Mar-2026,PE,25750.0,234.8,8645.0,25725.4
17-Feb-2026,10-Mar-2026,PE,25800.0,261.8,37765.0,25725.4
17-Feb-2026,10-Mar-2026,PE,25850.0,284.7,5785.0,25725.4
17-Feb-2026,10-Mar-2026,PE,25900.0,311.75,21320.0,25725.4
17-Feb-2026,10-Mar-2026,PE,25950.0,334.15,4485.0,25725.4
17-Feb-2026,10-Mar-2026,PE,26000.0,358.15,50635.0,25725.4
17-Feb-2026,10-Mar-2026,PE,26050.0,403.85,455.0,25725.4
17-Feb-2026,10-Mar-2026,PE,26100.0,423.1,12285.0,25725.4
17-Feb-2026,10-Mar-2026,PE,26150.0,481.5,65.0,25725.4
17-Feb-2026,10-Mar-2026,PE,26200.0,476.55,5590.0,25725.4
17-Feb-2026,10-Mar-2026,PE,26250.0,526.65,130.0,25725.4
17-Feb-2026,10-Mar-2026,PE,26300.0,570.0,1040.0,25725.4
17-Feb-2026,10-Mar-2026,PE,26350.0,653.6,65.0,25725.4
17-Feb-2026,10-Mar-2026,PE,26400.0,642.15,325.0,25725.4
17-Feb-2026,10-Mar-2026,PE,26450.0,720.6,65.0,25725.4
17-Feb-2026,10-Mar-2026,PE,26500.0,726.1,2990.0,25725.4
17-Feb-2026,10-Mar-2026,PE,26550.0,,,25725.4
17-Feb-2026,10-Mar-2026,PE,26600.0,,,25725.4
17-Feb-2026,10-Mar-2026,PE,26650.0,,,25725.4
17-Feb-2026,10-Mar-2026,PE,26700.0,,,25725.4
17-Feb-2026,10-Mar-2026,PE,26750.0,,,25725.4
17-Feb-2026,10-Mar-2026,PE,26800.0,,,25725.4
17-Feb-2026,10-Mar-2026,PE,26850.0,,,25725.4
17-Feb-2026,10-Mar-2026,PE,26900.0,1292.85,,25725.4
17-Feb-2026,10-Mar-2026,PE,26950.0,,,25725.4
17-Feb-2026,10-Mar-2026,PE,27000.0,,,25725.4
17-Feb-2026,10-Mar-2026,PE,27050.0,,,25725.4
17-Feb-2026,10-Mar-2026,PE,27100.0,,,25725.4
17-Feb-2026,10-Mar-2026,PE,27150.0,,,25725.4
17-Feb-2026,10-Mar-2026,PE,27200.0,,,25725.4
17-Feb-2026,10-Mar-2026,PE,27250.0,,,25725.4
17-Feb-2026,10-Mar-2026,PE,27300.0,,,25725.4
17-Feb-2026,10-Mar-2026,PE,27350.0,,,25725.4
17-Feb-2026,10-Mar-2026,PE,27400.0,,,25725.4
17-Feb-2026,10-Mar-2026,PE,27450.0,,,25725.4
17-Feb-2026,10-Mar-2026,PE,27500.0,,,25725.4
17-Feb-2026,10-Mar-2026,PE,27550.0,,,25725.4
17-Feb-2026,10-Mar-2026,PE,27600.0,,,25725.4
17-Feb-2026,10-Mar-2026,PE,27650.0,,,25725.4
17-Feb-2026,10-Mar-2026,PE,27700.0,,,25725.4
18-Feb-2026,02-Mar-2026,CE,23100.0,2752.85,65.0,25819.35
18-Feb-2026,02-Mar-2026,CE,23150.0,2707.4,65.0,25819.35
18-Feb-2026,02-Mar-2026,CE,23200.0,2661.5,65.0,25819.35
18-Feb-2026,02-Mar-2026,CE,23250.0,2498.7,,25819.35
18-Feb-2026,02-Mar-2026,CE,23300.0,2552.7,130.0,25819.35
18-Feb-2026,02-Mar-2026,CE,23350.0,2512.7,130.0,25819.35
18-Feb-2026,02-Mar-2026,CE,23400.0,2456.1,65.0,25819.35
18-Feb-2026,02-Mar-2026,CE,23450.0,2399.45,130.0,25819.35
18-Feb-2026,02-Mar-2026,CE,23500.0,2363.6,130.0,25819.35
18-Feb-2026,02-Mar-2026,CE,23550.0,2311.3,65.0,25819.35
18-Feb-2026,02-Mar-2026,CE,23600.0,2251.5,130.0,25819.35
18-Feb-2026,02-Mar-2026,CE,23650.0,2212.2,65.0,25819.35
18-Feb-2026,02-Mar-2026,CE,23700.0,2146.9,130.0,25819.35
18-Feb-2026,02-Mar-2026,CE,23750.0,2097.25,130.0,25819.35
18-Feb-2026,02-Mar-2026,CE,23800.0,2063.9,130.0,25819.35
18-Feb-2026,02-Mar-2026,CE,23850.0,1998.35,130.0,25819.35
18-Feb-2026,02-Mar-2026,CE,23900.0,1950.05,130.0,25819.35
18-Feb-2026,02-Mar-2026,CE,23950.0,1902.6,130.0,25819.35
18-Feb-2026,02-Mar-2026,CE,24000.0,1874.0,2535.0,25819.35
18-Feb-2026,02-Mar-2026,CE,24050.0,1801.25,130.0,25819.35
18-Feb-2026,02-Mar-2026,CE,24100.0,1772.45,1170.0,25819.35
18-Feb-2026,02-Mar-2026,CE,24150.0,1720.05,65.0,25819.35
18-Feb-2026,02-Mar-2026,CE,24200.0,1681.75,195.0,25819.35
18-Feb-2026,02-Mar-2026,CE,24250.0,1619.7,130.0,25819.35
18-Feb-2026,02-Mar-2026,CE,24300.0,1577.05,130.0,25819.35
18-Feb-2026,02-Mar-2026,CE,24350.0,1510.7,130.0,25819.35
18-Feb-2026,02-Mar-2026,CE,24400.0,1463.05,130.0,25819.35
18-Feb-2026,02-Mar-2026,CE,24450.0,1409.3,65.0,25819.35
18-Feb-2026,02-Mar-2026,CE,24500.0,1341.6,5330.0,25819.35
18-Feb-2026,02-Mar-2026,CE,24550.0,1318.1,260.0,25819.35
18-Feb-2026,02-Mar-2026,CE,24600.0,1262.7,650.0,25819.35
18-Feb-2026,02-Mar-2026,CE,24650.0,1217.7,1690.0,25819.35
18-Feb-2026,02-Mar-2026,CE,24700.0,1160.0,1755.0,25819.35
18-Feb-2026,02-Mar-2026,CE,24750.0,1119.55,130.0,25819.35
18-Feb-2026,02-Mar-2026,CE,24800.0,1072.15,3965.0,25819.35
18-Feb-2026,02-Mar-2026,CE,24850.0,1004.9,650.0,25819.35
18-Feb-2026,02-Mar-2026,CE,24900.0,975.0,24050.0,25819.35
18-Feb-2026,02-Mar-2026,CE,24950.0,918.6,2665.0,25819.35
18-Feb-2026,02-Mar-2026,CE,25000.0,890.0,34515.0,25819.35
18-Feb-2026,02-Mar-2026,CE,25050.0,845.15,2535.0,25819.35
18-Feb-2026,02-Mar-2026,CE,25100.0,801.75,8450.0,25819.35
18-Feb-2026,02-Mar-2026,CE,25150.0,749.45,4290.0,25819.35
18-Feb-2026,02-Mar-2026,CE,25200.0,702.15,86840.0,25819.35
18-Feb-2026,02-Mar-2026,CE,25250.0,657.05,4290.0,25819.35
18-Feb-2026,02-Mar-2026,CE,25300.0,611.7,43875.0,25819.35
18-Feb-2026,02-Mar-2026,CE,25350.0,566.65,10725.0,25819.35
18-Feb-2026,02-Mar-2026,CE,25400.0,525.35,65715.0,25819.35
18-Feb-2026,02-Mar-2026,CE,25450.0,485.45,23400.0,25819.35
18-Feb-2026,02-Mar-2026,CE,25500.0,444.0,259350.0,25819.35
18-Feb-2026,02-Mar-2026,CE,25550.0,404.1,64415.0,25819.35
18-Feb-2026,02-Mar-2026,CE,25600.0,363.8,178815.0,25819.35
18-Feb-2026,02-Mar-2026,CE,25650.0,328.9,65845.0,25819.35
18-Feb-2026,02-Mar-2026,CE,25700.0,290.75,339430.0,25819.35
18-Feb-2026,02-Mar-2026,CE,25750.0,258.5,258115.0,25819.35
18-Feb-2026,02-Mar-2026,CE,25800.0,227.9,665860.0,25819.35
18-Feb-2026,02-Mar-2026,CE,25850.0,199.0,166660.0,25819.35
18-Feb-2026,02-Mar-2026,CE,25900.0,172.5,390650.0,25819.35
18-Feb-2026,02-Mar-2026,CE,25950.0,148.7,106535.0,25819.35
18-Feb-2026,02-Mar-2026,CE,26000.0,127.45,1032135.0,25819.35
18-Feb-2026,02-Mar-2026,CE,26050.0,108.55,109915.0,25819.35
18-Feb-2026,02-Mar-2026,CE,26100.0,90.9,334880.0,25819.35
18-Feb-2026,02-Mar-2026,CE,26150.0,76.75,185770.0,25819.35
18-Feb-2026,02-Mar-2026,CE,26200.0,63.45,421330.0,25819.35
18-Feb-2026,02-Mar-2026,CE,26250.0,53.5,94770.0,25819.35
18-Feb-2026,02-Mar-2026,CE,26300.0,42.9,404040.0,25819.35
18-Feb-2026,02-Mar-2026,CE,26350.0,36.5,92560.0,25819.35
18-Feb-2026,02-Mar-2026,CE,26400.0,29.6,430040.0,25819.35
18-Feb-2026,02-Mar-2026,CE,26450.0,25.15,62400.0,25819.35
18-Feb-2026,02-Mar-2026,CE,26500.0,20.45,669435.0,25819.35
18-Feb-2026,02-Mar-2026,CE,26550.0,18.0,48750.0,25819.35
18-Feb-2026,02-Mar-2026,CE,26600.0,14.65,217880.0,25819.35
18-Feb-2026,02-Mar-2026,CE,26650.0,12.85,46475.0,25819.35
18-Feb-2026,02-Mar-2026,CE,26700.0,11.85,196300.0,25819.35
18-Feb-2026,02-Mar-2026,CE,26750.0,10.5,46215.0,25819.35
18-Feb-2026,02-Mar-2026,CE,26800.0,8.25,208715.0,25819.35
18-Feb-2026,02-Mar-2026,CE,26850.0,9.1,22360.0,25819.35
18-Feb-2026,02-Mar-2026,CE,26900.0,7.35,83460.0,25819.35
18-Feb-2026,02-Mar-2026,CE,26950.0,6.5,28665.0,25819.35
18-Feb-2026,02-Mar-2026,CE,27000.0,6.0,473330.0,25819.35
18-Feb-2026,02-Mar-2026,CE,27050.0,5.55,27560.0,25819.35
18-Feb-2026,02-Mar-2026,CE,27100.0,4.8,93210.0,25819.35
18-Feb-2026,02-Mar-2026,CE,27150.0,4.05,7995.0,25819.35
18-Feb-2026,02-Mar-2026,CE,27200.0,3.75,120315.0,25819.35
18-Feb-2026,02-Mar-2026,CE,27250.0,3.35,10855.0,25819.35
18-Feb-2026,02-Mar-2026,CE,27300.0,3.05,217425.0,25819.35
18-Feb-2026,02-Mar-2026,CE,27350.0,3.6,7605.0,25819.35
18-Feb-2026,02-Mar-2026,CE,27400.0,2.85,28535.0,25819.35
18-Feb-2026,02-Mar-2026,CE,27450.0,2.5,7215.0,25819.35
18-Feb-2026,02-Mar-2026,CE,27500.0,2.75,307125.0,25819.35
18-Feb-2026,02-Mar-2026,CE,27550.0,2.5,13910.0,25819.35
18-Feb-2026,02-Mar-2026,CE,27600.0,2.15,47060.0,25819.35
18-Feb-2026,02-Mar-2026,CE,27650.0,2.4,18915.0,25819.35
18-Feb-2026,02-Mar-2026,CE,27700.0,2.2,131885.0,25819.35
18-Feb-2026,02-Mar-2026,PE,23100.0,5.5,206635.0,25819.35
18-Feb-2026,02-Mar-2026,PE,23150.0,5.6,13650.0,25819.35
18-Feb-2026,02-Mar-2026,PE,23200.0,5.8,32175.0,25819.35
18-Feb-2026,02-Mar-2026,PE,23250.0,7.25,18720.0,25819.35
18-Feb-2026,02-Mar-2026,PE,23300.0,6.0,21125.0,25819.35
18-Feb-2026,02-Mar-2026,PE,23350.0,5.5,2795.0,25819.35
18-Feb-2026,02-Mar-2026,PE,23400.0,5.9,14365.0,25819.35
18-Feb-2026,02-Mar-2026,PE,23450.0,7.15,4030.0,25819.35
18-Feb-2026,02-Mar-2026,PE,23500.0,7.1,282295.0,25819.35
18-Feb-2026,02-Mar-2026,PE,23550.0,7.8,2405.0,25819.35
18-Feb-2026,02-Mar-2026,PE,23600.0,7.4,11570.0,25819.35
18-Feb-2026,02-Mar-2026,PE,23650.0,6.95,3250.0,25819.35
18-Feb-2026,02-Mar-2026,PE,23700.0,7.05,13195.0,25819.35
18-Feb-2026,02-Mar-2026,PE,23750.0,7.7,6565.0,25819.35
18-Feb-2026,02-Mar-2026,PE,23800.0,8.0,37050.0,25819.35
18-Feb-2026,02-Mar-2026,PE,23850.0,10.0,5265.0,25819.35
18-Feb-2026,02-Mar-2026,PE,23900.0,10.0,12935.0,25819.35
18-Feb-2026,02-Mar-2026,PE,23950.0,8.75,6370.0,25819.35
18-Feb-2026,02-Mar-2026,PE,24000.0,9.9,331825.0,25819.35
18-Feb-2026,02-Mar-2026,PE,24050.0,11.85,11505.0,25819.35
18-Feb-2026,02-Mar-2026,PE,24100.0,10.1,25870.0,25819.35
18-Feb-2026,02-Mar-2026,PE,24150.0,10.7,6695.0,25819.35
18-Feb-2026,02-Mar-2026,PE,24200.0,11.15,55575.0,25819.35
18-Feb-2026,02-Mar-2026,PE,24250.0,14.05,13455.0,25819.35
18-Feb-2026,02-Mar-2026,PE,24300.0,13.7,82225.0,25819.35
18-Feb-2026,02-Mar-2026,PE,24350.0,14.15,29640.0,25819.35
18-Feb-2026,02-Mar-2026,PE,24400.0,15.1,59085.0,25819.35
18-Feb-2026,02-Mar-2026,PE,24450.0,15.85,30615.0,25819.35
18-Feb-2026,02-Mar-2026,PE,24500.0,16.5,309205.0,25819.35
18-Feb-2026,02-Mar-2026,PE,24550.0,17.75,22750.0,25819.35
18-Feb-2026,02-Mar-2026,PE,24600.0,18.45,124345.0,25819.35
18-Feb-2026,02-Mar-2026,PE,24650.0,18.6,27690.0,25819.35
18-Feb-2026,02-Mar-2026,PE,24700.0,20.1,209690.0,25819.35
18-Feb-2026,02-Mar-2026,PE,24750.0,20.85,36920.0,25819.35
18-Feb-2026,02-Mar-2026,PE,24800.0,23.05,368940.0,25819.35
18-Feb-2026,02-Mar-2026,PE,24850.0,25.05,70655.0,25819.35
18-Feb-2026,02-Mar-2026,PE,24900.0,25.85,237445.0,25819.35
18-Feb-2026,02-Mar-2026,PE,24950.0,28.75,63505.0,25819.35
18-Feb-2026,02-Mar-2026,PE,25000.0,30.95,706160.0,25819.35
18-Feb-2026,02-Mar-2026,PE,25050.0,33.65,56940.0,25819.35
18-Feb-2026,02-Mar-2026,PE,25100.0,36.8,213720.0,25819.35
18-Feb-2026,02-Mar-2026,PE,25150.0,40.45,145275.0,25819.35
18-Feb-2026,02-Mar-2026,PE,25200.0,42.75,408005.0,25819.35
18-Feb-2026,02-Mar-2026,PE,25250.0,48.45,84305.0,25819.35
18-Feb-2026,02-Mar-2026,PE,25300.0,53.3,435760.0,25819.35
18-Feb-2026,02-Mar-2026,PE,25350.0,58.05,108485.0,25819.35
18-Feb-2026,02-Mar-2026,PE,25400.0,65.4,516295.0,25819.35
18-Feb-2026,02-Mar-2026,PE,25450.0,73.0,144235.0,25819.35
18-Feb-2026,02-Mar-2026,PE,25500.0,82.0,939315.0,25819.35
18-Feb-2026,02-Mar-2026,PE,25550.0,91.95,168545.0,25819.35
18-Feb-2026,02-Mar-2026,PE,25600.0,103.0,578435.0,25819.35
18-Feb-2026,02-Mar-2026,PE,25650.0,115.0,157495.0,25819.35
18-Feb-2026,02-Mar-2026,PE,25700.0,131.0,624715.0,25819.35
18-Feb-2026,02-Mar-2026,PE,25750.0,146.8,341120.0,25819.35
18-Feb-2026,02-Mar-2026,PE,25800.0,166.15,566215.0,25819.35
18-Feb-2026,02-Mar-2026,PE,25850.0,187.3,97630.0,25819.35
18-Feb-2026,02-Mar-2026,PE,25900.0,211.0,225095.0,25819.35
18-Feb-2026,02-Mar-2026,PE,25950.0,237.5,43485.0,25819.35
18-Feb-2026,02-Mar-2026,PE,26000.0,265.0,374985.0,25819.35
18-Feb-2026,02-Mar-2026,PE,26050.0,295.6,23335.0,25819.35
18-Feb-2026,02-Mar-2026,PE,26100.0,329.0,74295.0,25819.35
18-Feb-2026,02-Mar-2026,PE,26150.0,364.95,7215.0,25819.35
18-Feb-2026,02-Mar-2026,PE,26200.0,401.25,94055.0,25819.35
18-Feb-2026,02-Mar-2026,PE,26250.0,433.5,2275.0,25819.35
18-Feb-2026,02-Mar-2026,PE,26300.0,480.0,25740.0,25819.35
18-Feb-2026,02-Mar-2026,PE,26350.0,525.0,1950.0,25819.35
18-Feb-2026,02-Mar-2026,PE,26400.0,566.55,24050.0,25819.35
18-Feb-2026,02-Mar-2026,PE,26450.0,608.0,325.0,25819.35
18-Feb-2026,02-Mar-2026,PE,26500.0,656.0,17355.0,25819.35
18-Feb-2026,02-Mar-2026,PE,26550.0,709.5,65.0,25819.35
18-Feb-2026,02-Mar-2026,PE,26600.0,770.0,1820.0,25819.35
18-Feb-2026,02-Mar-2026,PE,26650.0,795.45,,25819.35
18-Feb-2026,02-Mar-2026,PE,26700.0,856.3,65.0,25819.35
18-Feb-2026,02-Mar-2026,PE,26750.0,888.3,130.0,25819.35
18-Feb-2026,02-Mar-2026,PE,26800.0,960.15,195.0,25819.35
18-Feb-2026,02-Mar-2026,PE,26850.0,1004.85,65.0,25819.35
18-Feb-2026,02-Mar-2026,PE,26900.0,1052.65,260.0,25819.35
18-Feb-2026,02-Mar-2026,PE,26950.0,1087.7,195.0,25819.35
18-Feb-2026,02-Mar-2026,PE,27000.0,1151.65,4940.0,25819.35
18-Feb-2026,02-Mar-2026,PE,27050.0,1200.85,65.0,25819.35
18-Feb-2026,02-Mar-2026,PE,27100.0,1246.25,65.0,25819.35
18-Feb-2026,02-Mar-2026,PE,27150.0,1284.5,130.0,25819.35
18-Feb-2026,02-Mar-2026,PE,27200.0,1345.4,65.0,25819.35
18-Feb-2026,02-Mar-2026,PE,27250.0,1395.6,65.0,25819.35
18-Feb-2026,02-Mar-2026,PE,27300.0,1437.65,130.0,25819.35
18-Feb-2026,02-Mar-2026,PE,27350.0,1476.15,65.0,25819.35
18-Feb-2026,02-Mar-2026,PE,27400.0,1525.65,65.0,25819.35
18-Feb-2026,02-Mar-2026,PE,27450.0,1570.8,65.0,25819.35
18-Feb-2026,02-Mar-2026,PE,27500.0,1618.65,195.0,25819.35
18-Feb-2026,02-Mar-2026,PE,27550.0,1683.5,65.0,25819.35
18-Feb-2026,02-Mar-2026,PE,27600.0,1735.6,130.0,25819.35
18-Feb-2026,02-Mar-2026,PE,27650.0,1778.3,65.0,25819.35
18-Feb-2026,02-Mar-2026,PE,27700.0,1857.05,130.0,25819.35
18-Feb-2026,10-Mar-2026,CE,23700.0,,,25819.35
18-Feb-2026,10-Mar-2026,CE,23750.0,,,25819.35
18-Feb-2026,10-Mar-2026,CE,23800.0,,,25819.35
18-Feb-2026,10-Mar-2026,CE,23850.0,,,25819.35
18-Feb-2026,10-Mar-2026,CE,23900.0,,,25819.35
18-Feb-2026,10-Mar-2026,CE,23950.0,,,25819.35
18-Feb-2026,10-Mar-2026,CE,24000.0,1896.45,65.0,25819.35
18-Feb-2026,10-Mar-2026,CE,24050.0,1847.85,65.0,25819.35
18-Feb-2026,10-Mar-2026,CE,24100.0,1799.1,65.0,25819.35
18-Feb-2026,10-Mar-2026,CE,24150.0,1750.3,65.0,25819.35
18-Feb-2026,10-Mar-2026,CE,24200.0,1701.55,65.0,25819.35
18-Feb-2026,10-Mar-2026,CE,24250.0,1653.35,65.0,25819.35
18-Feb-2026,10-Mar-2026,CE,24300.0,1604.3,65.0,25819.35
18-Feb-2026,10-Mar-2026,CE,24350.0,1558.9,65.0,25819.35
18-Feb-2026,10-Mar-2026,CE,24400.0,1509.0,65.0,25819.35
18-Feb-2026,10-Mar-2026,CE,24450.0,1467.6,65.0,25819.35
18-Feb-2026,10-Mar-2026,CE,24500.0,1419.4,65.0,25819.35
18-Feb-2026,10-Mar-2026,CE,24550.0,1366.75,65.0,25819.35
18-Feb-2026,10-Mar-2026,CE,24600.0,1318.8,65.0,25819.35
18-Feb-2026,10-Mar-2026,CE,24650.0,1270.35,65.0,25819.35
18-Feb-2026,10-Mar-2026,CE,24700.0,1222.65,65.0,25819.35
18-Feb-2026,10-Mar-2026,CE,24750.0,1175.6,65.0,25819.35
18-Feb-2026,10-Mar-2026,CE,24800.0,1133.45,65.0,25819.35
18-Feb-2026,10-Mar-2026,CE,24850.0,1083.85,65.0,25819.35
18-Feb-2026,10-Mar-2026,CE,24900.0,1039.5,65.0,25819.35
18-Feb-2026,10-Mar-2026,CE,24950.0,993.05,65.0,25819.35
18-Feb-2026,10-Mar-2026,CE,25000.0,935.6,6240.0,25819.35
18-Feb-2026,10-Mar-2026,CE,25050.0,880.3,195.0,25819.35
18-Feb-2026,10-Mar-2026,CE,25100.0,833.15,3055.0,25819.35
18-Feb-2026,10-Mar-2026,CE,25150.0,793.8,195.0,25819.35
18-Feb-2026,10-Mar-2026,CE,25200.0,767.65,5785.0,25819.35
18-Feb-2026,10-Mar-2026,CE,25250.0,698.2,325.0,25819.35
18-Feb-2026,10-Mar-2026,CE,25300.0,614.35,10725.0,25819.35
18-Feb-2026,10-Mar-2026,CE,25350.0,635.0,520.0,25819.35
18-Feb-2026,10-Mar-2026,CE,25400.0,591.25,6175.0,25819.35
18-Feb-2026,10-Mar-2026,CE,25450.0,550.0,1430.0,25819.35
18-Feb-2026,10-Mar-2026,CE,25500.0,512.55,54015.0,25819.35
18-Feb-2026,10-Mar-2026,CE,25550.0,484.4,3965.0,25819.35
18-Feb-2026,10-Mar-2026,CE,25600.0,441.0,42640.0,25819.35
18-Feb-2026,10-Mar-2026,CE,25650.0,400.85,10465.0,25819.35
18-Feb-2026,10-Mar-2026,CE,25700.0,368.2,39195.0,25819.35
18-Feb-2026,10-Mar-2026,CE,25750.0,330.75,21060.0,25819.35
18-Feb-2026,10-Mar-2026,CE,25800.0,304.0,79300.0,25819.35
18-Feb-2026,10-Mar-2026,CE,25850.0,274.05,12090.0,25819.35
18-Feb-2026,10-Mar-2026,CE,25900.0,247.0,36660.0,25819.35
18-Feb-2026,10-Mar-2026,CE,25950.0,219.15,12025.0,25819.35
18-Feb-2026,10-Mar-2026,CE,26000.0,196.95,172250.0,25819.35
18-Feb-2026,10-Mar-2026,CE,26050.0,171.6,4030.0,25819.35
18-Feb-2026,10-Mar-2026,CE,26100.0,153.65,52975.0,25819.35
18-Feb-2026,10-Mar-2026,CE,26150.0,134.7,7280.0,25819.35
18-Feb-2026,10-Mar-2026,CE,26200.0,116.05,58110.0,25819.35
18-Feb-2026,10-Mar-2026,CE,26250.0,99.45,13715.0,25819.35
18-Feb-2026,10-Mar-2026,CE,26300.0,88.0,48620.0,25819.35
18-Feb-2026,10-Mar-2026,CE,26350.0,75.65,5590.0,25819.35
18-Feb-2026,10-Mar-2026,CE,26400.0,65.95,45240.0,25819.35
18-Feb-2026,10-Mar-2026,CE,26450.0,,,25819.35
18-Feb-2026,10-Mar-2026,CE,26500.0,49.5,143325.0,25819.35
18-Feb-2026,10-Mar-2026,CE,26550.0,,,25819.35
18-Feb-2026,10-Mar-2026,CE,26600.0,35.35,53755.0,25819.35
18-Feb-2026,10-Mar-2026,CE,26650.0,,,25819.35
18-Feb-2026,10-Mar-2026,CE,26700.0,25.5,41665.0,25819.35
18-Feb-2026,10-Mar-2026,CE,26750.0,,,25819.35
18-Feb-2026,10-Mar-2026,CE,26800.0,18.6,63960.0,25819.35
18-Feb-2026,10-Mar-2026,CE,26850.0,16.7,4550.0,25819.35
18-Feb-2026,10-Mar-2026,CE,26900.0,14.75,28535.0,25819.35
18-Feb-2026,10-Mar-2026,CE,26950.0,12.75,29445.0,25819.35
18-Feb-2026,10-Mar-2026,CE,27000.0,11.5,67665.0,25819.35
18-Feb-2026,10-Mar-2026,CE,27050.0,,,25819.35
18-Feb-2026,10-Mar-2026,CE,27100.0,9.55,10465.0,25819.35
18-Feb-2026,10-Mar-2026,CE,27150.0,7.65,4225.0,25819.35
18-Feb-2026,10-Mar-2026,CE,27200.0,7.25,5720.0,25819.35
18-Feb-2026,10-Mar-2026,CE,27250.0,6.65,8190.0,25819.35
18-Feb-2026,10-Mar-2026,CE,27300.0,6.5,4810.0,25819.35
18-Feb-2026,10-Mar-2026,CE,27350.0,5.3,1495.0,25819.35
18-Feb-2026,10-Mar-2026,CE,27400.0,5.65,8970.0,25819.35
18-Feb-2026,10-Mar-2026,CE,27450.0,6.0,3185.0,25819.35
18-Feb-2026,10-Mar-2026,CE,27500.0,4.05,67080.0,25819.35
18-Feb-2026,10-Mar-2026,CE,27550.0,,,25819.35
18-Feb-2026,10-Mar-2026,CE,27600.0,5.0,3120.0,25819.35
18-Feb-2026,10-Mar-2026,CE,27650.0,,,25819.35
18-Feb-2026,10-Mar-2026,CE,27700.0,4.85,65.0,25819.35
18-Feb-2026,10-Mar-2026,PE,23700.0,12.6,16445.0,25819.35
18-Feb-2026,10-Mar-2026,PE,23750.0,15.0,715.0,25819.35
18-Feb-2026,10-Mar-2026,PE,23800.0,15.35,2535.0,25819.35
18-Feb-2026,10-Mar-2026,PE,23850.0,,,25819.35
18-Feb-2026,10-Mar-2026,PE,23900.0,15.5,26260.0,25819.35
18-Feb-2026,10-Mar-2026,PE,23950.0,,,25819.35
18-Feb-2026,10-Mar-2026,PE,24000.0,17.85,59670.0,25819.35
18-Feb-2026,10-Mar-2026,PE,24050.0,28.9,260.0,25819.35
18-Feb-2026,10-Mar-2026,PE,24100.0,21.1,2145.0,25819.35
18-Feb-2026,10-Mar-2026,PE,24150.0,19.6,11050.0,25819.35
18-Feb-2026,10-Mar-2026,PE,24200.0,22.45,18590.0,25819.35
18-Feb-2026,10-Mar-2026,PE,24250.0,25.85,195.0,25819.35
18-Feb-2026,10-Mar-2026,PE,24300.0,21.7,17940.0,25819.35
18-Feb-2026,10-Mar-2026,PE,24350.0,23.5,1170.0,25819.35
18-Feb-2026,10-Mar-2026,PE,24400.0,24.5,5265.0,25819.35
18-Feb-2026,10-Mar-2026,PE,24450.0,26.0,1690.0,25819.35
18-Feb-2026,10-Mar-2026,PE,24500.0,28.8,95680.0,25819.35
18-Feb-2026,10-Mar-2026,PE,24550.0,29.15,2015.0,25819.35
18-Feb-2026,10-Mar-2026,PE,24600.0,30.2,25675.0,25819.35
18-Feb-2026,10-Mar-2026,PE,24650.0,32.6,1950.0,25819.35
18-Feb-2026,10-Mar-2026,PE,24700.0,34.45,53885.0,25819.35
18-Feb-2026,10-Mar-2026,PE,24750.0,36.8,5265.0,25819.35
18-Feb-2026,10-Mar-2026,PE,24800.0,40.2,39260.0,25819.35
18-Feb-2026,10-Mar-2026,PE,24850.0,42.0,5265.0,25819.35
18-Feb-2026,10-Mar-2026,PE,24900.0,45.8,41860.0,25819.35
18-Feb-2026,10-Mar-2026,PE,24950.0,49.35,3770.0,25819.35
18-Feb-2026,10-Mar-2026,PE,25000.0,51.5,158275.0,25819.35
18-Feb-2026,10-Mar-2026,PE,25050.0,55.5,3575.0,25819.35
18-Feb-2026,10-Mar-2026,PE,25100.0,58.05,24310.0,25819.35
18-Feb-2026,10-Mar-2026,PE,25150.0,65.3,4420.0,25819.35
18-Feb-2026,10-Mar-2026,PE,25200.0,71.0,36010.0,25819.35
18-Feb-2026,10-Mar-2026,PE,25250.0,77.15,5980.0,25819.35
18-Feb-2026,10-Mar-2026,PE,25300.0,83.9,38545.0,25819.35
18-Feb-2026,10-Mar-2026,PE,25350.0,91.95,5525.0,25819.35
18-Feb-2026,10-Mar-2026,PE,25400.0,97.0,75985.0,25819.35
18-Feb-2026,10-Mar-2026,PE,25450.0,109.0,4420.0,25819.35
18-Feb-2026,10-Mar-2026,PE,25500.0,118.4,162565.0,25819.35
18-Feb-2026,10-Mar-2026,PE,25550.0,130.4,21970.0,25819.35
18-Feb-2026,10-Mar-2026,PE,25600.0,142.2,67990.0,25819.35
18-Feb-2026,10-Mar-2026,PE,25650.0,155.4,28210.0,25819.35
18-Feb-2026,10-Mar-2026,PE,25700.0,173.15,86580.0,25819.35
18-Feb-2026,10-Mar-2026,PE,25750.0,188.3,24375.0,25819.35
18-Feb-2026,10-Mar-2026,PE,25800.0,206.1,63505.0,25819.35
18-Feb-2026,10-Mar-2026,PE,25850.0,227.3,7150.0,25819.35
18-Feb-2026,10-Mar-2026,PE,25900.0,248.0,28145.0,25819.35
18-Feb-2026,10-Mar-2026,PE,25950.0,272.1,4420.0,25819.35
18-Feb-2026,10-Mar-2026,PE,26000.0,296.6,65715.0,25819.35
18-Feb-2026,10-Mar-2026,PE,26050.0,326.95,1495.0,25819.35
18-Feb-2026,10-Mar-2026,PE,26100.0,357.5,6890.0,25819.35
18-Feb-2026,10-Mar-2026,PE,26150.0,378.65,325.0,25819.35
18-Feb-2026,10-Mar-2026,PE,26200.0,419.0,4940.0,25819.35
18-Feb-2026,10-Mar-2026,PE,26250.0,517.25,260.0,25819.35
18-Feb-2026,10-Mar-2026,PE,26300.0,476.15,1235.0,25819.35
18-Feb-2026,10-Mar-2026,PE,26350.0,536.55,130.0,25819.35
18-Feb-2026,10-Mar-2026,PE,26400.0,583.15,390.0,25819.35
18-Feb-2026,10-Mar-2026,PE,26450.0,612.65,130.0,25819.35
18-Feb-2026,10-Mar-2026,PE,26500.0,649.0,3120.0,25819.35
18-Feb-2026,10-Mar-2026,PE,26550.0,703.45,65.0,25819.35
18-Feb-2026,10-Mar-2026,PE,26600.0,748.6,65.0,25819.35
18-Feb-2026,10-Mar-2026,PE,26650.0,794.05,65.0,25819.35
18-Feb-2026,10-Mar-2026,PE,26700.0,827.1,65.0,25819.35
18-Feb-2026,10-Mar-2026,PE,26750.0,880.6,65.0,25819.35
18-Feb-2026,10-Mar-2026,PE,26800.0,919.15,65.0,25819.35
18-Feb-2026,10-Mar-2026,PE,26850.0,970.95,,25819.35
18-Feb-2026,10-Mar-2026,PE,26900.0,1018.75,,25819.35
18-Feb-2026,10-Mar-2026,PE,26950.0,1058.6,65.0,25819.35
18-Feb-2026,10-Mar-2026,PE,27000.0,1101.65,195.0,25819.35
18-Feb-2026,10-Mar-2026,PE,27050.0,1152.25,65.0,25819.35
18-Feb-2026,10-Mar-2026,PE,27100.0,1207.7,130.0,25819.35
18-Feb-2026,10-Mar-2026,PE,27150.0,1249.05,65.0,25819.35
18-Feb-2026,10-Mar-2026,PE,27200.0,1308.35,130.0,25819.35
18-Feb-2026,10-Mar-2026,PE,27250.0,1350.6,65.0,25819.35
18-Feb-2026,10-Mar-2026,PE,27300.0,1397.3,65.0,25819.35
18-Feb-2026,10-Mar-2026,PE,27350.0,1448.05,65.0,25819.35
18-Feb-2026,10-Mar-2026,PE,27400.0,1497.95,65.0,25819.35
18-Feb-2026,10-Mar-2026,PE,27450.0,1548.0,65.0,25819.35
18-Feb-2026,10-Mar-2026,PE,27500.0,1586.55,65.0,25819.35
18-Feb-2026,10-Mar-2026,PE,27550.0,1636.95,65.0,25819.35
18-Feb-2026,10-Mar-2026,PE,27600.0,1686.6,65.0,25819.35
18-Feb-2026,10-Mar-2026,PE,27650.0,1735.25,65.0,25819.35
18-Feb-2026,10-Mar-2026,PE,27700.0,1785.6,65.0,25819.35
19-Feb-2026,02-Mar-2026,CE,23100.0,2392.05,65.0,25454.35
19-Feb-2026,02-Mar-2026,CE,23150.0,2341.2,65.0,25454.35
19-Feb-2026,02-Mar-2026,CE,23200.0,2295.6,65.0,25454.35
19-Feb-2026,02-Mar-2026,CE,23250.0,2498.7,,25454.35
19-Feb-2026,02-Mar-2026,CE,23300.0,2218.25,130.0,25454.35
19-Feb-2026,02-Mar-2026,CE,23350.0,2144.3,130.0,25454.35
19-Feb-2026,02-Mar-2026,CE,23400.0,2065.5,,25454.35
19-Feb-2026,02-Mar-2026,CE,23450.0,2093.45,130.0,25454.35
19-Feb-2026,02-Mar-2026,CE,23500.0,2030.95,130.0,25454.35
19-Feb-2026,02-Mar-2026,CE,23550.0,1945.85,,25454.35
19-Feb-2026,02-Mar-2026,CE,23600.0,1946.15,130.0,25454.35
19-Feb-2026,02-Mar-2026,CE,23650.0,1858.85,65.0,25454.35
19-Feb-2026,02-Mar-2026,CE,23700.0,1849.4,130.0,25454.35
19-Feb-2026,02-Mar-2026,CE,23750.0,1796.85,130.0,25454.35
19-Feb-2026,02-Mar-2026,CE,23800.0,1746.35,130.0,25454.35
19-Feb-2026,02-Mar-2026,CE,23850.0,1703.25,130.0,25454.35
19-Feb-2026,02-Mar-2026,CE,23900.0,1628.55,130.0,25454.35
19-Feb-2026,02-Mar-2026,CE,23950.0,1583.75,130.0,25454.35
19-Feb-2026,02-Mar-2026,CE,24000.0,1454.25,6240.0,25454.35
19-Feb-2026,02-Mar-2026,CE,24050.0,1511.75,130.0,25454.35
19-Feb-2026,02-Mar-2026,CE,24100.0,1468.8,1170.0,25454.35
19-Feb-2026,02-Mar-2026,CE,24150.0,1408.5,65.0,25454.35
19-Feb-2026,02-Mar-2026,CE,24200.0,1349.6,195.0,25454.35
19-Feb-2026,02-Mar-2026,CE,24250.0,1292.4,65.0,25454.35
19-Feb-2026,02-Mar-2026,CE,24300.0,1236.15,520.0,25454.35
19-Feb-2026,02-Mar-2026,CE,24350.0,1214.1,130.0,25454.35
19-Feb-2026,02-Mar-2026,CE,24400.0,1081.85,195.0,25454.35
19-Feb-2026,02-Mar-2026,CE,24450.0,1109.7,130.0,25454.35
19-Feb-2026,02-Mar-2026,CE,24500.0,972.9,8060.0,25454.35
19-Feb-2026,02-Mar-2026,CE,24550.0,1036.65,260.0,25454.35
19-Feb-2026,02-Mar-2026,CE,24600.0,875.9,650.0,25454.35
19-Feb-2026,02-Mar-2026,CE,24650.0,926.6,1690.0,25454.35
19-Feb-2026,02-Mar-2026,CE,24700.0,799.35,2210.0,25454.35
19-Feb-2026,02-Mar-2026,CE,24750.0,847.4,130.0,25454.35
19-Feb-2026,02-Mar-2026,CE,24800.0,698.0,5525.0,25454.35
19-Feb-2026,02-Mar-2026,CE,24850.0,660.8,845.0,25454.35
19-Feb-2026,02-Mar-2026,CE,24900.0,607.65,29315.0,25454.35
19-Feb-2026,02-Mar-2026,CE,24950.0,562.6,2925.0,25454.35
19-Feb-2026,02-Mar-2026,CE,25000.0,533.55,76635.0,25454.35
19-Feb-2026,02-Mar-2026,CE,25050.0,577.85,2275.0,25454.35
19-Feb-2026,02-Mar-2026,CE,25100.0,453.1,26715.0,25454.35
19-Feb-2026,02-Mar-2026,CE,25150.0,407.4,35685.0,25454.35
19-Feb-2026,02-Mar-2026,CE,25200.0,377.95,111670.0,25454.35
19-Feb-2026,02-Mar-2026,CE,25250.0,340.1,28340.0,25454.35
19-Feb-2026,02-Mar-2026,CE,25300.0,309.8,104065.0,25454.35
19-Feb-2026,02-Mar-2026,CE,25350.0,277.75,47905.0,25454.35
19-Feb-2026,02-Mar-2026,CE,25400.0,247.85,302380.0,25454.35
19-Feb-2026,02-Mar-2026,CE,25450.0,220.4,106730.0,25454.35
19-Feb-2026,02-Mar-2026,CE,25500.0,193.8,876135.0,25454.35
19-Feb-2026,02-Mar-2026,CE,25550.0,170.45,174655.0,25454.35
19-Feb-2026,02-Mar-2026,CE,25600.0,147.75,893945.0,25454.35
19-Feb-2026,02-Mar-2026,CE,25650.0,130.45,301405.0,25454.35
19-Feb-2026,02-Mar-2026,CE,25700.0,113.0,1016470.0,25454.35
19-Feb-2026,02-Mar-2026,CE,25750.0,95.0,446225.0,25454.35
19-Feb-2026,02-Mar-2026,CE,25800.0,85.0,1388790.0,25454.35
19-Feb-2026,02-Mar-2026,CE,25850.0,73.0,340730.0,25454.35
19-Feb-2026,02-Mar-2026,CE,25900.0,63.2,1089985.0,25454.35
19-Feb-2026,02-Mar-2026,CE,25950.0,54.8,250900.0,25454.35
19-Feb-2026,02-Mar-2026,CE,26000.0,47.85,1883635.0,25454.35
19-Feb-2026,02-Mar-2026,CE,26050.0,40.05,161460.0,25454.35
19-Feb-2026,02-Mar-2026,CE,26100.0,34.7,708110.0,25454.35
19-Feb-2026,02-Mar-2026,CE,26150.0,30.75,209885.0,25454.35
19-Feb-2026,02-Mar-2026,CE,26200.0,25.75,899080.0,25454.35
19-Feb-2026,02-Mar-2026,CE,26250.0,23.1,176345.0,25454.35
19-Feb-2026,02-Mar-2026,CE,26300.0,20.55,472095.0,25454.35
19-Feb-2026,02-Mar-2026,CE,26350.0,18.65,86125.0,25454.35
19-Feb-2026,02-Mar-2026,CE,26400.0,16.65,549770.0,25454.35
19-Feb-2026,02-Mar-2026,CE,26450.0,15.95,70720.0,25454.35
19-Feb-2026,02-Mar-2026,CE,26500.0,13.85,625040.0,25454.35
19-Feb-2026,02-Mar-2026,CE,26550.0,13.45,74685.0,25454.35
19-Feb-2026,02-Mar-2026,CE,26600.0,11.85,211055.0,25454.35
19-Feb-2026,02-Mar-2026,CE,26650.0,9.55,45240.0,25454.35
19-Feb-2026,02-Mar-2026,CE,26700.0,10.1,248495.0,25454.35
19-Feb-2026,02-Mar-2026,CE,26750.0,9.85,65585.0,25454.35
19-Feb-2026,02-Mar-2026,CE,26800.0,8.6,233025.0,25454.35
19-Feb-2026,02-Mar-2026,CE,26850.0,8.3,21515.0,25454.35
19-Feb-2026,02-Mar-2026,CE,26900.0,7.95,83525.0,25454.35
19-Feb-2026,02-Mar-2026,CE,26950.0,7.85,14040.0,25454.35
19-Feb-2026,02-Mar-2026,CE,27000.0,7.45,668395.0,25454.35
19-Feb-2026,02-Mar-2026,CE,27050.0,6.8,23075.0,25454.35
19-Feb-2026,02-Mar-2026,CE,27100.0,6.15,117260.0,25454.35
19-Feb-2026,02-Mar-2026,CE,27150.0,5.35,10920.0,25454.35
19-Feb-2026,02-Mar-2026,CE,27200.0,5.25,238615.0,25454.35
19-Feb-2026,02-Mar-2026,CE,27250.0,4.1,19760.0,25454.35
19-Feb-2026,02-Mar-2026,CE,27300.0,5.0,220870.0,25454.35
19-Feb-2026,02-Mar-2026,CE,27350.0,5.25,14300.0,25454.35
19-Feb-2026,02-Mar-2026,CE,27400.0,5.05,30355.0,25454.35
19-Feb-2026,02-Mar-2026,CE,27450.0,5.25,14105.0,25454.35
19-Feb-2026,02-Mar-2026,CE,27500.0,5.0,523900.0,25454.35
19-Feb-2026,02-Mar-2026,CE,27550.0,4.45,14495.0,25454.35
19-Feb-2026,02-Mar-2026,CE,27600.0,4.5,40300.0,25454.35
19-Feb-2026,02-Mar-2026,CE,27650.0,3.75,15145.0,25454.35
19-Feb-2026,02-Mar-2026,CE,27700.0,3.5,162240.0,25454.35
19-Feb-2026,02-Mar-2026,PE,23100.0,9.35,247910.0,25454.35
19-Feb-2026,02-Mar-2026,PE,23150.0,6.85,7670.0,25454.35
19-Feb-2026,02-Mar-2026,PE,23200.0,8.0,41860.0,25454.35
19-Feb-2026,02-Mar-2026,PE,23250.0,6.75,10075.0,25454.35
19-Feb-2026,02-Mar-2026,PE,23300.0,8.75,24115.0,25454.35
19-Feb-2026,02-Mar-2026,PE,23350.0,9.9,2925.0,25454.35
19-Feb-2026,02-Mar-2026,PE,23400.0,9.9,19695.0,25454.35
19-Feb-2026,02-Mar-2026,PE,23450.0,8.6,8385.0,25454.35
19-Feb-2026,02-Mar-2026,PE,23500.0,10.1,324025.0,25454.35
19-Feb-2026,02-Mar-2026,PE,23550.0,10.65,3965.0,25454.35
19-Feb-2026,02-Mar-2026,PE,23600.0,10.85,13910.0,25454.35
19-Feb-2026,02-Mar-2026,PE,23650.0,11.8,4095.0,25454.35
19-Feb-2026,02-Mar-2026,PE,23700.0,12.5,17160.0,25454.35
19-Feb-2026,02-Mar-2026,PE,23750.0,13.65,5135.0,25454.35
19-Feb-2026,02-Mar-2026,PE,23800.0,14.5,80860.0,25454.35
19-Feb-2026,02-Mar-2026,PE,23850.0,14.75,4095.0,25454.35
19-Feb-2026,02-Mar-2026,PE,23900.0,15.05,21515.0,25454.35
19-Feb-2026,02-Mar-2026,PE,23950.0,16.9,5655.0,25454.35
19-Feb-2026,02-Mar-2026,PE,24000.0,17.0,448305.0,25454.35
19-Feb-2026,02-Mar-2026,PE,24050.0,17.6,15405.0,25454.35
19-Feb-2026,02-Mar-2026,PE,24100.0,19.5,77610.0,25454.35
19-Feb-2026,02-Mar-2026,PE,24150.0,20.75,5980.0,25454.35
19-Feb-2026,02-Mar-2026,PE,24200.0,21.5,122005.0,25454.35
19-Feb-2026,02-Mar-2026,PE,24250.0,23.25,17875.0,25454.35
19-Feb-2026,02-Mar-2026,PE,24300.0,25.6,122655.0,25454.35
19-Feb-2026,02-Mar-2026,PE,24350.0,27.7,33280.0,25454.35
19-Feb-2026,02-Mar-2026,PE,24400.0,29.3,116350.0,25454.35
19-Feb-2026,02-Mar-2026,PE,24450.0,31.55,46150.0,25454.35
19-Feb-2026,02-Mar-2026,PE,24500.0,34.5,446615.0,25454.35
19-Feb-2026,02-Mar-2026,PE,24550.0,37.8,53950.0,25454.35
19-Feb-2026,02-Mar-2026,PE,24600.0,40.85,175305.0,25454.35
19-Feb-2026,02-Mar-2026,PE,24650.0,46.45,37635.0,25454.35
19-Feb-2026,02-Mar-2026,PE,24700.0,51.3,283855.0,25454.35
19-Feb-2026,02-Mar-2026,PE,24750.0,55.45,44655.0,25454.35
19-Feb-2026,02-Mar-2026,PE,24800.0,60.0,605865.0,25454.35
19-Feb-2026,02-Mar-2026,PE,24850.0,66.35,86255.0,25454.35
19-Feb-2026,02-Mar-2026,PE,24900.0,71.95,316745.0,25454.35
19-Feb-2026,02-Mar-2026,PE,24950.0,77.0,101465.0,25454.35
19-Feb-2026,02-Mar-2026,PE,25000.0,91.75,935480.0,25454.35
19-Feb-2026,02-Mar-2026,PE,25050.0,98.45,137800.0,25454.35
19-Feb-2026,02-Mar-2026,PE,25100.0,107.7,331500.0,25454.35
19-Feb-2026,02-Mar-2026,PE,25150.0,119.85,147550.0,25454.35
19-Feb-2026,02-Mar-2026,PE,25200.0,134.1,583050.0,25454.35
19-Feb-2026,02-Mar-2026,PE,25250.0,147.45,122070.0,25454.35
19-Feb-2026,02-Mar-2026,PE,25300.0,165.75,671255.0,25454.35
19-Feb-2026,02-Mar-2026,PE,25350.0,180.7,137670.0,25454.35
19-Feb-2026,02-Mar-2026,PE,25400.0,200.95,645840.0,25454.35
19-Feb-2026,02-Mar-2026,PE,25450.0,221.6,137345.0,25454.35
19-Feb-2026,02-Mar-2026,PE,25500.0,246.3,849875.0,25454.35
19-Feb-2026,02-Mar-2026,PE,25550.0,270.65,98020.0,25454.35
19-Feb-2026,02-Mar-2026,PE,25600.0,300.0,681005.0,25454.35
19-Feb-2026,02-Mar-2026,PE,25650.0,331.5,170365.0,25454.35
19-Feb-2026,02-Mar-2026,PE,25700.0,366.85,413140.0,25454.35
19-Feb-2026,02-Mar-2026,PE,25750.0,399.15,205335.0,25454.35
19-Feb-2026,02-Mar-2026,PE,25800.0,440.1,435435.0,25454.35
19-Feb-2026,02-Mar-2026,PE,25850.0,480.8,82875.0,25454.35
19-Feb-2026,02-Mar-2026,PE,25900.0,520.9,547300.0,25454.35
19-Feb-2026,02-Mar-2026,PE,25950.0,558.3,75010.0,25454.35
19-Feb-2026,02-Mar-2026,PE,26000.0,597.9,340145.0,25454.35
19-Feb-2026,02-Mar-2026,PE,26050.0,642.0,19045.0,25454.35
19-Feb-2026,02-Mar-2026,PE,26100.0,687.55,63570.0,25454.35
19-Feb-2026,02-Mar-2026,PE,26150.0,734.15,19240.0,25454.35
19-Feb-2026,02-Mar-2026,PE,26200.0,777.55,60775.0,25454.35
19-Feb-2026,02-Mar-2026,PE,26250.0,736.25,1950.0,25454.35
19-Feb-2026,02-Mar-2026,PE,26300.0,876.65,21905.0,25454.35
19-Feb-2026,02-Mar-2026,PE,26350.0,915.0,1625.0,25454.35
19-Feb-2026,02-Mar-2026,PE,26400.0,972.4,22230.0,25454.35
19-Feb-2026,02-Mar-2026,PE,26450.0,896.9,520.0,25454.35
19-Feb-2026,02-Mar-2026,PE,26500.0,1067.55,20605.0,25454.35
19-Feb-2026,02-Mar-2026,PE,26550.0,1033.4,65.0,25454.35
19-Feb-2026,02-Mar-2026,PE,26600.0,1040.45,1885.0,25454.35
19-Feb-2026,02-Mar-2026,PE,26650.0,1108.0,,25454.35
19-Feb-2026,02-Mar-2026,PE,26700.0,1137.65,130.0,25454.35
19-Feb-2026,02-Mar-2026,PE,26750.0,1207.85,130.0,25454.35
19-Feb-2026,02-Mar-2026,PE,26800.0,1363.75,390.0,25454.35
19-Feb-2026,02-Mar-2026,PE,26850.0,1320.45,65.0,25454.35
19-Feb-2026,02-Mar-2026,PE,26900.0,1340.2,325.0,25454.35
19-Feb-2026,02-Mar-2026,PE,26950.0,1396.95,195.0,25454.35
19-Feb-2026,02-Mar-2026,PE,27000.0,1488.3,3510.0,25454.35
19-Feb-2026,02-Mar-2026,PE,27050.0,1482.3,65.0,25454.35
19-Feb-2026,02-Mar-2026,PE,27100.0,1622.15,65.0,25454.35
19-Feb-2026,02-Mar-2026,PE,27150.0,1599.45,130.0,25454.35
19-Feb-2026,02-Mar-2026,PE,27200.0,1663.15,65.0,25454.35
19-Feb-2026,02-Mar-2026,PE,27250.0,1710.55,65.0,25454.35
19-Feb-2026,02-Mar-2026,PE,27300.0,1754.25,130.0,25454.35
19-Feb-2026,02-Mar-2026,PE,27350.0,1839.55,65.0,25454.35
19-Feb-2026,02-Mar-2026,PE,27400.0,1831.1,65.0,25454.35
19-Feb-2026,02-Mar-2026,PE,27450.0,1926.7,65.0,25454.35
19-Feb-2026,02-Mar-2026,PE,27500.0,1958.4,195.0,25454.35
19-Feb-2026,02-Mar-2026,PE,27550.0,2037.35,65.0,25454.35
19-Feb-2026,02-Mar-2026,PE,27600.0,2084.7,195.0,25454.35
19-Feb-2026,02-Mar-2026,PE,27650.0,2146.75,65.0,25454.35
19-Feb-2026,02-Mar-2026,PE,27700.0,2203.95,195.0,25454.35
19-Feb-2026,10-Mar-2026,CE,23700.0,1843.05,65.0,25454.35
19-Feb-2026,10-Mar-2026,CE,23750.0,1790.05,65.0,25454.35
19-Feb-2026,10-Mar-2026,CE,23800.0,1740.3,65.0,25454.35
19-Feb-2026,10-Mar-2026,CE,23850.0,1696.0,65.0,25454.35
19-Feb-2026,10-Mar-2026,CE,23900.0,1647.85,65.0,25454.35
19-Feb-2026,10-Mar-2026,CE,23950.0,1600.85,65.0,25454.35
19-Feb-2026,10-Mar-2026,CE,24000.0,1553.85,65.0,25454.35
19-Feb-2026,10-Mar-2026,CE,24050.0,1518.6,65.0,25454.35
19-Feb-2026,10-Mar-2026,CE,24100.0,1468.2,65.0,25454.35
19-Feb-2026,10-Mar-2026,CE,24150.0,1432.3,65.0,25454.35
19-Feb-2026,10-Mar-2026,CE,24200.0,1371.2,65.0,25454.35
19-Feb-2026,10-Mar-2026,CE,24250.0,1311.2,65.0,25454.35
19-Feb-2026,10-Mar-2026,CE,24300.0,1304.95,65.0,25454.35
19-Feb-2026,10-Mar-2026,CE,24350.0,1257.55,65.0,25454.35
19-Feb-2026,10-Mar-2026,CE,24400.0,1210.4,65.0,25454.35
19-Feb-2026,10-Mar-2026,CE,24450.0,1153.15,65.0,25454.35
19-Feb-2026,10-Mar-2026,CE,24500.0,1328.95,390.0,25454.35
19-Feb-2026,10-Mar-2026,CE,24550.0,1057.0,65.0,25454.35
19-Feb-2026,10-Mar-2026,CE,24600.0,1033.6,65.0,25454.35
19-Feb-2026,10-Mar-2026,CE,24650.0,989.85,65.0,25454.35
19-Feb-2026,10-Mar-2026,CE,24700.0,944.55,65.0,25454.35
19-Feb-2026,10-Mar-2026,CE,24750.0,899.7,65.0,25454.35
19-Feb-2026,10-Mar-2026,CE,24800.0,779.7,195.0,25454.35
19-Feb-2026,10-Mar-2026,CE,24850.0,814.25,130.0,25454.35
19-Feb-2026,10-Mar-2026,CE,24900.0,690.0,260.0,25454.35
19-Feb-2026,10-Mar-2026,CE,24950.0,981.05,65.0,25454.35
19-Feb-2026,10-Mar-2026,CE,25000.0,607.95,8450.0,25454.35
19-Feb-2026,10-Mar-2026,CE,25050.0,653.1,195.0,25454.35
19-Feb-2026,10-Mar-2026,CE,25100.0,530.65,4160.0,25454.35
19-Feb-2026,10-Mar-2026,CE,25150.0,566.0,390.0,25454.35
19-Feb-2026,10-Mar-2026,CE,25200.0,459.55,14820.0,25454.35
19-Feb-2026,10-Mar-2026,CE,25250.0,420.0,2210.0,25454.35
19-Feb-2026,10-Mar-2026,CE,25300.0,393.3,17420.0,25454.35
19-Feb-2026,10-Mar-2026,CE,25350.0,361.4,1300.0,25454.35
19-Feb-2026,10-Mar-2026,CE,25400.0,329.3,28795.0,25454.35
19-Feb-2026,10-Mar-2026,CE,25450.0,304.95,8645.0,25454.35
19-Feb-2026,10-Mar-2026,CE,25500.0,271.9,131235.0,25454.35
19-Feb-2026,10-Mar-2026,CE,25550.0,249.4,26390.0,25454.35
19-Feb-2026,10-Mar-2026,CE,25600.0,224.4,116415.0,25454.35
19-Feb-2026,10-Mar-2026,CE,25650.0,201.45,25545.0,25454.35
19-Feb-2026,10-Mar-2026,CE,25700.0,179.4,159510.0,25454.35
19-Feb-2026,10-Mar-2026,CE,25750.0,160.75,47320.0,25454.35
19-Feb-2026,10-Mar-2026,CE,25800.0,144.0,187005.0,25454.35
19-Feb-2026,10-Mar-2026,CE,25850.0,129.0,27040.0,25454.35
19-Feb-2026,10-Mar-2026,CE,25900.0,114.6,95485.0,25454.35
19-Feb-2026,10-Mar-2026,CE,25950.0,101.05,20865.0,25454.35
19-Feb-2026,10-Mar-2026,CE,26000.0,90.25,450710.0,25454.35
19-Feb-2026,10-Mar-2026,CE,26050.0,78.5,14690.0,25454.35
19-Feb-2026,10-Mar-2026,CE,26100.0,70.5,65585.0,25454.35
19-Feb-2026,10-Mar-2026,CE,26150.0,61.4,10855.0,25454.35
19-Feb-2026,10-Mar-2026,CE,26200.0,53.05,131300.0,25454.35
19-Feb-2026,10-Mar-2026,CE,26250.0,48.0,17355.0,25454.35
19-Feb-2026,10-Mar-2026,CE,26300.0,42.0,95810.0,25454.35
19-Feb-2026,10-Mar-2026,CE,26350.0,36.85,23075.0,25454.35
19-Feb-2026,10-Mar-2026,CE,26400.0,33.35,61880.0,25454.35
19-Feb-2026,10-Mar-2026,CE,26450.0,,,25454.35
19-Feb-2026,10-Mar-2026,CE,26500.0,26.35,155350.0,25454.35
19-Feb-2026,10-Mar-2026,CE,26550.0,,,25454.35
19-Feb-2026,10-Mar-2026,CE,26600.0,20.55,54925.0,25454.35
19-Feb-2026,10-Mar-2026,CE,26650.0,,,25454.35
19-Feb-2026,10-Mar-2026,CE,26700.0,17.4,58435.0,25454.35
19-Feb-2026,10-Mar-2026,CE,26750.0,,,25454.35
19-Feb-2026,10-Mar-2026,CE,26800.0,14.25,72150.0,25454.35
19-Feb-2026,10-Mar-2026,CE,26850.0,13.0,5525.0,25454.35
19-Feb-2026,10-Mar-2026,CE,26900.0,12.5,29575.0,25454.35
19-Feb-2026,10-Mar-2026,CE,26950.0,10.9,29445.0,25454.35
19-Feb-2026,10-Mar-2026,CE,27000.0,11.1,108745.0,25454.35
19-Feb-2026,10-Mar-2026,CE,27050.0,14.4,2600.0,25454.35
19-Feb-2026,10-Mar-2026,CE,27100.0,10.8,11895.0,25454.35
19-Feb-2026,10-Mar-2026,CE,27150.0,8.25,5135.0,25454.35
19-Feb-2026,10-Mar-2026,CE,27200.0,8.5,15015.0,25454.35
19-Feb-2026,10-Mar-2026,CE,27250.0,6.5,7865.0,25454.35
19-Feb-2026,10-Mar-2026,CE,27300.0,7.0,9100.0,25454.35
19-Feb-2026,10-Mar-2026,CE,27350.0,7.85,1560.0,25454.35
19-Feb-2026,10-Mar-2026,CE,27400.0,7.0,7995.0,25454.35
19-Feb-2026,10-Mar-2026,CE,27450.0,5.8,2860.0,25454.35
19-Feb-2026,10-Mar-2026,CE,27500.0,7.75,66885.0,25454.35
19-Feb-2026,10-Mar-2026,CE,27550.0,,,25454.35
19-Feb-2026,10-Mar-2026,CE,27600.0,3.95,5915.0,25454.35
19-Feb-2026,10-Mar-2026,CE,27650.0,,,25454.35
19-Feb-2026,10-Mar-2026,CE,27700.0,4.85,65.0,25454.35
19-Feb-2026,10-Mar-2026,PE,23700.0,21.5,22815.0,25454.35
19-Feb-2026,10-Mar-2026,PE,23750.0,22.5,2210.0,25454.35
19-Feb-2026,10-Mar-2026,PE,23800.0,18.5,3250.0,25454.35
19-Feb-2026,10-Mar-2026,PE,23850.0,21.5,1170.0,25454.35
19-Feb-2026,10-Mar-2026,PE,23900.0,24.55,26455.0,25454.35
19-Feb-2026,10-Mar-2026,PE,23950.0,22.5,1040.0,25454.35
19-Feb-2026,10-Mar-2026,PE,24000.0,30.3,95940.0,25454.35
19-Feb-2026,10-Mar-2026,PE,24050.0,24.7,1105.0,25454.35
19-Feb-2026,10-Mar-2026,PE,24100.0,33.5,3575.0,25454.35
19-Feb-2026,10-Mar-2026,PE,24150.0,25.0,1885.0,25454.35
19-Feb-2026,10-Mar-2026,PE,24200.0,36.0,26390.0,25454.35
19-Feb-2026,10-Mar-2026,PE,24250.0,35.25,585.0,25454.35
19-Feb-2026,10-Mar-2026,PE,24300.0,43.65,17615.0,25454.35
19-Feb-2026,10-Mar-2026,PE,24350.0,48.4,1235.0,25454.35
19-Feb-2026,10-Mar-2026,PE,24400.0,50.35,8060.0,25454.35
19-Feb-2026,10-Mar-2026,PE,24450.0,51.35,3055.0,25454.35
19-Feb-2026,10-Mar-2026,PE,24500.0,58.9,156585.0,25454.35
19-Feb-2026,10-Mar-2026,PE,24550.0,61.05,3900.0,25454.35
19-Feb-2026,10-Mar-2026,PE,24600.0,66.35,28665.0,25454.35
19-Feb-2026,10-Mar-2026,PE,24650.0,72.75,4095.0,25454.35
19-Feb-2026,10-Mar-2026,PE,24700.0,80.05,110110.0,25454.35
19-Feb-2026,10-Mar-2026,PE,24750.0,82.6,6110.0,25454.35
19-Feb-2026,10-Mar-2026,PE,24800.0,92.7,69095.0,25454.35
19-Feb-2026,10-Mar-2026,PE,24850.0,98.5,8060.0,25454.35
19-Feb-2026,10-Mar-2026,PE,24900.0,109.25,41665.0,25454.35
19-Feb-2026,10-Mar-2026,PE,24950.0,117.35,37440.0,25454.35
19-Feb-2026,10-Mar-2026,PE,25000.0,129.7,211835.0,25454.35
19-Feb-2026,10-Mar-2026,PE,25050.0,137.5,4875.0,25454.35
19-Feb-2026,10-Mar-2026,PE,25100.0,153.75,49075.0,25454.35
19-Feb-2026,10-Mar-2026,PE,25150.0,161.45,6890.0,25454.35
19-Feb-2026,10-Mar-2026,PE,25200.0,173.4,76700.0,25454.35
19-Feb-2026,10-Mar-2026,PE,25250.0,191.85,12805.0,25454.35
19-Feb-2026,10-Mar-2026,PE,25300.0,208.45,59150.0,25454.35
19-Feb-2026,10-Mar-2026,PE,25350.0,225.9,11765.0,25454.35
19-Feb-2026,10-Mar-2026,PE,25400.0,246.0,114660.0,25454.35
19-Feb-2026,10-Mar-2026,PE,25450.0,269.65,12805.0,25454.35
19-Feb-2026,10-Mar-2026,PE,25500.0,292.1,169260.0,25454.35
19-Feb-2026,10-Mar-2026,PE,25550.0,313.95,26455.0,25454.35
19-Feb-2026,10-Mar-2026,PE,25600.0,335.0,82680.0,25454.35
19-Feb-2026,10-Mar-2026,PE,25650.0,367.2,31005.0,25454.35
19-Feb-2026,10-Mar-2026,PE,25700.0,395.9,85280.0,25454.35
19-Feb-2026,10-Mar-2026,PE,25750.0,427.95,33995.0,25454.35
19-Feb-2026,10-Mar-2026,PE,25800.0,459.15,108290.0,25454.35
19-Feb-2026,10-Mar-2026,PE,25850.0,492.3,10010.0,25454.35
19-Feb-2026,10-Mar-2026,PE,25900.0,521.45,29900.0,25454.35
19-Feb-2026,10-Mar-2026,PE,25950.0,567.85,6695.0,25454.35
19-Feb-2026,10-Mar-2026,PE,26000.0,606.6,57005.0,25454.35
19-Feb-2026,10-Mar-2026,PE,26050.0,651.15,6955.0,25454.35
19-Feb-2026,10-Mar-2026,PE,26100.0,675.45,5850.0,25454.35
19-Feb-2026,10-Mar-2026,PE,26150.0,734.85,260.0,25454.35
19-Feb-2026,10-Mar-2026,PE,26200.0,764.55,4810.0,25454.35
19-Feb-2026,10-Mar-2026,PE,26250.0,719.15,520.0,25454.35
19-Feb-2026,10-Mar-2026,PE,26300.0,818.75,1755.0,25454.35
19-Feb-2026,10-Mar-2026,PE,26350.0,808.85,130.0,25454.35
19-Feb-2026,10-Mar-2026,PE,26400.0,760.0,3770.0,25454.35
19-Feb-2026,10-Mar-2026,PE,26450.0,937.15,130.0,25454.35
19-Feb-2026,10-Mar-2026,PE,26500.0,1018.0,3445.0,25454.35
19-Feb-2026,10-Mar-2026,PE,26550.0,1011.55,65.0,25454.35
19-Feb-2026,10-Mar-2026,PE,26600.0,1039.25,65.0,25454.35
19-Feb-2026,10-Mar-2026,PE,26650.0,977.25,65.0,25454.35
19-Feb-2026,10-Mar-2026,PE,26700.0,1146.15,130.0,25454.35
19-Feb-2026,10-Mar-2026,PE,26750.0,1181.95,65.0,25454.35
19-Feb-2026,10-Mar-2026,PE,26800.0,1114.0,65.0,25454.35
19-Feb-2026,10-Mar-2026,PE,26850.0,1268.7,,25454.35
19-Feb-2026,10-Mar-2026,PE,26900.0,1322.6,,25454.35
19-Feb-2026,10-Mar-2026,PE,26950.0,1414.7,130.0,25454.35
19-Feb-2026,10-Mar-2026,PE,27000.0,1506.35,195.0,25454.35
19-Feb-2026,10-Mar-2026,PE,27050.0,1524.8,65.0,25454.35
19-Feb-2026,10-Mar-2026,PE,27100.0,1542.25,65.0,25454.35
19-Feb-2026,10-Mar-2026,PE,27150.0,1610.7,130.0,25454.35
19-Feb-2026,10-Mar-2026,PE,27200.0,1666.25,65.0,25454.35
19-Feb-2026,10-Mar-2026,PE,27250.0,1698.4,65.0,25454.35
19-Feb-2026,10-Mar-2026,PE,27300.0,1748.6,65.0,25454.35
19-Feb-2026,10-Mar-2026,PE,27350.0,1799.0,65.0,25454.35
19-Feb-2026,10-Mar-2026,PE,27400.0,1858.65,65.0,25454.35
19-Feb-2026,10-Mar-2026,PE,27450.0,1907.75,65.0,25454.35
19-Feb-2026,10-Mar-2026,PE,27500.0,1938.45,65.0,25454.35
19-Feb-2026,10-Mar-2026,PE,27550.0,2011.0,65.0,25454.35
19-Feb-2026,10-Mar-2026,PE,27600.0,2060.45,65.0,25454.35
19-Feb-2026,10-Mar-2026,PE,27650.0,2086.35,65.0,25454.35
19-Feb-2026,10-Mar-2026,PE,27700.0,2143.85,,25454.35
20-Feb-2026,02-Mar-2026,CE,23100.0,2532.3,65.0,25571.25
20-Feb-2026,02-Mar-2026,CE,23150.0,2514.75,65.0,25571.25
20-Feb-2026,02-Mar-2026,CE,23200.0,2483.9,65.0,25571.25
20-Feb-2026,02-Mar-2026,CE,23250.0,2355.1,65.0,25571.25
20-Feb-2026,02-Mar-2026,CE,23300.0,2353.7,195.0,25571.25
20-Feb-2026,02-Mar-2026,CE,23350.0,2254.25,130.0,25571.25
20-Feb-2026,02-Mar-2026,CE,23400.0,2260.95,,25571.25
20-Feb-2026,02-Mar-2026,CE,23450.0,2184.8,130.0,25571.25
20-Feb-2026,02-Mar-2026,CE,23500.0,2188.85,130.0,25571.25
20-Feb-2026,02-Mar-2026,CE,23550.0,2115.0,65.0,25571.25
20-Feb-2026,02-Mar-2026,CE,23600.0,2095.55,130.0,25571.25
20-Feb-2026,02-Mar-2026,CE,23650.0,2014.85,130.0,25571.25
20-Feb-2026,02-Mar-2026,CE,23700.0,1995.0,260.0,25571.25
20-Feb-2026,02-Mar-2026,CE,23750.0,1948.1,130.0,25571.25
20-Feb-2026,02-Mar-2026,CE,23800.0,1830.55,260.0,25571.25
20-Feb-2026,02-Mar-2026,CE,23850.0,1850.9,130.0,25571.25
20-Feb-2026,02-Mar-2026,CE,23900.0,1791.3,130.0,25571.25
20-Feb-2026,02-Mar-2026,CE,23950.0,1745.3,130.0,25571.25
20-Feb-2026,02-Mar-2026,CE,24000.0,1630.85,13650.0,25571.25
20-Feb-2026,02-Mar-2026,CE,24050.0,1645.7,130.0,25571.25
20-Feb-2026,02-Mar-2026,CE,24100.0,1590.9,1170.0,25571.25
20-Feb-2026,02-Mar-2026,CE,24150.0,1555.65,65.0,25571.25
20-Feb-2026,02-Mar-2026,CE,24200.0,1508.15,130.0,25571.25
20-Feb-2026,02-Mar-2026,CE,24250.0,1450.25,65.0,25571.25
20-Feb-2026,02-Mar-2026,CE,24300.0,1381.85,325.0,25571.25
20-Feb-2026,02-Mar-2026,CE,24350.0,1356.25,130.0,25571.25
20-Feb-2026,02-Mar-2026,CE,24400.0,1247.65,260.0,25571.25
20-Feb-2026,02-Mar-2026,CE,24450.0,1254.15,65.0,25571.25
20-Feb-2026,02-Mar-2026,CE,24500.0,1145.0,15340.0,25571.25
20-Feb-2026,02-Mar-2026,CE,24550.0,1161.95,195.0,25571.25
20-Feb-2026,02-Mar-2026,CE,24600.0,1044.85,1040.0,25571.25
20-Feb-2026,02-Mar-2026,CE,24650.0,1067.8,1170.0,25571.25
20-Feb-2026,02-Mar-2026,CE,24700.0,987.5,4420.0,25571.25
20-Feb-2026,02-Mar-2026,CE,24750.0,966.05,65.0,25571.25
20-Feb-2026,02-Mar-2026,CE,24800.0,855.35,14495.0,25571.25
20-Feb-2026,02-Mar-2026,CE,24850.0,897.85,2860.0,25571.25
20-Feb-2026,02-Mar-2026,CE,24900.0,758.65,37700.0,25571.25
20-Feb-2026,02-Mar-2026,CE,24950.0,727.65,3250.0,25571.25
20-Feb-2026,02-Mar-2026,CE,25000.0,687.3,224510.0,25571.25
20-Feb-2026,02-Mar-2026,CE,25050.0,625.0,5070.0,25571.25
20-Feb-2026,02-Mar-2026,CE,25100.0,588.15,37050.0,25571.25
20-Feb-2026,02-Mar-2026,CE,25150.0,549.15,31135.0,25571.25
20-Feb-2026,02-Mar-2026,CE,25200.0,500.0,95810.0,25571.25
20-Feb-2026,02-Mar-2026,CE,25250.0,462.65,21840.0,25571.25
20-Feb-2026,02-Mar-2026,CE,25300.0,416.7,132145.0,25571.25
20-Feb-2026,02-Mar-2026,CE,25350.0,382.55,31330.0,25571.25
20-Feb-2026,02-Mar-2026,CE,25400.0,341.4,307515.0,25571.25
20-Feb-2026,02-Mar-2026,CE,25450.0,304.8,98215.0,25571.25
20-Feb-2026,02-Mar-2026,CE,25500.0,273.0,1123200.0,25571.25
20-Feb-2026,02-Mar-2026,CE,25550.0,239.0,207870.0,25571.25
20-Feb-2026,02-Mar-2026,CE,25600.0,210.65,1114035.0,25571.25
20-Feb-2026,02-Mar-2026,CE,25650.0,182.7,385320.0,25571.25
20-Feb-2026,02-Mar-2026,CE,25700.0,161.35,1250015.0,25571.25
20-Feb-2026,02-Mar-2026,CE,25750.0,137.5,401700.0,25571.25
20-Feb-2026,02-Mar-2026,CE,25800.0,119.7,1313455.0,25571.25
20-Feb-2026,02-Mar-2026,CE,25850.0,102.85,325650.0,25571.25
20-Feb-2026,02-Mar-2026,CE,25900.0,85.0,890500.0,25571.25
20-Feb-2026,02-Mar-2026,CE,25950.0,73.0,250380.0,25571.25
20-Feb-2026,02-Mar-2026,CE,26000.0,62.75,1822470.0,25571.25
20-Feb-2026,02-Mar-2026,CE,26050.0,53.2,230620.0,25571.25
20-Feb-2026,02-Mar-2026,CE,26100.0,43.0,717210.0,25571.25
20-Feb-2026,02-Mar-2026,CE,26150.0,36.65,209885.0,25571.25
20-Feb-2026,02-Mar-2026,CE,26200.0,30.45,965315.0,25571.25
20-Feb-2026,02-Mar-2026,CE,26250.0,26.35,209430.0,25571.25
20-Feb-2026,02-Mar-2026,CE,26300.0,23.4,970515.0,25571.25
20-Feb-2026,02-Mar-2026,CE,26350.0,20.2,101075.0,25571.25
20-Feb-2026,02-Mar-2026,CE,26400.0,18.3,633620.0,25571.25
20-Feb-2026,02-Mar-2026,CE,26450.0,15.5,75920.0,25571.25
20-Feb-2026,02-Mar-2026,CE,26500.0,13.35,746525.0,25571.25
20-Feb-2026,02-Mar-2026,CE,26550.0,12.5,96135.0,25571.25
20-Feb-2026,02-Mar-2026,CE,26600.0,10.65,364455.0,25571.25
20-Feb-2026,02-Mar-2026,CE,26650.0,10.35,79430.0,25571.25
20-Feb-2026,02-Mar-2026,CE,26700.0,7.7,320320.0,25571.25
20-Feb-2026,02-Mar-2026,CE,26750.0,7.45,64415.0,25571.25
20-Feb-2026,02-Mar-2026,CE,26800.0,6.9,246805.0,25571.25
20-Feb-2026,02-Mar-2026,CE,26850.0,5.8,31785.0,25571.25
20-Feb-2026,02-Mar-2026,CE,26900.0,5.15,84175.0,25571.25
20-Feb-2026,02-Mar-2026,CE,26950.0,4.2,23335.0,25571.25
20-Feb-2026,02-Mar-2026,CE,27000.0,4.35,969345.0,25571.25
20-Feb-2026,02-Mar-2026,CE,27050.0,3.4,68055.0,25571.25
20-Feb-2026,02-Mar-2026,CE,27100.0,3.35,184730.0,25571.25
20-Feb-2026,02-Mar-2026,CE,27150.0,2.6,53235.0,25571.25
20-Feb-2026,02-Mar-2026,CE,27200.0,2.2,312780.0,25571.25
20-Feb-2026,02-Mar-2026,CE,27250.0,2.15,73645.0,25571.25
20-Feb-2026,02-Mar-2026,CE,27300.0,1.9,954460.0,25571.25
20-Feb-2026,02-Mar-2026,CE,27350.0,1.85,68900.0,25571.25
20-Feb-2026,02-Mar-2026,CE,27400.0,1.8,173355.0,25571.25
20-Feb-2026,02-Mar-2026,CE,27450.0,1.7,34255.0,25571.25
20-Feb-2026,02-Mar-2026,CE,27500.0,1.75,629915.0,25571.25
20-Feb-2026,02-Mar-2026,CE,27550.0,1.85,54990.0,25571.25
20-Feb-2026,02-Mar-2026,CE,27600.0,1.85,133835.0,25571.25
20-Feb-2026,02-Mar-2026,CE,27650.0,1.35,69550.0,25571.25
20-Feb-2026,02-Mar-2026,CE,27700.0,1.7,187980.0,25571.25
20-Feb-2026,02-Mar-2026,PE,23100.0,7.1,605930.0,25571.25
20-Feb-2026,02-Mar-2026,PE,23150.0,7.2,15275.0,25571.25
20-Feb-2026,02-Mar-2026,PE,23200.0,8.55,65195.0,25571.25
20-Feb-2026,02-Mar-2026,PE,23250.0,7.25,7345.0,25571.25
20-Feb-2026,02-Mar-2026,PE,23300.0,8.0,32435.0,25571.25
20-Feb-2026,02-Mar-2026,PE,23350.0,8.2,7020.0,25571.25
20-Feb-2026,02-Mar-2026,PE,23400.0,10.35,31655.0,25571.25
20-Feb-2026,02-Mar-2026,PE,23450.0,9.7,9360.0,25571.25
20-Feb-2026,02-Mar-2026,PE,23500.0,9.15,496340.0,25571.25
20-Feb-2026,02-Mar-2026,PE,23550.0,11.0,5525.0,25571.25
20-Feb-2026,02-Mar-2026,PE,23600.0,10.0,28990.0,25571.25
20-Feb-2026,02-Mar-2026,PE,23650.0,10.7,15535.0,25571.25
20-Feb-2026,02-Mar-2026,PE,23700.0,13.35,63440.0,25571.25
20-Feb-2026,02-Mar-2026,PE,23750.0,14.7,9685.0,25571.25
20-Feb-2026,02-Mar-2026,PE,23800.0,12.9,71760.0,25571.25
20-Feb-2026,02-Mar-2026,PE,23850.0,15.25,11180.0,25571.25
20-Feb-2026,02-Mar-2026,PE,23900.0,14.3,229385.0,25571.25
20-Feb-2026,02-Mar-2026,PE,23950.0,15.0,8840.0,25571.25
20-Feb-2026,02-Mar-2026,PE,24000.0,16.2,538915.0,25571.25
20-Feb-2026,02-Mar-2026,PE,24050.0,17.55,18330.0,25571.25
20-Feb-2026,02-Mar-2026,PE,24100.0,17.75,123695.0,25571.25
20-Feb-2026,02-Mar-2026,PE,24150.0,19.0,15405.0,25571.25
20-Feb-2026,02-Mar-2026,PE,24200.0,20.1,170495.0,25571.25
20-Feb-2026,02-Mar-2026,PE,24250.0,20.65,29965.0,25571.25
20-Feb-2026,02-Mar-2026,PE,24300.0,21.65,276640.0,25571.25
20-Feb-2026,02-Mar-2026,PE,24350.0,23.4,23790.0,25571.25
20-Feb-2026,02-Mar-2026,PE,24400.0,24.75,212680.0,25571.25
20-Feb-2026,02-Mar-2026,PE,24450.0,26.35,42055.0,25571.25
20-Feb-2026,02-Mar-2026,PE,24500.0,27.3,848250.0,25571.25
20-Feb-2026,02-Mar-2026,PE,24550.0,29.05,57980.0,25571.25
20-Feb-2026,02-Mar-2026,PE,24600.0,31.6,250315.0,25571.25
20-Feb-2026,02-Mar-2026,PE,24650.0,34.3,78130.0,25571.25
20-Feb-2026,02-Mar-2026,PE,24700.0,35.9,389480.0,25571.25
20-Feb-2026,02-Mar-2026,PE,24750.0,39.5,71500.0,25571.25
20-Feb-2026,02-Mar-2026,PE,24800.0,41.9,696800.0,25571.25
20-Feb-2026,02-Mar-2026,PE,24850.0,46.0,85540.0,25571.25
20-Feb-2026,02-Mar-2026,PE,24900.0,49.7,513045.0,25571.25
20-Feb-2026,02-Mar-2026,PE,24950.0,53.95,169130.0,25571.25
20-Feb-2026,02-Mar-2026,PE,25000.0,58.9,1658410.0,25571.25
20-Feb-2026,02-Mar-2026,PE,25050.0,65.5,139425.0,25571.25
20-Feb-2026,02-Mar-2026,PE,25100.0,69.95,553670.0,25571.25
20-Feb-2026,02-Mar-2026,PE,25150.0,72.35,167765.0,25571.25
20-Feb-2026,02-Mar-2026,PE,25200.0,84.85,769925.0,25571.25
20-Feb-2026,02-Mar-2026,PE,25250.0,92.2,168935.0,25571.25
20-Feb-2026,02-Mar-2026,PE,25300.0,104.8,872170.0,25571.25
20-Feb-2026,02-Mar-2026,PE,25350.0,114.2,169650.0,25571.25
20-Feb-2026,02-Mar-2026,PE,25400.0,129.75,1142765.0,25571.25
20-Feb-2026,02-Mar-2026,PE,25450.0,143.2,275210.0,25571.25
20-Feb-2026,02-Mar-2026,PE,25500.0,159.25,1665170.0,25571.25
20-Feb-2026,02-Mar-2026,PE,25550.0,182.0,218465.0,25571.25
20-Feb-2026,02-Mar-2026,PE,25600.0,192.35,1105910.0,25571.25
20-Feb-2026,02-Mar-2026,PE,25650.0,214.75,282620.0,25571.25
20-Feb-2026,02-Mar-2026,PE,25700.0,247.05,763425.0,25571.25
20-Feb-2026,02-Mar-2026,PE,25750.0,270.9,219375.0,25571.25
20-Feb-2026,02-Mar-2026,PE,25800.0,302.0,574080.0,25571.25
20-Feb-2026,02-Mar-2026,PE,25850.0,331.0,74100.0,25571.25
20-Feb-2026,02-Mar-2026,PE,25900.0,369.25,233155.0,25571.25
20-Feb-2026,02-Mar-2026,PE,25950.0,401.4,59345.0,25571.25
20-Feb-2026,02-Mar-2026,PE,26000.0,445.0,464750.0,25571.25
20-Feb-2026,02-Mar-2026,PE,26050.0,486.0,14495.0,25571.25
20-Feb-2026,02-Mar-2026,PE,26100.0,525.0,107705.0,25571.25
20-Feb-2026,02-Mar-2026,PE,26150.0,570.9,14365.0,25571.25
20-Feb-2026,02-Mar-2026,PE,26200.0,600.0,52325.0,25571.25
20-Feb-2026,02-Mar-2026,PE,26250.0,663.65,2535.0,25571.25
20-Feb-2026,02-Mar-2026,PE,26300.0,696.9,40625.0,25571.25
20-Feb-2026,02-Mar-2026,PE,26350.0,747.0,2145.0,25571.25
20-Feb-2026,02-Mar-2026,PE,26400.0,801.05,25350.0,25571.25
20-Feb-2026,02-Mar-2026,PE,26450.0,775.45,650.0,25571.25
20-Feb-2026,02-Mar-2026,PE,26500.0,894.0,26910.0,25571.25
20-Feb-2026,02-Mar-2026,PE,26550.0,868.25,130.0,25571.25
20-Feb-2026,02-Mar-2026,PE,26600.0,968.5,1950.0,25571.25
20-Feb-2026,02-Mar-2026,PE,26650.0,965.2,65.0,25571.25
20-Feb-2026,02-Mar-2026,PE,26700.0,1063.75,1300.0,25571.25
20-Feb-2026,02-Mar-2026,PE,26750.0,1072.8,195.0,25571.25
20-Feb-2026,02-Mar-2026,PE,26800.0,1188.35,2730.0,25571.25
20-Feb-2026,02-Mar-2026,PE,26850.0,1215.7,130.0,25571.25
20-Feb-2026,02-Mar-2026,PE,26900.0,1215.7,260.0,25571.25
20-Feb-2026,02-Mar-2026,PE,26950.0,1333.2,195.0,25571.25
20-Feb-2026,02-Mar-2026,PE,27000.0,1396.45,15665.0,25571.25
20-Feb-2026,02-Mar-2026,PE,27050.0,1395.7,65.0,25571.25
20-Feb-2026,02-Mar-2026,PE,27100.0,1472.55,65.0,25571.25
20-Feb-2026,02-Mar-2026,PE,27150.0,1514.0,130.0,25571.25
20-Feb-2026,02-Mar-2026,PE,27200.0,1589.25,65.0,25571.25
20-Feb-2026,02-Mar-2026,PE,27250.0,1636.9,65.0,25571.25
20-Feb-2026,02-Mar-2026,PE,27300.0,1642.7,130.0,25571.25
20-Feb-2026,02-Mar-2026,PE,27350.0,1718.35,65.0,25571.25
20-Feb-2026,02-Mar-2026,PE,27400.0,1705.05,65.0,25571.25
20-Feb-2026,02-Mar-2026,PE,27450.0,1817.35,65.0,25571.25
20-Feb-2026,02-Mar-2026,PE,27500.0,1900.0,1950.0,25571.25
20-Feb-2026,02-Mar-2026,PE,27550.0,1916.9,65.0,25571.25
20-Feb-2026,02-Mar-2026,PE,27600.0,1961.6,130.0,25571.25
20-Feb-2026,02-Mar-2026,PE,27650.0,2034.6,65.0,25571.25
20-Feb-2026,02-Mar-2026,PE,27700.0,2066.3,130.0,25571.25
20-Feb-2026,10-Mar-2026,CE,23700.0,2046.4,65.0,25571.25
20-Feb-2026,10-Mar-2026,CE,23750.0,1997.7,65.0,25571.25
20-Feb-2026,10-Mar-2026,CE,23800.0,1949.0,65.0,25571.25
20-Feb-2026,10-Mar-2026,CE,23850.0,1893.15,65.0,25571.25
20-Feb-2026,10-Mar-2026,CE,23900.0,1798.55,65.0,25571.25
20-Feb-2026,10-Mar-2026,CE,23950.0,1788.85,65.0,25571.25
20-Feb-2026,10-Mar-2026,CE,24000.0,1741.85,65.0,25571.25
20-Feb-2026,10-Mar-2026,CE,24050.0,1674.5,65.0,25571.25
20-Feb-2026,10-Mar-2026,CE,24100.0,1630.75,65.0,25571.25
20-Feb-2026,10-Mar-2026,CE,24150.0,1582.6,65.0,25571.25
20-Feb-2026,10-Mar-2026,CE,24200.0,1552.45,65.0,25571.25
20-Feb-2026,10-Mar-2026,CE,24250.0,1504.45,65.0,25571.25
20-Feb-2026,10-Mar-2026,CE,24300.0,1434.6,65.0,25571.25
20-Feb-2026,10-Mar-2026,CE,24350.0,1399.45,65.0,25571.25
20-Feb-2026,10-Mar-2026,CE,24400.0,1363.75,65.0,25571.25
20-Feb-2026,10-Mar-2026,CE,24450.0,1312.0,65.0,25571.25
20-Feb-2026,10-Mar-2026,CE,24500.0,1234.0,1365.0,25571.25
20-Feb-2026,10-Mar-2026,CE,24550.0,1221.3,65.0,25571.25
20-Feb-2026,10-Mar-2026,CE,24600.0,1175.4,65.0,25571.25
20-Feb-2026,10-Mar-2026,CE,24650.0,1128.9,65.0,25571.25
20-Feb-2026,10-Mar-2026,CE,24700.0,1082.7,65.0,25571.25
20-Feb-2026,10-Mar-2026,CE,24750.0,1036.8,65.0,25571.25
20-Feb-2026,10-Mar-2026,CE,24800.0,942.1,195.0,25571.25
20-Feb-2026,10-Mar-2026,CE,24850.0,946.3,130.0,25571.25
20-Feb-2026,10-Mar-2026,CE,24900.0,807.0,130.0,25571.25
20-Feb-2026,10-Mar-2026,CE,24950.0,850.4,65.0,25571.25
20-Feb-2026,10-Mar-2026,CE,25000.0,740.65,17550.0,25571.25
20-Feb-2026,10-Mar-2026,CE,25050.0,768.35,260.0,25571.25
20-Feb-2026,10-Mar-2026,CE,25100.0,671.1,3770.0,25571.25
20-Feb-2026,10-Mar-2026,CE,25150.0,630.85,455.0,25571.25
20-Feb-2026,10-Mar-2026,CE,25200.0,583.0,11440.0,25571.25
20-Feb-2026,10-Mar-2026,CE,25250.0,555.05,3705.0,25571.25
20-Feb-2026,10-Mar-2026,CE,25300.0,509.35,20540.0,25571.25
20-Feb-2026,10-Mar-2026,CE,25350.0,472.75,5785.0,25571.25
20-Feb-2026,10-Mar-2026,CE,25400.0,433.3,24375.0,25571.25
20-Feb-2026,10-Mar-2026,CE,25450.0,401.0,4940.0,25571.25
20-Feb-2026,10-Mar-2026,CE,25500.0,360.0,198055.0,25571.25
20-Feb-2026,10-Mar-2026,CE,25550.0,335.0,32110.0,25571.25
20-Feb-2026,10-Mar-2026,CE,25600.0,294.55,148785.0,25571.25
20-Feb-2026,10-Mar-2026,CE,25650.0,275.55,47255.0,25571.25
20-Feb-2026,10-Mar-2026,CE,25700.0,251.45,195065.0,25571.25
20-Feb-2026,10-Mar-2026,CE,25750.0,223.5,44070.0,25571.25
20-Feb-2026,10-Mar-2026,CE,25800.0,198.45,205400.0,25571.25
20-Feb-2026,10-Mar-2026,CE,25850.0,176.0,21385.0,25571.25
20-Feb-2026,10-Mar-2026,CE,25900.0,157.0,114985.0,25571.25
20-Feb-2026,10-Mar-2026,CE,25950.0,138.05,27950.0,25571.25
20-Feb-2026,10-Mar-2026,CE,26000.0,122.65,428675.0,25571.25
20-Feb-2026,10-Mar-2026,CE,26050.0,106.0,17160.0,25571.25
20-Feb-2026,10-Mar-2026,CE,26100.0,93.6,110760.0,25571.25
20-Feb-2026,10-Mar-2026,CE,26150.0,80.6,20410.0,25571.25
20-Feb-2026,10-Mar-2026,CE,26200.0,71.0,113815.0,25571.25
20-Feb-2026,10-Mar-2026,CE,26250.0,60.1,20995.0,25571.25
20-Feb-2026,10-Mar-2026,CE,26300.0,52.0,112905.0,25571.25
20-Feb-2026,10-Mar-2026,CE,26350.0,45.65,32500.0,25571.25
20-Feb-2026,10-Mar-2026,CE,26400.0,39.1,96720.0,25571.25
20-Feb-2026,10-Mar-2026,CE,26450.0,,,25571.25
20-Feb-2026,10-Mar-2026,CE,26500.0,30.05,200720.0,25571.25
20-Feb-2026,10-Mar-2026,CE,26550.0,25.25,7280.0,25571.25
20-Feb-2026,10-Mar-2026,CE,26600.0,22.1,81315.0,25571.25
20-Feb-2026,10-Mar-2026,CE,26650.0,19.25,3185.0,25571.25
20-Feb-2026,10-Mar-2026,CE,26700.0,17.8,80405.0,25571.25
20-Feb-2026,10-Mar-2026,CE,26750.0,16.0,4810.0,25571.25
20-Feb-2026,10-Mar-2026,CE,26800.0,14.05,83135.0,25571.25
20-Feb-2026,10-Mar-2026,CE,26850.0,11.1,8970.0,25571.25
20-Feb-2026,10-Mar-2026,CE,26900.0,11.1,32045.0,25571.25
20-Feb-2026,10-Mar-2026,CE,26950.0,9.2,37570.0,25571.25
20-Feb-2026,10-Mar-2026,CE,27000.0,9.95,123305.0,25571.25
20-Feb-2026,10-Mar-2026,CE,27050.0,7.95,2860.0,25571.25
20-Feb-2026,10-Mar-2026,CE,27100.0,8.2,15275.0,25571.25
20-Feb-2026,10-Mar-2026,CE,27150.0,7.25,3445.0,25571.25
20-Feb-2026,10-Mar-2026,CE,27200.0,7.6,16445.0,25571.25
20-Feb-2026,10-Mar-2026,CE,27250.0,6.0,7605.0,25571.25
20-Feb-2026,10-Mar-2026,CE,27300.0,5.4,10335.0,25571.25
20-Feb-2026,10-Mar-2026,CE,27350.0,5.2,2145.0,25571.25
20-Feb-2026,10-Mar-2026,CE,27400.0,5.05,8125.0,25571.25
20-Feb-2026,10-Mar-2026,CE,27450.0,5.8,2860.0,25571.25
20-Feb-2026,10-Mar-2026,CE,27500.0,4.5,81185.0,25571.25
20-Feb-2026,10-Mar-2026,CE,27550.0,,,25571.25
20-Feb-2026,10-Mar-2026,CE,27600.0,4.1,13520.0,25571.25
20-Feb-2026,10-Mar-2026,CE,27650.0,,,25571.25
20-Feb-2026,10-Mar-2026,CE,27700.0,3.2,455.0,25571.25
20-Feb-2026,10-Mar-2026,PE,23700.0,20.55,51090.0,25571.25
20-Feb-2026,10-Mar-2026,PE,23750.0,22.75,3315.0,25571.25
20-Feb-2026,10-Mar-2026,PE,23800.0,19.9,9035.0,25571.25
20-Feb-2026,10-Mar-2026,PE,23850.0,26.25,2080.0,25571.25
20-Feb-2026,10-Mar-2026,PE,23900.0,26.0,33215.0,25571.25
20-Feb-2026,10-Mar-2026,PE,23950.0,27.4,910.0,25571.25
20-Feb-2026,10-Mar-2026,PE,24000.0,26.7,140075.0,25571.25
20-Feb-2026,10-Mar-2026,PE,24050.0,31.65,780.0,25571.25
20-Feb-2026,10-Mar-2026,PE,24100.0,31.75,10595.0,25571.25
20-Feb-2026,10-Mar-2026,PE,24150.0,35.0,2470.0,25571.25
20-Feb-2026,10-Mar-2026,PE,24200.0,34.85,29575.0,25571.25
20-Feb-2026,10-Mar-2026,PE,24250.0,39.2,2080.0,25571.25
20-Feb-2026,10-Mar-2026,PE,24300.0,33.35,29770.0,25571.25
20-Feb-2026,10-Mar-2026,PE,24350.0,40.0,5330.0,25571.25
20-Feb-2026,10-Mar-2026,PE,24400.0,40.85,48815.0,25571.25
20-Feb-2026,10-Mar-2026,PE,24450.0,46.35,7670.0,25571.25
20-Feb-2026,10-Mar-2026,PE,24500.0,47.1,299130.0,25571.25
20-Feb-2026,10-Mar-2026,PE,24550.0,51.15,6370.0,25571.25
20-Feb-2026,10-Mar-2026,PE,24600.0,53.3,56810.0,25571.25
20-Feb-2026,10-Mar-2026,PE,24650.0,58.3,6240.0,25571.25
20-Feb-2026,10-Mar-2026,PE,24700.0,61.55,124150.0,25571.25
20-Feb-2026,10-Mar-2026,PE,24750.0,68.3,12350.0,25571.25
20-Feb-2026,10-Mar-2026,PE,24800.0,71.3,158145.0,25571.25
20-Feb-2026,10-Mar-2026,PE,24850.0,75.9,7215.0,25571.25
20-Feb-2026,10-Mar-2026,PE,24900.0,80.65,51740.0,25571.25
20-Feb-2026,10-Mar-2026,PE,24950.0,86.45,40560.0,25571.25
20-Feb-2026,10-Mar-2026,PE,25000.0,91.65,390000.0,25571.25
20-Feb-2026,10-Mar-2026,PE,25050.0,100.0,10985.0,25571.25
20-Feb-2026,10-Mar-2026,PE,25100.0,109.65,112580.0,25571.25
20-Feb-2026,10-Mar-2026,PE,25150.0,117.7,17615.0,25571.25
20-Feb-2026,10-Mar-2026,PE,25200.0,127.0,108355.0,25571.25
20-Feb-2026,10-Mar-2026,PE,25250.0,137.4,20865.0,25571.25
20-Feb-2026,10-Mar-2026,PE,25300.0,147.25,88075.0,25571.25
20-Feb-2026,10-Mar-2026,PE,25350.0,161.2,17225.0,25571.25
20-Feb-2026,10-Mar-2026,PE,25400.0,177.2,163345.0,25571.25
20-Feb-2026,10-Mar-2026,PE,25450.0,191.0,40235.0,25571.25
20-Feb-2026,10-Mar-2026,PE,25500.0,206.7,345735.0,25571.25
20-Feb-2026,10-Mar-2026,PE,25550.0,225.95,30810.0,25571.25
20-Feb-2026,10-Mar-2026,PE,25600.0,244.0,218140.0,25571.25
20-Feb-2026,10-Mar-2026,PE,25650.0,266.3,28925.0,25571.25
20-Feb-2026,10-Mar-2026,PE,25700.0,281.55,95810.0,25571.25
20-Feb-2026,10-Mar-2026,PE,25750.0,310.0,32955.0,25571.25
20-Feb-2026,10-Mar-2026,PE,25800.0,338.45,156585.0,25571.25
20-Feb-2026,10-Mar-2026,PE,25850.0,351.45,8450.0,25571.25
20-Feb-2026,10-Mar-2026,PE,25900.0,391.0,41145.0,25571.25
20-Feb-2026,10-Mar-2026,PE,25950.0,441.1,4030.0,25571.25
20-Feb-2026,10-Mar-2026,PE,26000.0,457.0,73190.0,25571.25
20-Feb-2026,10-Mar-2026,PE,26050.0,502.95,6045.0,25571.25
20-Feb-2026,10-Mar-2026,PE,26100.0,552.25,7670.0,25571.25
20-Feb-2026,10-Mar-2026,PE,26150.0,573.4,390.0,25571.25
20-Feb-2026,10-Mar-2026,PE,26200.0,604.95,7020.0,25571.25
20-Feb-2026,10-Mar-2026,PE,26250.0,602.65,195.0,25571.25
20-Feb-2026,10-Mar-2026,PE,26300.0,635.65,1755.0,25571.25
20-Feb-2026,10-Mar-2026,PE,26350.0,671.4,130.0,25571.25
20-Feb-2026,10-Mar-2026,PE,26400.0,701.0,3705.0,25571.25
20-Feb-2026,10-Mar-2026,PE,26450.0,755.95,130.0,25571.25
20-Feb-2026,10-Mar-2026,PE,26500.0,870.0,5655.0,25571.25
20-Feb-2026,10-Mar-2026,PE,26550.0,845.25,65.0,25571.25
20-Feb-2026,10-Mar-2026,PE,26600.0,892.55,65.0,25571.25
20-Feb-2026,10-Mar-2026,PE,26650.0,937.05,65.0,25571.25
20-Feb-2026,10-Mar-2026,PE,26700.0,984.05,130.0,25571.25
20-Feb-2026,10-Mar-2026,PE,26750.0,1033.7,65.0,25571.25
20-Feb-2026,10-Mar-2026,PE,26800.0,1118.65,130.0,25571.25
20-Feb-2026,10-Mar-2026,PE,26850.0,1181.55,65.0,25571.25
20-Feb-2026,10-Mar-2026,PE,26900.0,1234.15,65.0,25571.25
20-Feb-2026,10-Mar-2026,PE,26950.0,1219.35,65.0,25571.25
20-Feb-2026,10-Mar-2026,PE,27000.0,1264.0,195.0,25571.25
20-Feb-2026,10-Mar-2026,PE,27050.0,1335.3,65.0,25571.25
20-Feb-2026,10-Mar-2026,PE,27100.0,1379.7,65.0,25571.25
20-Feb-2026,10-Mar-2026,PE,27150.0,1426.9,65.0,25571.25
20-Feb-2026,10-Mar-2026,PE,27200.0,1470.8,65.0,25571.25
20-Feb-2026,10-Mar-2026,PE,27250.0,1513.25,65.0,25571.25
20-Feb-2026,10-Mar-2026,PE,27300.0,1569.3,65.0,25571.25
20-Feb-2026,10-Mar-2026,PE,27350.0,1611.6,65.0,25571.25
20-Feb-2026,10-Mar-2026,PE,27400.0,1676.2,65.0,25571.25
20-Feb-2026,10-Mar-2026,PE,27450.0,1726.4,65.0,25571.25
20-Feb-2026,10-Mar-2026,PE,27500.0,1764.05,65.0,25571.25
20-Feb-2026,10-Mar-2026,PE,27550.0,1814.45,65.0,25571.25
20-Feb-2026,10-Mar-2026,PE,27600.0,1864.05,65.0,25571.25
20-Feb-2026,10-Mar-2026,PE,27650.0,1913.65,65.0,25571.25
20-Feb-2026,10-Mar-2026,PE,27700.0,2057.05,65.0,25571.25
23-Feb-2026,02-Mar-2026,CE,23100.0,2604.05,65.0,25713.0
23-Feb-2026,02-Mar-2026,CE,23150.0,2585.15,130.0,25713.0
23-Feb-2026,02-Mar-2026,CE,23200.0,2520.95,65.0,25713.0
23-Feb-2026,02-Mar-2026,CE,23250.0,2476.5,130.0,25713.0
23-Feb-2026,02-Mar-2026,CE,23300.0,2410.0,390.0,25713.0
23-Feb-2026,02-Mar-2026,CE,23350.0,2360.0,130.0,25713.0
23-Feb-2026,02-Mar-2026,CE,23400.0,2340.0,585.0,25713.0
23-Feb-2026,02-Mar-2026,CE,23450.0,2261.35,130.0,25713.0
23-Feb-2026,02-Mar-2026,CE,23500.0,2225.0,1950.0,25713.0
23-Feb-2026,02-Mar-2026,CE,23550.0,2182.15,65.0,25713.0
23-Feb-2026,02-Mar-2026,CE,23600.0,2110.0,715.0,25713.0
23-Feb-2026,02-Mar-2026,CE,23650.0,2076.65,130.0,25713.0
23-Feb-2026,02-Mar-2026,CE,23700.0,2018.25,520.0,25713.0
23-Feb-2026,02-Mar-2026,CE,23750.0,1968.55,195.0,25713.0
23-Feb-2026,02-Mar-2026,CE,23800.0,1925.0,715.0,25713.0
23-Feb-2026,02-Mar-2026,CE,23850.0,1868.0,195.0,25713.0
23-Feb-2026,02-Mar-2026,CE,23900.0,1820.0,585.0,25713.0
23-Feb-2026,02-Mar-2026,CE,23950.0,1770.95,195.0,25713.0
23-Feb-2026,02-Mar-2026,CE,24000.0,1735.0,28210.0,25713.0
23-Feb-2026,02-Mar-2026,CE,24050.0,1662.05,195.0,25713.0
23-Feb-2026,02-Mar-2026,CE,24100.0,1615.0,1820.0,25713.0
23-Feb-2026,02-Mar-2026,CE,24150.0,1569.05,130.0,25713.0
23-Feb-2026,02-Mar-2026,CE,24200.0,1530.0,780.0,25713.0
23-Feb-2026,02-Mar-2026,CE,24250.0,1472.35,130.0,25713.0
23-Feb-2026,02-Mar-2026,CE,24300.0,1430.0,1235.0,25713.0
23-Feb-2026,02-Mar-2026,CE,24350.0,1376.65,130.0,25713.0
23-Feb-2026,02-Mar-2026,CE,24400.0,1330.0,650.0,25713.0
23-Feb-2026,02-Mar-2026,CE,24450.0,1279.85,130.0,25713.0
23-Feb-2026,02-Mar-2026,CE,24500.0,1241.95,29315.0,25713.0
23-Feb-2026,02-Mar-2026,CE,24550.0,1182.4,195.0,25713.0
23-Feb-2026,02-Mar-2026,CE,24600.0,1158.3,2925.0,25713.0
23-Feb-2026,02-Mar-2026,CE,24650.0,1059.4,1755.0,25713.0
23-Feb-2026,02-Mar-2026,CE,24700.0,1054.8,9360.0,25713.0
23-Feb-2026,02-Mar-2026,CE,24750.0,977.7,130.0,25713.0
23-Feb-2026,02-Mar-2026,CE,24800.0,951.2,35880.0,25713.0
23-Feb-2026,02-Mar-2026,CE,24850.0,901.55,2860.0,25713.0
23-Feb-2026,02-Mar-2026,CE,24900.0,859.9,52325.0,25713.0
23-Feb-2026,02-Mar-2026,CE,24950.0,793.95,4420.0,25713.0
23-Feb-2026,02-Mar-2026,CE,25000.0,760.85,334165.0,25713.0
23-Feb-2026,02-Mar-2026,CE,25050.0,715.65,7670.0,25713.0
23-Feb-2026,02-Mar-2026,CE,25100.0,670.0,86450.0,25713.0
23-Feb-2026,02-Mar-2026,CE,25150.0,625.2,30160.0,25713.0
23-Feb-2026,02-Mar-2026,CE,25200.0,583.0,130780.0,25713.0
23-Feb-2026,02-Mar-2026,CE,25250.0,537.4,21905.0,25713.0
23-Feb-2026,02-Mar-2026,CE,25300.0,495.0,194480.0,25713.0
23-Feb-2026,02-Mar-2026,CE,25350.0,454.5,34125.0,25713.0
23-Feb-2026,02-Mar-2026,CE,25400.0,409.6,322855.0,25713.0
23-Feb-2026,02-Mar-2026,CE,25450.0,374.45,82485.0,25713.0
23-Feb-2026,02-Mar-2026,CE,25500.0,338.0,1086800.0,25713.0
23-Feb-2026,02-Mar-2026,CE,25550.0,302.6,141700.0,25713.0
23-Feb-2026,02-Mar-2026,CE,25600.0,266.8,942825.0,25713.0
23-Feb-2026,02-Mar-2026,CE,25650.0,232.15,362960.0,25713.0
23-Feb-2026,02-Mar-2026,CE,25700.0,205.0,1833780.0,25713.0
23-Feb-2026,02-Mar-2026,CE,25750.0,176.65,801645.0,25713.0
23-Feb-2026,02-Mar-2026,CE,25800.0,152.0,1846455.0,25713.0
23-Feb-2026,02-Mar-2026,CE,25850.0,128.05,436995.0,25713.0
23-Feb-2026,02-Mar-2026,CE,25900.0,108.4,1148875.0,25713.0
23-Feb-2026,02-Mar-2026,CE,25950.0,91.0,407810.0,25713.0
23-Feb-2026,02-Mar-2026,CE,26000.0,75.0,2368470.0,25713.0
23-Feb-2026,02-Mar-2026,CE,26050.0,61.9,350350.0,25713.0
23-Feb-2026,02-Mar-2026,CE,26100.0,50.3,1286935.0,25713.0
23-Feb-2026,02-Mar-2026,CE,26150.0,40.6,291460.0,25713.0
23-Feb-2026,02-Mar-2026,CE,26200.0,32.55,1382615.0,25713.0
23-Feb-2026,02-Mar-2026,CE,26250.0,26.0,328185.0,25713.0
23-Feb-2026,02-Mar-2026,CE,26300.0,21.0,1177020.0,25713.0
23-Feb-2026,02-Mar-2026,CE,26350.0,17.05,203645.0,25713.0
23-Feb-2026,02-Mar-2026,CE,26400.0,14.5,1129700.0,25713.0
23-Feb-2026,02-Mar-2026,CE,26450.0,12.65,227890.0,25713.0
23-Feb-2026,02-Mar-2026,CE,26500.0,11.2,1718665.0,25713.0
23-Feb-2026,02-Mar-2026,CE,26550.0,9.1,181610.0,25713.0
23-Feb-2026,02-Mar-2026,CE,26600.0,8.2,699920.0,25713.0
23-Feb-2026,02-Mar-2026,CE,26650.0,7.5,154700.0,25713.0
23-Feb-2026,02-Mar-2026,CE,26700.0,6.5,1040975.0,25713.0
23-Feb-2026,02-Mar-2026,CE,26750.0,5.65,111475.0,25713.0
23-Feb-2026,02-Mar-2026,CE,26800.0,5.15,969865.0,25713.0
23-Feb-2026,02-Mar-2026,CE,26850.0,5.05,127400.0,25713.0
23-Feb-2026,02-Mar-2026,CE,26900.0,4.2,423735.0,25713.0
23-Feb-2026,02-Mar-2026,CE,26950.0,4.65,114140.0,25713.0
23-Feb-2026,02-Mar-2026,CE,27000.0,3.5,2950675.0,25713.0
23-Feb-2026,02-Mar-2026,CE,27050.0,3.85,182260.0,25713.0
23-Feb-2026,02-Mar-2026,CE,27100.0,2.75,485550.0,25713.0
23-Feb-2026,02-Mar-2026,CE,27150.0,2.4,159640.0,25713.0
23-Feb-2026,02-Mar-2026,CE,27200.0,1.9,1718925.0,25713.0
23-Feb-2026,02-Mar-2026,CE,27250.0,1.75,170430.0,25713.0
23-Feb-2026,02-Mar-2026,CE,27300.0,1.6,2231710.0,25713.0
23-Feb-2026,02-Mar-2026,CE,27350.0,1.65,61035.0,25713.0
23-Feb-2026,02-Mar-2026,CE,27400.0,1.55,363740.0,25713.0
23-Feb-2026,02-Mar-2026,CE,27450.0,1.55,36660.0,25713.0
23-Feb-2026,02-Mar-2026,CE,27500.0,1.55,846885.0,25713.0
23-Feb-2026,02-Mar-2026,CE,27550.0,1.5,50570.0,25713.0
23-Feb-2026,02-Mar-2026,CE,27600.0,1.45,239070.0,25713.0
23-Feb-2026,02-Mar-2026,CE,27650.0,1.6,70720.0,25713.0
23-Feb-2026,02-Mar-2026,CE,27700.0,1.5,298675.0,25713.0
23-Feb-2026,02-Mar-2026,PE,23100.0,4.65,1368510.0,25713.0
23-Feb-2026,02-Mar-2026,PE,23150.0,4.95,48360.0,25713.0
23-Feb-2026,02-Mar-2026,PE,23200.0,5.45,142025.0,25713.0
23-Feb-2026,02-Mar-2026,PE,23250.0,5.95,17355.0,25713.0
23-Feb-2026,02-Mar-2026,PE,23300.0,5.9,84240.0,25713.0
23-Feb-2026,02-Mar-2026,PE,23350.0,6.15,12870.0,25713.0
23-Feb-2026,02-Mar-2026,PE,23400.0,6.75,87685.0,25713.0
23-Feb-2026,02-Mar-2026,PE,23450.0,6.5,17160.0,25713.0
23-Feb-2026,02-Mar-2026,PE,23500.0,7.35,823355.0,25713.0
23-Feb-2026,02-Mar-2026,PE,23550.0,7.75,12740.0,25713.0
23-Feb-2026,02-Mar-2026,PE,23600.0,7.8,191230.0,25713.0
23-Feb-2026,02-Mar-2026,PE,23650.0,8.9,19305.0,25713.0
23-Feb-2026,02-Mar-2026,PE,23700.0,8.75,169130.0,25713.0
23-Feb-2026,02-Mar-2026,PE,23750.0,9.4,15405.0,25713.0
23-Feb-2026,02-Mar-2026,PE,23800.0,10.0,267410.0,25713.0
23-Feb-2026,02-Mar-2026,PE,23850.0,9.85,26130.0,25713.0
23-Feb-2026,02-Mar-2026,PE,23900.0,11.15,716430.0,25713.0
23-Feb-2026,02-Mar-2026,PE,23950.0,12.0,28990.0,25713.0
23-Feb-2026,02-Mar-2026,PE,24000.0,12.25,1657500.0,25713.0
23-Feb-2026,02-Mar-2026,PE,24050.0,12.35,27040.0,25713.0
23-Feb-2026,02-Mar-2026,PE,24100.0,12.75,278525.0,25713.0
23-Feb-2026,02-Mar-2026,PE,24150.0,13.75,18200.0,25713.0
23-Feb-2026,02-Mar-2026,PE,24200.0,13.9,305955.0,25713.0
23-Feb-2026,02-Mar-2026,PE,24250.0,14.6,52065.0,25713.0
23-Feb-2026,02-Mar-2026,PE,24300.0,15.4,382265.0,25713.0
23-Feb-2026,02-Mar-2026,PE,24350.0,16.7,38350.0,25713.0
23-Feb-2026,02-Mar-2026,PE,24400.0,17.5,505115.0,25713.0
23-Feb-2026,02-Mar-2026,PE,24450.0,18.15,46605.0,25713.0
23-Feb-2026,02-Mar-2026,PE,24500.0,19.4,1383655.0,25713.0
23-Feb-2026,02-Mar-2026,PE,24550.0,20.0,75595.0,25713.0
23-Feb-2026,02-Mar-2026,PE,24600.0,21.0,480220.0,25713.0
23-Feb-2026,02-Mar-2026,PE,24650.0,23.25,63960.0,25713.0
23-Feb-2026,02-Mar-2026,PE,24700.0,24.7,610675.0,25713.0
23-Feb-2026,02-Mar-2026,PE,24750.0,26.5,81445.0,25713.0
23-Feb-2026,02-Mar-2026,PE,24800.0,28.6,905060.0,25713.0
23-Feb-2026,02-Mar-2026,PE,24850.0,30.25,101075.0,25713.0
23-Feb-2026,02-Mar-2026,PE,24900.0,32.3,666510.0,25713.0
23-Feb-2026,02-Mar-2026,PE,24950.0,35.15,138905.0,25713.0
23-Feb-2026,02-Mar-2026,PE,25000.0,39.15,2348450.0,25713.0
23-Feb-2026,02-Mar-2026,PE,25050.0,43.5,163345.0,25713.0
23-Feb-2026,02-Mar-2026,PE,25100.0,46.2,864305.0,25713.0
23-Feb-2026,02-Mar-2026,PE,25150.0,51.15,234975.0,25713.0
23-Feb-2026,02-Mar-2026,PE,25200.0,58.25,1107015.0,25713.0
23-Feb-2026,02-Mar-2026,PE,25250.0,63.25,304850.0,25713.0
23-Feb-2026,02-Mar-2026,PE,25300.0,70.1,1415375.0,25713.0
23-Feb-2026,02-Mar-2026,PE,25350.0,78.25,365625.0,25713.0
23-Feb-2026,02-Mar-2026,PE,25400.0,88.5,1660620.0,25713.0
23-Feb-2026,02-Mar-2026,PE,25450.0,100.0,406055.0,25713.0
23-Feb-2026,02-Mar-2026,PE,25500.0,112.0,2462135.0,25713.0
23-Feb-2026,02-Mar-2026,PE,25550.0,125.4,301990.0,25713.0
23-Feb-2026,02-Mar-2026,PE,25600.0,141.3,1497340.0,25713.0
23-Feb-2026,02-Mar-2026,PE,25650.0,158.0,472095.0,25713.0
23-Feb-2026,02-Mar-2026,PE,25700.0,176.65,1671215.0,25713.0
23-Feb-2026,02-Mar-2026,PE,25750.0,198.1,522210.0,25713.0
23-Feb-2026,02-Mar-2026,PE,25800.0,224.9,946075.0,25713.0
23-Feb-2026,02-Mar-2026,PE,25850.0,253.0,125775.0,25713.0
23-Feb-2026,02-Mar-2026,PE,25900.0,278.45,347295.0,25713.0
23-Feb-2026,02-Mar-2026,PE,25950.0,312.25,96330.0,25713.0
23-Feb-2026,02-Mar-2026,PE,26000.0,345.4,744510.0,25713.0
23-Feb-2026,02-Mar-2026,PE,26050.0,382.6,24700.0,25713.0
23-Feb-2026,02-Mar-2026,PE,26100.0,420.7,223730.0,25713.0
23-Feb-2026,02-Mar-2026,PE,26150.0,461.1,15340.0,25713.0
23-Feb-2026,02-Mar-2026,PE,26200.0,502.75,156650.0,25713.0
23-Feb-2026,02-Mar-2026,PE,26250.0,539.05,4485.0,25713.0
23-Feb-2026,02-Mar-2026,PE,26300.0,590.15,75725.0,25713.0
23-Feb-2026,02-Mar-2026,PE,26350.0,636.4,2860.0,25713.0
23-Feb-2026,02-Mar-2026,PE,26400.0,684.25,42445.0,25713.0
23-Feb-2026,02-Mar-2026,PE,26450.0,751.6,780.0,25713.0
23-Feb-2026,02-Mar-2026,PE,26500.0,785.6,105690.0,25713.0
23-Feb-2026,02-Mar-2026,PE,26550.0,825.0,390.0,25713.0
23-Feb-2026,02-Mar-2026,PE,26600.0,871.5,19240.0,25713.0
23-Feb-2026,02-Mar-2026,PE,26650.0,944.5,130.0,25713.0
23-Feb-2026,02-Mar-2026,PE,26700.0,970.25,7280.0,25713.0
23-Feb-2026,02-Mar-2026,PE,26750.0,1049.95,260.0,25713.0
23-Feb-2026,02-Mar-2026,PE,26800.0,1060.0,3770.0,25713.0
23-Feb-2026,02-Mar-2026,PE,26850.0,1142.75,130.0,25713.0
23-Feb-2026,02-Mar-2026,PE,26900.0,1166.7,11960.0,25713.0
23-Feb-2026,02-Mar-2026,PE,26950.0,1218.0,325.0,25713.0
23-Feb-2026,02-Mar-2026,PE,27000.0,1263.85,74165.0,25713.0
23-Feb-2026,02-Mar-2026,PE,27050.0,1332.95,130.0,25713.0
23-Feb-2026,02-Mar-2026,PE,27100.0,1380.0,195.0,25713.0
23-Feb-2026,02-Mar-2026,PE,27150.0,1436.35,130.0,25713.0
23-Feb-2026,02-Mar-2026,PE,27200.0,1451.2,130.0,25713.0
23-Feb-2026,02-Mar-2026,PE,27250.0,1539.55,65.0,25713.0
23-Feb-2026,02-Mar-2026,PE,27300.0,1583.8,130.0,25713.0
23-Feb-2026,02-Mar-2026,PE,27350.0,1615.5,7605.0,25713.0
23-Feb-2026,02-Mar-2026,PE,27400.0,1663.6,65.0,25713.0
23-Feb-2026,02-Mar-2026,PE,27450.0,1710.3,130.0,25713.0
23-Feb-2026,02-Mar-2026,PE,27500.0,1766.9,12025.0,25713.0
23-Feb-2026,02-Mar-2026,PE,27550.0,1810.0,130.0,25713.0
23-Feb-2026,02-Mar-2026,PE,27600.0,1851.1,195.0,25713.0
23-Feb-2026,02-Mar-2026,PE,27650.0,1908.65,130.0,25713.0
23-Feb-2026,02-Mar-2026,PE,27700.0,1959.35,260.0,25713.0
23-Feb-2026,10-Mar-2026,CE,23700.0,2062.35,65.0,25713.0
23-Feb-2026,10-Mar-2026,CE,23750.0,2012.95,65.0,25713.0
23-Feb-2026,10-Mar-2026,CE,23800.0,1963.9,65.0,25713.0
23-Feb-2026,10-Mar-2026,CE,23850.0,1914.4,65.0,25713.0
23-Feb-2026,10-Mar-2026,CE,23900.0,1866.85,65.0,25713.0
23-Feb-2026,10-Mar-2026,CE,23950.0,1816.55,65.0,25713.0
23-Feb-2026,10-Mar-2026,CE,24000.0,1767.2,130.0,25713.0
23-Feb-2026,10-Mar-2026,CE,24050.0,1719.4,65.0,25713.0
23-Feb-2026,10-Mar-2026,CE,24100.0,1671.05,65.0,25713.0
23-Feb-2026,10-Mar-2026,CE,24150.0,1622.75,65.0,25713.0
23-Feb-2026,10-Mar-2026,CE,24200.0,1571.65,65.0,25713.0
23-Feb-2026,10-Mar-2026,CE,24250.0,1523.15,65.0,25713.0
23-Feb-2026,10-Mar-2026,CE,24300.0,1476.85,65.0,25713.0
23-Feb-2026,10-Mar-2026,CE,24350.0,1447.0,65.0,25713.0
23-Feb-2026,10-Mar-2026,CE,24400.0,1377.3,65.0,25713.0
23-Feb-2026,10-Mar-2026,CE,24450.0,1329.45,65.0,25713.0
23-Feb-2026,10-Mar-2026,CE,24500.0,1287.7,1430.0,25713.0
23-Feb-2026,10-Mar-2026,CE,24550.0,1234.55,65.0,25713.0
23-Feb-2026,10-Mar-2026,CE,24600.0,1200.0,65.0,25713.0
23-Feb-2026,10-Mar-2026,CE,24650.0,1141.8,65.0,25713.0
23-Feb-2026,10-Mar-2026,CE,24700.0,1094.75,65.0,25713.0
23-Feb-2026,10-Mar-2026,CE,24750.0,1052.65,65.0,25713.0
23-Feb-2026,10-Mar-2026,CE,24800.0,1020.25,260.0,25713.0
23-Feb-2026,10-Mar-2026,CE,24850.0,954.7,130.0,25713.0
23-Feb-2026,10-Mar-2026,CE,24900.0,915.3,130.0,25713.0
23-Feb-2026,10-Mar-2026,CE,24950.0,871.7,65.0,25713.0
23-Feb-2026,10-Mar-2026,CE,25000.0,840.35,14170.0,25713.0
23-Feb-2026,10-Mar-2026,CE,25050.0,751.3,455.0,25713.0
23-Feb-2026,10-Mar-2026,CE,25100.0,746.95,7215.0,25713.0
23-Feb-2026,10-Mar-2026,CE,25150.0,686.45,520.0,25713.0
23-Feb-2026,10-Mar-2026,CE,25200.0,664.25,7670.0,25713.0
23-Feb-2026,10-Mar-2026,CE,25250.0,638.0,2470.0,25713.0
23-Feb-2026,10-Mar-2026,CE,25300.0,586.85,17810.0,25713.0
23-Feb-2026,10-Mar-2026,CE,25350.0,542.4,6240.0,25713.0
23-Feb-2026,10-Mar-2026,CE,25400.0,505.3,29900.0,25713.0
23-Feb-2026,10-Mar-2026,CE,25450.0,451.15,6630.0,25713.0
23-Feb-2026,10-Mar-2026,CE,25500.0,434.75,180375.0,25713.0
23-Feb-2026,10-Mar-2026,CE,25550.0,393.6,42640.0,25713.0
23-Feb-2026,10-Mar-2026,CE,25600.0,357.35,138255.0,25713.0
23-Feb-2026,10-Mar-2026,CE,25650.0,323.9,41730.0,25713.0
23-Feb-2026,10-Mar-2026,CE,25700.0,293.7,246935.0,25713.0
23-Feb-2026,10-Mar-2026,CE,25750.0,271.65,75790.0,25713.0
23-Feb-2026,10-Mar-2026,CE,25800.0,242.0,314990.0,25713.0
23-Feb-2026,10-Mar-2026,CE,25850.0,214.7,39260.0,25713.0
23-Feb-2026,10-Mar-2026,CE,25900.0,190.55,139230.0,25713.0
23-Feb-2026,10-Mar-2026,CE,25950.0,168.65,38610.0,25713.0
23-Feb-2026,10-Mar-2026,CE,26000.0,146.65,475865.0,25713.0
23-Feb-2026,10-Mar-2026,CE,26050.0,130.25,32435.0,25713.0
23-Feb-2026,10-Mar-2026,CE,26100.0,112.2,145405.0,25713.0
23-Feb-2026,10-Mar-2026,CE,26150.0,93.4,98605.0,25713.0
23-Feb-2026,10-Mar-2026,CE,26200.0,81.15,166530.0,25713.0
23-Feb-2026,10-Mar-2026,CE,26250.0,70.0,31395.0,25713.0
23-Feb-2026,10-Mar-2026,CE,26300.0,59.85,215020.0,25713.0
23-Feb-2026,10-Mar-2026,CE,26350.0,50.6,44590.0,25713.0
23-Feb-2026,10-Mar-2026,CE,26400.0,43.35,148005.0,25713.0
23-Feb-2026,10-Mar-2026,CE,26450.0,36.0,19630.0,25713.0
23-Feb-2026,10-Mar-2026,CE,26500.0,29.9,321620.0,25713.0
23-Feb-2026,10-Mar-2026,CE,26550.0,25.7,14235.0,25713.0
23-Feb-2026,10-Mar-2026,CE,26600.0,22.05,140465.0,25713.0
23-Feb-2026,10-Mar-2026,CE,26650.0,19.45,15470.0,25713.0
23-Feb-2026,10-Mar-2026,CE,26700.0,15.35,84825.0,25713.0
23-Feb-2026,10-Mar-2026,CE,26750.0,14.5,12870.0,25713.0
23-Feb-2026,10-Mar-2026,CE,26800.0,12.05,213525.0,25713.0
23-Feb-2026,10-Mar-2026,CE,26850.0,10.15,11375.0,25713.0
23-Feb-2026,10-Mar-2026,CE,26900.0,9.95,36530.0,25713.0
23-Feb-2026,10-Mar-2026,CE,26950.0,9.1,40690.0,25713.0
23-Feb-2026,10-Mar-2026,CE,27000.0,8.5,191555.0,25713.0
23-Feb-2026,10-Mar-2026,CE,27050.0,8.0,4940.0,25713.0
23-Feb-2026,10-Mar-2026,CE,27100.0,6.6,27235.0,25713.0
23-Feb-2026,10-Mar-2026,CE,27150.0,7.05,11765.0,25713.0
23-Feb-2026,10-Mar-2026,CE,27200.0,6.95,82485.0,25713.0
23-Feb-2026,10-Mar-2026,CE,27250.0,6.1,12805.0,25713.0
23-Feb-2026,10-Mar-2026,CE,27300.0,6.15,18785.0,25713.0
23-Feb-2026,10-Mar-2026,CE,27350.0,4.7,2145.0,25713.0
23-Feb-2026,10-Mar-2026,CE,27400.0,5.3,11050.0,25713.0
23-Feb-2026,10-Mar-2026,CE,27450.0,4.1,3185.0,25713.0
23-Feb-2026,10-Mar-2026,CE,27500.0,3.55,180635.0,25713.0
23-Feb-2026,10-Mar-2026,CE,27550.0,,,25713.0
23-Feb-2026,10-Mar-2026,CE,27600.0,3.2,17290.0,25713.0
23-Feb-2026,10-Mar-2026,CE,27650.0,4.0,130.0,25713.0
23-Feb-2026,10-Mar-2026,CE,27700.0,3.45,5785.0,25713.0
23-Feb-2026,10-Mar-2026,PE,23700.0,18.5,79235.0,25713.0
23-Feb-2026,10-Mar-2026,PE,23750.0,18.0,4550.0,25713.0
23-Feb-2026,10-Mar-2026,PE,23800.0,19.85,20930.0,25713.0
23-Feb-2026,10-Mar-2026,PE,23850.0,19.8,2990.0,25713.0
23-Feb-2026,10-Mar-2026,PE,23900.0,20.7,46085.0,25713.0
23-Feb-2026,10-Mar-2026,PE,23950.0,21.35,4420.0,25713.0
23-Feb-2026,10-Mar-2026,PE,24000.0,22.4,253890.0,25713.0
23-Feb-2026,10-Mar-2026,PE,24050.0,23.3,3380.0,25713.0
23-Feb-2026,10-Mar-2026,PE,24100.0,23.9,22685.0,25713.0
23-Feb-2026,10-Mar-2026,PE,24150.0,25.95,2860.0,25713.0
23-Feb-2026,10-Mar-2026,PE,24200.0,26.45,41535.0,25713.0
23-Feb-2026,10-Mar-2026,PE,24250.0,28.6,4940.0,25713.0
23-Feb-2026,10-Mar-2026,PE,24300.0,30.45,23790.0,25713.0
23-Feb-2026,10-Mar-2026,PE,24350.0,31.45,7150.0,25713.0
23-Feb-2026,10-Mar-2026,PE,24400.0,35.7,44590.0,25713.0
23-Feb-2026,10-Mar-2026,PE,24450.0,34.35,8645.0,25713.0
23-Feb-2026,10-Mar-2026,PE,24500.0,38.15,368745.0,25713.0
23-Feb-2026,10-Mar-2026,PE,24550.0,39.0,7540.0,25713.0
23-Feb-2026,10-Mar-2026,PE,24600.0,43.0,98540.0,25713.0
23-Feb-2026,10-Mar-2026,PE,24650.0,45.35,9815.0,25713.0
23-Feb-2026,10-Mar-2026,PE,24700.0,49.0,188305.0,25713.0
23-Feb-2026,10-Mar-2026,PE,24750.0,51.9,16445.0,25713.0
23-Feb-2026,10-Mar-2026,PE,24800.0,57.25,174850.0,25713.0
23-Feb-2026,10-Mar-2026,PE,24850.0,59.45,9230.0,25713.0
23-Feb-2026,10-Mar-2026,PE,24900.0,64.5,75595.0,25713.0
23-Feb-2026,10-Mar-2026,PE,24950.0,70.25,45695.0,25713.0
23-Feb-2026,10-Mar-2026,PE,25000.0,75.65,659360.0,25713.0
23-Feb-2026,10-Mar-2026,PE,25050.0,80.7,20540.0,25713.0
23-Feb-2026,10-Mar-2026,PE,25100.0,85.8,144885.0,25713.0
23-Feb-2026,10-Mar-2026,PE,25150.0,93.85,22165.0,25713.0
23-Feb-2026,10-Mar-2026,PE,25200.0,103.2,168155.0,25713.0
23-Feb-2026,10-Mar-2026,PE,25250.0,110.4,21190.0,25713.0
23-Feb-2026,10-Mar-2026,PE,25300.0,119.45,135070.0,25713.0
23-Feb-2026,10-Mar-2026,PE,25350.0,130.25,36140.0,25713.0
23-Feb-2026,10-Mar-2026,PE,25400.0,141.7,752505.0,25713.0
23-Feb-2026,10-Mar-2026,PE,25450.0,151.45,62660.0,25713.0
23-Feb-2026,10-Mar-2026,PE,25500.0,167.25,472550.0,25713.0
23-Feb-2026,10-Mar-2026,PE,25550.0,182.65,46995.0,25713.0
23-Feb-2026,10-Mar-2026,PE,25600.0,198.85,268905.0,25713.0
23-Feb-2026,10-Mar-2026,PE,25650.0,212.6,65780.0,25713.0
23-Feb-2026,10-Mar-2026,PE,25700.0,232.3,208845.0,25713.0
23-Feb-2026,10-Mar-2026,PE,25750.0,248.65,47905.0,25713.0
23-Feb-2026,10-Mar-2026,PE,25800.0,273.55,317915.0,25713.0
23-Feb-2026,10-Mar-2026,PE,25850.0,298.05,18070.0,25713.0
23-Feb-2026,10-Mar-2026,PE,25900.0,328.3,90415.0,25713.0
23-Feb-2026,10-Mar-2026,PE,25950.0,351.5,5850.0,25713.0
23-Feb-2026,10-Mar-2026,PE,26000.0,380.15,113880.0,25713.0
23-Feb-2026,10-Mar-2026,PE,26050.0,405.8,3640.0,25713.0
23-Feb-2026,10-Mar-2026,PE,26100.0,444.95,12870.0,25713.0
23-Feb-2026,10-Mar-2026,PE,26150.0,477.85,6175.0,25713.0
23-Feb-2026,10-Mar-2026,PE,26200.0,515.0,17095.0,25713.0
23-Feb-2026,10-Mar-2026,PE,26250.0,535.0,910.0,25713.0
23-Feb-2026,10-Mar-2026,PE,26300.0,586.3,4225.0,25713.0
23-Feb-2026,10-Mar-2026,PE,26350.0,630.0,520.0,25713.0
23-Feb-2026,10-Mar-2026,PE,26400.0,664.0,3640.0,25713.0
23-Feb-2026,10-Mar-2026,PE,26450.0,731.8,260.0,25713.0
23-Feb-2026,10-Mar-2026,PE,26500.0,766.45,19435.0,25713.0
23-Feb-2026,10-Mar-2026,PE,26550.0,823.75,195.0,25713.0
23-Feb-2026,10-Mar-2026,PE,26600.0,831.0,910.0,25713.0
23-Feb-2026,10-Mar-2026,PE,26650.0,915.45,130.0,25713.0
23-Feb-2026,10-Mar-2026,PE,26700.0,1001.5,585.0,25713.0
23-Feb-2026,10-Mar-2026,PE,26750.0,1006.55,65.0,25713.0
23-Feb-2026,10-Mar-2026,PE,26800.0,1022.9,195.0,25713.0
23-Feb-2026,10-Mar-2026,PE,26850.0,1106.1,65.0,25713.0
23-Feb-2026,10-Mar-2026,PE,26900.0,1157.8,65.0,25713.0
23-Feb-2026,10-Mar-2026,PE,26950.0,1212.5,65.0,25713.0
23-Feb-2026,10-Mar-2026,PE,27000.0,1240.0,910.0,25713.0
23-Feb-2026,10-Mar-2026,PE,27050.0,1304.55,130.0,25713.0
23-Feb-2026,10-Mar-2026,PE,27100.0,1360.2,130.0,25713.0
23-Feb-2026,10-Mar-2026,PE,27150.0,1403.5,130.0,25713.0
23-Feb-2026,10-Mar-2026,PE,27200.0,1415.0,130.0,25713.0
23-Feb-2026,10-Mar-2026,PE,27250.0,1466.35,130.0,25713.0
23-Feb-2026,10-Mar-2026,PE,27300.0,1554.6,130.0,25713.0
23-Feb-2026,10-Mar-2026,PE,27350.0,1571.3,130.0,25713.0
23-Feb-2026,10-Mar-2026,PE,27400.0,1649.65,130.0,25713.0
23-Feb-2026,10-Mar-2026,PE,27450.0,1671.35,130.0,25713.0
23-Feb-2026,10-Mar-2026,PE,27500.0,1741.8,65.0,25713.0
23-Feb-2026,10-Mar-2026,PE,27550.0,1791.4,65.0,25713.0
23-Feb-2026,10-Mar-2026,PE,27600.0,1842.65,65.0,25713.0
23-Feb-2026,10-Mar-2026,PE,27650.0,1892.5,65.0,25713.0
23-Feb-2026,10-Mar-2026,PE,27700.0,1917.55,65.0,25713.0
24-Feb-2026,02-Mar-2026,CE,23100.0,2361.8,195.0,25424.65
24-Feb-2026,02-Mar-2026,CE,23150.0,2311.75,65.0,25424.65
24-Feb-2026,02-Mar-2026,CE,23200.0,2271.7,130.0,25424.65
24-Feb-2026,02-Mar-2026,CE,23250.0,2221.0,195.0,25424.65
24-Feb-2026,02-Mar-2026,CE,23300.0,2127.3,390.0,25424.65
24-Feb-2026,02-Mar-2026,CE,23350.0,2116.6,195.0,25424.65
24-Feb-2026,02-Mar-2026,CE,23400.0,2024.7,585.0,25424.65
24-Feb-2026,02-Mar-2026,CE,23450.0,2022.05,195.0,25424.65
24-Feb-2026,02-Mar-2026,CE,23500.0,1976.1,5525.0,25424.65
24-Feb-2026,02-Mar-2026,CE,23550.0,1897.25,130.0,25424.65
24-Feb-2026,02-Mar-2026,CE,23600.0,1855.95,845.0,25424.65
24-Feb-2026,02-Mar-2026,CE,23650.0,1796.75,195.0,25424.65
24-Feb-2026,02-Mar-2026,CE,23700.0,1790.0,585.0,25424.65
24-Feb-2026,02-Mar-2026,CE,23750.0,1681.2,130.0,25424.65
24-Feb-2026,02-Mar-2026,CE,23800.0,1648.55,845.0,25424.65
24-Feb-2026,02-Mar-2026,CE,23850.0,1582.9,130.0,25424.65
24-Feb-2026,02-Mar-2026,CE,23900.0,1531.85,650.0,25424.65
24-Feb-2026,02-Mar-2026,CE,23950.0,1483.35,195.0,25424.65
24-Feb-2026,02-Mar-2026,CE,24000.0,1482.0,40365.0,25424.65
24-Feb-2026,02-Mar-2026,CE,24050.0,1415.8,260.0,25424.65
24-Feb-2026,02-Mar-2026,CE,24100.0,1445.0,1950.0,25424.65
24-Feb-2026,02-Mar-2026,CE,24150.0,1286.45,130.0,25424.65
24-Feb-2026,02-Mar-2026,CE,24200.0,1279.55,1235.0,25424.65
24-Feb-2026,02-Mar-2026,CE,24250.0,1188.35,130.0,25424.65
24-Feb-2026,02-Mar-2026,CE,24300.0,1157.4,3900.0,25424.65
24-Feb-2026,02-Mar-2026,CE,24350.0,1090.7,130.0,25424.65
24-Feb-2026,02-Mar-2026,CE,24400.0,1086.6,1820.0,25424.65
24-Feb-2026,02-Mar-2026,CE,24450.0,994.65,130.0,25424.65
24-Feb-2026,02-Mar-2026,CE,24500.0,991.9,45760.0,25424.65
24-Feb-2026,02-Mar-2026,CE,24550.0,921.25,520.0,25424.65
24-Feb-2026,02-Mar-2026,CE,24600.0,899.6,4030.0,25424.65
24-Feb-2026,02-Mar-2026,CE,24650.0,845.3,1690.0,25424.65
24-Feb-2026,02-Mar-2026,CE,24700.0,802.9,12870.0,25424.65
24-Feb-2026,02-Mar-2026,CE,24750.0,750.2,4225.0,25424.65
24-Feb-2026,02-Mar-2026,CE,24800.0,702.2,52455.0,25424.65
24-Feb-2026,02-Mar-2026,CE,24850.0,643.3,3055.0,25424.65
24-Feb-2026,02-Mar-2026,CE,24900.0,617.25,75725.0,25424.65
24-Feb-2026,02-Mar-2026,CE,24950.0,566.25,7995.0,25424.65
24-Feb-2026,02-Mar-2026,CE,25000.0,521.0,684515.0,25424.65
24-Feb-2026,02-Mar-2026,CE,25050.0,486.7,14755.0,25424.65
24-Feb-2026,02-Mar-2026,CE,25100.0,442.55,169585.0,25424.65
24-Feb-2026,02-Mar-2026,CE,25150.0,402.8,33020.0,25424.65
24-Feb-2026,02-Mar-2026,CE,25200.0,360.0,182650.0,25424.65
24-Feb-2026,02-Mar-2026,CE,25250.0,326.0,58175.0,25424.65
24-Feb-2026,02-Mar-2026,CE,25300.0,288.05,466375.0,25424.65
24-Feb-2026,02-Mar-2026,CE,25350.0,254.05,261365.0,25424.65
24-Feb-2026,02-Mar-2026,CE,25400.0,222.1,2541890.0,25424.65
24-Feb-2026,02-Mar-2026,CE,25450.0,193.9,1257620.0,25424.65
24-Feb-2026,02-Mar-2026,CE,25500.0,167.0,6813495.0,25424.65
24-Feb-2026,02-Mar-2026,CE,25550.0,142.15,1538290.0,25424.65
24-Feb-2026,02-Mar-2026,CE,25600.0,120.0,4241120.0,25424.65
24-Feb-2026,02-Mar-2026,CE,25650.0,100.5,1373125.0,25424.65
24-Feb-2026,02-Mar-2026,CE,25700.0,82.95,4668560.0,25424.65
24-Feb-2026,02-Mar-2026,CE,25750.0,68.85,1740570.0,25424.65
24-Feb-2026,02-Mar-2026,CE,25800.0,56.0,4971460.0,25424.65
24-Feb-2026,02-Mar-2026,CE,25850.0,45.95,1144455.0,25424.65
24-Feb-2026,02-Mar-2026,CE,25900.0,37.4,2797860.0,25424.65
24-Feb-2026,02-Mar-2026,CE,25950.0,30.85,1062620.0,25424.65
24-Feb-2026,02-Mar-2026,CE,26000.0,25.3,5806580.0,25424.65
24-Feb-2026,02-Mar-2026,CE,26050.0,20.4,728260.0,25424.65
24-Feb-2026,02-Mar-2026,CE,26100.0,16.6,3285880.0,25424.65
24-Feb-2026,02-Mar-2026,CE,26150.0,13.85,621075.0,25424.65
24-Feb-2026,02-Mar-2026,CE,26200.0,11.55,2342990.0,25424.65
24-Feb-2026,02-Mar-2026,CE,26250.0,9.5,1022515.0,25424.65
24-Feb-2026,02-Mar-2026,CE,26300.0,8.1,1900015.0,25424.65
24-Feb-2026,02-Mar-2026,CE,26350.0,6.95,517140.0,25424.65
24-Feb-2026,02-Mar-2026,CE,26400.0,6.3,1698580.0,25424.65
24-Feb-2026,02-Mar-2026,CE,26450.0,5.6,322920.0,25424.65
24-Feb-2026,02-Mar-2026,CE,26500.0,4.9,3767725.0,25424.65
24-Feb-2026,02-Mar-2026,CE,26550.0,4.4,354510.0,25424.65
24-Feb-2026,02-Mar-2026,CE,26600.0,3.9,2315300.0,25424.65
24-Feb-2026,02-Mar-2026,CE,26650.0,3.6,369980.0,25424.65
24-Feb-2026,02-Mar-2026,CE,26700.0,3.35,3066960.0,25424.65
24-Feb-2026,02-Mar-2026,CE,26750.0,3.05,310830.0,25424.65
24-Feb-2026,02-Mar-2026,CE,26800.0,2.45,2140320.0,25424.65
24-Feb-2026,02-Mar-2026,CE,26850.0,2.5,399425.0,25424.65
24-Feb-2026,02-Mar-2026,CE,26900.0,2.1,1424085.0,25424.65
24-Feb-2026,02-Mar-2026,CE,26950.0,2.0,395915.0,25424.65
24-Feb-2026,02-Mar-2026,CE,27000.0,2.1,5920980.0,25424.65
24-Feb-2026,02-Mar-2026,CE,27050.0,1.7,270920.0,25424.65
24-Feb-2026,02-Mar-2026,CE,27100.0,1.7,836160.0,25424.65
24-Feb-2026,02-Mar-2026,CE,27150.0,1.6,227955.0,25424.65
24-Feb-2026,02-Mar-2026,CE,27200.0,1.5,2030470.0,25424.65
24-Feb-2026,02-Mar-2026,CE,27250.0,1.5,228345.0,25424.65
24-Feb-2026,02-Mar-2026,CE,27300.0,1.4,2066155.0,25424.65
24-Feb-2026,02-Mar-2026,CE,27350.0,1.7,68315.0,25424.65
24-Feb-2026,02-Mar-2026,CE,27400.0,1.6,595725.0,25424.65
24-Feb-2026,02-Mar-2026,CE,27450.0,1.55,43680.0,25424.65
24-Feb-2026,02-Mar-2026,CE,27500.0,1.4,2165800.0,25424.65
24-Feb-2026,02-Mar-2026,CE,27550.0,1.4,50830.0,25424.65
24-Feb-2026,02-Mar-2026,CE,27600.0,1.45,539435.0,25424.65
24-Feb-2026,02-Mar-2026,CE,27650.0,1.35,112385.0,25424.65
24-Feb-2026,02-Mar-2026,CE,27700.0,1.4,823810.0,25424.65
24-Feb-2026,02-Mar-2026,PE,23100.0,2.8,3388840.0,25424.65
24-Feb-2026,02-Mar-2026,PE,23150.0,2.8,69485.0,25424.65
24-Feb-2026,02-Mar-2026,PE,23200.0,2.85,845325.0,25424.65
24-Feb-2026,02-Mar-2026,PE,23250.0,3.15,171925.0,25424.65
24-Feb-2026,02-Mar-2026,PE,23300.0,3.2,324610.0,25424.65
24-Feb-2026,02-Mar-2026,PE,23350.0,3.45,27235.0,25424.65
24-Feb-2026,02-Mar-2026,PE,23400.0,3.45,230165.0,25424.65
24-Feb-2026,02-Mar-2026,PE,23450.0,3.7,41080.0,25424.65
24-Feb-2026,02-Mar-2026,PE,23500.0,3.95,1439750.0,25424.65
24-Feb-2026,02-Mar-2026,PE,23550.0,4.5,20280.0,25424.65
24-Feb-2026,02-Mar-2026,PE,23600.0,4.35,309075.0,25424.65
24-Feb-2026,02-Mar-2026,PE,23650.0,4.0,50700.0,25424.65
24-Feb-2026,02-Mar-2026,PE,23700.0,4.6,343850.0,25424.65
24-Feb-2026,02-Mar-2026,PE,23750.0,5.3,66235.0,25424.65
24-Feb-2026,02-Mar-2026,PE,23800.0,5.25,941655.0,25424.65
24-Feb-2026,02-Mar-2026,PE,23850.0,6.1,28860.0,25424.65
24-Feb-2026,02-Mar-2026,PE,23900.0,5.9,436995.0,25424.65
24-Feb-2026,02-Mar-2026,PE,23950.0,6.3,56030.0,25424.65
24-Feb-2026,02-Mar-2026,PE,24000.0,6.75,2938650.0,25424.65
24-Feb-2026,02-Mar-2026,PE,24050.0,7.05,80860.0,25424.65
24-Feb-2026,02-Mar-2026,PE,24100.0,7.6,371085.0,25424.65
24-Feb-2026,02-Mar-2026,PE,24150.0,8.2,71890.0,25424.65
24-Feb-2026,02-Mar-2026,PE,24200.0,8.65,898690.0,25424.65
24-Feb-2026,02-Mar-2026,PE,24250.0,9.4,141635.0,25424.65
24-Feb-2026,02-Mar-2026,PE,24300.0,10.15,1021410.0,25424.65
24-Feb-2026,02-Mar-2026,PE,24350.0,10.9,221390.0,25424.65
24-Feb-2026,02-Mar-2026,PE,24400.0,11.8,649545.0,25424.65
24-Feb-2026,02-Mar-2026,PE,24450.0,12.85,349570.0,25424.65
24-Feb-2026,02-Mar-2026,PE,24500.0,14.2,2879500.0,25424.65
24-Feb-2026,02-Mar-2026,PE,24550.0,16.05,270205.0,25424.65
24-Feb-2026,02-Mar-2026,PE,24600.0,17.3,846755.0,25424.65
24-Feb-2026,02-Mar-2026,PE,24650.0,19.5,220740.0,25424.65
24-Feb-2026,02-Mar-2026,PE,24700.0,21.5,996125.0,25424.65
24-Feb-2026,02-Mar-2026,PE,24750.0,24.7,292500.0,25424.65
24-Feb-2026,02-Mar-2026,PE,24800.0,27.25,1515735.0,25424.65
24-Feb-2026,02-Mar-2026,PE,24850.0,31.4,276120.0,25424.65
24-Feb-2026,02-Mar-2026,PE,24900.0,35.55,1156805.0,25424.65
24-Feb-2026,02-Mar-2026,PE,24950.0,40.95,344370.0,25424.65
24-Feb-2026,02-Mar-2026,PE,25000.0,47.0,4307160.0,25424.65
24-Feb-2026,02-Mar-2026,PE,25050.0,53.5,406510.0,25424.65
24-Feb-2026,02-Mar-2026,PE,25100.0,61.15,1473095.0,25424.65
24-Feb-2026,02-Mar-2026,PE,25150.0,71.5,540930.0,25424.65
24-Feb-2026,02-Mar-2026,PE,25200.0,81.45,1765400.0,25424.65
24-Feb-2026,02-Mar-2026,PE,25250.0,94.7,610935.0,25424.65
24-Feb-2026,02-Mar-2026,PE,25300.0,108.05,1947595.0,25424.65
24-Feb-2026,02-Mar-2026,PE,25350.0,124.75,741390.0,25424.65
24-Feb-2026,02-Mar-2026,PE,25400.0,143.0,3047915.0,25424.65
24-Feb-2026,02-Mar-2026,PE,25450.0,163.45,862290.0,25424.65
24-Feb-2026,02-Mar-2026,PE,25500.0,186.0,4036370.0,25424.65
24-Feb-2026,02-Mar-2026,PE,25550.0,211.35,476385.0,25424.65
24-Feb-2026,02-Mar-2026,PE,25600.0,241.05,1435655.0,25424.65
24-Feb-2026,02-Mar-2026,PE,25650.0,267.25,363285.0,25424.65
24-Feb-2026,02-Mar-2026,PE,25700.0,301.35,1067300.0,25424.65
24-Feb-2026,02-Mar-2026,PE,25750.0,338.9,341835.0,25424.65
24-Feb-2026,02-Mar-2026,PE,25800.0,372.1,686660.0,25424.65
24-Feb-2026,02-Mar-2026,PE,25850.0,411.5,108030.0,25424.65
24-Feb-2026,02-Mar-2026,PE,25900.0,457.8,443040.0,25424.65
24-Feb-2026,02-Mar-2026,PE,25950.0,497.4,45045.0,25424.65
24-Feb-2026,02-Mar-2026,PE,26000.0,544.95,938340.0,25424.65
24-Feb-2026,02-Mar-2026,PE,26050.0,588.2,33475.0,25424.65
24-Feb-2026,02-Mar-2026,PE,26100.0,635.0,361530.0,25424.65
24-Feb-2026,02-Mar-2026,PE,26150.0,680.0,17875.0,25424.65
24-Feb-2026,02-Mar-2026,PE,26200.0,726.6,126425.0,25424.65
24-Feb-2026,02-Mar-2026,PE,26250.0,780.65,7605.0,25424.65
24-Feb-2026,02-Mar-2026,PE,26300.0,821.4,87555.0,25424.65
24-Feb-2026,02-Mar-2026,PE,26350.0,921.45,3510.0,25424.65
24-Feb-2026,02-Mar-2026,PE,26400.0,922.9,42900.0,25424.65
24-Feb-2026,02-Mar-2026,PE,26450.0,967.0,975.0,25424.65
24-Feb-2026,02-Mar-2026,PE,26500.0,1017.9,248235.0,25424.65
24-Feb-2026,02-Mar-2026,PE,26550.0,1057.4,455.0,25424.65
24-Feb-2026,02-Mar-2026,PE,26600.0,1123.15,38870.0,25424.65
24-Feb-2026,02-Mar-2026,PE,26650.0,1190.5,130.0,25424.65
24-Feb-2026,02-Mar-2026,PE,26700.0,1215.35,21840.0,25424.65
24-Feb-2026,02-Mar-2026,PE,26750.0,1279.85,325.0,25424.65
24-Feb-2026,02-Mar-2026,PE,26800.0,1320.0,4225.0,25424.65
24-Feb-2026,02-Mar-2026,PE,26850.0,1382.55,130.0,25424.65
24-Feb-2026,02-Mar-2026,PE,26900.0,1482.95,11180.0,25424.65
24-Feb-2026,02-Mar-2026,PE,26950.0,1485.0,455.0,25424.65
24-Feb-2026,02-Mar-2026,PE,27000.0,1512.3,110500.0,25424.65
24-Feb-2026,02-Mar-2026,PE,27050.0,1586.4,130.0,25424.65
24-Feb-2026,02-Mar-2026,PE,27100.0,1631.8,260.0,25424.65
24-Feb-2026,02-Mar-2026,PE,27150.0,1705.75,130.0,25424.65
24-Feb-2026,02-Mar-2026,PE,27200.0,1759.95,195.0,25424.65
24-Feb-2026,02-Mar-2026,PE,27250.0,1785.35,65.0,25424.65
24-Feb-2026,02-Mar-2026,PE,27300.0,1869.2,130.0,25424.65
24-Feb-2026,02-Mar-2026,PE,27350.0,1913.95,7605.0,25424.65
24-Feb-2026,02-Mar-2026,PE,27400.0,1937.3,65.0,25424.65
24-Feb-2026,02-Mar-2026,PE,27450.0,1980.15,130.0,25424.65
24-Feb-2026,02-Mar-2026,PE,27500.0,2004.25,24375.0,25424.65
24-Feb-2026,02-Mar-2026,PE,27550.0,2079.9,130.0,25424.65
24-Feb-2026,02-Mar-2026,PE,27600.0,2136.35,195.0,25424.65
24-Feb-2026,02-Mar-2026,PE,27650.0,2160.0,260.0,25424.65
24-Feb-2026,02-Mar-2026,PE,27700.0,2233.55,260.0,25424.65
24-Feb-2026,10-Mar-2026,CE,23700.0,1776.6,65.0,25424.65
24-Feb-2026,10-Mar-2026,CE,23750.0,1732.8,65.0,25424.65
24-Feb-2026,10-Mar-2026,CE,23800.0,1668.05,65.0,25424.65
24-Feb-2026,10-Mar-2026,CE,23850.0,1635.05,65.0,25424.65
24-Feb-2026,10-Mar-2026,CE,23900.0,1376.7,130.0,25424.65
24-Feb-2026,10-Mar-2026,CE,23950.0,1537.65,65.0,25424.65
24-Feb-2026,10-Mar-2026,CE,24000.0,1523.9,390.0,25424.65
24-Feb-2026,10-Mar-2026,CE,24050.0,1441.0,65.0,25424.65
24-Feb-2026,10-Mar-2026,CE,24100.0,1381.25,65.0,25424.65
24-Feb-2026,10-Mar-2026,CE,24150.0,1348.85,65.0,25424.65
24-Feb-2026,10-Mar-2026,CE,24200.0,1289.65,65.0,25424.65
24-Feb-2026,10-Mar-2026,CE,24250.0,1245.75,65.0,25424.65
24-Feb-2026,10-Mar-2026,CE,24300.0,1295.0,65.0,25424.65
24-Feb-2026,10-Mar-2026,CE,24350.0,1183.7,130.0,25424.65
24-Feb-2026,10-Mar-2026,CE,24400.0,1098.35,65.0,25424.65
24-Feb-2026,10-Mar-2026,CE,24450.0,1049.95,65.0,25424.65
24-Feb-2026,10-Mar-2026,CE,24500.0,1052.3,1690.0,25424.65
24-Feb-2026,10-Mar-2026,CE,24550.0,967.25,130.0,25424.65
24-Feb-2026,10-Mar-2026,CE,24600.0,948.45,195.0,25424.65
24-Feb-2026,10-Mar-2026,CE,24650.0,875.5,65.0,25424.65
24-Feb-2026,10-Mar-2026,CE,24700.0,841.95,390.0,25424.65
24-Feb-2026,10-Mar-2026,CE,24750.0,811.55,130.0,25424.65
24-Feb-2026,10-Mar-2026,CE,24800.0,779.55,4160.0,25424.65
24-Feb-2026,10-Mar-2026,CE,24850.0,731.65,260.0,25424.65
24-Feb-2026,10-Mar-2026,CE,24900.0,701.65,2925.0,25424.65
24-Feb-2026,10-Mar-2026,CE,24950.0,643.1,1040.0,25424.65
24-Feb-2026,10-Mar-2026,CE,25000.0,611.8,48360.0,25424.65
24-Feb-2026,10-Mar-2026,CE,25050.0,598.85,2730.0,25424.65
24-Feb-2026,10-Mar-2026,CE,25100.0,537.2,36010.0,25424.65
24-Feb-2026,10-Mar-2026,CE,25150.0,492.0,2405.0,25424.65
24-Feb-2026,10-Mar-2026,CE,25200.0,460.45,40495.0,25424.65
24-Feb-2026,10-Mar-2026,CE,25250.0,423.25,7930.0,25424.65
24-Feb-2026,10-Mar-2026,CE,25300.0,390.0,130845.0,25424.65
24-Feb-2026,10-Mar-2026,CE,25350.0,360.35,24180.0,25424.65
24-Feb-2026,10-Mar-2026,CE,25400.0,322.95,234520.0,25424.65
24-Feb-2026,10-Mar-2026,CE,25450.0,298.0,81770.0,25424.65
24-Feb-2026,10-Mar-2026,CE,25500.0,265.7,652340.0,25424.65
24-Feb-2026,10-Mar-2026,CE,25550.0,239.7,159120.0,25424.65
24-Feb-2026,10-Mar-2026,CE,25600.0,214.1,545805.0,25424.65
24-Feb-2026,10-Mar-2026,CE,25650.0,194.0,123175.0,25424.65
24-Feb-2026,10-Mar-2026,CE,25700.0,171.5,465270.0,25424.65
24-Feb-2026,10-Mar-2026,CE,25750.0,150.25,92495.0,25424.65
24-Feb-2026,10-Mar-2026,CE,25800.0,134.0,412620.0,25424.65
24-Feb-2026,10-Mar-2026,CE,25850.0,118.0,72410.0,25424.65
24-Feb-2026,10-Mar-2026,CE,25900.0,103.65,285025.0,25424.65
24-Feb-2026,10-Mar-2026,CE,25950.0,90.05,64090.0,25424.65
24-Feb-2026,10-Mar-2026,CE,26000.0,80.0,1152385.0,25424.65
24-Feb-2026,10-Mar-2026,CE,26050.0,67.8,132080.0,25424.65
24-Feb-2026,10-Mar-2026,CE,26100.0,57.95,266305.0,25424.65
24-Feb-2026,10-Mar-2026,CE,26150.0,49.85,61165.0,25424.65
24-Feb-2026,10-Mar-2026,CE,26200.0,42.4,273845.0,25424.65
24-Feb-2026,10-Mar-2026,CE,26250.0,36.0,56095.0,25424.65
24-Feb-2026,10-Mar-2026,CE,26300.0,30.0,329550.0,25424.65
24-Feb-2026,10-Mar-2026,CE,26350.0,25.6,89505.0,25424.65
24-Feb-2026,10-Mar-2026,CE,26400.0,21.3,231725.0,25424.65
24-Feb-2026,10-Mar-2026,CE,26450.0,18.15,37830.0,25424.65
24-Feb-2026,10-Mar-2026,CE,26500.0,16.0,379665.0,25424.65
24-Feb-2026,10-Mar-2026,CE,26550.0,13.8,23205.0,25424.65
24-Feb-2026,10-Mar-2026,CE,26600.0,12.2,142610.0,25424.65
24-Feb-2026,10-Mar-2026,CE,26650.0,10.65,36205.0,25424.65
24-Feb-2026,10-Mar-2026,CE,26700.0,8.85,175305.0,25424.65
24-Feb-2026,10-Mar-2026,CE,26750.0,8.35,15925.0,25424.65
24-Feb-2026,10-Mar-2026,CE,26800.0,7.9,101335.0,25424.65
24-Feb-2026,10-Mar-2026,CE,26850.0,7.4,18070.0,25424.65
24-Feb-2026,10-Mar-2026,CE,26900.0,6.65,42380.0,25424.65
24-Feb-2026,10-Mar-2026,CE,26950.0,6.25,31330.0,25424.65
24-Feb-2026,10-Mar-2026,CE,27000.0,5.1,301990.0,25424.65
24-Feb-2026,10-Mar-2026,CE,27050.0,5.6,6825.0,25424.65
24-Feb-2026,10-Mar-2026,CE,27100.0,3.85,17095.0,25424.65
24-Feb-2026,10-Mar-2026,CE,27150.0,4.2,4810.0,25424.65
24-Feb-2026,10-Mar-2026,CE,27200.0,3.9,62725.0,25424.65
24-Feb-2026,10-Mar-2026,CE,27250.0,3.45,3640.0,25424.65
24-Feb-2026,10-Mar-2026,CE,27300.0,3.5,28405.0,25424.65
24-Feb-2026,10-Mar-2026,CE,27350.0,4.3,2080.0,25424.65
24-Feb-2026,10-Mar-2026,CE,27400.0,3.2,12935.0,25424.65
24-Feb-2026,10-Mar-2026,CE,27450.0,3.45,3835.0,25424.65
24-Feb-2026,10-Mar-2026,CE,27500.0,3.0,219570.0,25424.65
24-Feb-2026,10-Mar-2026,CE,27550.0,3.35,455.0,25424.65
24-Feb-2026,10-Mar-2026,CE,27600.0,3.0,24115.0,25424.65
24-Feb-2026,10-Mar-2026,CE,27650.0,2.5,1040.0,25424.65
24-Feb-2026,10-Mar-2026,CE,27700.0,2.8,29575.0,25424.65
24-Feb-2026,10-Mar-2026,PE,23700.0,13.6,206895.0,25424.65
24-Feb-2026,10-Mar-2026,PE,23750.0,14.5,12935.0,25424.65
24-Feb-2026,10-Mar-2026,PE,23800.0,14.6,118040.0,25424.65
24-Feb-2026,10-Mar-2026,PE,23850.0,15.3,17030.0,25424.65
24-Feb-2026,10-Mar-2026,PE,23900.0,16.45,70005.0,25424.65
24-Feb-2026,10-Mar-2026,PE,23950.0,19.95,16640.0,25424.65
24-Feb-2026,10-Mar-2026,PE,24000.0,19.2,376220.0,25424.65
24-Feb-2026,10-Mar-2026,PE,24050.0,20.55,7215.0,25424.65
24-Feb-2026,10-Mar-2026,PE,24100.0,22.6,39715.0,25424.65
24-Feb-2026,10-Mar-2026,PE,24150.0,23.45,18720.0,25424.65
24-Feb-2026,10-Mar-2026,PE,24200.0,25.8,93730.0,25424.65
24-Feb-2026,10-Mar-2026,PE,24250.0,27.35,10660.0,25424.65
24-Feb-2026,10-Mar-2026,PE,24300.0,29.7,90285.0,25424.65
24-Feb-2026,10-Mar-2026,PE,24350.0,33.65,21775.0,25424.65
24-Feb-2026,10-Mar-2026,PE,24400.0,34.55,133185.0,25424.65
24-Feb-2026,10-Mar-2026,PE,24450.0,38.9,21450.0,25424.65
24-Feb-2026,10-Mar-2026,PE,24500.0,41.35,440050.0,25424.65
24-Feb-2026,10-Mar-2026,PE,24550.0,44.55,12935.0,25424.65
24-Feb-2026,10-Mar-2026,PE,24600.0,48.6,145080.0,25424.65
24-Feb-2026,10-Mar-2026,PE,24650.0,53.65,22815.0,25424.65
24-Feb-2026,10-Mar-2026,PE,24700.0,57.8,178620.0,25424.65
24-Feb-2026,10-Mar-2026,PE,24750.0,63.2,31135.0,25424.65
24-Feb-2026,10-Mar-2026,PE,24800.0,68.05,285415.0,25424.65
24-Feb-2026,10-Mar-2026,PE,24850.0,77.1,17615.0,25424.65
24-Feb-2026,10-Mar-2026,PE,24900.0,84.8,110890.0,25424.65
24-Feb-2026,10-Mar-2026,PE,24950.0,92.9,77090.0,25424.65
24-Feb-2026,10-Mar-2026,PE,25000.0,99.0,538655.0,25424.65
24-Feb-2026,10-Mar-2026,PE,25050.0,110.0,31330.0,25424.65
24-Feb-2026,10-Mar-2026,PE,25100.0,121.2,167375.0,25424.65
24-Feb-2026,10-Mar-2026,PE,25150.0,133.2,34125.0,25424.65
24-Feb-2026,10-Mar-2026,PE,25200.0,144.15,209560.0,25424.65
24-Feb-2026,10-Mar-2026,PE,25250.0,159.05,40690.0,25424.65
24-Feb-2026,10-Mar-2026,PE,25300.0,174.95,176345.0,25424.65
24-Feb-2026,10-Mar-2026,PE,25350.0,190.6,68055.0,25424.65
24-Feb-2026,10-Mar-2026,PE,25400.0,207.85,329485.0,25424.65
24-Feb-2026,10-Mar-2026,PE,25450.0,225.0,90415.0,25424.65
24-Feb-2026,10-Mar-2026,PE,25500.0,252.9,593385.0,25424.65
24-Feb-2026,10-Mar-2026,PE,25550.0,274.5,131560.0,25424.65
24-Feb-2026,10-Mar-2026,PE,25600.0,295.0,378495.0,25424.65
24-Feb-2026,10-Mar-2026,PE,25650.0,323.5,45045.0,25424.65
24-Feb-2026,10-Mar-2026,PE,25700.0,358.95,160745.0,25424.65
24-Feb-2026,10-Mar-2026,PE,25750.0,381.85,40365.0,25424.65
24-Feb-2026,10-Mar-2026,PE,25800.0,418.8,207415.0,25424.65
24-Feb-2026,10-Mar-2026,PE,25850.0,446.3,15015.0,25424.65
24-Feb-2026,10-Mar-2026,PE,25900.0,482.4,64155.0,25424.65
24-Feb-2026,10-Mar-2026,PE,25950.0,512.85,8385.0,25424.65
24-Feb-2026,10-Mar-2026,PE,26000.0,556.1,136825.0,25424.65
24-Feb-2026,10-Mar-2026,PE,26050.0,616.55,3705.0,25424.65
24-Feb-2026,10-Mar-2026,PE,26100.0,636.5,33475.0,25424.65
24-Feb-2026,10-Mar-2026,PE,26150.0,680.0,5720.0,25424.65
24-Feb-2026,10-Mar-2026,PE,26200.0,718.0,36010.0,25424.65
24-Feb-2026,10-Mar-2026,PE,26250.0,795.8,1040.0,25424.65
24-Feb-2026,10-Mar-2026,PE,26300.0,830.7,4615.0,25424.65
24-Feb-2026,10-Mar-2026,PE,26350.0,914.0,585.0,25424.65
24-Feb-2026,10-Mar-2026,PE,26400.0,930.0,4095.0,25424.65
24-Feb-2026,10-Mar-2026,PE,26450.0,968.25,130.0,25424.65
24-Feb-2026,10-Mar-2026,PE,26500.0,992.85,20865.0,25424.65
24-Feb-2026,10-Mar-2026,PE,26550.0,1042.65,195.0,25424.65
24-Feb-2026,10-Mar-2026,PE,26600.0,1100.0,975.0,25424.65
24-Feb-2026,10-Mar-2026,PE,26650.0,1169.0,130.0,25424.65
24-Feb-2026,10-Mar-2026,PE,26700.0,1207.1,585.0,25424.65
24-Feb-2026,10-Mar-2026,PE,26750.0,1256.05,65.0,25424.65
24-Feb-2026,10-Mar-2026,PE,26800.0,1310.0,260.0,25424.65
24-Feb-2026,10-Mar-2026,PE,26850.0,1353.3,65.0,25424.65
24-Feb-2026,10-Mar-2026,PE,26900.0,1402.4,65.0,25424.65
24-Feb-2026,10-Mar-2026,PE,26950.0,1434.1,65.0,25424.65
24-Feb-2026,10-Mar-2026,PE,27000.0,1503.15,1820.0,25424.65
24-Feb-2026,10-Mar-2026,PE,27050.0,1564.7,195.0,25424.65
24-Feb-2026,10-Mar-2026,PE,27100.0,1612.25,130.0,25424.65
24-Feb-2026,10-Mar-2026,PE,27150.0,1662.05,130.0,25424.65
24-Feb-2026,10-Mar-2026,PE,27200.0,1691.7,130.0,25424.65
24-Feb-2026,10-Mar-2026,PE,27250.0,1761.3,195.0,25424.65
24-Feb-2026,10-Mar-2026,PE,27300.0,1814.4,195.0,25424.65
24-Feb-2026,10-Mar-2026,PE,27350.0,1863.0,195.0,25424.65
24-Feb-2026,10-Mar-2026,PE,27400.0,1914.6,130.0,25424.65
24-Feb-2026,10-Mar-2026,PE,27450.0,1957.75,195.0,25424.65
24-Feb-2026,10-Mar-2026,PE,27500.0,1966.4,1430.0,25424.65
24-Feb-2026,10-Mar-2026,PE,27550.0,2045.05,65.0,25424.65
24-Feb-2026,10-Mar-2026,PE,27600.0,2091.75,130.0,25424.65
24-Feb-2026,10-Mar-2026,PE,27650.0,2138.8,130.0,25424.65
24-Feb-2026,10-Mar-2026,PE,27700.0,2195.6,65.0,25424.65
25-Feb-2026,02-Mar-2026,CE,23100.0,2361.8,195.0,25482.5
25-Feb-2026,02-Mar-2026,CE,23150.0,2311.75,65.0,25482.5
25-Feb-2026,02-Mar-2026,CE,23200.0,2271.7,130.0,25482.5
25-Feb-2026,02-Mar-2026,CE,23250.0,2221.0,195.0,25482.5
25-Feb-2026,02-Mar-2026,CE,23300.0,2127.3,390.0,25482.5
25-Feb-2026,02-Mar-2026,CE,23350.0,2116.6,195.0,25482.5
25-Feb-2026,02-Mar-2026,CE,23400.0,2024.7,585.0,25482.5
25-Feb-2026,02-Mar-2026,CE,23450.0,2022.05,195.0,25482.5
25-Feb-2026,02-Mar-2026,CE,23500.0,2010.0,6045.0,25482.5
25-Feb-2026,02-Mar-2026,CE,23550.0,1897.25,130.0,25482.5
25-Feb-2026,02-Mar-2026,CE,23600.0,1855.95,845.0,25482.5
25-Feb-2026,02-Mar-2026,CE,23650.0,1796.75,195.0,25482.5
25-Feb-2026,02-Mar-2026,CE,23700.0,1790.0,585.0,25482.5
25-Feb-2026,02-Mar-2026,CE,23750.0,1681.2,130.0,25482.5
25-Feb-2026,02-Mar-2026,CE,23800.0,1840.0,975.0,25482.5
25-Feb-2026,02-Mar-2026,CE,23850.0,1582.9,130.0,25482.5
25-Feb-2026,02-Mar-2026,CE,23900.0,1531.85,650.0,25482.5
25-Feb-2026,02-Mar-2026,CE,23950.0,1483.35,195.0,25482.5
25-Feb-2026,02-Mar-2026,CE,24000.0,1509.95,41015.0,25482.5
25-Feb-2026,02-Mar-2026,CE,24050.0,1415.8,260.0,25482.5
25-Feb-2026,02-Mar-2026,CE,24100.0,1586.8,1950.0,25482.5
25-Feb-2026,02-Mar-2026,CE,24150.0,1286.45,130.0,25482.5
25-Feb-2026,02-Mar-2026,CE,24200.0,1310.45,1820.0,25482.5
25-Feb-2026,02-Mar-2026,CE,24250.0,1260.0,195.0,25482.5
25-Feb-2026,02-Mar-2026,CE,24300.0,1210.0,4420.0,25482.5
25-Feb-2026,02-Mar-2026,CE,24350.0,1162.15,195.0,25482.5
25-Feb-2026,02-Mar-2026,CE,24400.0,1114.1,2145.0,25482.5
25-Feb-2026,02-Mar-2026,CE,24450.0,1070.95,780.0,25482.5
25-Feb-2026,02-Mar-2026,CE,24500.0,1019.65,48880.0,25482.5
25-Feb-2026,02-Mar-2026,CE,24550.0,943.65,1235.0,25482.5
25-Feb-2026,02-Mar-2026,CE,24600.0,933.4,4940.0,25482.5
25-Feb-2026,02-Mar-2026,CE,24650.0,869.2,12155.0,25482.5
25-Feb-2026,02-Mar-2026,CE,24700.0,821.25,23530.0,25482.5
25-Feb-2026,02-Mar-2026,CE,24750.0,774.2,15860.0,25482.5
25-Feb-2026,02-Mar-2026,CE,24800.0,729.1,60320.0,25482.5
25-Feb-2026,02-Mar-2026,CE,24850.0,676.2,18265.0,25482.5
25-Feb-2026,02-Mar-2026,CE,24900.0,631.5,72475.0,25482.5
25-Feb-2026,02-Mar-2026,CE,24950.0,587.15,18265.0,25482.5
25-Feb-2026,02-Mar-2026,CE,25000.0,539.95,673985.0,25482.5
25-Feb-2026,02-Mar-2026,CE,25050.0,493.05,28405.0,25482.5
25-Feb-2026,02-Mar-2026,CE,25100.0,449.65,134680.0,25482.5
25-Feb-2026,02-Mar-2026,CE,25150.0,406.15,56030.0,25482.5
25-Feb-2026,02-Mar-2026,CE,25200.0,363.15,260325.0,25482.5
25-Feb-2026,02-Mar-2026,CE,25250.0,323.0,82095.0,25482.5
25-Feb-2026,02-Mar-2026,CE,25300.0,280.85,651820.0,25482.5
25-Feb-2026,02-Mar-2026,CE,25350.0,243.7,284050.0,25482.5
25-Feb-2026,02-Mar-2026,CE,25400.0,209.15,1984905.0,25482.5
25-Feb-2026,02-Mar-2026,CE,25450.0,176.85,1901055.0,25482.5
25-Feb-2026,02-Mar-2026,CE,25500.0,148.7,7344155.0,25482.5
25-Feb-2026,02-Mar-2026,CE,25550.0,123.5,3126695.0,25482.5
25-Feb-2026,02-Mar-2026,CE,25600.0,101.1,8411130.0,25482.5
25-Feb-2026,02-Mar-2026,CE,25650.0,82.35,4703985.0,25482.5
25-Feb-2026,02-Mar-2026,CE,25700.0,66.15,8268715.0,25482.5
25-Feb-2026,02-Mar-2026,CE,25750.0,53.3,3499730.0,25482.5
25-Feb-2026,02-Mar-2026,CE,25800.0,42.45,6230315.0,25482.5
25-Feb-2026,02-Mar-2026,CE,25850.0,34.0,2670005.0,25482.5
25-Feb-2026,02-Mar-2026,CE,25900.0,27.0,4558645.0,25482.5
25-Feb-2026,02-Mar-2026,CE,25950.0,21.85,2001610.0,25482.5
25-Feb-2026,02-Mar-2026,CE,26000.0,17.95,8021650.0,25482.5
25-Feb-2026,02-Mar-2026,CE,26050.0,14.7,1757210.0,25482.5
25-Feb-2026,02-Mar-2026,CE,26100.0,12.05,4578535.0,25482.5
25-Feb-2026,02-Mar-2026,CE,26150.0,10.15,2186535.0,25482.5
25-Feb-2026,02-Mar-2026,CE,26200.0,8.45,4564755.0,25482.5
25-Feb-2026,02-Mar-2026,CE,26250.0,7.5,1649310.0,25482.5
25-Feb-2026,02-Mar-2026,CE,26300.0,6.45,4005365.0,25482.5
25-Feb-2026,02-Mar-2026,CE,26350.0,5.55,1326260.0,25482.5
25-Feb-2026,02-Mar-2026,CE,26400.0,4.9,3823950.0,25482.5
25-Feb-2026,02-Mar-2026,CE,26450.0,4.4,951860.0,25482.5
25-Feb-2026,02-Mar-2026,CE,26500.0,3.8,6605885.0,25482.5
25-Feb-2026,02-Mar-2026,CE,26550.0,3.55,1299480.0,25482.5
25-Feb-2026,02-Mar-2026,CE,26600.0,2.95,3711240.0,25482.5
25-Feb-2026,02-Mar-2026,CE,26650.0,2.75,727740.0,25482.5
25-Feb-2026,02-Mar-2026,CE,26700.0,2.4,3485300.0,25482.5
25-Feb-2026,02-Mar-2026,CE,26750.0,2.25,859105.0,25482.5
25-Feb-2026,02-Mar-2026,CE,26800.0,1.95,3399695.0,25482.5
25-Feb-2026,02-Mar-2026,CE,26850.0,1.9,953225.0,25482.5
25-Feb-2026,02-Mar-2026,CE,26900.0,1.75,2153450.0,25482.5
25-Feb-2026,02-Mar-2026,CE,26950.0,1.65,734435.0,25482.5
25-Feb-2026,02-Mar-2026,CE,27000.0,1.75,7620015.0,25482.5
25-Feb-2026,02-Mar-2026,CE,27050.0,1.55,307840.0,25482.5
25-Feb-2026,02-Mar-2026,CE,27100.0,1.5,1186120.0,25482.5
25-Feb-2026,02-Mar-2026,CE,27150.0,1.35,186875.0,25482.5
25-Feb-2026,02-Mar-2026,CE,27200.0,1.35,1790100.0,25482.5
25-Feb-2026,02-Mar-2026,CE,27250.0,1.35,218660.0,25482.5
25-Feb-2026,02-Mar-2026,CE,27300.0,1.25,2079220.0,25482.5
25-Feb-2026,02-Mar-2026,CE,27350.0,1.35,104520.0,25482.5
25-Feb-2026,02-Mar-2026,CE,27400.0,1.35,732810.0,25482.5
25-Feb-2026,02-Mar-2026,CE,27450.0,1.25,73970.0,25482.5
25-Feb-2026,02-Mar-2026,CE,27500.0,1.2,2658435.0,25482.5
25-Feb-2026,02-Mar-2026,CE,27550.0,1.2,94445.0,25482.5
25-Feb-2026,02-Mar-2026,CE,27600.0,1.15,730210.0,25482.5
25-Feb-2026,02-Mar-2026,CE,27650.0,1.15,173030.0,25482.5
25-Feb-2026,02-Mar-2026,CE,27700.0,1.15,1525030.0,25482.5
25-Feb-2026,02-Mar-2026,PE,23100.0,2.3,5989815.0,25482.5
25-Feb-2026,02-Mar-2026,PE,23150.0,2.45,316680.0,25482.5
25-Feb-2026,02-Mar-2026,PE,23200.0,2.4,1452360.0,25482.5
25-Feb-2026,02-Mar-2026,PE,23250.0,2.6,375960.0,25482.5
25-Feb-2026,02-Mar-2026,PE,23300.0,2.65,530855.0,25482.5
25-Feb-2026,02-Mar-2026,PE,23350.0,2.85,171275.0,25482.5
25-Feb-2026,02-Mar-2026,PE,23400.0,2.85,586430.0,25482.5
25-Feb-2026,02-Mar-2026,PE,23450.0,3.0,216320.0,25482.5
25-Feb-2026,02-Mar-2026,PE,23500.0,2.95,2524340.0,25482.5
25-Feb-2026,02-Mar-2026,PE,23550.0,3.2,161265.0,25482.5
25-Feb-2026,02-Mar-2026,PE,23600.0,3.25,694850.0,25482.5
25-Feb-2026,02-Mar-2026,PE,23650.0,3.35,120900.0,25482.5
25-Feb-2026,02-Mar-2026,PE,23700.0,3.55,594685.0,25482.5
25-Feb-2026,02-Mar-2026,PE,23750.0,3.7,235755.0,25482.5
25-Feb-2026,02-Mar-2026,PE,23800.0,3.7,1078415.0,25482.5
25-Feb-2026,02-Mar-2026,PE,23850.0,4.0,170365.0,25482.5
25-Feb-2026,02-Mar-2026,PE,23900.0,4.2,728780.0,25482.5
25-Feb-2026,02-Mar-2026,PE,23950.0,4.4,159380.0,25482.5
25-Feb-2026,02-Mar-2026,PE,24000.0,4.7,4150575.0,25482.5
25-Feb-2026,02-Mar-2026,PE,24050.0,4.8,161590.0,25482.5
25-Feb-2026,02-Mar-2026,PE,24100.0,5.0,968825.0,25482.5
25-Feb-2026,02-Mar-2026,PE,24150.0,5.5,150085.0,25482.5
25-Feb-2026,02-Mar-2026,PE,24200.0,5.8,1485055.0,25482.5
25-Feb-2026,02-Mar-2026,PE,24250.0,6.4,290290.0,25482.5
25-Feb-2026,02-Mar-2026,PE,24300.0,6.95,1785940.0,25482.5
25-Feb-2026,02-Mar-2026,PE,24350.0,7.45,396305.0,25482.5
25-Feb-2026,02-Mar-2026,PE,24400.0,8.2,1824225.0,25482.5
25-Feb-2026,02-Mar-2026,PE,24450.0,8.95,319345.0,25482.5
25-Feb-2026,02-Mar-2026,PE,24500.0,9.55,3844425.0,25482.5
25-Feb-2026,02-Mar-2026,PE,24550.0,10.6,435825.0,25482.5
25-Feb-2026,02-Mar-2026,PE,24600.0,11.45,1406730.0,25482.5
25-Feb-2026,02-Mar-2026,PE,24650.0,12.8,644280.0,25482.5
25-Feb-2026,02-Mar-2026,PE,24700.0,13.95,2297620.0,25482.5
25-Feb-2026,02-Mar-2026,PE,24750.0,15.65,711555.0,25482.5
25-Feb-2026,02-Mar-2026,PE,24800.0,17.25,2518815.0,25482.5
25-Feb-2026,02-Mar-2026,PE,24850.0,19.4,624520.0,25482.5
25-Feb-2026,02-Mar-2026,PE,24900.0,21.9,2340910.0,25482.5
25-Feb-2026,02-Mar-2026,PE,24950.0,24.9,900250.0,25482.5
25-Feb-2026,02-Mar-2026,PE,25000.0,28.75,5711030.0,25482.5
25-Feb-2026,02-Mar-2026,PE,25050.0,32.75,773305.0,25482.5
25-Feb-2026,02-Mar-2026,PE,25100.0,37.8,2234960.0,25482.5
25-Feb-2026,02-Mar-2026,PE,25150.0,43.85,1077440.0,25482.5
25-Feb-2026,02-Mar-2026,PE,25200.0,51.35,3297775.0,25482.5
25-Feb-2026,02-Mar-2026,PE,25250.0,60.3,1666015.0,25482.5
25-Feb-2026,02-Mar-2026,PE,25300.0,71.45,3644745.0,25482.5
25-Feb-2026,02-Mar-2026,PE,25350.0,84.15,1683240.0,25482.5
25-Feb-2026,02-Mar-2026,PE,25400.0,99.6,4885660.0,25482.5
25-Feb-2026,02-Mar-2026,PE,25450.0,118.0,2654470.0,25482.5
25-Feb-2026,02-Mar-2026,PE,25500.0,138.85,6034535.0,25482.5
25-Feb-2026,02-Mar-2026,PE,25550.0,163.85,1139515.0,25482.5
25-Feb-2026,02-Mar-2026,PE,25600.0,190.75,2810340.0,25482.5
25-Feb-2026,02-Mar-2026,PE,25650.0,222.0,785460.0,25482.5
25-Feb-2026,02-Mar-2026,PE,25700.0,255.55,1555190.0,25482.5
25-Feb-2026,02-Mar-2026,PE,25750.0,292.0,378885.0,25482.5
25-Feb-2026,02-Mar-2026,PE,25800.0,332.0,854880.0,25482.5
25-Feb-2026,02-Mar-2026,PE,25850.0,372.15,181935.0,25482.5
25-Feb-2026,02-Mar-2026,PE,25900.0,413.5,383240.0,25482.5
25-Feb-2026,02-Mar-2026,PE,25950.0,460.15,84565.0,25482.5
25-Feb-2026,02-Mar-2026,PE,26000.0,506.65,903760.0,25482.5
25-Feb-2026,02-Mar-2026,PE,26050.0,552.6,58435.0,25482.5
25-Feb-2026,02-Mar-2026,PE,26100.0,602.35,311480.0,25482.5
25-Feb-2026,02-Mar-2026,PE,26150.0,649.0,42900.0,25482.5
25-Feb-2026,02-Mar-2026,PE,26200.0,697.0,118300.0,25482.5
25-Feb-2026,02-Mar-2026,PE,26250.0,749.35,19565.0,25482.5
25-Feb-2026,02-Mar-2026,PE,26300.0,791.7,91195.0,25482.5
25-Feb-2026,02-Mar-2026,PE,26350.0,849.25,6370.0,25482.5
25-Feb-2026,02-Mar-2026,PE,26400.0,891.35,49335.0,25482.5
25-Feb-2026,02-Mar-2026,PE,26450.0,950.6,2015.0,25482.5
25-Feb-2026,02-Mar-2026,PE,26500.0,993.25,252135.0,25482.5
25-Feb-2026,02-Mar-2026,PE,26550.0,1071.75,845.0,25482.5
25-Feb-2026,02-Mar-2026,PE,26600.0,1098.05,38870.0,25482.5
25-Feb-2026,02-Mar-2026,PE,26650.0,1180.0,195.0,25482.5
25-Feb-2026,02-Mar-2026,PE,26700.0,1193.1,22100.0,25482.5
25-Feb-2026,02-Mar-2026,PE,26750.0,1279.85,325.0,25482.5
25-Feb-2026,02-Mar-2026,PE,26800.0,1290.0,5720.0,25482.5
25-Feb-2026,02-Mar-2026,PE,26850.0,1382.55,130.0,25482.5
25-Feb-2026,02-Mar-2026,PE,26900.0,1399.1,10725.0,25482.5
25-Feb-2026,02-Mar-2026,PE,26950.0,1260.0,325.0,25482.5
25-Feb-2026,02-Mar-2026,PE,27000.0,1490.4,112840.0,25482.5
25-Feb-2026,02-Mar-2026,PE,27050.0,1586.4,130.0,25482.5
25-Feb-2026,02-Mar-2026,PE,27100.0,1583.1,390.0,25482.5
25-Feb-2026,02-Mar-2026,PE,27150.0,1705.75,130.0,25482.5
25-Feb-2026,02-Mar-2026,PE,27200.0,1759.95,195.0,25482.5
25-Feb-2026,02-Mar-2026,PE,27250.0,1785.35,65.0,25482.5
25-Feb-2026,02-Mar-2026,PE,27300.0,1793.7,130.0,25482.5
25-Feb-2026,02-Mar-2026,PE,27350.0,1714.25,7605.0,25482.5
25-Feb-2026,02-Mar-2026,PE,27400.0,1937.3,65.0,25482.5
25-Feb-2026,02-Mar-2026,PE,27450.0,1980.15,130.0,25482.5
25-Feb-2026,02-Mar-2026,PE,27500.0,1920.0,25610.0,25482.5
25-Feb-2026,02-Mar-2026,PE,27550.0,1905.6,195.0,25482.5
25-Feb-2026,02-Mar-2026,PE,27600.0,2136.35,195.0,25482.5
25-Feb-2026,02-Mar-2026,PE,27650.0,2160.0,260.0,25482.5
25-Feb-2026,02-Mar-2026,PE,27700.0,2233.55,260.0,25482.5
25-Feb-2026,10-Mar-2026,CE,23650.0,,,25482.5
25-Feb-2026,10-Mar-2026,CE,23700.0,1776.6,65.0,25482.5
25-Feb-2026,10-Mar-2026,CE,23750.0,1732.8,65.0,25482.5
25-Feb-2026,10-Mar-2026,CE,23800.0,1756.55,65.0,25482.5
25-Feb-2026,10-Mar-2026,CE,23850.0,1707.1,65.0,25482.5
25-Feb-2026,10-Mar-2026,CE,23900.0,1376.7,130.0,25482.5
25-Feb-2026,10-Mar-2026,CE,23950.0,1601.1,130.0,25482.5
25-Feb-2026,10-Mar-2026,CE,24000.0,1515.85,390.0,25482.5
25-Feb-2026,10-Mar-2026,CE,24050.0,1441.0,65.0,25482.5
25-Feb-2026,10-Mar-2026,CE,24100.0,1448.8,65.0,25482.5
25-Feb-2026,10-Mar-2026,CE,24150.0,1406.85,130.0,25482.5
25-Feb-2026,10-Mar-2026,CE,24200.0,1357.35,65.0,25482.5
25-Feb-2026,10-Mar-2026,CE,24250.0,1245.75,65.0,25482.5
25-Feb-2026,10-Mar-2026,CE,24300.0,1295.0,65.0,25482.5
25-Feb-2026,10-Mar-2026,CE,24350.0,1183.7,130.0,25482.5
25-Feb-2026,10-Mar-2026,CE,24400.0,1098.35,65.0,25482.5
25-Feb-2026,10-Mar-2026,CE,24450.0,1049.95,65.0,25482.5
25-Feb-2026,10-Mar-2026,CE,24500.0,1068.2,5070.0,25482.5
25-Feb-2026,10-Mar-2026,CE,24550.0,967.25,130.0,25482.5
25-Feb-2026,10-Mar-2026,CE,24600.0,1050.0,195.0,25482.5
25-Feb-2026,10-Mar-2026,CE,24650.0,875.5,65.0,25482.5
25-Feb-2026,10-Mar-2026,CE,24700.0,996.55,390.0,25482.5
25-Feb-2026,10-Mar-2026,CE,24750.0,811.55,130.0,25482.5
25-Feb-2026,10-Mar-2026,CE,24800.0,793.3,4485.0,25482.5
25-Feb-2026,10-Mar-2026,CE,24850.0,747.55,2080.0,25482.5
25-Feb-2026,10-Mar-2026,CE,24900.0,705.8,5460.0,25482.5
25-Feb-2026,10-Mar-2026,CE,24950.0,646.65,2145.0,25482.5
25-Feb-2026,10-Mar-2026,CE,25000.0,618.4,103870.0,25482.5
25-Feb-2026,10-Mar-2026,CE,25050.0,581.0,4615.0,25482.5
25-Feb-2026,10-Mar-2026,CE,25100.0,536.6,65845.0,25482.5
25-Feb-2026,10-Mar-2026,CE,25150.0,520.15,6110.0,25482.5
25-Feb-2026,10-Mar-2026,CE,25200.0,460.0,80210.0,25482.5
25-Feb-2026,10-Mar-2026,CE,25250.0,423.0,11635.0,25482.5
25-Feb-2026,10-Mar-2026,CE,25300.0,385.0,134290.0,25482.5
25-Feb-2026,10-Mar-2026,CE,25350.0,356.4,21970.0,25482.5
25-Feb-2026,10-Mar-2026,CE,25400.0,320.0,183300.0,25482.5
25-Feb-2026,10-Mar-2026,CE,25450.0,286.9,98345.0,25482.5
25-Feb-2026,10-Mar-2026,CE,25500.0,257.65,634140.0,25482.5
25-Feb-2026,10-Mar-2026,CE,25550.0,228.25,139945.0,25482.5
25-Feb-2026,10-Mar-2026,CE,25600.0,205.0,744965.0,25482.5
25-Feb-2026,10-Mar-2026,CE,25650.0,178.0,278850.0,25482.5
25-Feb-2026,10-Mar-2026,CE,25700.0,157.0,541515.0,25482.5
25-Feb-2026,10-Mar-2026,CE,25750.0,138.1,124670.0,25482.5
25-Feb-2026,10-Mar-2026,CE,25800.0,119.85,592930.0,25482.5
25-Feb-2026,10-Mar-2026,CE,25850.0,102.9,144625.0,25482.5
25-Feb-2026,10-Mar-2026,CE,25900.0,89.0,456105.0,25482.5
25-Feb-2026,10-Mar-2026,CE,25950.0,76.45,135200.0,25482.5
25-Feb-2026,10-Mar-2026,CE,26000.0,65.0,1348360.0,25482.5
25-Feb-2026,10-Mar-2026,CE,26050.0,54.45,151580.0,25482.5
25-Feb-2026,10-Mar-2026,CE,26100.0,46.5,703885.0,25482.5
25-Feb-2026,10-Mar-2026,CE,26150.0,38.75,108355.0,25482.5
25-Feb-2026,10-Mar-2026,CE,26200.0,32.1,459290.0,25482.5
25-Feb-2026,10-Mar-2026,CE,26250.0,28.1,131690.0,25482.5
25-Feb-2026,10-Mar-2026,CE,26300.0,23.85,416130.0,25482.5
25-Feb-2026,10-Mar-2026,CE,26350.0,20.8,97435.0,25482.5
25-Feb-2026,10-Mar-2026,CE,26400.0,17.35,328900.0,25482.5
25-Feb-2026,10-Mar-2026,CE,26450.0,14.45,44655.0,25482.5
25-Feb-2026,10-Mar-2026,CE,26500.0,12.7,493415.0,25482.5
25-Feb-2026,10-Mar-2026,CE,26550.0,11.15,56550.0,25482.5
25-Feb-2026,10-Mar-2026,CE,26600.0,10.0,292110.0,25482.5
25-Feb-2026,10-Mar-2026,CE,26650.0,8.85,31850.0,25482.5
25-Feb-2026,10-Mar-2026,CE,26700.0,7.35,192920.0,25482.5
25-Feb-2026,10-Mar-2026,CE,26750.0,6.95,26260.0,25482.5
25-Feb-2026,10-Mar-2026,CE,26800.0,5.95,145990.0,25482.5
25-Feb-2026,10-Mar-2026,CE,26850.0,5.85,19435.0,25482.5
25-Feb-2026,10-Mar-2026,CE,26900.0,5.0,92430.0,25482.5
25-Feb-2026,10-Mar-2026,CE,26950.0,4.5,32110.0,25482.5
25-Feb-2026,10-Mar-2026,CE,27000.0,4.05,512525.0,25482.5
25-Feb-2026,10-Mar-2026,CE,27050.0,4.05,7280.0,25482.5
25-Feb-2026,10-Mar-2026,CE,27100.0,3.3,83005.0,25482.5
25-Feb-2026,10-Mar-2026,CE,27150.0,2.95,5915.0,25482.5
25-Feb-2026,10-Mar-2026,CE,27200.0,3.1,98475.0,25482.5
25-Feb-2026,10-Mar-2026,CE,27250.0,2.85,3900.0,25482.5
25-Feb-2026,10-Mar-2026,CE,27300.0,3.0,53755.0,25482.5
25-Feb-2026,10-Mar-2026,CE,27350.0,2.75,2145.0,25482.5
25-Feb-2026,10-Mar-2026,CE,27400.0,2.75,24050.0,25482.5
25-Feb-2026,10-Mar-2026,CE,27450.0,2.55,3445.0,25482.5
25-Feb-2026,10-Mar-2026,CE,27500.0,2.5,215020.0,25482.5
25-Feb-2026,10-Mar-2026,CE,27550.0,2.45,520.0,25482.5
25-Feb-2026,10-Mar-2026,CE,27600.0,2.3,38805.0,25482.5
25-Feb-2026,10-Mar-2026,CE,27650.0,2.15,4680.0,25482.5
25-Feb-2026,10-Mar-2026,CE,27700.0,2.1,72345.0,25482.5
25-Feb-2026,10-Mar-2026,PE,23650.0,10.8,45630.0,25482.5
25-Feb-2026,10-Mar-2026,PE,23700.0,11.15,472225.0,25482.5
25-Feb-2026,10-Mar-2026,PE,23750.0,11.1,17875.0,25482.5
25-Feb-2026,10-Mar-2026,PE,23800.0,12.0,170755.0,25482.5
25-Feb-2026,10-Mar-2026,PE,23850.0,12.0,18590.0,25482.5
25-Feb-2026,10-Mar-2026,PE,23900.0,13.25,82485.0,25482.5
25-Feb-2026,10-Mar-2026,PE,23950.0,14.0,19370.0,25482.5
25-Feb-2026,10-Mar-2026,PE,24000.0,15.4,481065.0,25482.5
25-Feb-2026,10-Mar-2026,PE,24050.0,15.8,8840.0,25482.5
25-Feb-2026,10-Mar-2026,PE,24100.0,17.4,47710.0,25482.5
25-Feb-2026,10-Mar-2026,PE,24150.0,18.55,28925.0,25482.5
25-Feb-2026,10-Mar-2026,PE,24200.0,19.4,178750.0,25482.5
25-Feb-2026,10-Mar-2026,PE,24250.0,20.7,11960.0,25482.5
25-Feb-2026,10-Mar-2026,PE,24300.0,22.05,117780.0,25482.5
25-Feb-2026,10-Mar-2026,PE,24350.0,24.6,22230.0,25482.5
25-Feb-2026,10-Mar-2026,PE,24400.0,25.95,208195.0,25482.5
25-Feb-2026,10-Mar-2026,PE,24450.0,28.6,69745.0,25482.5
25-Feb-2026,10-Mar-2026,PE,24500.0,30.85,644735.0,25482.5
25-Feb-2026,10-Mar-2026,PE,24550.0,34.1,36465.0,25482.5
25-Feb-2026,10-Mar-2026,PE,24600.0,36.55,283010.0,25482.5
25-Feb-2026,10-Mar-2026,PE,24650.0,41.1,39975.0,25482.5
25-Feb-2026,10-Mar-2026,PE,24700.0,44.05,566995.0,25482.5
25-Feb-2026,10-Mar-2026,PE,24750.0,47.95,60450.0,25482.5
25-Feb-2026,10-Mar-2026,PE,24800.0,53.35,399685.0,25482.5
25-Feb-2026,10-Mar-2026,PE,24850.0,57.85,48555.0,25482.5
25-Feb-2026,10-Mar-2026,PE,24900.0,63.65,222755.0,25482.5
25-Feb-2026,10-Mar-2026,PE,24950.0,69.65,161915.0,25482.5
25-Feb-2026,10-Mar-2026,PE,25000.0,77.5,745875.0,25482.5
25-Feb-2026,10-Mar-2026,PE,25050.0,84.9,57655.0,25482.5
25-Feb-2026,10-Mar-2026,PE,25100.0,95.2,297765.0,25482.5
25-Feb-2026,10-Mar-2026,PE,25150.0,105.0,78585.0,25482.5
25-Feb-2026,10-Mar-2026,PE,25200.0,115.4,440700.0,25482.5
25-Feb-2026,10-Mar-2026,PE,25250.0,129.0,92755.0,25482.5
25-Feb-2026,10-Mar-2026,PE,25300.0,142.85,396760.0,25482.5
25-Feb-2026,10-Mar-2026,PE,25350.0,157.6,89180.0,25482.5
25-Feb-2026,10-Mar-2026,PE,25400.0,173.95,426595.0,25482.5
25-Feb-2026,10-Mar-2026,PE,25450.0,193.0,303420.0,25482.5
25-Feb-2026,10-Mar-2026,PE,25500.0,213.0,651105.0,25482.5
25-Feb-2026,10-Mar-2026,PE,25550.0,235.35,98280.0,25482.5
25-Feb-2026,10-Mar-2026,PE,25600.0,254.45,467870.0,25482.5
25-Feb-2026,10-Mar-2026,PE,25650.0,283.0,241475.0,25482.5
25-Feb-2026,10-Mar-2026,PE,25700.0,308.2,233935.0,25482.5
25-Feb-2026,10-Mar-2026,PE,25750.0,347.75,44720.0,25482.5
25-Feb-2026,10-Mar-2026,PE,25800.0,367.4,170690.0,25482.5
25-Feb-2026,10-Mar-2026,PE,25850.0,404.8,24570.0,25482.5
25-Feb-2026,10-Mar-2026,PE,25900.0,438.3,104195.0,25482.5
25-Feb-2026,10-Mar-2026,PE,25950.0,482.5,9425.0,25482.5
25-Feb-2026,10-Mar-2026,PE,26000.0,518.9,176085.0,25482.5
25-Feb-2026,10-Mar-2026,PE,26050.0,554.7,9165.0,25482.5
25-Feb-2026,10-Mar-2026,PE,26100.0,596.5,72150.0,25482.5
25-Feb-2026,10-Mar-2026,PE,26150.0,645.55,6435.0,25482.5
25-Feb-2026,10-Mar-2026,PE,26200.0,682.05,51480.0,25482.5
25-Feb-2026,10-Mar-2026,PE,26250.0,725.75,1300.0,25482.5
25-Feb-2026,10-Mar-2026,PE,26300.0,778.1,7735.0,25482.5
25-Feb-2026,10-Mar-2026,PE,26350.0,914.0,585.0,25482.5
25-Feb-2026,10-Mar-2026,PE,26400.0,872.0,4420.0,25482.5
25-Feb-2026,10-Mar-2026,PE,26450.0,851.85,325.0,25482.5
25-Feb-2026,10-Mar-2026,PE,26500.0,966.15,22750.0,25482.5
25-Feb-2026,10-Mar-2026,PE,26550.0,943.65,325.0,25482.5
25-Feb-2026,10-Mar-2026,PE,26600.0,881.95,1170.0,25482.5
25-Feb-2026,10-Mar-2026,PE,26650.0,984.25,390.0,25482.5
25-Feb-2026,10-Mar-2026,PE,26700.0,1116.35,715.0,25482.5
25-Feb-2026,10-Mar-2026,PE,26750.0,1207.0,325.0,25482.5
25-Feb-2026,10-Mar-2026,PE,26800.0,1082.75,325.0,25482.5
25-Feb-2026,10-Mar-2026,PE,26850.0,1353.3,65.0,25482.5
25-Feb-2026,10-Mar-2026,PE,26900.0,1351.2,,25482.5
25-Feb-2026,10-Mar-2026,PE,26950.0,1401.1,65.0,25482.5
25-Feb-2026,10-Mar-2026,PE,27000.0,1456.45,2080.0,25482.5
25-Feb-2026,10-Mar-2026,PE,27050.0,1564.7,195.0,25482.5
25-Feb-2026,10-Mar-2026,PE,27100.0,1612.25,130.0,25482.5
25-Feb-2026,10-Mar-2026,PE,27150.0,1662.05,130.0,25482.5
25-Feb-2026,10-Mar-2026,PE,27200.0,1691.7,130.0,25482.5
25-Feb-2026,10-Mar-2026,PE,27250.0,1761.3,195.0,25482.5
25-Feb-2026,10-Mar-2026,PE,27300.0,1814.4,195.0,25482.5
25-Feb-2026,10-Mar-2026,PE,27350.0,1863.0,195.0,25482.5
25-Feb-2026,10-Mar-2026,PE,27400.0,1914.6,130.0,25482.5
25-Feb-2026,10-Mar-2026,PE,27450.0,1957.75,195.0,25482.5
25-Feb-2026,10-Mar-2026,PE,27500.0,1946.6,1495.0,25482.5
25-Feb-2026,10-Mar-2026,PE,27550.0,2045.05,65.0,25482.5
25-Feb-2026,10-Mar-2026,PE,27600.0,2091.75,130.0,25482.5
25-Feb-2026,10-Mar-2026,PE,27650.0,2138.8,130.0,25482.5
25-Feb-2026,10-Mar-2026,PE,27700.0,2195.6,65.0,25482.5
26-Feb-2026,02-Mar-2026,CE,23100.0,2369.9,2990.0,25496.55
26-Feb-2026,02-Mar-2026,CE,23150.0,2311.75,65.0,25496.55
26-Feb-2026,02-Mar-2026,CE,23200.0,2271.7,130.0,25496.55
26-Feb-2026,02-Mar-2026,CE,23250.0,2221.0,195.0,25496.55
26-Feb-2026,02-Mar-2026,CE,23300.0,2127.3,390.0,25496.55
26-Feb-2026,02-Mar-2026,CE,23350.0,2206.55,260.0,25496.55
26-Feb-2026,02-Mar-2026,CE,23400.0,2100.0,715.0,25496.55
26-Feb-2026,02-Mar-2026,CE,23450.0,2022.05,195.0,25496.55
26-Feb-2026,02-Mar-2026,CE,23500.0,1990.0,5785.0,25496.55
26-Feb-2026,02-Mar-2026,CE,23550.0,1897.25,130.0,25496.55
26-Feb-2026,02-Mar-2026,CE,23600.0,1855.95,845.0,25496.55
26-Feb-2026,02-Mar-2026,CE,23650.0,1796.75,195.0,25496.55
26-Feb-2026,02-Mar-2026,CE,23700.0,1748.35,520.0,25496.55
26-Feb-2026,02-Mar-2026,CE,23750.0,1681.2,130.0,25496.55
26-Feb-2026,02-Mar-2026,CE,23800.0,1840.0,975.0,25496.55
26-Feb-2026,02-Mar-2026,CE,23850.0,1582.9,130.0,25496.55
26-Feb-2026,02-Mar-2026,CE,23900.0,1668.0,650.0,25496.55
26-Feb-2026,02-Mar-2026,CE,23950.0,1483.35,195.0,25496.55
26-Feb-2026,02-Mar-2026,CE,24000.0,1512.0,38870.0,25496.55
26-Feb-2026,02-Mar-2026,CE,24050.0,1415.8,260.0,25496.55
26-Feb-2026,02-Mar-2026,CE,24100.0,1586.8,1950.0,25496.55
26-Feb-2026,02-Mar-2026,CE,24150.0,1293.45,195.0,25496.55
26-Feb-2026,02-Mar-2026,CE,24200.0,1259.75,1820.0,25496.55
26-Feb-2026,02-Mar-2026,CE,24250.0,1259.25,195.0,25496.55
26-Feb-2026,02-Mar-2026,CE,24300.0,1243.7,4485.0,25496.55
26-Feb-2026,02-Mar-2026,CE,24350.0,1103.0,260.0,25496.55
26-Feb-2026,02-Mar-2026,CE,24400.0,1118.55,2080.0,25496.55
26-Feb-2026,02-Mar-2026,CE,24450.0,1070.0,780.0,25496.55
26-Feb-2026,02-Mar-2026,CE,24500.0,1022.0,57850.0,25496.55
26-Feb-2026,02-Mar-2026,CE,24550.0,971.4,1300.0,25496.55
26-Feb-2026,02-Mar-2026,CE,24600.0,921.5,6500.0,25496.55
26-Feb-2026,02-Mar-2026,CE,24650.0,874.7,12285.0,25496.55
26-Feb-2026,02-Mar-2026,CE,24700.0,825.35,22815.0,25496.55
26-Feb-2026,02-Mar-2026,CE,24750.0,777.4,14690.0,25496.55
26-Feb-2026,02-Mar-2026,CE,24800.0,727.55,58890.0,25496.55
26-Feb-2026,02-Mar-2026,CE,24850.0,676.4,18070.0,25496.55
26-Feb-2026,02-Mar-2026,CE,24900.0,632.05,64610.0,25496.55
26-Feb-2026,02-Mar-2026,CE,24950.0,579.7,19695.0,25496.55
26-Feb-2026,02-Mar-2026,CE,25000.0,533.35,521820.0,25496.55
26-Feb-2026,02-Mar-2026,CE,25050.0,487.6,31850.0,25496.55
26-Feb-2026,02-Mar-2026,CE,25100.0,437.9,121030.0,25496.55
26-Feb-2026,02-Mar-2026,CE,25150.0,394.45,55705.0,25496.55
26-Feb-2026,02-Mar-2026,CE,25200.0,348.55,278590.0,25496.55
26-Feb-2026,02-Mar-2026,CE,25250.0,304.25,103675.0,25496.55
26-Feb-2026,02-Mar-2026,CE,25300.0,264.5,729040.0,25496.55
26-Feb-2026,02-Mar-2026,CE,25350.0,226.0,320385.0,25496.55
26-Feb-2026,02-Mar-2026,CE,25400.0,188.35,2614885.0,25496.55
26-Feb-2026,02-Mar-2026,CE,25450.0,155.1,2608580.0,25496.55
26-Feb-2026,02-Mar-2026,CE,25500.0,125.8,10272210.0,25496.55
26-Feb-2026,02-Mar-2026,CE,25550.0,100.45,4564365.0,25496.55
26-Feb-2026,02-Mar-2026,CE,25600.0,79.3,9557340.0,25496.55
26-Feb-2026,02-Mar-2026,CE,25650.0,61.5,5116605.0,25496.55
26-Feb-2026,02-Mar-2026,CE,25700.0,47.45,10061545.0,25496.55
26-Feb-2026,02-Mar-2026,CE,25750.0,35.9,4150965.0,25496.55
26-Feb-2026,02-Mar-2026,CE,25800.0,26.9,8171280.0,25496.55
26-Feb-2026,02-Mar-2026,CE,25850.0,20.9,3505515.0,25496.55
26-Feb-2026,02-Mar-2026,CE,25900.0,15.9,6360185.0,25496.55
26-Feb-2026,02-Mar-2026,CE,25950.0,12.5,2671825.0,25496.55
26-Feb-2026,02-Mar-2026,CE,26000.0,10.15,10526750.0,25496.55
26-Feb-2026,02-Mar-2026,CE,26050.0,8.4,2155140.0,25496.55
26-Feb-2026,02-Mar-2026,CE,26100.0,6.8,6224920.0,25496.55
26-Feb-2026,02-Mar-2026,CE,26150.0,5.7,1923610.0,25496.55
26-Feb-2026,02-Mar-2026,CE,26200.0,4.95,5304390.0,25496.55
26-Feb-2026,02-Mar-2026,CE,26250.0,4.3,4051515.0,25496.55
26-Feb-2026,02-Mar-2026,CE,26300.0,3.7,5060965.0,25496.55
26-Feb-2026,02-Mar-2026,CE,26350.0,3.4,1757210.0,25496.55
26-Feb-2026,02-Mar-2026,CE,26400.0,2.9,3644745.0,25496.55
26-Feb-2026,02-Mar-2026,CE,26450.0,2.7,954850.0,25496.55
26-Feb-2026,02-Mar-2026,CE,26500.0,2.3,8043230.0,25496.55
26-Feb-2026,02-Mar-2026,CE,26550.0,2.0,764725.0,25496.55
26-Feb-2026,02-Mar-2026,CE,26600.0,1.7,4168970.0,25496.55
26-Feb-2026,02-Mar-2026,CE,26650.0,1.55,1215435.0,25496.55
26-Feb-2026,02-Mar-2026,CE,26700.0,1.55,4360785.0,25496.55
26-Feb-2026,02-Mar-2026,CE,26750.0,1.35,912275.0,25496.55
26-Feb-2026,02-Mar-2026,CE,26800.0,1.25,3578640.0,25496.55
26-Feb-2026,02-Mar-2026,CE,26850.0,1.25,866645.0,25496.55
26-Feb-2026,02-Mar-2026,CE,26900.0,1.2,2125500.0,25496.55
26-Feb-2026,02-Mar-2026,CE,26950.0,1.1,693745.0,25496.55
26-Feb-2026,02-Mar-2026,CE,27000.0,1.1,6530940.0,25496.55
26-Feb-2026,02-Mar-2026,CE,27050.0,1.1,195585.0,25496.55
26-Feb-2026,02-Mar-2026,CE,27100.0,1.05,926575.0,25496.55
26-Feb-2026,02-Mar-2026,CE,27150.0,1.0,186225.0,25496.55
26-Feb-2026,02-Mar-2026,CE,27200.0,0.9,1755910.0,25496.55
26-Feb-2026,02-Mar-2026,CE,27250.0,0.9,160225.0,25496.55
26-Feb-2026,02-Mar-2026,CE,27300.0,0.9,1776970.0,25496.55
26-Feb-2026,02-Mar-2026,CE,27350.0,0.9,89375.0,25496.55
26-Feb-2026,02-Mar-2026,CE,27400.0,0.9,782340.0,25496.55
26-Feb-2026,02-Mar-2026,CE,27450.0,0.8,73060.0,25496.55
26-Feb-2026,02-Mar-2026,CE,27500.0,0.9,2151435.0,25496.55
26-Feb-2026,02-Mar-2026,CE,27550.0,0.8,161330.0,25496.55
26-Feb-2026,02-Mar-2026,CE,27600.0,0.85,833820.0,25496.55
26-Feb-2026,02-Mar-2026,CE,27650.0,0.75,261950.0,25496.55
26-Feb-2026,02-Mar-2026,CE,27700.0,0.8,1925170.0,25496.55
26-Feb-2026,02-Mar-2026,PE,23100.0,1.25,5698160.0,25496.55
26-Feb-2026,02-Mar-2026,PE,23150.0,1.3,382005.0,25496.55
26-Feb-2026,02-Mar-2026,PE,23200.0,1.35,1079325.0,25496.55
26-Feb-2026,02-Mar-2026,PE,23250.0,1.3,344500.0,25496.55
26-Feb-2026,02-Mar-2026,PE,23300.0,1.35,546585.0,25496.55
26-Feb-2026,02-Mar-2026,PE,23350.0,1.4,268645.0,25496.55
26-Feb-2026,02-Mar-2026,PE,23400.0,1.45,375505.0,25496.55
26-Feb-2026,02-Mar-2026,PE,23450.0,1.45,300755.0,25496.55
26-Feb-2026,02-Mar-2026,PE,23500.0,1.5,3336515.0,25496.55
26-Feb-2026,02-Mar-2026,PE,23550.0,1.5,320060.0,25496.55
26-Feb-2026,02-Mar-2026,PE,23600.0,1.6,849550.0,25496.55
26-Feb-2026,02-Mar-2026,PE,23650.0,1.7,269620.0,25496.55
26-Feb-2026,02-Mar-2026,PE,23700.0,1.75,837460.0,25496.55
26-Feb-2026,02-Mar-2026,PE,23750.0,1.95,293215.0,25496.55
26-Feb-2026,02-Mar-2026,PE,23800.0,1.85,1588665.0,25496.55
26-Feb-2026,02-Mar-2026,PE,23850.0,2.05,254280.0,25496.55
26-Feb-2026,02-Mar-2026,PE,23900.0,2.15,1525745.0,25496.55
26-Feb-2026,02-Mar-2026,PE,23950.0,2.35,385320.0,25496.55
26-Feb-2026,02-Mar-2026,PE,24000.0,2.5,7924540.0,25496.55
26-Feb-2026,02-Mar-2026,PE,24050.0,2.8,235690.0,25496.55
26-Feb-2026,02-Mar-2026,PE,24100.0,2.85,916695.0,25496.55
26-Feb-2026,02-Mar-2026,PE,24150.0,3.2,266565.0,25496.55
26-Feb-2026,02-Mar-2026,PE,24200.0,3.3,1851005.0,25496.55
26-Feb-2026,02-Mar-2026,PE,24250.0,3.8,608335.0,25496.55
26-Feb-2026,02-Mar-2026,PE,24300.0,3.95,2265185.0,25496.55
26-Feb-2026,02-Mar-2026,PE,24350.0,4.6,658515.0,25496.55
26-Feb-2026,02-Mar-2026,PE,24400.0,4.85,2088580.0,25496.55
26-Feb-2026,02-Mar-2026,PE,24450.0,5.55,505180.0,25496.55
26-Feb-2026,02-Mar-2026,PE,24500.0,5.8,4947345.0,25496.55
26-Feb-2026,02-Mar-2026,PE,24550.0,6.5,566280.0,25496.55
26-Feb-2026,02-Mar-2026,PE,24600.0,7.05,2274285.0,25496.55
26-Feb-2026,02-Mar-2026,PE,24650.0,7.75,1026350.0,25496.55
26-Feb-2026,02-Mar-2026,PE,24700.0,8.5,2603055.0,25496.55
26-Feb-2026,02-Mar-2026,PE,24750.0,9.65,1046825.0,25496.55
26-Feb-2026,02-Mar-2026,PE,24800.0,10.4,4392245.0,25496.55
26-Feb-2026,02-Mar-2026,PE,24850.0,12.05,769730.0,25496.55
26-Feb-2026,02-Mar-2026,PE,24900.0,13.6,2417025.0,25496.55
26-Feb-2026,02-Mar-2026,PE,24950.0,15.15,932750.0,25496.55
26-Feb-2026,02-Mar-2026,PE,25000.0,17.45,7289035.0,25496.55
26-Feb-2026,02-Mar-2026,PE,25050.0,20.25,1185470.0,25496.55
26-Feb-2026,02-Mar-2026,PE,25100.0,23.3,2742740.0,25496.55
26-Feb-2026,02-Mar-2026,PE,25150.0,27.5,1262365.0,25496.55
26-Feb-2026,02-Mar-2026,PE,25200.0,32.8,4691375.0,25496.55
26-Feb-2026,02-Mar-2026,PE,25250.0,39.7,1876550.0,25496.55
26-Feb-2026,02-Mar-2026,PE,25300.0,48.6,4530240.0,25496.55
26-Feb-2026,02-Mar-2026,PE,25350.0,59.15,2320825.0,25496.55
26-Feb-2026,02-Mar-2026,PE,25400.0,72.85,6702800.0,25496.55
26-Feb-2026,02-Mar-2026,PE,25450.0,89.75,3565965.0,25496.55
26-Feb-2026,02-Mar-2026,PE,25500.0,109.9,6914180.0,25496.55
26-Feb-2026,02-Mar-2026,PE,25550.0,134.3,1697085.0,25496.55
26-Feb-2026,02-Mar-2026,PE,25600.0,162.8,2199405.0,25496.55
26-Feb-2026,02-Mar-2026,PE,25650.0,193.9,638040.0,25496.55
26-Feb-2026,02-Mar-2026,PE,25700.0,230.45,1243905.0,25496.55
26-Feb-2026,02-Mar-2026,PE,25750.0,268.95,385450.0,25496.55
26-Feb-2026,02-Mar-2026,PE,25800.0,310.9,749645.0,25496.55
26-Feb-2026,02-Mar-2026,PE,25850.0,352.65,140985.0,25496.55
26-Feb-2026,02-Mar-2026,PE,25900.0,397.85,346450.0,25496.55
26-Feb-2026,02-Mar-2026,PE,25950.0,444.3,76440.0,25496.55
26-Feb-2026,02-Mar-2026,PE,26000.0,493.95,880620.0,25496.55
26-Feb-2026,02-Mar-2026,PE,26050.0,539.9,53495.0,25496.55
26-Feb-2026,02-Mar-2026,PE,26100.0,588.05,300365.0,25496.55
26-Feb-2026,02-Mar-2026,PE,26150.0,637.4,38610.0,25496.55
26-Feb-2026,02-Mar-2026,PE,26200.0,686.05,108745.0,25496.55
26-Feb-2026,02-Mar-2026,PE,26250.0,735.85,22100.0,25496.55
26-Feb-2026,02-Mar-2026,PE,26300.0,787.95,86645.0,25496.55
26-Feb-2026,02-Mar-2026,PE,26350.0,834.25,8840.0,25496.55
26-Feb-2026,02-Mar-2026,PE,26400.0,887.4,45240.0,25496.55
26-Feb-2026,02-Mar-2026,PE,26450.0,933.55,2405.0,25496.55
26-Feb-2026,02-Mar-2026,PE,26500.0,983.1,249860.0,25496.55
26-Feb-2026,02-Mar-2026,PE,26550.0,1110.15,715.0,25496.55
26-Feb-2026,02-Mar-2026,PE,26600.0,1092.4,38090.0,25496.55
26-Feb-2026,02-Mar-2026,PE,26650.0,1180.0,195.0,25496.55
26-Feb-2026,02-Mar-2026,PE,26700.0,1182.4,21970.0,25496.55
26-Feb-2026,02-Mar-2026,PE,26750.0,1278.95,390.0,25496.55
26-Feb-2026,02-Mar-2026,PE,26800.0,1359.35,4940.0,25496.55
26-Feb-2026,02-Mar-2026,PE,26850.0,1382.55,130.0,25496.55
26-Feb-2026,02-Mar-2026,PE,26900.0,1399.1,10725.0,25496.55
26-Feb-2026,02-Mar-2026,PE,26950.0,1401.0,390.0,25496.55
26-Feb-2026,02-Mar-2026,PE,27000.0,1485.8,96590.0,25496.55
26-Feb-2026,02-Mar-2026,PE,27050.0,1586.4,130.0,25496.55
26-Feb-2026,02-Mar-2026,PE,27100.0,1583.1,390.0,25496.55
26-Feb-2026,02-Mar-2026,PE,27150.0,1705.75,130.0,25496.55
26-Feb-2026,02-Mar-2026,PE,27200.0,1759.95,195.0,25496.55
26-Feb-2026,02-Mar-2026,PE,27250.0,1785.35,65.0,25496.55
26-Feb-2026,02-Mar-2026,PE,27300.0,1725.75,65.0,25496.55
26-Feb-2026,02-Mar-2026,PE,27350.0,1714.25,7605.0,25496.55
26-Feb-2026,02-Mar-2026,PE,27400.0,1937.3,65.0,25496.55
26-Feb-2026,02-Mar-2026,PE,27450.0,1980.15,130.0,25496.55
26-Feb-2026,02-Mar-2026,PE,27500.0,1981.0,26065.0,25496.55
26-Feb-2026,02-Mar-2026,PE,27550.0,1905.6,195.0,25496.55
26-Feb-2026,02-Mar-2026,PE,27600.0,2136.35,195.0,25496.55
26-Feb-2026,02-Mar-2026,PE,27650.0,2160.0,260.0,25496.55
26-Feb-2026,02-Mar-2026,PE,27700.0,2258.75,260.0,25496.55
26-Feb-2026,10-Mar-2026,CE,23650.0,,,25496.55
26-Feb-2026,10-Mar-2026,CE,23700.0,1776.6,65.0,25496.55
26-Feb-2026,10-Mar-2026,CE,23750.0,1732.8,65.0,25496.55
26-Feb-2026,10-Mar-2026,CE,23800.0,1756.55,65.0,25496.55
26-Feb-2026,10-Mar-2026,CE,23850.0,1692.8,130.0,25496.55
26-Feb-2026,10-Mar-2026,CE,23900.0,1376.7,130.0,25496.55
26-Feb-2026,10-Mar-2026,CE,23950.0,1601.1,130.0,25496.55
26-Feb-2026,10-Mar-2026,CE,24000.0,1550.85,780.0,25496.55
26-Feb-2026,10-Mar-2026,CE,24050.0,1441.0,65.0,25496.55
26-Feb-2026,10-Mar-2026,CE,24100.0,1448.8,65.0,25496.55
26-Feb-2026,10-Mar-2026,CE,24150.0,1406.85,130.0,25496.55
26-Feb-2026,10-Mar-2026,CE,24200.0,1357.35,65.0,25496.55
26-Feb-2026,10-Mar-2026,CE,24250.0,1319.6,130.0,25496.55
26-Feb-2026,10-Mar-2026,CE,24300.0,1295.0,65.0,25496.55
26-Feb-2026,10-Mar-2026,CE,24350.0,1183.7,130.0,25496.55
26-Feb-2026,10-Mar-2026,CE,24400.0,1098.35,65.0,25496.55
26-Feb-2026,10-Mar-2026,CE,24450.0,1049.95,65.0,25496.55
26-Feb-2026,10-Mar-2026,CE,24500.0,1069.0,8125.0,25496.55
26-Feb-2026,10-Mar-2026,CE,24550.0,967.25,130.0,25496.55
26-Feb-2026,10-Mar-2026,CE,24600.0,988.0,260.0,25496.55
26-Feb-2026,10-Mar-2026,CE,24650.0,875.5,65.0,25496.55
26-Feb-2026,10-Mar-2026,CE,24700.0,886.25,520.0,25496.55
26-Feb-2026,10-Mar-2026,CE,24750.0,811.55,130.0,25496.55
26-Feb-2026,10-Mar-2026,CE,24800.0,791.2,7215.0,25496.55
26-Feb-2026,10-Mar-2026,CE,24850.0,735.55,3185.0,25496.55
26-Feb-2026,10-Mar-2026,CE,24900.0,700.0,9945.0,25496.55
26-Feb-2026,10-Mar-2026,CE,24950.0,660.85,2925.0,25496.55
26-Feb-2026,10-Mar-2026,CE,25000.0,611.9,156585.0,25496.55
26-Feb-2026,10-Mar-2026,CE,25050.0,571.0,5915.0,25496.55
26-Feb-2026,10-Mar-2026,CE,25100.0,524.1,83590.0,25496.55
26-Feb-2026,10-Mar-2026,CE,25150.0,481.75,9425.0,25496.55
26-Feb-2026,10-Mar-2026,CE,25200.0,447.2,97175.0,25496.55
26-Feb-2026,10-Mar-2026,CE,25250.0,408.1,34775.0,25496.55
26-Feb-2026,10-Mar-2026,CE,25300.0,371.95,212160.0,25496.55
26-Feb-2026,10-Mar-2026,CE,25350.0,333.05,37115.0,25496.55
26-Feb-2026,10-Mar-2026,CE,25400.0,299.75,323765.0,25496.55
26-Feb-2026,10-Mar-2026,CE,25450.0,271.5,145925.0,25496.55
26-Feb-2026,10-Mar-2026,CE,25500.0,241.0,1182675.0,25496.55
26-Feb-2026,10-Mar-2026,CE,25550.0,213.85,302445.0,25496.55
26-Feb-2026,10-Mar-2026,CE,25600.0,186.8,922090.0,25496.55
26-Feb-2026,10-Mar-2026,CE,25650.0,162.2,305175.0,25496.55
26-Feb-2026,10-Mar-2026,CE,25700.0,141.7,746265.0,25496.55
26-Feb-2026,10-Mar-2026,CE,25750.0,119.0,197145.0,25496.55
26-Feb-2026,10-Mar-2026,CE,25800.0,103.2,751140.0,25496.55
26-Feb-2026,10-Mar-2026,CE,25850.0,89.95,408200.0,25496.55
26-Feb-2026,10-Mar-2026,CE,25900.0,76.0,587665.0,25496.55
26-Feb-2026,10-Mar-2026,CE,25950.0,62.0,184795.0,25496.55
26-Feb-2026,10-Mar-2026,CE,26000.0,51.8,1697540.0,25496.55
26-Feb-2026,10-Mar-2026,CE,26050.0,42.35,227045.0,25496.55
26-Feb-2026,10-Mar-2026,CE,26100.0,35.4,684645.0,25496.55
26-Feb-2026,10-Mar-2026,CE,26150.0,29.2,157300.0,25496.55
26-Feb-2026,10-Mar-2026,CE,26200.0,23.2,1076010.0,25496.55
26-Feb-2026,10-Mar-2026,CE,26250.0,19.6,231660.0,25496.55
26-Feb-2026,10-Mar-2026,CE,26300.0,16.8,562640.0,25496.55
26-Feb-2026,10-Mar-2026,CE,26350.0,14.1,111930.0,25496.55
26-Feb-2026,10-Mar-2026,CE,26400.0,11.35,544050.0,25496.55
26-Feb-2026,10-Mar-2026,CE,26450.0,9.65,74815.0,25496.55
26-Feb-2026,10-Mar-2026,CE,26500.0,8.35,637975.0,25496.55
26-Feb-2026,10-Mar-2026,CE,26550.0,7.2,57005.0,25496.55
26-Feb-2026,10-Mar-2026,CE,26600.0,6.8,354640.0,25496.55
26-Feb-2026,10-Mar-2026,CE,26650.0,5.85,47320.0,25496.55
26-Feb-2026,10-Mar-2026,CE,26700.0,4.35,250770.0,25496.55
26-Feb-2026,10-Mar-2026,CE,26750.0,4.25,26260.0,25496.55
26-Feb-2026,10-Mar-2026,CE,26800.0,4.65,150085.0,25496.55
26-Feb-2026,10-Mar-2026,CE,26850.0,3.65,33345.0,25496.55
26-Feb-2026,10-Mar-2026,CE,26900.0,4.15,124670.0,25496.55
26-Feb-2026,10-Mar-2026,CE,26950.0,3.65,21710.0,25496.55
26-Feb-2026,10-Mar-2026,CE,27000.0,3.3,1009255.0,25496.55
26-Feb-2026,10-Mar-2026,CE,27050.0,3.15,8190.0,25496.55
26-Feb-2026,10-Mar-2026,CE,27100.0,2.25,318435.0,25496.55
26-Feb-2026,10-Mar-2026,CE,27150.0,2.3,24375.0,25496.55
26-Feb-2026,10-Mar-2026,CE,27200.0,2.55,186290.0,25496.55
26-Feb-2026,10-Mar-2026,CE,27250.0,1.85,23010.0,25496.55
26-Feb-2026,10-Mar-2026,CE,27300.0,2.3,87880.0,25496.55
26-Feb-2026,10-Mar-2026,CE,27350.0,1.7,20280.0,25496.55
26-Feb-2026,10-Mar-2026,CE,27400.0,2.25,24895.0,25496.55
26-Feb-2026,10-Mar-2026,CE,27450.0,1.8,4485.0,25496.55
26-Feb-2026,10-Mar-2026,CE,27500.0,1.75,234260.0,25496.55
26-Feb-2026,10-Mar-2026,CE,27550.0,1.75,585.0,25496.55
26-Feb-2026,10-Mar-2026,CE,27600.0,1.8,39195.0,25496.55
26-Feb-2026,10-Mar-2026,CE,27650.0,1.6,7085.0,25496.55
26-Feb-2026,10-Mar-2026,CE,27700.0,1.55,78520.0,25496.55
26-Feb-2026,10-Mar-2026,PE,23650.0,6.25,147745.0,25496.55
26-Feb-2026,10-Mar-2026,PE,23700.0,7.45,548405.0,25496.55
26-Feb-2026,10-Mar-2026,PE,23750.0,7.9,27560.0,25496.55
26-Feb-2026,10-Mar-2026,PE,23800.0,8.15,234845.0,25496.55
26-Feb-2026,10-Mar-2026,PE,23850.0,9.0,20670.0,25496.55
26-Feb-2026,10-Mar-2026,PE,23900.0,9.5,100555.0,25496.55
26-Feb-2026,10-Mar-2026,PE,23950.0,9.5,20865.0,25496.55
26-Feb-2026,10-Mar-2026,PE,24000.0,10.95,663260.0,25496.55
26-Feb-2026,10-Mar-2026,PE,24050.0,11.7,14430.0,25496.55
26-Feb-2026,10-Mar-2026,PE,24100.0,12.55,108940.0,25496.55
26-Feb-2026,10-Mar-2026,PE,24150.0,12.5,32630.0,25496.55
26-Feb-2026,10-Mar-2026,PE,24200.0,14.05,300690.0,25496.55
26-Feb-2026,10-Mar-2026,PE,24250.0,14.85,22230.0,25496.55
26-Feb-2026,10-Mar-2026,PE,24300.0,15.65,235430.0,25496.55
26-Feb-2026,10-Mar-2026,PE,24350.0,17.75,26130.0,25496.55
26-Feb-2026,10-Mar-2026,PE,24400.0,19.3,347620.0,25496.55
26-Feb-2026,10-Mar-2026,PE,24450.0,20.25,74165.0,25496.55
26-Feb-2026,10-Mar-2026,PE,24500.0,22.05,880035.0,25496.55
26-Feb-2026,10-Mar-2026,PE,24550.0,24.4,72410.0,25496.55
26-Feb-2026,10-Mar-2026,PE,24600.0,26.9,473395.0,25496.55
26-Feb-2026,10-Mar-2026,PE,24650.0,29.15,91065.0,25496.55
26-Feb-2026,10-Mar-2026,PE,24700.0,32.3,744315.0,25496.55
26-Feb-2026,10-Mar-2026,PE,24750.0,35.05,95550.0,25496.55
26-Feb-2026,10-Mar-2026,PE,24800.0,39.4,621725.0,25496.55
26-Feb-2026,10-Mar-2026,PE,24850.0,43.85,72735.0,25496.55
26-Feb-2026,10-Mar-2026,PE,24900.0,50.45,313820.0,25496.55
26-Feb-2026,10-Mar-2026,PE,24950.0,55.2,137085.0,25496.55
26-Feb-2026,10-Mar-2026,PE,25000.0,61.15,1062425.0,25496.55
26-Feb-2026,10-Mar-2026,PE,25050.0,69.2,157885.0,25496.55
26-Feb-2026,10-Mar-2026,PE,25100.0,76.85,511355.0,25496.55
26-Feb-2026,10-Mar-2026,PE,25150.0,88.05,161070.0,25496.55
26-Feb-2026,10-Mar-2026,PE,25200.0,95.8,615225.0,25496.55
26-Feb-2026,10-Mar-2026,PE,25250.0,111.0,120835.0,25496.55
26-Feb-2026,10-Mar-2026,PE,25300.0,122.0,556075.0,25496.55
26-Feb-2026,10-Mar-2026,PE,25350.0,138.0,152620.0,25496.55
26-Feb-2026,10-Mar-2026,PE,25400.0,151.85,680095.0,25496.55
26-Feb-2026,10-Mar-2026,PE,25450.0,171.7,337350.0,25496.55
26-Feb-2026,10-Mar-2026,PE,25500.0,191.2,1119950.0,25496.55
26-Feb-2026,10-Mar-2026,PE,25550.0,210.25,146250.0,25496.55
26-Feb-2026,10-Mar-2026,PE,25600.0,235.25,568490.0,25496.55
26-Feb-2026,10-Mar-2026,PE,25650.0,256.8,265850.0,25496.55
26-Feb-2026,10-Mar-2026,PE,25700.0,289.0,237120.0,25496.55
26-Feb-2026,10-Mar-2026,PE,25750.0,319.1,57135.0,25496.55
26-Feb-2026,10-Mar-2026,PE,25800.0,349.95,215345.0,25496.55
26-Feb-2026,10-Mar-2026,PE,25850.0,385.15,67145.0,25496.55
26-Feb-2026,10-Mar-2026,PE,25900.0,421.0,130325.0,25496.55
26-Feb-2026,10-Mar-2026,PE,25950.0,463.75,9035.0,25496.55
26-Feb-2026,10-Mar-2026,PE,26000.0,496.45,218465.0,25496.55
26-Feb-2026,10-Mar-2026,PE,26050.0,543.25,10400.0,25496.55
26-Feb-2026,10-Mar-2026,PE,26100.0,585.2,74880.0,25496.55
26-Feb-2026,10-Mar-2026,PE,26150.0,634.15,6825.0,25496.55
26-Feb-2026,10-Mar-2026,PE,26200.0,675.2,55510.0,25496.55
26-Feb-2026,10-Mar-2026,PE,26250.0,725.75,1300.0,25496.55
26-Feb-2026,10-Mar-2026,PE,26300.0,765.0,10920.0,25496.55
26-Feb-2026,10-Mar-2026,PE,26350.0,780.0,585.0,25496.55
26-Feb-2026,10-Mar-2026,PE,26400.0,859.9,7150.0,25496.55
26-Feb-2026,10-Mar-2026,PE,26450.0,1000.0,390.0,25496.55
26-Feb-2026,10-Mar-2026,PE,26500.0,952.0,27820.0,25496.55
26-Feb-2026,10-Mar-2026,PE,26550.0,943.65,325.0,25496.55
26-Feb-2026,10-Mar-2026,PE,26600.0,1056.75,1105.0,25496.55
26-Feb-2026,10-Mar-2026,PE,26650.0,984.25,390.0,25496.55
26-Feb-2026,10-Mar-2026,PE,26700.0,1210.0,975.0,25496.55
26-Feb-2026,10-Mar-2026,PE,26750.0,1207.0,325.0,25496.55
26-Feb-2026,10-Mar-2026,PE,26800.0,1082.75,325.0,25496.55
26-Feb-2026,10-Mar-2026,PE,26850.0,1353.3,65.0,25496.55
26-Feb-2026,10-Mar-2026,PE,26900.0,1351.2,,25496.55
26-Feb-2026,10-Mar-2026,PE,26950.0,1401.1,65.0,25496.55
26-Feb-2026,10-Mar-2026,PE,27000.0,1441.9,27885.0,25496.55
26-Feb-2026,10-Mar-2026,PE,27050.0,1564.7,195.0,25496.55
26-Feb-2026,10-Mar-2026,PE,27100.0,1612.25,130.0,25496.55
26-Feb-2026,10-Mar-2026,PE,27150.0,1662.05,130.0,25496.55
26-Feb-2026,10-Mar-2026,PE,27200.0,1691.7,130.0,25496.55
26-Feb-2026,10-Mar-2026,PE,27250.0,1761.3,195.0,25496.55
26-Feb-2026,10-Mar-2026,PE,27300.0,1814.4,195.0,25496.55
26-Feb-2026,10-Mar-2026,PE,27350.0,1863.0,195.0,25496.55
26-Feb-2026,10-Mar-2026,PE,27400.0,1914.6,130.0,25496.55
26-Feb-2026,10-Mar-2026,PE,27450.0,1957.75,195.0,25496.55
26-Feb-2026,10-Mar-2026,PE,27500.0,1919.6,1495.0,25496.55
26-Feb-2026,10-Mar-2026,PE,27550.0,2045.05,65.0,25496.55
26-Feb-2026,10-Mar-2026,PE,27600.0,2091.75,130.0,25496.55
26-Feb-2026,10-Mar-2026,PE,27650.0,2138.8,130.0,25496.55
26-Feb-2026,10-Mar-2026,PE,27700.0,2195.6,65.0,25496.55
27-Feb-2026,02-Mar-2026,CE,23100.0,2117.8,2795.0,25178.65
27-Feb-2026,02-Mar-2026,CE,23150.0,2311.75,65.0,25178.65
27-Feb-2026,02-Mar-2026,CE,23200.0,2271.7,130.0,25178.65
27-Feb-2026,02-Mar-2026,CE,23250.0,2221.0,195.0,25178.65
27-Feb-2026,02-Mar-2026,CE,23300.0,2127.3,390.0,25178.65
27-Feb-2026,02-Mar-2026,CE,23350.0,2206.55,260.0,25178.65
27-Feb-2026,02-Mar-2026,CE,23400.0,2100.0,715.0,25178.65
27-Feb-2026,02-Mar-2026,CE,23450.0,2022.05,195.0,25178.65
27-Feb-2026,02-Mar-2026,CE,23500.0,1700.0,8450.0,25178.65
27-Feb-2026,02-Mar-2026,CE,23550.0,1897.25,130.0,25178.65
27-Feb-2026,02-Mar-2026,CE,23600.0,1611.3,715.0,25178.65
27-Feb-2026,02-Mar-2026,CE,23650.0,1796.75,195.0,25178.65
27-Feb-2026,02-Mar-2026,CE,23700.0,1625.0,455.0,25178.65
27-Feb-2026,02-Mar-2026,CE,23750.0,1681.2,130.0,25178.65
27-Feb-2026,02-Mar-2026,CE,23800.0,1545.0,845.0,25178.65
27-Feb-2026,02-Mar-2026,CE,23850.0,1582.9,130.0,25178.65
27-Feb-2026,02-Mar-2026,CE,23900.0,1415.0,650.0,25178.65
27-Feb-2026,02-Mar-2026,CE,23950.0,1179.9,260.0,25178.65
27-Feb-2026,02-Mar-2026,CE,24000.0,1220.95,28535.0,25178.65
27-Feb-2026,02-Mar-2026,CE,24050.0,1415.8,260.0,25178.65
27-Feb-2026,02-Mar-2026,CE,24100.0,1117.35,10855.0,25178.65
27-Feb-2026,02-Mar-2026,CE,24150.0,1293.45,195.0,25178.65
27-Feb-2026,02-Mar-2026,CE,24200.0,1023.65,1560.0,25178.65
27-Feb-2026,02-Mar-2026,CE,24250.0,1042.0,260.0,25178.65
27-Feb-2026,02-Mar-2026,CE,24300.0,918.0,3770.0,25178.65
27-Feb-2026,02-Mar-2026,CE,24350.0,863.0,390.0,25178.65
27-Feb-2026,02-Mar-2026,CE,24400.0,826.0,2210.0,25178.65
27-Feb-2026,02-Mar-2026,CE,24450.0,772.05,975.0,25178.65
27-Feb-2026,02-Mar-2026,CE,24500.0,731.45,68315.0,25178.65
27-Feb-2026,02-Mar-2026,CE,24550.0,658.75,1625.0,25178.65
27-Feb-2026,02-Mar-2026,CE,24600.0,627.55,13065.0,25178.65
27-Feb-2026,02-Mar-2026,CE,24650.0,575.2,12480.0,25178.65
27-Feb-2026,02-Mar-2026,CE,24700.0,534.6,19630.0,25178.65
27-Feb-2026,02-Mar-2026,CE,24750.0,487.75,14625.0,25178.65
27-Feb-2026,02-Mar-2026,CE,24800.0,440.65,67860.0,25178.65
27-Feb-2026,02-Mar-2026,CE,24850.0,391.45,26065.0,25178.65
27-Feb-2026,02-Mar-2026,CE,24900.0,344.35,77220.0,25178.65
27-Feb-2026,02-Mar-2026,CE,24950.0,297.1,38480.0,25178.65
27-Feb-2026,02-Mar-2026,CE,25000.0,257.3,896220.0,25178.65
27-Feb-2026,02-Mar-2026,CE,25050.0,217.9,126490.0,25178.65
27-Feb-2026,02-Mar-2026,CE,25100.0,179.75,926835.0,25178.65
27-Feb-2026,02-Mar-2026,CE,25150.0,144.6,1606020.0,25178.65
27-Feb-2026,02-Mar-2026,CE,25200.0,114.0,4620070.0,25178.65
27-Feb-2026,02-Mar-2026,CE,25250.0,87.55,3364595.0,25178.65
27-Feb-2026,02-Mar-2026,CE,25300.0,66.55,10548265.0,25178.65
27-Feb-2026,02-Mar-2026,CE,25350.0,50.55,7143305.0,25178.65
27-Feb-2026,02-Mar-2026,CE,25400.0,38.3,13131040.0,25178.65
27-Feb-2026,02-Mar-2026,CE,25450.0,29.9,6651060.0,25178.65
27-Feb-2026,02-Mar-2026,CE,25500.0,23.4,14716195.0,25178.65
27-Feb-2026,02-Mar-2026,CE,25550.0,18.4,6438250.0,25178.65
27-Feb-2026,02-Mar-2026,CE,25600.0,14.75,12602265.0,25178.65
27-Feb-2026,02-Mar-2026,CE,25650.0,12.3,6312410.0,25178.65
27-Feb-2026,02-Mar-2026,CE,25700.0,10.35,10808980.0,25178.65
27-Feb-2026,02-Mar-2026,CE,25750.0,8.9,5991830.0,25178.65
27-Feb-2026,02-Mar-2026,CE,25800.0,7.9,9468355.0,25178.65
27-Feb-2026,02-Mar-2026,CE,25850.0,7.05,4401605.0,25178.65
27-Feb-2026,02-Mar-2026,CE,25900.0,6.1,7098780.0,25178.65
27-Feb-2026,02-Mar-2026,CE,25950.0,5.6,2973165.0,25178.65
27-Feb-2026,02-Mar-2026,CE,26000.0,5.05,16940235.0,25178.65
27-Feb-2026,02-Mar-2026,CE,26050.0,4.65,7175285.0,25178.65
27-Feb-2026,02-Mar-2026,CE,26100.0,4.0,8217690.0,25178.65
27-Feb-2026,02-Mar-2026,CE,26150.0,3.45,2812810.0,25178.65
27-Feb-2026,02-Mar-2026,CE,26200.0,3.25,8132475.0,25178.65
27-Feb-2026,02-Mar-2026,CE,26250.0,2.9,3771625.0,25178.65
27-Feb-2026,02-Mar-2026,CE,26300.0,2.5,8883485.0,25178.65
27-Feb-2026,02-Mar-2026,CE,26350.0,2.45,1346215.0,25178.65
27-Feb-2026,02-Mar-2026,CE,26400.0,2.0,5010005.0,25178.65
27-Feb-2026,02-Mar-2026,CE,26450.0,1.95,1053585.0,25178.65
27-Feb-2026,02-Mar-2026,CE,26500.0,1.9,12247235.0,25178.65
27-Feb-2026,02-Mar-2026,CE,26550.0,1.8,1339585.0,25178.65
27-Feb-2026,02-Mar-2026,CE,26600.0,1.65,4184765.0,25178.65
27-Feb-2026,02-Mar-2026,CE,26650.0,2.3,745940.0,25178.65
27-Feb-2026,02-Mar-2026,CE,26700.0,1.55,3202355.0,25178.65
27-Feb-2026,02-Mar-2026,CE,26750.0,1.4,742300.0,25178.65
27-Feb-2026,02-Mar-2026,CE,26800.0,1.5,2822560.0,25178.65
27-Feb-2026,02-Mar-2026,CE,26850.0,1.35,613600.0,25178.65
27-Feb-2026,02-Mar-2026,CE,26900.0,1.35,1287325.0,25178.65
27-Feb-2026,02-Mar-2026,CE,26950.0,1.4,441480.0,25178.65
27-Feb-2026,02-Mar-2026,CE,27000.0,1.3,8804510.0,25178.65
27-Feb-2026,02-Mar-2026,CE,27050.0,1.15,361725.0,25178.65
27-Feb-2026,02-Mar-2026,CE,27100.0,1.15,526435.0,25178.65
27-Feb-2026,02-Mar-2026,CE,27150.0,0.95,475865.0,25178.65
27-Feb-2026,02-Mar-2026,CE,27200.0,0.9,1595490.0,25178.65
27-Feb-2026,02-Mar-2026,CE,27250.0,1.0,409305.0,25178.65
27-Feb-2026,02-Mar-2026,CE,27300.0,0.9,876265.0,25178.65
27-Feb-2026,02-Mar-2026,CE,27350.0,0.9,345735.0,25178.65
27-Feb-2026,02-Mar-2026,CE,27400.0,0.9,824005.0,25178.65
27-Feb-2026,02-Mar-2026,CE,27450.0,0.75,216970.0,25178.65
27-Feb-2026,02-Mar-2026,CE,27500.0,0.95,2744690.0,25178.65
27-Feb-2026,02-Mar-2026,CE,27550.0,0.8,171730.0,25178.65
27-Feb-2026,02-Mar-2026,CE,27600.0,0.85,867685.0,25178.65
27-Feb-2026,02-Mar-2026,CE,27650.0,0.7,364390.0,25178.65
27-Feb-2026,02-Mar-2026,CE,27700.0,0.75,1962675.0,25178.65
27-Feb-2026,02-Mar-2026,PE,23100.0,1.05,8063835.0,25178.65
27-Feb-2026,02-Mar-2026,PE,23150.0,1.2,443495.0,25178.65
27-Feb-2026,02-Mar-2026,PE,23200.0,1.25,1278485.0,25178.65
27-Feb-2026,02-Mar-2026,PE,23250.0,1.2,460070.0,25178.65
27-Feb-2026,02-Mar-2026,PE,23300.0,1.25,659880.0,25178.65
27-Feb-2026,02-Mar-2026,PE,23350.0,1.45,211705.0,25178.65
27-Feb-2026,02-Mar-2026,PE,23400.0,1.3,379990.0,25178.65
27-Feb-2026,02-Mar-2026,PE,23450.0,1.4,278005.0,25178.65
27-Feb-2026,02-Mar-2026,PE,23500.0,1.4,2983825.0,25178.65
27-Feb-2026,02-Mar-2026,PE,23550.0,1.6,210210.0,25178.65
27-Feb-2026,02-Mar-2026,PE,23600.0,1.55,726115.0,25178.65
27-Feb-2026,02-Mar-2026,PE,23650.0,1.6,275015.0,25178.65
27-Feb-2026,02-Mar-2026,PE,23700.0,1.55,1098435.0,25178.65
27-Feb-2026,02-Mar-2026,PE,23750.0,1.75,226525.0,25178.65
27-Feb-2026,02-Mar-2026,PE,23800.0,1.65,1924520.0,25178.65
27-Feb-2026,02-Mar-2026,PE,23850.0,1.95,318305.0,25178.65
27-Feb-2026,02-Mar-2026,PE,23900.0,1.85,1771250.0,25178.65
27-Feb-2026,02-Mar-2026,PE,23950.0,2.05,542490.0,25178.65
27-Feb-2026,02-Mar-2026,PE,24000.0,2.2,8159905.0,25178.65
27-Feb-2026,02-Mar-2026,PE,24050.0,2.25,309595.0,25178.65
27-Feb-2026,02-Mar-2026,PE,24100.0,2.3,1469455.0,25178.65
27-Feb-2026,02-Mar-2026,PE,24150.0,2.5,358605.0,25178.65
27-Feb-2026,02-Mar-2026,PE,24200.0,2.75,3232840.0,25178.65
27-Feb-2026,02-Mar-2026,PE,24250.0,2.95,541385.0,25178.65
27-Feb-2026,02-Mar-2026,PE,24300.0,3.2,2740725.0,25178.65
27-Feb-2026,02-Mar-2026,PE,24350.0,3.75,684450.0,25178.65
27-Feb-2026,02-Mar-2026,PE,24400.0,4.3,2767115.0,25178.65
27-Feb-2026,02-Mar-2026,PE,24450.0,4.95,691925.0,25178.65
27-Feb-2026,02-Mar-2026,PE,24500.0,5.8,6635785.0,25178.65
27-Feb-2026,02-Mar-2026,PE,24550.0,6.95,1217190.0,25178.65
27-Feb-2026,02-Mar-2026,PE,24600.0,7.75,2334215.0,25178.65
27-Feb-2026,02-Mar-2026,PE,24650.0,9.2,1153815.0,25178.65
27-Feb-2026,02-Mar-2026,PE,24700.0,10.4,3849235.0,25178.65
27-Feb-2026,02-Mar-2026,PE,24750.0,12.6,1554995.0,25178.65
27-Feb-2026,02-Mar-2026,PE,24800.0,15.25,4036110.0,25178.65
27-Feb-2026,02-Mar-2026,PE,24850.0,18.25,1367080.0,25178.65
27-Feb-2026,02-Mar-2026,PE,24900.0,21.8,3218345.0,25178.65
27-Feb-2026,02-Mar-2026,PE,24950.0,27.1,1377740.0,25178.65
27-Feb-2026,02-Mar-2026,PE,25000.0,33.6,8511555.0,25178.65
27-Feb-2026,02-Mar-2026,PE,25050.0,42.15,1927575.0,25178.65
27-Feb-2026,02-Mar-2026,PE,25100.0,54.45,4489745.0,25178.65
27-Feb-2026,02-Mar-2026,PE,25150.0,69.05,2959775.0,25178.65
27-Feb-2026,02-Mar-2026,PE,25200.0,88.65,5121805.0,25178.65
27-Feb-2026,02-Mar-2026,PE,25250.0,113.65,2555800.0,25178.65
27-Feb-2026,02-Mar-2026,PE,25300.0,140.25,3294460.0,25178.65
27-Feb-2026,02-Mar-2026,PE,25350.0,174.8,1204060.0,25178.65
27-Feb-2026,02-Mar-2026,PE,25400.0,211.75,2166645.0,25178.65
27-Feb-2026,02-Mar-2026,PE,25450.0,254.55,867685.0,25178.65
27-Feb-2026,02-Mar-2026,PE,25500.0,297.5,2393950.0,25178.65
27-Feb-2026,02-Mar-2026,PE,25550.0,342.3,621595.0,25178.65
27-Feb-2026,02-Mar-2026,PE,25600.0,388.15,1095575.0,25178.65
27-Feb-2026,02-Mar-2026,PE,25650.0,435.0,368160.0,25178.65
27-Feb-2026,02-Mar-2026,PE,25700.0,483.2,669630.0,25178.65
27-Feb-2026,02-Mar-2026,PE,25750.0,534.9,202410.0,25178.65
27-Feb-2026,02-Mar-2026,PE,25800.0,581.4,427765.0,25178.65
27-Feb-2026,02-Mar-2026,PE,25850.0,631.0,81900.0,25178.65
27-Feb-2026,02-Mar-2026,PE,25900.0,679.15,203190.0,25178.65
27-Feb-2026,02-Mar-2026,PE,25950.0,735.1,70785.0,25178.65
27-Feb-2026,02-Mar-2026,PE,26000.0,778.6,601120.0,25178.65
27-Feb-2026,02-Mar-2026,PE,26050.0,839.1,52650.0,25178.65
27-Feb-2026,02-Mar-2026,PE,26100.0,887.8,138905.0,25178.65
27-Feb-2026,02-Mar-2026,PE,26150.0,939.3,40105.0,25178.65
27-Feb-2026,02-Mar-2026,PE,26200.0,986.1,97760.0,25178.65
27-Feb-2026,02-Mar-2026,PE,26250.0,1036.6,24765.0,25178.65
27-Feb-2026,02-Mar-2026,PE,26300.0,1089.45,75010.0,25178.65
27-Feb-2026,02-Mar-2026,PE,26350.0,1133.95,8970.0,25178.65
27-Feb-2026,02-Mar-2026,PE,26400.0,1180.85,31005.0,25178.65
27-Feb-2026,02-Mar-2026,PE,26450.0,1119.4,2860.0,25178.65
27-Feb-2026,02-Mar-2026,PE,26500.0,1276.3,232245.0,25178.65
27-Feb-2026,02-Mar-2026,PE,26550.0,1360.0,715.0,25178.65
27-Feb-2026,02-Mar-2026,PE,26600.0,1370.0,29185.0,25178.65
27-Feb-2026,02-Mar-2026,PE,26650.0,1180.0,195.0,25178.65
27-Feb-2026,02-Mar-2026,PE,26700.0,1489.85,19500.0,25178.65
27-Feb-2026,02-Mar-2026,PE,26750.0,1357.45,325.0,25178.65
27-Feb-2026,02-Mar-2026,PE,26800.0,1578.9,4550.0,25178.65
27-Feb-2026,02-Mar-2026,PE,26850.0,1382.55,130.0,25178.65
27-Feb-2026,02-Mar-2026,PE,26900.0,1700.0,10660.0,25178.65
27-Feb-2026,02-Mar-2026,PE,26950.0,1401.0,390.0,25178.65
27-Feb-2026,02-Mar-2026,PE,27000.0,1782.45,66950.0,25178.65
27-Feb-2026,02-Mar-2026,PE,27050.0,1586.4,130.0,25178.65
27-Feb-2026,02-Mar-2026,PE,27100.0,1795.0,325.0,25178.65
27-Feb-2026,02-Mar-2026,PE,27150.0,1705.75,130.0,25178.65
27-Feb-2026,02-Mar-2026,PE,27200.0,1759.95,195.0,25178.65
27-Feb-2026,02-Mar-2026,PE,27250.0,1785.35,65.0,25178.65
27-Feb-2026,02-Mar-2026,PE,27300.0,1725.75,65.0,25178.65
27-Feb-2026,02-Mar-2026,PE,27350.0,1714.25,7605.0,25178.65
27-Feb-2026,02-Mar-2026,PE,27400.0,1937.3,65.0,25178.65
27-Feb-2026,02-Mar-2026,PE,27450.0,1980.15,130.0,25178.65
27-Feb-2026,02-Mar-2026,PE,27500.0,2295.0,28015.0,25178.65
27-Feb-2026,02-Mar-2026,PE,27550.0,2246.5,195.0,25178.65
27-Feb-2026,02-Mar-2026,PE,27600.0,2136.35,195.0,25178.65
27-Feb-2026,02-Mar-2026,PE,27650.0,2160.0,260.0,25178.65
27-Feb-2026,02-Mar-2026,PE,27700.0,2385.0,195.0,25178.65
27-Feb-2026,10-Mar-2026,CE,23650.0,,,25178.65
27-Feb-2026,10-Mar-2026,CE,23700.0,1776.6,65.0,25178.65
27-Feb-2026,10-Mar-2026,CE,23750.0,1732.8,65.0,25178.65
27-Feb-2026,10-Mar-2026,CE,23800.0,1570.0,195.0,25178.65
27-Feb-2026,10-Mar-2026,CE,23850.0,1692.8,130.0,25178.65
27-Feb-2026,10-Mar-2026,CE,23900.0,1451.0,195.0,25178.65
27-Feb-2026,10-Mar-2026,CE,23950.0,1601.1,130.0,25178.65
27-Feb-2026,10-Mar-2026,CE,24000.0,1268.35,20605.0,25178.65
27-Feb-2026,10-Mar-2026,CE,24050.0,1441.0,65.0,25178.65
27-Feb-2026,10-Mar-2026,CE,24100.0,1130.7,325.0,25178.65
27-Feb-2026,10-Mar-2026,CE,24150.0,1406.85,130.0,25178.65
27-Feb-2026,10-Mar-2026,CE,24200.0,1195.0,260.0,25178.65
27-Feb-2026,10-Mar-2026,CE,24250.0,1319.6,130.0,25178.65
27-Feb-2026,10-Mar-2026,CE,24300.0,973.35,975.0,25178.65
27-Feb-2026,10-Mar-2026,CE,24350.0,1183.7,130.0,25178.65
27-Feb-2026,10-Mar-2026,CE,24400.0,870.35,520.0,25178.65
27-Feb-2026,10-Mar-2026,CE,24450.0,1049.95,65.0,25178.65
27-Feb-2026,10-Mar-2026,CE,24500.0,795.4,74165.0,25178.65
27-Feb-2026,10-Mar-2026,CE,24550.0,738.3,780.0,25178.65
27-Feb-2026,10-Mar-2026,CE,24600.0,711.35,4680.0,25178.65
27-Feb-2026,10-Mar-2026,CE,24650.0,653.0,1950.0,25178.65
27-Feb-2026,10-Mar-2026,CE,24700.0,621.65,84045.0,25178.65
27-Feb-2026,10-Mar-2026,CE,24750.0,576.2,4355.0,25178.65
27-Feb-2026,10-Mar-2026,CE,24800.0,538.2,213265.0,25178.65
27-Feb-2026,10-Mar-2026,CE,24850.0,492.45,8580.0,25178.65
27-Feb-2026,10-Mar-2026,CE,24900.0,456.85,56030.0,25178.65
27-Feb-2026,10-Mar-2026,CE,24950.0,416.5,7215.0,25178.65
27-Feb-2026,10-Mar-2026,CE,25000.0,382.65,258635.0,25178.65
27-Feb-2026,10-Mar-2026,CE,25050.0,347.0,21645.0,25178.65
27-Feb-2026,10-Mar-2026,CE,25100.0,314.4,206115.0,25178.65
27-Feb-2026,10-Mar-2026,CE,25150.0,283.45,112905.0,25178.65
27-Feb-2026,10-Mar-2026,CE,25200.0,252.55,698880.0,25178.65
27-Feb-2026,10-Mar-2026,CE,25250.0,226.0,215345.0,25178.65
27-Feb-2026,10-Mar-2026,CE,25300.0,198.6,1253200.0,25178.65
27-Feb-2026,10-Mar-2026,CE,25350.0,174.0,373360.0,25178.65
27-Feb-2026,10-Mar-2026,CE,25400.0,150.4,1479205.0,25178.65
27-Feb-2026,10-Mar-2026,CE,25450.0,132.0,441350.0,25178.65
27-Feb-2026,10-Mar-2026,CE,25500.0,114.5,2617355.0,25178.65
27-Feb-2026,10-Mar-2026,CE,25550.0,98.65,509795.0,25178.65
27-Feb-2026,10-Mar-2026,CE,25600.0,84.15,1446510.0,25178.65
27-Feb-2026,10-Mar-2026,CE,25650.0,72.0,431145.0,25178.65
27-Feb-2026,10-Mar-2026,CE,25700.0,60.6,1350830.0,25178.65
27-Feb-2026,10-Mar-2026,CE,25750.0,51.9,399490.0,25178.65
27-Feb-2026,10-Mar-2026,CE,25800.0,42.6,1733355.0,25178.65
27-Feb-2026,10-Mar-2026,CE,25850.0,36.95,344760.0,25178.65
27-Feb-2026,10-Mar-2026,CE,25900.0,30.6,1064050.0,25178.65
27-Feb-2026,10-Mar-2026,CE,25950.0,25.4,352430.0,25178.65
27-Feb-2026,10-Mar-2026,CE,26000.0,22.0,2925780.0,25178.65
27-Feb-2026,10-Mar-2026,CE,26050.0,17.5,328055.0,25178.65
27-Feb-2026,10-Mar-2026,CE,26100.0,15.9,2074280.0,25178.65
27-Feb-2026,10-Mar-2026,CE,26150.0,12.9,305825.0,25178.65
27-Feb-2026,10-Mar-2026,CE,26200.0,12.1,1287260.0,25178.65
27-Feb-2026,10-Mar-2026,CE,26250.0,11.0,404300.0,25178.65
27-Feb-2026,10-Mar-2026,CE,26300.0,10.5,881530.0,25178.65
27-Feb-2026,10-Mar-2026,CE,26350.0,8.35,119795.0,25178.65
27-Feb-2026,10-Mar-2026,CE,26400.0,7.65,928005.0,25178.65
27-Feb-2026,10-Mar-2026,CE,26450.0,6.55,63310.0,25178.65
27-Feb-2026,10-Mar-2026,CE,26500.0,6.0,1158820.0,25178.65
27-Feb-2026,10-Mar-2026,CE,26550.0,5.55,80470.0,25178.65
27-Feb-2026,10-Mar-2026,CE,26600.0,7.0,924105.0,25178.65
27-Feb-2026,10-Mar-2026,CE,26650.0,4.05,64415.0,25178.65
27-Feb-2026,10-Mar-2026,CE,26700.0,4.9,627835.0,25178.65
27-Feb-2026,10-Mar-2026,CE,26750.0,4.5,86840.0,25178.65
27-Feb-2026,10-Mar-2026,CE,26800.0,3.8,808665.0,25178.65
27-Feb-2026,10-Mar-2026,CE,26850.0,3.45,260715.0,25178.65
27-Feb-2026,10-Mar-2026,CE,26900.0,3.3,520390.0,25178.65
27-Feb-2026,10-Mar-2026,CE,26950.0,2.8,291915.0,25178.65
27-Feb-2026,10-Mar-2026,CE,27000.0,3.0,3691025.0,25178.65
27-Feb-2026,10-Mar-2026,CE,27050.0,2.5,280540.0,25178.65
27-Feb-2026,10-Mar-2026,CE,27100.0,2.15,547170.0,25178.65
27-Feb-2026,10-Mar-2026,CE,27150.0,2.2,79040.0,25178.65
27-Feb-2026,10-Mar-2026,CE,27200.0,1.95,2389140.0,25178.65
27-Feb-2026,10-Mar-2026,CE,27250.0,1.85,87750.0,25178.65
27-Feb-2026,10-Mar-2026,CE,27300.0,1.9,137540.0,25178.65
27-Feb-2026,10-Mar-2026,CE,27350.0,2.15,23985.0,25178.65
27-Feb-2026,10-Mar-2026,CE,27400.0,1.7,232440.0,25178.65
27-Feb-2026,10-Mar-2026,CE,27450.0,1.65,13325.0,25178.65
27-Feb-2026,10-Mar-2026,CE,27500.0,1.75,556985.0,25178.65
27-Feb-2026,10-Mar-2026,CE,27550.0,1.55,9295.0,25178.65
27-Feb-2026,10-Mar-2026,CE,27600.0,1.6,71435.0,25178.65
27-Feb-2026,10-Mar-2026,CE,27650.0,1.75,24180.0,25178.65
27-Feb-2026,10-Mar-2026,CE,27700.0,1.5,180375.0,25178.65
27-Feb-2026,10-Mar-2026,PE,23650.0,10.4,387010.0,25178.65
27-Feb-2026,10-Mar-2026,PE,23700.0,11.3,958880.0,25178.65
27-Feb-2026,10-Mar-2026,PE,23750.0,12.35,57330.0,25178.65
27-Feb-2026,10-Mar-2026,PE,23800.0,12.65,468260.0,25178.65
27-Feb-2026,10-Mar-2026,PE,23850.0,13.25,66755.0,25178.65
27-Feb-2026,10-Mar-2026,PE,23900.0,14.35,267475.0,25178.65
27-Feb-2026,10-Mar-2026,PE,23950.0,15.65,55705.0,25178.65
27-Feb-2026,10-Mar-2026,PE,24000.0,18.0,1358760.0,25178.65
27-Feb-2026,10-Mar-2026,PE,24050.0,18.1,42185.0,25178.65
27-Feb-2026,10-Mar-2026,PE,24100.0,20.1,204035.0,25178.65
27-Feb-2026,10-Mar-2026,PE,24150.0,20.9,54860.0,25178.65
27-Feb-2026,10-Mar-2026,PE,24200.0,23.25,635830.0,25178.65
27-Feb-2026,10-Mar-2026,PE,24250.0,25.3,56160.0,25178.65
27-Feb-2026,10-Mar-2026,PE,24300.0,27.25,628745.0,25178.65
27-Feb-2026,10-Mar-2026,PE,24350.0,31.0,62465.0,25178.65
27-Feb-2026,10-Mar-2026,PE,24400.0,33.75,559195.0,25178.65
27-Feb-2026,10-Mar-2026,PE,24450.0,37.85,138775.0,25178.65
27-Feb-2026,10-Mar-2026,PE,24500.0,42.6,1422915.0,25178.65
27-Feb-2026,10-Mar-2026,PE,24550.0,46.7,105300.0,25178.65
27-Feb-2026,10-Mar-2026,PE,24600.0,51.0,665275.0,25178.65
27-Feb-2026,10-Mar-2026,PE,24650.0,57.75,95095.0,25178.65
27-Feb-2026,10-Mar-2026,PE,24700.0,63.9,731445.0,25178.65
27-Feb-2026,10-Mar-2026,PE,24750.0,72.4,143520.0,25178.65
27-Feb-2026,10-Mar-2026,PE,24800.0,83.8,844805.0,25178.65
27-Feb-2026,10-Mar-2026,PE,24850.0,89.45,167115.0,25178.65
27-Feb-2026,10-Mar-2026,PE,24900.0,101.55,771940.0,25178.65
27-Feb-2026,10-Mar-2026,PE,24950.0,114.2,227565.0,25178.65
27-Feb-2026,10-Mar-2026,PE,25000.0,123.8,1378260.0,25178.65
27-Feb-2026,10-Mar-2026,PE,25050.0,138.75,142155.0,25178.65
27-Feb-2026,10-Mar-2026,PE,25100.0,156.0,762190.0,25178.65
27-Feb-2026,10-Mar-2026,PE,25150.0,175.95,199485.0,25178.65
27-Feb-2026,10-Mar-2026,PE,25200.0,197.0,1102530.0,25178.65
27-Feb-2026,10-Mar-2026,PE,25250.0,219.6,228475.0,25178.65
27-Feb-2026,10-Mar-2026,PE,25300.0,245.7,889525.0,25178.65
27-Feb-2026,10-Mar-2026,PE,25350.0,265.5,191490.0,25178.65
27-Feb-2026,10-Mar-2026,PE,25400.0,296.9,882895.0,25178.65
27-Feb-2026,10-Mar-2026,PE,25450.0,322.1,282425.0,25178.65
27-Feb-2026,10-Mar-2026,PE,25500.0,357.3,1288365.0,25178.65
27-Feb-2026,10-Mar-2026,PE,25550.0,389.0,102895.0,25178.65
27-Feb-2026,10-Mar-2026,PE,25600.0,424.15,457015.0,25178.65
27-Feb-2026,10-Mar-2026,PE,25650.0,458.65,133185.0,25178.65
27-Feb-2026,10-Mar-2026,PE,25700.0,501.0,323375.0,25178.65
27-Feb-2026,10-Mar-2026,PE,25750.0,545.55,50050.0,25178.65
27-Feb-2026,10-Mar-2026,PE,25800.0,587.0,293085.0,25178.65
27-Feb-2026,10-Mar-2026,PE,25850.0,631.2,71110.0,25178.65
27-Feb-2026,10-Mar-2026,PE,25900.0,669.75,135330.0,25178.65
27-Feb-2026,10-Mar-2026,PE,25950.0,729.3,8385.0,25178.65
27-Feb-2026,10-Mar-2026,PE,26000.0,758.85,313040.0,25178.65
27-Feb-2026,10-Mar-2026,PE,26050.0,731.8,10205.0,25178.65
27-Feb-2026,10-Mar-2026,PE,26100.0,856.6,227825.0,25178.65
27-Feb-2026,10-Mar-2026,PE,26150.0,920.0,5720.0,25178.65
27-Feb-2026,10-Mar-2026,PE,26200.0,948.1,70005.0,25178.65
27-Feb-2026,10-Mar-2026,PE,26250.0,970.7,1170.0,25178.65
27-Feb-2026,10-Mar-2026,PE,26300.0,1045.45,12415.0,25178.65
27-Feb-2026,10-Mar-2026,PE,26350.0,1008.35,585.0,25178.65
27-Feb-2026,10-Mar-2026,PE,26400.0,1142.0,28080.0,25178.65
27-Feb-2026,10-Mar-2026,PE,26450.0,1000.0,390.0,25178.65
27-Feb-2026,10-Mar-2026,PE,26500.0,1241.25,86515.0,25178.65
27-Feb-2026,10-Mar-2026,PE,26550.0,943.65,325.0,25178.65
27-Feb-2026,10-Mar-2026,PE,26600.0,1345.85,11635.0,25178.65
27-Feb-2026,10-Mar-2026,PE,26650.0,984.25,390.0,25178.65
27-Feb-2026,10-Mar-2026,PE,26700.0,1484.1,1365.0,25178.65
27-Feb-2026,10-Mar-2026,PE,26750.0,1207.0,325.0,25178.65
27-Feb-2026,10-Mar-2026,PE,26800.0,1435.0,455.0,25178.65
27-Feb-2026,10-Mar-2026,PE,26850.0,1353.3,65.0,25178.65
27-Feb-2026,10-Mar-2026,PE,26900.0,1560.0,65.0,25178.65
27-Feb-2026,10-Mar-2026,PE,26950.0,1401.1,65.0,25178.65
27-Feb-2026,10-Mar-2026,PE,27000.0,1745.55,34385.0,25178.65
27-Feb-2026,10-Mar-2026,PE,27050.0,1564.7,195.0,25178.65
27-Feb-2026,10-Mar-2026,PE,27100.0,1858.8,130.0,25178.65
27-Feb-2026,10-Mar-2026,PE,27150.0,1662.05,130.0,25178.65
27-Feb-2026,10-Mar-2026,PE,27200.0,1745.45,130.0,25178.65
27-Feb-2026,10-Mar-2026,PE,27250.0,2022.2,260.0,25178.65
27-Feb-2026,10-Mar-2026,PE,27300.0,2033.45,195.0,25178.65
27-Feb-2026,10-Mar-2026,PE,27350.0,1863.0,195.0,25178.65
27-Feb-2026,10-Mar-2026,PE,27400.0,2174.05,195.0,25178.65
27-Feb-2026,10-Mar-2026,PE,27450.0,1957.75,195.0,25178.65
27-Feb-2026,10-Mar-2026,PE,27500.0,2250.0,2145.0,25178.65
27-Feb-2026,10-Mar-2026,PE,27550.0,2045.05,65.0,25178.65
27-Feb-2026,10-Mar-2026,PE,27600.0,2091.75,130.0,25178.65
27-Feb-2026,10-Mar-2026,PE,27650.0,2138.8,130.0,25178.65
27-Feb-2026,10-Mar-2026,PE,27700.0,2320.0,195.0,25178.65
02-Mar-2026,02-Mar-2026,CE,23100.0,1711.75,2665.0,24865.7
02-Mar-2026,02-Mar-2026,CE,23150.0,1504.2,130.0,24865.7
02-Mar-2026,02-Mar-2026,CE,23200.0,1662.0,260.0,24865.7
02-Mar-2026,02-Mar-2026,CE,23250.0,2221.0,195.0,24865.7
02-Mar-2026,02-Mar-2026,CE,23300.0,1470.0,260.0,24865.7
02-Mar-2026,02-Mar-2026,CE,23350.0,2206.55,260.0,24865.7
02-Mar-2026,02-Mar-2026,CE,23400.0,1483.9,910.0,24865.7
02-Mar-2026,02-Mar-2026,CE,23450.0,2022.05,195.0,24865.7
02-Mar-2026,02-Mar-2026,CE,23500.0,1360.0,3380.0,24865.7
02-Mar-2026,02-Mar-2026,CE,23550.0,1135.8,130.0,24865.7
02-Mar-2026,02-Mar-2026,CE,23600.0,1231.2,455.0,24865.7
02-Mar-2026,02-Mar-2026,CE,23650.0,1796.75,195.0,24865.7
02-Mar-2026,02-Mar-2026,CE,23700.0,1138.2,1235.0,24865.7
02-Mar-2026,02-Mar-2026,CE,23750.0,1114.45,130.0,24865.7
02-Mar-2026,02-Mar-2026,CE,23800.0,1000.8,2210.0,24865.7
02-Mar-2026,02-Mar-2026,CE,23850.0,922.95,1495.0,24865.7
02-Mar-2026,02-Mar-2026,CE,23900.0,934.65,2275.0,24865.7
02-Mar-2026,02-Mar-2026,CE,23950.0,917.2,4875.0,24865.7
02-Mar-2026,02-Mar-2026,CE,24000.0,865.0,34580.0,24865.7
02-Mar-2026,02-Mar-2026,CE,24050.0,816.95,18265.0,24865.7
02-Mar-2026,02-Mar-2026,CE,24100.0,766.95,9620.0,24865.7
02-Mar-2026,02-Mar-2026,CE,24150.0,716.7,6890.0,24865.7
02-Mar-2026,02-Mar-2026,CE,24200.0,664.55,19760.0,24865.7
02-Mar-2026,02-Mar-2026,CE,24250.0,614.9,11310.0,24865.7
02-Mar-2026,02-Mar-2026,CE,24300.0,566.0,33215.0,24865.7
02-Mar-2026,02-Mar-2026,CE,24350.0,515.4,26130.0,24865.7
02-Mar-2026,02-Mar-2026,CE,24400.0,465.4,97825.0,24865.7
02-Mar-2026,02-Mar-2026,CE,24450.0,416.2,135915.0,24865.7
02-Mar-2026,02-Mar-2026,CE,24500.0,364.95,651950.0,24865.7
02-Mar-2026,02-Mar-2026,CE,24550.0,315.0,570830.0,24865.7
02-Mar-2026,02-Mar-2026,CE,24600.0,264.5,566865.0,24865.7
02-Mar-2026,02-Mar-2026,CE,24650.0,215.05,810485.0,24865.7
02-Mar-2026,02-Mar-2026,CE,24700.0,165.2,2082080.0,24865.7
02-Mar-2026,02-Mar-2026,CE,24750.0,115.3,1911325.0,24865.7
02-Mar-2026,02-Mar-2026,CE,24800.0,65.4,2936570.0,24865.7
02-Mar-2026,02-Mar-2026,CE,24850.0,15.6,5893810.0,24865.7
02-Mar-2026,02-Mar-2026,CE,24900.0,0.05,23509460.0,24865.7
02-Mar-2026,02-Mar-2026,CE,24950.0,0.05,6578325.0,24865.7
02-Mar-2026,02-Mar-2026,CE,25000.0,0.05,12101895.0,24865.7
02-Mar-2026,02-Mar-2026,CE,25050.0,0.05,3806010.0,24865.7
02-Mar-2026,02-Mar-2026,CE,25100.0,0.05,5445830.0,24865.7
02-Mar-2026,02-Mar-2026,CE,25150.0,0.05,2835040.0,24865.7
02-Mar-2026,02-Mar-2026,CE,25200.0,0.05,6544005.0,24865.7
02-Mar-2026,02-Mar-2026,CE,25250.0,0.05,3336125.0,24865.7
02-Mar-2026,02-Mar-2026,CE,25300.0,0.05,7094620.0,24865.7
02-Mar-2026,02-Mar-2026,CE,25350.0,0.05,3604770.0,24865.7
02-Mar-2026,02-Mar-2026,CE,25400.0,0.05,5571345.0,24865.7
02-Mar-2026,02-Mar-2026,CE,25450.0,0.05,2785510.0,24865.7
02-Mar-2026,02-Mar-2026,CE,25500.0,0.05,9117745.0,24865.7
02-Mar-2026,02-Mar-2026,CE,25550.0,0.05,3447080.0,24865.7
02-Mar-2026,02-Mar-2026,CE,25600.0,0.1,5789160.0,24865.7
02-Mar-2026,02-Mar-2026,CE,25650.0,0.05,2494895.0,24865.7
02-Mar-2026,02-Mar-2026,CE,25700.0,0.05,5162690.0,24865.7
02-Mar-2026,02-Mar-2026,CE,25750.0,0.05,3384290.0,24865.7
02-Mar-2026,02-Mar-2026,CE,25800.0,0.05,4402320.0,24865.7
02-Mar-2026,02-Mar-2026,CE,25850.0,0.05,2100020.0,24865.7
02-Mar-2026,02-Mar-2026,CE,25900.0,0.05,2617160.0,24865.7
02-Mar-2026,02-Mar-2026,CE,25950.0,0.05,1316250.0,24865.7
02-Mar-2026,02-Mar-2026,CE,26000.0,0.05,8638240.0,24865.7
02-Mar-2026,02-Mar-2026,CE,26050.0,0.05,1588340.0,24865.7
02-Mar-2026,02-Mar-2026,CE,26100.0,0.05,1975025.0,24865.7
02-Mar-2026,02-Mar-2026,CE,26150.0,0.05,1065155.0,24865.7
02-Mar-2026,02-Mar-2026,CE,26200.0,0.1,2255760.0,24865.7
02-Mar-2026,02-Mar-2026,CE,26250.0,0.05,1081730.0,24865.7
02-Mar-2026,02-Mar-2026,CE,26300.0,0.05,3189745.0,24865.7
02-Mar-2026,02-Mar-2026,CE,26350.0,0.05,780975.0,24865.7
02-Mar-2026,02-Mar-2026,CE,26400.0,0.05,1151800.0,24865.7
02-Mar-2026,02-Mar-2026,CE,26450.0,0.05,636155.0,24865.7
02-Mar-2026,02-Mar-2026,CE,26500.0,0.05,7460505.0,24865.7
02-Mar-2026,02-Mar-2026,CE,26550.0,0.05,409890.0,24865.7
02-Mar-2026,02-Mar-2026,CE,26600.0,0.05,1153945.0,24865.7
02-Mar-2026,02-Mar-2026,CE,26650.0,0.05,227630.0,24865.7
02-Mar-2026,02-Mar-2026,CE,26700.0,0.1,1515280.0,24865.7
02-Mar-2026,02-Mar-2026,CE,26750.0,0.05,548405.0,24865.7
02-Mar-2026,02-Mar-2026,CE,26800.0,0.05,1137630.0,24865.7
02-Mar-2026,02-Mar-2026,CE,26850.0,0.05,505440.0,24865.7
02-Mar-2026,02-Mar-2026,CE,26900.0,0.05,416520.0,24865.7
02-Mar-2026,02-Mar-2026,CE,26950.0,0.05,333905.0,24865.7
02-Mar-2026,02-Mar-2026,CE,27000.0,0.05,3252535.0,24865.7
02-Mar-2026,02-Mar-2026,CE,27050.0,0.05,189670.0,24865.7
02-Mar-2026,02-Mar-2026,CE,27100.0,0.1,274105.0,24865.7
02-Mar-2026,02-Mar-2026,CE,27150.0,0.05,466180.0,24865.7
02-Mar-2026,02-Mar-2026,CE,27200.0,0.05,902005.0,24865.7
02-Mar-2026,02-Mar-2026,CE,27250.0,0.05,218400.0,24865.7
02-Mar-2026,02-Mar-2026,CE,27300.0,0.05,498615.0,24865.7
02-Mar-2026,02-Mar-2026,CE,27350.0,0.05,291915.0,24865.7
02-Mar-2026,02-Mar-2026,CE,27400.0,0.05,733330.0,24865.7
02-Mar-2026,02-Mar-2026,CE,27450.0,0.05,164385.0,24865.7
02-Mar-2026,02-Mar-2026,CE,27500.0,0.1,944385.0,24865.7
02-Mar-2026,02-Mar-2026,CE,27550.0,0.05,116935.0,24865.7
02-Mar-2026,02-Mar-2026,CE,27600.0,0.05,626080.0,24865.7
02-Mar-2026,02-Mar-2026,CE,27650.0,0.05,243685.0,24865.7
02-Mar-2026,02-Mar-2026,CE,27700.0,0.05,1224145.0,24865.7
02-Mar-2026,02-Mar-2026,PE,23100.0,0.05,4098835.0,24865.7
02-Mar-2026,02-Mar-2026,PE,23150.0,0.05,581165.0,24865.7
02-Mar-2026,02-Mar-2026,PE,23200.0,0.05,982020.0,24865.7
02-Mar-2026,02-Mar-2026,PE,23250.0,0.05,467090.0,24865.7
02-Mar-2026,02-Mar-2026,PE,23300.0,0.05,960570.0,24865.7
02-Mar-2026,02-Mar-2026,PE,23350.0,0.05,626340.0,24865.7
02-Mar-2026,02-Mar-2026,PE,23400.0,0.05,645645.0,24865.7
02-Mar-2026,02-Mar-2026,PE,23450.0,0.05,530855.0,24865.7
02-Mar-2026,02-Mar-2026,PE,23500.0,0.05,6123975.0,24865.7
02-Mar-2026,02-Mar-2026,PE,23550.0,0.05,831935.0,24865.7
02-Mar-2026,02-Mar-2026,PE,23600.0,0.05,1664780.0,24865.7
02-Mar-2026,02-Mar-2026,PE,23650.0,0.05,552175.0,24865.7
02-Mar-2026,02-Mar-2026,PE,23700.0,0.05,1668485.0,24865.7
02-Mar-2026,02-Mar-2026,PE,23750.0,0.05,1039610.0,24865.7
02-Mar-2026,02-Mar-2026,PE,23800.0,0.05,2957110.0,24865.7
02-Mar-2026,02-Mar-2026,PE,23850.0,0.05,1061710.0,24865.7
02-Mar-2026,02-Mar-2026,PE,23900.0,0.05,2760030.0,24865.7
02-Mar-2026,02-Mar-2026,PE,23950.0,0.05,1116310.0,24865.7
02-Mar-2026,02-Mar-2026,PE,24000.0,0.05,9764170.0,24865.7
02-Mar-2026,02-Mar-2026,PE,24050.0,0.05,2442180.0,24865.7
02-Mar-2026,02-Mar-2026,PE,24100.0,0.05,3686995.0,24865.7
02-Mar-2026,02-Mar-2026,PE,24150.0,0.05,2350010.0,24865.7
02-Mar-2026,02-Mar-2026,PE,24200.0,0.05,5634135.0,24865.7
02-Mar-2026,02-Mar-2026,PE,24250.0,0.05,2240745.0,24865.7
02-Mar-2026,02-Mar-2026,PE,24300.0,0.05,4686695.0,24865.7
02-Mar-2026,02-Mar-2026,PE,24350.0,0.05,2548455.0,24865.7
02-Mar-2026,02-Mar-2026,PE,24400.0,0.05,4346615.0,24865.7
02-Mar-2026,02-Mar-2026,PE,24450.0,0.05,3035890.0,24865.7
02-Mar-2026,02-Mar-2026,PE,24500.0,0.05,8188310.0,24865.7
02-Mar-2026,02-Mar-2026,PE,24550.0,0.05,4130035.0,24865.7
02-Mar-2026,02-Mar-2026,PE,24600.0,0.05,9070360.0,24865.7
02-Mar-2026,02-Mar-2026,PE,24650.0,0.05,6187285.0,24865.7
02-Mar-2026,02-Mar-2026,PE,24700.0,0.05,9376055.0,24865.7
02-Mar-2026,02-Mar-2026,PE,24750.0,0.05,7459530.0,24865.7
02-Mar-2026,02-Mar-2026,PE,24800.0,0.05,14120535.0,24865.7
02-Mar-2026,02-Mar-2026,PE,24850.0,0.05,16179475.0,24865.7
02-Mar-2026,02-Mar-2026,PE,24900.0,34.3,7152665.0,24865.7
02-Mar-2026,02-Mar-2026,PE,24950.0,84.15,1552980.0,24865.7
02-Mar-2026,02-Mar-2026,PE,25000.0,134.05,2013830.0,24865.7
02-Mar-2026,02-Mar-2026,PE,25050.0,183.95,333840.0,24865.7
02-Mar-2026,02-Mar-2026,PE,25100.0,233.85,965315.0,24865.7
02-Mar-2026,02-Mar-2026,PE,25150.0,283.75,420030.0,24865.7
02-Mar-2026,02-Mar-2026,PE,25200.0,334.1,1065545.0,24865.7
02-Mar-2026,02-Mar-2026,PE,25250.0,384.7,440570.0,24865.7
02-Mar-2026,02-Mar-2026,PE,25300.0,433.15,654225.0,24865.7
02-Mar-2026,02-Mar-2026,PE,25350.0,484.45,448695.0,24865.7
02-Mar-2026,02-Mar-2026,PE,25400.0,535.25,824980.0,24865.7
02-Mar-2026,02-Mar-2026,PE,25450.0,584.0,262080.0,24865.7
02-Mar-2026,02-Mar-2026,PE,25500.0,634.2,1279525.0,24865.7
02-Mar-2026,02-Mar-2026,PE,25550.0,684.4,378495.0,24865.7
02-Mar-2026,02-Mar-2026,PE,25600.0,737.9,535795.0,24865.7
02-Mar-2026,02-Mar-2026,PE,25650.0,783.0,259610.0,24865.7
02-Mar-2026,02-Mar-2026,PE,25700.0,835.85,339170.0,24865.7
02-Mar-2026,02-Mar-2026,PE,25750.0,884.7,165425.0,24865.7
02-Mar-2026,02-Mar-2026,PE,25800.0,935.6,198185.0,24865.7
02-Mar-2026,02-Mar-2026,PE,25850.0,983.6,72280.0,24865.7
02-Mar-2026,02-Mar-2026,PE,25900.0,1036.2,113750.0,24865.7
02-Mar-2026,02-Mar-2026,PE,25950.0,1085.55,58890.0,24865.7
02-Mar-2026,02-Mar-2026,PE,26000.0,1135.8,325260.0,24865.7
02-Mar-2026,02-Mar-2026,PE,26050.0,1182.65,43940.0,24865.7
02-Mar-2026,02-Mar-2026,PE,26100.0,1236.45,100750.0,24865.7
02-Mar-2026,02-Mar-2026,PE,26150.0,1278.0,36725.0,24865.7
02-Mar-2026,02-Mar-2026,PE,26200.0,1336.6,68705.0,24865.7
02-Mar-2026,02-Mar-2026,PE,26250.0,1385.65,23530.0,24865.7
02-Mar-2026,02-Mar-2026,PE,26300.0,1438.5,54080.0,24865.7
02-Mar-2026,02-Mar-2026,PE,26350.0,1488.05,7930.0,24865.7
02-Mar-2026,02-Mar-2026,PE,26400.0,1518.7,23985.0,24865.7
02-Mar-2026,02-Mar-2026,PE,26450.0,1630.0,2730.0,24865.7
02-Mar-2026,02-Mar-2026,PE,26500.0,1636.8,95940.0,24865.7
02-Mar-2026,02-Mar-2026,PE,26550.0,1697.25,520.0,24865.7
02-Mar-2026,02-Mar-2026,PE,26600.0,1732.9,16315.0,24865.7
02-Mar-2026,02-Mar-2026,PE,26650.0,1780.0,195.0,24865.7
02-Mar-2026,02-Mar-2026,PE,26700.0,1833.0,9490.0,24865.7
02-Mar-2026,02-Mar-2026,PE,26750.0,1357.45,325.0,24865.7
02-Mar-2026,02-Mar-2026,PE,26800.0,1940.0,3510.0,24865.7
02-Mar-2026,02-Mar-2026,PE,26850.0,2148.35,65.0,24865.7
02-Mar-2026,02-Mar-2026,PE,26900.0,2166.65,9425.0,24865.7
02-Mar-2026,02-Mar-2026,PE,26950.0,2129.0,260.0,24865.7
02-Mar-2026,02-Mar-2026,PE,27000.0,2135.2,45435.0,24865.7
02-Mar-2026,02-Mar-2026,PE,27050.0,1586.4,130.0,24865.7
02-Mar-2026,02-Mar-2026,PE,27100.0,2230.0,325.0,24865.7
02-Mar-2026,02-Mar-2026,PE,27150.0,1705.75,130.0,24865.7
02-Mar-2026,02-Mar-2026,PE,27200.0,2340.0,130.0,24865.7
02-Mar-2026,02-Mar-2026,PE,27250.0,1785.35,65.0,24865.7
02-Mar-2026,02-Mar-2026,PE,27300.0,1725.75,65.0,24865.7
02-Mar-2026,02-Mar-2026,PE,27350.0,2526.3,5980.0,24865.7
02-Mar-2026,02-Mar-2026,PE,27400.0,1937.3,65.0,24865.7
02-Mar-2026,02-Mar-2026,PE,27450.0,1980.15,130.0,24865.7
02-Mar-2026,02-Mar-2026,PE,27500.0,2634.6,16900.0,24865.7
02-Mar-2026,02-Mar-2026,PE,27550.0,2246.5,195.0,24865.7
02-Mar-2026,02-Mar-2026,PE,27600.0,2136.35,195.0,24865.7
02-Mar-2026,02-Mar-2026,PE,27650.0,2792.45,325.0,24865.7
02-Mar-2026,02-Mar-2026,PE,27700.0,2385.0,195.0,24865.7
02-Mar-2026,10-Mar-2026,CE,23450.0,1467.9,65.0,24865.7
02-Mar-2026,10-Mar-2026,CE,23500.0,1415.0,8320.0,24865.7
02-Mar-2026,10-Mar-2026,CE,23550.0,1353.25,,24865.7
02-Mar-2026,10-Mar-2026,CE,23600.0,1316.45,910.0,24865.7
02-Mar-2026,10-Mar-2026,CE,23650.0,1272.75,130.0,24865.7
02-Mar-2026,10-Mar-2026,CE,23700.0,1200.25,5070.0,24865.7
02-Mar-2026,10-Mar-2026,CE,23750.0,1183.0,195.0,24865.7
02-Mar-2026,10-Mar-2026,CE,23800.0,1132.4,2015.0,24865.7
02-Mar-2026,10-Mar-2026,CE,23850.0,1072.05,325.0,24865.7
02-Mar-2026,10-Mar-2026,CE,23900.0,1050.95,1495.0,24865.7
02-Mar-2026,10-Mar-2026,CE,23950.0,984.65,780.0,24865.7
02-Mar-2026,10-Mar-2026,CE,24000.0,960.4,199940.0,24865.7
02-Mar-2026,10-Mar-2026,CE,24050.0,902.7,14040.0,24865.7
02-Mar-2026,10-Mar-2026,CE,24100.0,865.0,8840.0,24865.7
02-Mar-2026,10-Mar-2026,CE,24150.0,817.1,2145.0,24865.7
02-Mar-2026,10-Mar-2026,CE,24200.0,775.5,81965.0,24865.7
02-Mar-2026,10-Mar-2026,CE,24250.0,735.4,16640.0,24865.7
02-Mar-2026,10-Mar-2026,CE,24300.0,692.35,70395.0,24865.7
02-Mar-2026,10-Mar-2026,CE,24350.0,647.5,13780.0,24865.7
02-Mar-2026,10-Mar-2026,CE,24400.0,609.85,56290.0,24865.7
02-Mar-2026,10-Mar-2026,CE,24450.0,568.6,15210.0,24865.7
02-Mar-2026,10-Mar-2026,CE,24500.0,530.0,636285.0,24865.7
02-Mar-2026,10-Mar-2026,CE,24550.0,491.35,30420.0,24865.7
02-Mar-2026,10-Mar-2026,CE,24600.0,442.05,261625.0,24865.7
02-Mar-2026,10-Mar-2026,CE,24650.0,422.0,107185.0,24865.7
02-Mar-2026,10-Mar-2026,CE,24700.0,381.25,771030.0,24865.7
02-Mar-2026,10-Mar-2026,CE,24750.0,350.0,228085.0,24865.7
02-Mar-2026,10-Mar-2026,CE,24800.0,320.0,1293240.0,24865.7
02-Mar-2026,10-Mar-2026,CE,24850.0,289.95,523250.0,24865.7
02-Mar-2026,10-Mar-2026,CE,24900.0,259.9,1842100.0,24865.7
02-Mar-2026,10-Mar-2026,CE,24950.0,233.65,351975.0,24865.7
02-Mar-2026,10-Mar-2026,CE,25000.0,207.0,3713125.0,24865.7
02-Mar-2026,10-Mar-2026,CE,25050.0,184.15,256620.0,24865.7
02-Mar-2026,10-Mar-2026,CE,25100.0,159.85,1097200.0,24865.7
02-Mar-2026,10-Mar-2026,CE,25150.0,141.05,381745.0,24865.7
02-Mar-2026,10-Mar-2026,CE,25200.0,124.0,2132650.0,24865.7
02-Mar-2026,10-Mar-2026,CE,25250.0,105.3,540345.0,24865.7
02-Mar-2026,10-Mar-2026,CE,25300.0,92.65,2487355.0,24865.7
02-Mar-2026,10-Mar-2026,CE,25350.0,78.8,601380.0,24865.7
02-Mar-2026,10-Mar-2026,CE,25400.0,67.15,2470325.0,24865.7
02-Mar-2026,10-Mar-2026,CE,25450.0,56.9,789230.0,24865.7
02-Mar-2026,10-Mar-2026,CE,25500.0,48.05,4597710.0,24865.7
02-Mar-2026,10-Mar-2026,CE,25550.0,40.85,818805.0,24865.7
02-Mar-2026,10-Mar-2026,CE,25600.0,35.0,2262195.0,24865.7
02-Mar-2026,10-Mar-2026,CE,25650.0,29.8,862745.0,24865.7
02-Mar-2026,10-Mar-2026,CE,25700.0,25.0,2250105.0,24865.7
02-Mar-2026,10-Mar-2026,CE,25750.0,21.3,1233960.0,24865.7
02-Mar-2026,10-Mar-2026,CE,25800.0,17.15,3146715.0,24865.7
02-Mar-2026,10-Mar-2026,CE,25850.0,15.2,485355.0,24865.7
02-Mar-2026,10-Mar-2026,CE,25900.0,13.0,1751490.0,24865.7
02-Mar-2026,10-Mar-2026,CE,25950.0,10.6,457470.0,24865.7
02-Mar-2026,10-Mar-2026,CE,26000.0,9.55,5851495.0,24865.7
02-Mar-2026,10-Mar-2026,CE,26050.0,8.1,440570.0,24865.7
02-Mar-2026,10-Mar-2026,CE,26100.0,7.6,1267370.0,24865.7
02-Mar-2026,10-Mar-2026,CE,26150.0,6.25,198315.0,24865.7
02-Mar-2026,10-Mar-2026,CE,26200.0,5.85,1610440.0,24865.7
02-Mar-2026,10-Mar-2026,CE,26250.0,5.2,418080.0,24865.7
02-Mar-2026,10-Mar-2026,CE,26300.0,4.5,2028065.0,24865.7
02-Mar-2026,10-Mar-2026,CE,26350.0,4.15,217360.0,24865.7
02-Mar-2026,10-Mar-2026,CE,26400.0,3.75,1139385.0,24865.7
02-Mar-2026,10-Mar-2026,CE,26450.0,3.05,226980.0,24865.7
02-Mar-2026,10-Mar-2026,CE,26500.0,2.95,2646020.0,24865.7
02-Mar-2026,10-Mar-2026,CE,26550.0,2.85,160420.0,24865.7
02-Mar-2026,10-Mar-2026,CE,26600.0,2.2,900705.0,24865.7
02-Mar-2026,10-Mar-2026,CE,26650.0,2.5,117715.0,24865.7
02-Mar-2026,10-Mar-2026,CE,26700.0,2.4,609180.0,24865.7
02-Mar-2026,10-Mar-2026,CE,26750.0,2.05,165100.0,24865.7
02-Mar-2026,10-Mar-2026,CE,26800.0,2.1,694720.0,24865.7
02-Mar-2026,10-Mar-2026,CE,26850.0,1.8,240045.0,24865.7
02-Mar-2026,10-Mar-2026,CE,26900.0,2.1,327730.0,24865.7
02-Mar-2026,10-Mar-2026,CE,26950.0,2.1,193895.0,24865.7
02-Mar-2026,10-Mar-2026,CE,27000.0,1.75,3112460.0,24865.7
02-Mar-2026,10-Mar-2026,CE,27050.0,1.55,130780.0,24865.7
02-Mar-2026,10-Mar-2026,CE,27100.0,1.55,327275.0,24865.7
02-Mar-2026,10-Mar-2026,CE,27150.0,1.45,22685.0,24865.7
02-Mar-2026,10-Mar-2026,CE,27200.0,1.4,2376595.0,24865.7
02-Mar-2026,10-Mar-2026,CE,27250.0,1.4,34450.0,24865.7
02-Mar-2026,10-Mar-2026,CE,27300.0,1.35,139425.0,24865.7
02-Mar-2026,10-Mar-2026,CE,27350.0,1.35,21645.0,24865.7
02-Mar-2026,10-Mar-2026,CE,27400.0,1.3,136240.0,24865.7
02-Mar-2026,10-Mar-2026,CE,27450.0,1.4,16445.0,24865.7
02-Mar-2026,10-Mar-2026,CE,27500.0,1.3,822640.0,24865.7
02-Mar-2026,10-Mar-2026,CE,27550.0,1.4,19435.0,24865.7
02-Mar-2026,10-Mar-2026,CE,27600.0,1.3,69745.0,24865.7
02-Mar-2026,10-Mar-2026,CE,27650.0,1.3,31395.0,24865.7
02-Mar-2026,10-Mar-2026,CE,27700.0,1.3,247195.0,24865.7
02-Mar-2026,10-Mar-2026,PE,23450.0,30.55,2241590.0,24865.7
02-Mar-2026,10-Mar-2026,PE,23500.0,32.7,4167800.0,24865.7
02-Mar-2026,10-Mar-2026,PE,23550.0,35.05,314015.0,24865.7
02-Mar-2026,10-Mar-2026,PE,23600.0,38.0,953810.0,24865.7
02-Mar-2026,10-Mar-2026,PE,23650.0,40.6,548795.0,24865.7
02-Mar-2026,10-Mar-2026,PE,23700.0,42.7,1077440.0,24865.7
02-Mar-2026,10-Mar-2026,PE,23750.0,45.5,225355.0,24865.7
02-Mar-2026,10-Mar-2026,PE,23800.0,49.75,1150565.0,24865.7
02-Mar-2026,10-Mar-2026,PE,23850.0,53.0,312780.0,24865.7
02-Mar-2026,10-Mar-2026,PE,23900.0,57.4,1065610.0,24865.7
02-Mar-2026,10-Mar-2026,PE,23950.0,62.0,257205.0,24865.7
02-Mar-2026,10-Mar-2026,PE,24000.0,65.25,4218370.0,24865.7
02-Mar-2026,10-Mar-2026,PE,24050.0,69.9,345475.0,24865.7
02-Mar-2026,10-Mar-2026,PE,24100.0,74.0,1528670.0,24865.7
02-Mar-2026,10-Mar-2026,PE,24150.0,80.65,271245.0,24865.7
02-Mar-2026,10-Mar-2026,PE,24200.0,87.0,1892540.0,24865.7
02-Mar-2026,10-Mar-2026,PE,24250.0,94.3,394940.0,24865.7
02-Mar-2026,10-Mar-2026,PE,24300.0,103.3,1849315.0,24865.7
02-Mar-2026,10-Mar-2026,PE,24350.0,110.95,387530.0,24865.7
02-Mar-2026,10-Mar-2026,PE,24400.0,120.0,1528995.0,24865.7
02-Mar-2026,10-Mar-2026,PE,24450.0,127.3,376350.0,24865.7
02-Mar-2026,10-Mar-2026,PE,24500.0,140.5,3313765.0,24865.7
02-Mar-2026,10-Mar-2026,PE,24550.0,150.2,416000.0,24865.7
02-Mar-2026,10-Mar-2026,PE,24600.0,164.55,1792440.0,24865.7
02-Mar-2026,10-Mar-2026,PE,24650.0,176.05,603395.0,24865.7
02-Mar-2026,10-Mar-2026,PE,24700.0,193.0,2106520.0,24865.7
02-Mar-2026,10-Mar-2026,PE,24750.0,210.0,688090.0,24865.7
02-Mar-2026,10-Mar-2026,PE,24800.0,227.0,2321670.0,24865.7
02-Mar-2026,10-Mar-2026,PE,24850.0,246.5,746850.0,24865.7
02-Mar-2026,10-Mar-2026,PE,24900.0,270.0,1858805.0,24865.7
02-Mar-2026,10-Mar-2026,PE,24950.0,288.0,285155.0,24865.7
02-Mar-2026,10-Mar-2026,PE,25000.0,311.85,2533180.0,24865.7
02-Mar-2026,10-Mar-2026,PE,25050.0,337.45,131430.0,24865.7
02-Mar-2026,10-Mar-2026,PE,25100.0,369.25,532285.0,24865.7
02-Mar-2026,10-Mar-2026,PE,25150.0,397.9,110630.0,24865.7
02-Mar-2026,10-Mar-2026,PE,25200.0,431.5,718770.0,24865.7
02-Mar-2026,10-Mar-2026,PE,25250.0,456.55,99905.0,24865.7
02-Mar-2026,10-Mar-2026,PE,25300.0,500.0,554450.0,24865.7
02-Mar-2026,10-Mar-2026,PE,25350.0,528.45,87035.0,24865.7
02-Mar-2026,10-Mar-2026,PE,25400.0,573.65,567255.0,24865.7
02-Mar-2026,10-Mar-2026,PE,25450.0,614.3,139685.0,24865.7
02-Mar-2026,10-Mar-2026,PE,25500.0,654.0,1359540.0,24865.7
02-Mar-2026,10-Mar-2026,PE,25550.0,698.0,72410.0,24865.7
02-Mar-2026,10-Mar-2026,PE,25600.0,742.0,329615.0,24865.7
02-Mar-2026,10-Mar-2026,PE,25650.0,783.95,108875.0,24865.7
02-Mar-2026,10-Mar-2026,PE,25700.0,824.4,313040.0,24865.7
02-Mar-2026,10-Mar-2026,PE,25750.0,866.6,44265.0,24865.7
02-Mar-2026,10-Mar-2026,PE,25800.0,924.4,243685.0,24865.7
02-Mar-2026,10-Mar-2026,PE,25850.0,969.2,65000.0,24865.7
02-Mar-2026,10-Mar-2026,PE,25900.0,1019.7,137410.0,24865.7
02-Mar-2026,10-Mar-2026,PE,25950.0,1054.2,9100.0,24865.7
02-Mar-2026,10-Mar-2026,PE,26000.0,1109.4,480025.0,24865.7
02-Mar-2026,10-Mar-2026,PE,26050.0,1188.6,13130.0,24865.7
02-Mar-2026,10-Mar-2026,PE,26100.0,1208.0,280280.0,24865.7
02-Mar-2026,10-Mar-2026,PE,26150.0,1244.1,5525.0,24865.7
02-Mar-2026,10-Mar-2026,PE,26200.0,1311.25,77935.0,24865.7
02-Mar-2026,10-Mar-2026,PE,26250.0,1222.4,3640.0,24865.7
02-Mar-2026,10-Mar-2026,PE,26300.0,1421.55,44525.0,24865.7
02-Mar-2026,10-Mar-2026,PE,26350.0,1470.0,1170.0,24865.7
02-Mar-2026,10-Mar-2026,PE,26400.0,1522.9,33345.0,24865.7
02-Mar-2026,10-Mar-2026,PE,26450.0,1000.0,390.0,24865.7
02-Mar-2026,10-Mar-2026,PE,26500.0,1600.75,167635.0,24865.7
02-Mar-2026,10-Mar-2026,PE,26550.0,943.65,325.0,24865.7
02-Mar-2026,10-Mar-2026,PE,26600.0,1695.65,31395.0,24865.7
02-Mar-2026,10-Mar-2026,PE,26650.0,1643.65,325.0,24865.7
02-Mar-2026,10-Mar-2026,PE,26700.0,1805.0,4160.0,24865.7
02-Mar-2026,10-Mar-2026,PE,26750.0,1207.0,325.0,24865.7
02-Mar-2026,10-Mar-2026,PE,26800.0,1884.4,975.0,24865.7
02-Mar-2026,10-Mar-2026,PE,26850.0,1353.3,65.0,24865.7
02-Mar-2026,10-Mar-2026,PE,26900.0,2240.0,455.0,24865.7
02-Mar-2026,10-Mar-2026,PE,26950.0,2016.3,195.0,24865.7
02-Mar-2026,10-Mar-2026,PE,27000.0,2092.15,65520.0,24865.7
02-Mar-2026,10-Mar-2026,PE,27050.0,1564.7,195.0,24865.7
02-Mar-2026,10-Mar-2026,PE,27100.0,2186.0,195.0,24865.7
02-Mar-2026,10-Mar-2026,PE,27150.0,1662.05,130.0,24865.7
02-Mar-2026,10-Mar-2026,PE,27200.0,2315.15,130.0,24865.7
02-Mar-2026,10-Mar-2026,PE,27250.0,2022.2,260.0,24865.7
02-Mar-2026,10-Mar-2026,PE,27300.0,2033.45,195.0,24865.7
02-Mar-2026,10-Mar-2026,PE,27350.0,1863.0,195.0,24865.7
02-Mar-2026,10-Mar-2026,PE,27400.0,2174.05,195.0,24865.7
02-Mar-2026,10-Mar-2026,PE,27450.0,1957.75,195.0,24865.7
02-Mar-2026,10-Mar-2026,PE,27500.0,2555.75,12935.0,24865.7
02-Mar-2026,10-Mar-2026,PE,27550.0,2045.05,65.0,24865.7
02-Mar-2026,10-Mar-2026,PE,27600.0,2091.75,130.0,24865.7
02-Mar-2026,10-Mar-2026,PE,27650.0,2750.0,195.0,24865.7
02-Mar-2026,10-Mar-2026,PE,27700.0,2320.0,195.0,24865.7
04-Mar-2026,10-Mar-2026,CE,23100.0,1418.3,910.0,24480.5
04-Mar-2026,10-Mar-2026,CE,23150.0,,,24480.5
04-Mar-2026,10-Mar-2026,CE,23200.0,,,24480.5
04-Mar-2026,10-Mar-2026,CE,23250.0,,,24480.5
04-Mar-2026,10-Mar-2026,CE,23300.0,1256.0,20605.0,24480.5
04-Mar-2026,10-Mar-2026,CE,23350.0,1244.6,390.0,24480.5
04-Mar-2026,10-Mar-2026,CE,23400.0,1154.75,31980.0,24480.5
04-Mar-2026,10-Mar-2026,CE,23450.0,1196.45,845.0,24480.5
04-Mar-2026,10-Mar-2026,CE,23500.0,1074.5,91975.0,24480.5
04-Mar-2026,10-Mar-2026,CE,23550.0,1018.5,1235.0,24480.5
04-Mar-2026,10-Mar-2026,CE,23600.0,972.4,13260.0,24480.5
04-Mar-2026,10-Mar-2026,CE,23650.0,929.7,2405.0,24480.5
04-Mar-2026,10-Mar-2026,CE,23700.0,899.9,50180.0,24480.5
04-Mar-2026,10-Mar-2026,CE,23750.0,853.75,4030.0,24480.5
04-Mar-2026,10-Mar-2026,CE,23800.0,813.0,61750.0,24480.5
04-Mar-2026,10-Mar-2026,CE,23850.0,768.7,24115.0,24480.5
04-Mar-2026,10-Mar-2026,CE,23900.0,732.9,39195.0,24480.5
04-Mar-2026,10-Mar-2026,CE,23950.0,686.65,23985.0,24480.5
04-Mar-2026,10-Mar-2026,CE,24000.0,649.0,420225.0,24480.5
04-Mar-2026,10-Mar-2026,CE,24050.0,609.3,42770.0,24480.5
04-Mar-2026,10-Mar-2026,CE,24100.0,572.0,72085.0,24480.5
04-Mar-2026,10-Mar-2026,CE,24150.0,534.9,47255.0,24480.5
04-Mar-2026,10-Mar-2026,CE,24200.0,498.45,239785.0,24480.5
04-Mar-2026,10-Mar-2026,CE,24250.0,463.15,126165.0,24480.5
04-Mar-2026,10-Mar-2026,CE,24300.0,428.4,745030.0,24480.5
04-Mar-2026,10-Mar-2026,CE,24350.0,394.0,552565.0,24480.5
04-Mar-2026,10-Mar-2026,CE,24400.0,360.4,1697540.0,24480.5
04-Mar-2026,10-Mar-2026,CE,24450.0,330.0,785655.0,24480.5
04-Mar-2026,10-Mar-2026,CE,24500.0,299.25,3132025.0,24480.5
04-Mar-2026,10-Mar-2026,CE,24550.0,271.1,865540.0,24480.5
04-Mar-2026,10-Mar-2026,CE,24600.0,243.25,1591850.0,24480.5
04-Mar-2026,10-Mar-2026,CE,24650.0,217.85,667940.0,24480.5
04-Mar-2026,10-Mar-2026,CE,24700.0,193.65,1678885.0,24480.5
04-Mar-2026,10-Mar-2026,CE,24750.0,171.75,491725.0,24480.5
04-Mar-2026,10-Mar-2026,CE,24800.0,150.95,2064335.0,24480.5
04-Mar-2026,10-Mar-2026,CE,24850.0,130.95,647465.0,24480.5
04-Mar-2026,10-Mar-2026,CE,24900.0,114.05,2021370.0,24480.5
04-Mar-2026,10-Mar-2026,CE,24950.0,99.0,716495.0,24480.5
04-Mar-2026,10-Mar-2026,CE,25000.0,84.95,6288490.0,24480.5
04-Mar-2026,10-Mar-2026,CE,25050.0,72.8,718250.0,24480.5
04-Mar-2026,10-Mar-2026,CE,25100.0,62.2,2699385.0,24480.5
04-Mar-2026,10-Mar-2026,CE,25150.0,53.55,829465.0,24480.5
04-Mar-2026,10-Mar-2026,CE,25200.0,45.0,3021525.0,24480.5
04-Mar-2026,10-Mar-2026,CE,25250.0,38.75,903435.0,24480.5
04-Mar-2026,10-Mar-2026,CE,25300.0,32.9,2533765.0,24480.5
04-Mar-2026,10-Mar-2026,CE,25350.0,28.2,975650.0,24480.5
04-Mar-2026,10-Mar-2026,CE,25400.0,23.95,2647580.0,24480.5
04-Mar-2026,10-Mar-2026,CE,25450.0,20.0,1281930.0,24480.5
04-Mar-2026,10-Mar-2026,CE,25500.0,17.7,5522140.0,24480.5
04-Mar-2026,10-Mar-2026,CE,25550.0,15.35,1467310.0,24480.5
04-Mar-2026,10-Mar-2026,CE,25600.0,13.2,2867475.0,24480.5
04-Mar-2026,10-Mar-2026,CE,25650.0,11.75,1084200.0,24480.5
04-Mar-2026,10-Mar-2026,CE,25700.0,10.05,2935595.0,24480.5
04-Mar-2026,10-Mar-2026,CE,25750.0,9.2,927550.0,24480.5
04-Mar-2026,10-Mar-2026,CE,25800.0,8.15,2738970.0,24480.5
04-Mar-2026,10-Mar-2026,CE,25850.0,7.4,800930.0,24480.5
04-Mar-2026,10-Mar-2026,CE,25900.0,6.4,2086110.0,24480.5
04-Mar-2026,10-Mar-2026,CE,25950.0,5.85,648700.0,24480.5
04-Mar-2026,10-Mar-2026,CE,26000.0,5.35,7302230.0,24480.5
04-Mar-2026,10-Mar-2026,CE,26050.0,5.05,533065.0,24480.5
04-Mar-2026,10-Mar-2026,CE,26100.0,4.5,2288260.0,24480.5
04-Mar-2026,10-Mar-2026,CE,26150.0,4.25,622180.0,24480.5
04-Mar-2026,10-Mar-2026,CE,26200.0,3.85,2484105.0,24480.5
04-Mar-2026,10-Mar-2026,CE,26250.0,3.7,678015.0,24480.5
04-Mar-2026,10-Mar-2026,CE,26300.0,3.35,2205645.0,24480.5
04-Mar-2026,10-Mar-2026,CE,26350.0,3.2,262470.0,24480.5
04-Mar-2026,10-Mar-2026,CE,26400.0,3.1,928330.0,24480.5
04-Mar-2026,10-Mar-2026,CE,26450.0,2.95,167765.0,24480.5
04-Mar-2026,10-Mar-2026,CE,26500.0,2.7,3454620.0,24480.5
04-Mar-2026,10-Mar-2026,CE,26550.0,2.65,166010.0,24480.5
04-Mar-2026,10-Mar-2026,CE,26600.0,2.55,634595.0,24480.5
04-Mar-2026,10-Mar-2026,CE,26650.0,2.45,162305.0,24480.5
04-Mar-2026,10-Mar-2026,CE,26700.0,2.25,591305.0,24480.5
04-Mar-2026,10-Mar-2026,CE,26750.0,2.3,136110.0,24480.5
04-Mar-2026,10-Mar-2026,CE,26800.0,2.25,638560.0,24480.5
04-Mar-2026,10-Mar-2026,CE,26850.0,2.1,160485.0,24480.5
04-Mar-2026,10-Mar-2026,CE,26900.0,2.0,231985.0,24480.5
04-Mar-2026,10-Mar-2026,CE,26950.0,2.05,72995.0,24480.5
04-Mar-2026,10-Mar-2026,CE,27000.0,1.8,2962830.0,24480.5
04-Mar-2026,10-Mar-2026,CE,27050.0,1.85,71825.0,24480.5
04-Mar-2026,10-Mar-2026,CE,27100.0,1.8,336570.0,24480.5
04-Mar-2026,10-Mar-2026,CE,27150.0,1.75,88530.0,24480.5
04-Mar-2026,10-Mar-2026,CE,27200.0,1.5,1443975.0,24480.5
04-Mar-2026,10-Mar-2026,CE,27250.0,1.6,58890.0,24480.5
04-Mar-2026,10-Mar-2026,CE,27300.0,1.45,211185.0,24480.5
04-Mar-2026,10-Mar-2026,CE,27350.0,1.5,46995.0,24480.5
04-Mar-2026,10-Mar-2026,CE,27400.0,1.4,396240.0,24480.5
04-Mar-2026,10-Mar-2026,CE,27450.0,1.45,45890.0,24480.5
04-Mar-2026,10-Mar-2026,CE,27500.0,1.45,1269320.0,24480.5
04-Mar-2026,10-Mar-2026,CE,27550.0,1.4,57070.0,24480.5
04-Mar-2026,10-Mar-2026,CE,27600.0,1.3,196105.0,24480.5
04-Mar-2026,10-Mar-2026,CE,27650.0,1.3,83135.0,24480.5
04-Mar-2026,10-Mar-2026,CE,27700.0,1.3,1095380.0,24480.5
04-Mar-2026,10-Mar-2026,PE,23100.0,57.15,6196970.0,24480.5
04-Mar-2026,10-Mar-2026,PE,23150.0,28.5,88920.0,24480.5
04-Mar-2026,10-Mar-2026,PE,23200.0,64.65,1503450.0,24480.5
04-Mar-2026,10-Mar-2026,PE,23250.0,28.5,35685.0,24480.5
04-Mar-2026,10-Mar-2026,PE,23300.0,71.8,317915.0,24480.5
04-Mar-2026,10-Mar-2026,PE,23350.0,75.75,1264575.0,24480.5
04-Mar-2026,10-Mar-2026,PE,23400.0,79.95,2068495.0,24480.5
04-Mar-2026,10-Mar-2026,PE,23450.0,84.5,1731340.0,24480.5
04-Mar-2026,10-Mar-2026,PE,23500.0,88.9,5646875.0,24480.5
04-Mar-2026,10-Mar-2026,PE,23550.0,95.1,604565.0,24480.5
04-Mar-2026,10-Mar-2026,PE,23600.0,100.9,1846065.0,24480.5
04-Mar-2026,10-Mar-2026,PE,23650.0,106.95,818610.0,24480.5
04-Mar-2026,10-Mar-2026,PE,23700.0,112.4,2035020.0,24480.5
04-Mar-2026,10-Mar-2026,PE,23750.0,120.25,626795.0,24480.5
04-Mar-2026,10-Mar-2026,PE,23800.0,128.0,2759705.0,24480.5
04-Mar-2026,10-Mar-2026,PE,23850.0,136.25,649545.0,24480.5
04-Mar-2026,10-Mar-2026,PE,23900.0,144.25,1397435.0,24480.5
04-Mar-2026,10-Mar-2026,PE,23950.0,153.5,494065.0,24480.5
04-Mar-2026,10-Mar-2026,PE,24000.0,164.25,6058780.0,24480.5
04-Mar-2026,10-Mar-2026,PE,24050.0,173.8,539630.0,24480.5
04-Mar-2026,10-Mar-2026,PE,24100.0,185.2,2377115.0,24480.5
04-Mar-2026,10-Mar-2026,PE,24150.0,196.85,826930.0,24480.5
04-Mar-2026,10-Mar-2026,PE,24200.0,210.0,2553655.0,24480.5
04-Mar-2026,10-Mar-2026,PE,24250.0,225.0,870285.0,24480.5
04-Mar-2026,10-Mar-2026,PE,24300.0,239.7,3467295.0,24480.5
04-Mar-2026,10-Mar-2026,PE,24350.0,256.0,1798615.0,24480.5
04-Mar-2026,10-Mar-2026,PE,24400.0,272.55,3891485.0,24480.5
04-Mar-2026,10-Mar-2026,PE,24450.0,292.5,1317810.0,24480.5
04-Mar-2026,10-Mar-2026,PE,24500.0,312.0,3861065.0,24480.5
04-Mar-2026,10-Mar-2026,PE,24550.0,332.7,708370.0,24480.5
04-Mar-2026,10-Mar-2026,PE,24600.0,355.75,1649700.0,24480.5
04-Mar-2026,10-Mar-2026,PE,24650.0,379.75,501410.0,24480.5
04-Mar-2026,10-Mar-2026,PE,24700.0,405.75,1274065.0,24480.5
04-Mar-2026,10-Mar-2026,PE,24750.0,432.8,282230.0,24480.5
04-Mar-2026,10-Mar-2026,PE,24800.0,459.45,1203475.0,24480.5
04-Mar-2026,10-Mar-2026,PE,24850.0,492.0,343915.0,24480.5
04-Mar-2026,10-Mar-2026,PE,24900.0,522.05,985595.0,24480.5
04-Mar-2026,10-Mar-2026,PE,24950.0,557.85,182975.0,24480.5
04-Mar-2026,10-Mar-2026,PE,25000.0,593.25,1999400.0,24480.5
04-Mar-2026,10-Mar-2026,PE,25050.0,632.45,94380.0,24480.5
04-Mar-2026,10-Mar-2026,PE,25100.0,672.35,418340.0,24480.5
04-Mar-2026,10-Mar-2026,PE,25150.0,711.85,69420.0,24480.5
04-Mar-2026,10-Mar-2026,PE,25200.0,756.15,574340.0,24480.5
04-Mar-2026,10-Mar-2026,PE,25250.0,800.0,81965.0,24480.5
04-Mar-2026,10-Mar-2026,PE,25300.0,837.65,457015.0,24480.5
04-Mar-2026,10-Mar-2026,PE,25350.0,886.55,78585.0,24480.5
04-Mar-2026,10-Mar-2026,PE,25400.0,933.95,509795.0,24480.5
04-Mar-2026,10-Mar-2026,PE,25450.0,986.1,122590.0,24480.5
04-Mar-2026,10-Mar-2026,PE,25500.0,1028.15,1261975.0,24480.5
04-Mar-2026,10-Mar-2026,PE,25550.0,1081.4,69745.0,24480.5
04-Mar-2026,10-Mar-2026,PE,25600.0,1120.4,285220.0,24480.5
04-Mar-2026,10-Mar-2026,PE,25650.0,1177.05,106210.0,24480.5
04-Mar-2026,10-Mar-2026,PE,25700.0,1219.8,265720.0,24480.5
04-Mar-2026,10-Mar-2026,PE,25750.0,1282.85,40235.0,24480.5
04-Mar-2026,10-Mar-2026,PE,25800.0,1320.6,191945.0,24480.5
04-Mar-2026,10-Mar-2026,PE,25850.0,1379.1,45500.0,24480.5
04-Mar-2026,10-Mar-2026,PE,25900.0,1427.0,115960.0,24480.5
04-Mar-2026,10-Mar-2026,PE,25950.0,1463.7,8840.0,24480.5
04-Mar-2026,10-Mar-2026,PE,26000.0,1508.9,639080.0,24480.5
04-Mar-2026,10-Mar-2026,PE,26050.0,1492.2,12935.0,24480.5
04-Mar-2026,10-Mar-2026,PE,26100.0,1625.25,274625.0,24480.5
04-Mar-2026,10-Mar-2026,PE,26150.0,1772.5,5655.0,24480.5
04-Mar-2026,10-Mar-2026,PE,26200.0,1645.0,73255.0,24480.5
04-Mar-2026,10-Mar-2026,PE,26250.0,1222.4,3640.0,24480.5
04-Mar-2026,10-Mar-2026,PE,26300.0,1822.7,38805.0,24480.5
04-Mar-2026,10-Mar-2026,PE,26350.0,1470.0,1170.0,24480.5
04-Mar-2026,10-Mar-2026,PE,26400.0,1922.0,31655.0,24480.5
04-Mar-2026,10-Mar-2026,PE,26450.0,1000.0,390.0,24480.5
04-Mar-2026,10-Mar-2026,PE,26500.0,2022.55,163865.0,24480.5
04-Mar-2026,10-Mar-2026,PE,26550.0,943.65,325.0,24480.5
04-Mar-2026,10-Mar-2026,PE,26600.0,2186.65,31330.0,24480.5
04-Mar-2026,10-Mar-2026,PE,26650.0,1643.65,325.0,24480.5
04-Mar-2026,10-Mar-2026,PE,26700.0,2172.7,4095.0,24480.5
04-Mar-2026,10-Mar-2026,PE,26750.0,1207.0,325.0,24480.5
04-Mar-2026,10-Mar-2026,PE,26800.0,1884.4,975.0,24480.5
04-Mar-2026,10-Mar-2026,PE,26850.0,1353.3,65.0,24480.5
04-Mar-2026,10-Mar-2026,PE,26900.0,2240.0,455.0,24480.5
04-Mar-2026,10-Mar-2026,PE,26950.0,2569.55,130.0,24480.5
04-Mar-2026,10-Mar-2026,PE,27000.0,2517.65,62010.0,24480.5
04-Mar-2026,10-Mar-2026,PE,27050.0,1564.7,195.0,24480.5
04-Mar-2026,10-Mar-2026,PE,27100.0,2186.0,195.0,24480.5
04-Mar-2026,10-Mar-2026,PE,27150.0,1662.05,130.0,24480.5
04-Mar-2026,10-Mar-2026,PE,27200.0,2315.15,130.0,24480.5
04-Mar-2026,10-Mar-2026,PE,27250.0,2022.2,260.0,24480.5
04-Mar-2026,10-Mar-2026,PE,27300.0,2033.45,195.0,24480.5
04-Mar-2026,10-Mar-2026,PE,27350.0,1863.0,195.0,24480.5
04-Mar-2026,10-Mar-2026,PE,27400.0,2174.05,195.0,24480.5
04-Mar-2026,10-Mar-2026,PE,27450.0,1957.75,195.0,24480.5
04-Mar-2026,10-Mar-2026,PE,27500.0,2948.0,13325.0,24480.5
04-Mar-2026,10-Mar-2026,PE,27550.0,2045.05,65.0,24480.5
04-Mar-2026,10-Mar-2026,PE,27600.0,2091.75,130.0,24480.5
04-Mar-2026,10-Mar-2026,PE,27650.0,2750.0,195.0,24480.5
04-Mar-2026,10-Mar-2026,PE,27700.0,2320.0,195.0,24480.5
05-Mar-2026,10-Mar-2026,CE,22750.0,,,24765.9
05-Mar-2026,10-Mar-2026,CE,22800.0,,,24765.9
05-Mar-2026,10-Mar-2026,CE,22850.0,,,24765.9
05-Mar-2026,10-Mar-2026,CE,22900.0,,,24765.9
05-Mar-2026,10-Mar-2026,CE,22950.0,,,24765.9
05-Mar-2026,10-Mar-2026,CE,23000.0,,,24765.9
05-Mar-2026,10-Mar-2026,CE,23050.0,,,24765.9
05-Mar-2026,10-Mar-2026,CE,23100.0,1418.3,910.0,24765.9
05-Mar-2026,10-Mar-2026,CE,23150.0,,,24765.9
05-Mar-2026,10-Mar-2026,CE,23200.0,,,24765.9
05-Mar-2026,10-Mar-2026,CE,23250.0,,,24765.9
05-Mar-2026,10-Mar-2026,CE,23300.0,1454.95,19175.0,24765.9
05-Mar-2026,10-Mar-2026,CE,23350.0,1410.45,845.0,24765.9
05-Mar-2026,10-Mar-2026,CE,23400.0,1350.0,30875.0,24765.9
05-Mar-2026,10-Mar-2026,CE,23450.0,1158.2,845.0,24765.9
05-Mar-2026,10-Mar-2026,CE,23500.0,1257.4,60775.0,24765.9
05-Mar-2026,10-Mar-2026,CE,23550.0,1210.0,1040.0,24765.9
05-Mar-2026,10-Mar-2026,CE,23600.0,1155.0,14755.0,24765.9
05-Mar-2026,10-Mar-2026,CE,23650.0,1106.95,9425.0,24765.9
05-Mar-2026,10-Mar-2026,CE,23700.0,1059.8,38545.0,24765.9
05-Mar-2026,10-Mar-2026,CE,23750.0,1012.7,3445.0,24765.9
05-Mar-2026,10-Mar-2026,CE,23800.0,974.0,46215.0,24765.9
05-Mar-2026,10-Mar-2026,CE,23850.0,919.05,21320.0,24765.9
05-Mar-2026,10-Mar-2026,CE,23900.0,879.7,37245.0,24765.9
05-Mar-2026,10-Mar-2026,CE,23950.0,833.9,23660.0,24765.9
05-Mar-2026,10-Mar-2026,CE,24000.0,786.6,467155.0,24765.9
05-Mar-2026,10-Mar-2026,CE,24050.0,745.0,37700.0,24765.9
05-Mar-2026,10-Mar-2026,CE,24100.0,700.8,86450.0,24765.9
05-Mar-2026,10-Mar-2026,CE,24150.0,655.75,63375.0,24765.9
05-Mar-2026,10-Mar-2026,CE,24200.0,613.1,178945.0,24765.9
05-Mar-2026,10-Mar-2026,CE,24250.0,571.2,78910.0,24765.9
05-Mar-2026,10-Mar-2026,CE,24300.0,529.2,435955.0,24765.9
05-Mar-2026,10-Mar-2026,CE,24350.0,485.9,394355.0,24765.9
05-Mar-2026,10-Mar-2026,CE,24400.0,448.0,860470.0,24765.9
05-Mar-2026,10-Mar-2026,CE,24450.0,408.0,298025.0,24765.9
05-Mar-2026,10-Mar-2026,CE,24500.0,371.0,2028455.0,24765.9
05-Mar-2026,10-Mar-2026,CE,24550.0,336.8,960440.0,24765.9
05-Mar-2026,10-Mar-2026,CE,24600.0,301.9,2059330.0,24765.9
05-Mar-2026,10-Mar-2026,CE,24650.0,269.45,871910.0,24765.9
05-Mar-2026,10-Mar-2026,CE,24700.0,239.3,2385435.0,24765.9
05-Mar-2026,10-Mar-2026,CE,24750.0,211.1,1359085.0,24765.9
05-Mar-2026,10-Mar-2026,CE,24800.0,183.95,3939715.0,24765.9
05-Mar-2026,10-Mar-2026,CE,24850.0,159.4,1229345.0,24765.9
05-Mar-2026,10-Mar-2026,CE,24900.0,136.35,2701920.0,24765.9
05-Mar-2026,10-Mar-2026,CE,24950.0,116.75,1160965.0,24765.9
05-Mar-2026,10-Mar-2026,CE,25000.0,99.1,6689930.0,24765.9
05-Mar-2026,10-Mar-2026,CE,25050.0,82.9,988195.0,24765.9
05-Mar-2026,10-Mar-2026,CE,25100.0,69.1,2474290.0,24765.9
05-Mar-2026,10-Mar-2026,CE,25150.0,57.7,1171235.0,24765.9
05-Mar-2026,10-Mar-2026,CE,25200.0,47.45,4044755.0,24765.9
05-Mar-2026,10-Mar-2026,CE,25250.0,38.7,1228435.0,24765.9
05-Mar-2026,10-Mar-2026,CE,25300.0,31.85,4119245.0,24765.9
05-Mar-2026,10-Mar-2026,CE,25350.0,25.85,1158560.0,24765.9
05-Mar-2026,10-Mar-2026,CE,25400.0,21.2,3437980.0,24765.9
05-Mar-2026,10-Mar-2026,CE,25450.0,17.75,1314495.0,24765.9
05-Mar-2026,10-Mar-2026,CE,25500.0,14.45,8348210.0,24765.9
05-Mar-2026,10-Mar-2026,CE,25550.0,11.6,1560780.0,24765.9
05-Mar-2026,10-Mar-2026,CE,25600.0,10.1,3737565.0,24765.9
05-Mar-2026,10-Mar-2026,CE,25650.0,8.45,1226290.0,24765.9
05-Mar-2026,10-Mar-2026,CE,25700.0,7.0,2859415.0,24765.9
05-Mar-2026,10-Mar-2026,CE,25750.0,5.55,848445.0,24765.9
05-Mar-2026,10-Mar-2026,CE,25800.0,5.0,3580005.0,24765.9
05-Mar-2026,10-Mar-2026,CE,25850.0,3.05,834795.0,24765.9
05-Mar-2026,10-Mar-2026,CE,25900.0,3.5,2270645.0,24765.9
05-Mar-2026,10-Mar-2026,CE,25950.0,3.4,691730.0,24765.9
05-Mar-2026,10-Mar-2026,CE,26000.0,2.7,10594805.0,24765.9
05-Mar-2026,10-Mar-2026,CE,26050.0,2.1,1154985.0,24765.9
05-Mar-2026,10-Mar-2026,CE,26100.0,2.1,2832310.0,24765.9
05-Mar-2026,10-Mar-2026,CE,26150.0,1.8,1117155.0,24765.9
05-Mar-2026,10-Mar-2026,CE,26200.0,1.65,2799485.0,24765.9
05-Mar-2026,10-Mar-2026,CE,26250.0,1.5,764140.0,24765.9
05-Mar-2026,10-Mar-2026,CE,26300.0,1.5,1848080.0,24765.9
05-Mar-2026,10-Mar-2026,CE,26350.0,1.4,610285.0,24765.9
05-Mar-2026,10-Mar-2026,CE,26400.0,1.4,961675.0,24765.9
05-Mar-2026,10-Mar-2026,CE,26450.0,1.35,261105.0,24765.9
05-Mar-2026,10-Mar-2026,CE,26500.0,1.35,3998345.0,24765.9
05-Mar-2026,10-Mar-2026,CE,26550.0,1.25,163150.0,24765.9
05-Mar-2026,10-Mar-2026,CE,26600.0,1.25,623285.0,24765.9
05-Mar-2026,10-Mar-2026,CE,26650.0,1.15,181025.0,24765.9
05-Mar-2026,10-Mar-2026,CE,26700.0,1.25,556400.0,24765.9
05-Mar-2026,10-Mar-2026,CE,26750.0,1.15,131495.0,24765.9
05-Mar-2026,10-Mar-2026,CE,26800.0,1.15,677365.0,24765.9
05-Mar-2026,10-Mar-2026,CE,26850.0,1.25,128765.0,24765.9
05-Mar-2026,10-Mar-2026,CE,26900.0,1.1,239200.0,24765.9
05-Mar-2026,10-Mar-2026,CE,26950.0,1.1,76245.0,24765.9
05-Mar-2026,10-Mar-2026,CE,27000.0,1.05,3070275.0,24765.9
05-Mar-2026,10-Mar-2026,CE,27050.0,1.05,90350.0,24765.9
05-Mar-2026,10-Mar-2026,CE,27100.0,1.0,243165.0,24765.9
05-Mar-2026,10-Mar-2026,CE,27150.0,0.95,97630.0,24765.9
05-Mar-2026,10-Mar-2026,CE,27200.0,0.95,1414855.0,24765.9
05-Mar-2026,10-Mar-2026,CE,27250.0,0.9,59345.0,24765.9
05-Mar-2026,10-Mar-2026,CE,27300.0,0.95,140530.0,24765.9
05-Mar-2026,10-Mar-2026,CE,27350.0,1.0,50375.0,24765.9
05-Mar-2026,10-Mar-2026,CE,27400.0,0.95,224250.0,24765.9
05-Mar-2026,10-Mar-2026,CE,27450.0,0.95,40755.0,24765.9
05-Mar-2026,10-Mar-2026,CE,27500.0,0.95,919555.0,24765.9
05-Mar-2026,10-Mar-2026,CE,27550.0,0.95,69225.0,24765.9
05-Mar-2026,10-Mar-2026,CE,27600.0,0.85,348790.0,24765.9
05-Mar-2026,10-Mar-2026,CE,27650.0,0.8,140855.0,24765.9
05-Mar-2026,10-Mar-2026,CE,27700.0,0.8,1418170.0,24765.9
05-Mar-2026,10-Mar-2026,PE,22750.0,5.35,8508890.0,24765.9
05-Mar-2026,10-Mar-2026,PE,22800.0,6.4,2734095.0,24765.9
05-Mar-2026,10-Mar-2026,PE,22850.0,7.4,279370.0,24765.9
05-Mar-2026,10-Mar-2026,PE,22900.0,8.2,638430.0,24765.9
05-Mar-2026,10-Mar-2026,PE,22950.0,8.4,384995.0,24765.9
05-Mar-2026,10-Mar-2026,PE,23000.0,9.25,3105180.0,24765.9
05-Mar-2026,10-Mar-2026,PE,23050.0,9.85,544570.0,24765.9
05-Mar-2026,10-Mar-2026,PE,23100.0,10.5,4602000.0,24765.9
05-Mar-2026,10-Mar-2026,PE,23150.0,11.3,549380.0,24765.9
05-Mar-2026,10-Mar-2026,PE,23200.0,13.25,1848600.0,24765.9
05-Mar-2026,10-Mar-2026,PE,23250.0,13.0,532090.0,24765.9
05-Mar-2026,10-Mar-2026,PE,23300.0,14.25,2015715.0,24765.9
05-Mar-2026,10-Mar-2026,PE,23350.0,15.3,980460.0,24765.9
05-Mar-2026,10-Mar-2026,PE,23400.0,16.4,1990365.0,24765.9
05-Mar-2026,10-Mar-2026,PE,23450.0,16.5,1559350.0,24765.9
05-Mar-2026,10-Mar-2026,PE,23500.0,18.0,6350890.0,24765.9
05-Mar-2026,10-Mar-2026,PE,23550.0,20.25,718510.0,24765.9
05-Mar-2026,10-Mar-2026,PE,23600.0,22.9,1869725.0,24765.9
05-Mar-2026,10-Mar-2026,PE,23650.0,24.65,581490.0,24765.9
05-Mar-2026,10-Mar-2026,PE,23700.0,27.4,2342210.0,24765.9
05-Mar-2026,10-Mar-2026,PE,23750.0,29.5,1031550.0,24765.9
05-Mar-2026,10-Mar-2026,PE,23800.0,32.2,2668380.0,24765.9
05-Mar-2026,10-Mar-2026,PE,23850.0,35.7,707070.0,24765.9
05-Mar-2026,10-Mar-2026,PE,23900.0,38.55,1879995.0,24765.9
05-Mar-2026,10-Mar-2026,PE,23950.0,43.85,700180.0,24765.9
05-Mar-2026,10-Mar-2026,PE,24000.0,47.15,7672145.0,24765.9
05-Mar-2026,10-Mar-2026,PE,24050.0,51.5,726375.0,24765.9
05-Mar-2026,10-Mar-2026,PE,24100.0,57.05,2223650.0,24765.9
05-Mar-2026,10-Mar-2026,PE,24150.0,63.4,825955.0,24765.9
05-Mar-2026,10-Mar-2026,PE,24200.0,70.4,2583685.0,24765.9
05-Mar-2026,10-Mar-2026,PE,24250.0,78.15,1074320.0,24765.9
05-Mar-2026,10-Mar-2026,PE,24300.0,86.15,3635255.0,24765.9
05-Mar-2026,10-Mar-2026,PE,24350.0,95.7,1906775.0,24765.9
05-Mar-2026,10-Mar-2026,PE,24400.0,105.6,3590340.0,24765.9
05-Mar-2026,10-Mar-2026,PE,24450.0,117.65,1202890.0,24765.9
05-Mar-2026,10-Mar-2026,PE,24500.0,130.3,5363280.0,24765.9
05-Mar-2026,10-Mar-2026,PE,24550.0,144.05,1546350.0,24765.9
05-Mar-2026,10-Mar-2026,PE,24600.0,161.2,4295655.0,24765.9
05-Mar-2026,10-Mar-2026,PE,24650.0,177.9,1491295.0,24765.9
05-Mar-2026,10-Mar-2026,PE,24700.0,196.95,2799940.0,24765.9
05-Mar-2026,10-Mar-2026,PE,24750.0,218.85,935870.0,24765.9
05-Mar-2026,10-Mar-2026,PE,24800.0,241.45,2507310.0,24765.9
05-Mar-2026,10-Mar-2026,PE,24850.0,267.8,487630.0,24765.9
05-Mar-2026,10-Mar-2026,PE,24900.0,294.75,1005030.0,24765.9
05-Mar-2026,10-Mar-2026,PE,24950.0,324.3,303420.0,24765.9
05-Mar-2026,10-Mar-2026,PE,25000.0,354.8,1955070.0,24765.9
05-Mar-2026,10-Mar-2026,PE,25050.0,389.05,120640.0,24765.9
05-Mar-2026,10-Mar-2026,PE,25100.0,425.05,369005.0,24765.9
05-Mar-2026,10-Mar-2026,PE,25150.0,466.35,59800.0,24765.9
05-Mar-2026,10-Mar-2026,PE,25200.0,501.65,565435.0,24765.9
05-Mar-2026,10-Mar-2026,PE,25250.0,548.5,77805.0,24765.9
05-Mar-2026,10-Mar-2026,PE,25300.0,589.65,419380.0,24765.9
05-Mar-2026,10-Mar-2026,PE,25350.0,629.4,65065.0,24765.9
05-Mar-2026,10-Mar-2026,PE,25400.0,679.05,496535.0,24765.9
05-Mar-2026,10-Mar-2026,PE,25450.0,731.4,123045.0,24765.9
05-Mar-2026,10-Mar-2026,PE,25500.0,768.7,1215695.0,24765.9
05-Mar-2026,10-Mar-2026,PE,25550.0,820.0,66365.0,24765.9
05-Mar-2026,10-Mar-2026,PE,25600.0,869.6,268385.0,24765.9
05-Mar-2026,10-Mar-2026,PE,25650.0,935.7,104260.0,24765.9
05-Mar-2026,10-Mar-2026,PE,25700.0,966.45,246545.0,24765.9
05-Mar-2026,10-Mar-2026,PE,25750.0,1023.95,37310.0,24765.9
05-Mar-2026,10-Mar-2026,PE,25800.0,1060.2,180375.0,24765.9
05-Mar-2026,10-Mar-2026,PE,25850.0,1106.7,45305.0,24765.9
05-Mar-2026,10-Mar-2026,PE,25900.0,1154.45,112125.0,24765.9
05-Mar-2026,10-Mar-2026,PE,25950.0,1198.0,8190.0,24765.9
05-Mar-2026,10-Mar-2026,PE,26000.0,1256.7,621075.0,24765.9
05-Mar-2026,10-Mar-2026,PE,26050.0,1407.95,12610.0,24765.9
05-Mar-2026,10-Mar-2026,PE,26100.0,1352.7,259025.0,24765.9
05-Mar-2026,10-Mar-2026,PE,26150.0,1455.1,5590.0,24765.9
05-Mar-2026,10-Mar-2026,PE,26200.0,1460.0,71305.0,24765.9
05-Mar-2026,10-Mar-2026,PE,26250.0,1515.0,3575.0,24765.9
05-Mar-2026,10-Mar-2026,PE,26300.0,1700.0,37375.0,24765.9
05-Mar-2026,10-Mar-2026,PE,26350.0,1470.0,1170.0,24765.9
05-Mar-2026,10-Mar-2026,PE,26400.0,1640.0,29185.0,24765.9
05-Mar-2026,10-Mar-2026,PE,26450.0,1000.0,390.0,24765.9
05-Mar-2026,10-Mar-2026,PE,26500.0,1751.6,164060.0,24765.9
05-Mar-2026,10-Mar-2026,PE,26550.0,943.65,325.0,24765.9
05-Mar-2026,10-Mar-2026,PE,26600.0,1835.0,31005.0,24765.9
05-Mar-2026,10-Mar-2026,PE,26650.0,1643.65,325.0,24765.9
05-Mar-2026,10-Mar-2026,PE,26700.0,2095.0,4160.0,24765.9
05-Mar-2026,10-Mar-2026,PE,26750.0,1207.0,325.0,24765.9
05-Mar-2026,10-Mar-2026,PE,26800.0,1884.4,975.0,24765.9
05-Mar-2026,10-Mar-2026,PE,26850.0,1353.3,65.0,24765.9
05-Mar-2026,10-Mar-2026,PE,26900.0,2240.0,455.0,24765.9
05-Mar-2026,10-Mar-2026,PE,26950.0,2569.55,130.0,24765.9
05-Mar-2026,10-Mar-2026,PE,27000.0,2258.0,61555.0,24765.9
05-Mar-2026,10-Mar-2026,PE,27050.0,1564.7,195.0,24765.9
05-Mar-2026,10-Mar-2026,PE,27100.0,2485.75,260.0,24765.9
05-Mar-2026,10-Mar-2026,PE,27150.0,2585.7,195.0,24765.9
05-Mar-2026,10-Mar-2026,PE,27200.0,2580.0,130.0,24765.9
05-Mar-2026,10-Mar-2026,PE,27250.0,2022.2,260.0,24765.9
05-Mar-2026,10-Mar-2026,PE,27300.0,2033.45,195.0,24765.9
05-Mar-2026,10-Mar-2026,PE,27350.0,1863.0,195.0,24765.9
05-Mar-2026,10-Mar-2026,PE,27400.0,2174.05,195.0,24765.9
05-Mar-2026,10-Mar-2026,PE,27450.0,1957.75,195.0,24765.9
05-Mar-2026,10-Mar-2026,PE,27500.0,2687.95,12545.0,24765.9
05-Mar-2026,10-Mar-2026,PE,27550.0,2045.05,65.0,24765.9
05-Mar-2026,10-Mar-2026,PE,27600.0,2091.75,130.0,24765.9
05-Mar-2026,10-Mar-2026,PE,27650.0,2750.0,195.0,24765.9
05-Mar-2026,10-Mar-2026,PE,27700.0,2320.0,195.0,24765.9
06-Mar-2026,10-Mar-2026,CE,22750.0,,,24450.45
06-Mar-2026,10-Mar-2026,CE,22800.0,,,24450.45
06-Mar-2026,10-Mar-2026,CE,22850.0,,,24450.45
06-Mar-2026,10-Mar-2026,CE,22900.0,,,24450.45
06-Mar-2026,10-Mar-2026,CE,22950.0,,,24450.45
06-Mar-2026,10-Mar-2026,CE,23000.0,1469.85,5720.0,24450.45
06-Mar-2026,10-Mar-2026,CE,23050.0,1364.6,,24450.45
06-Mar-2026,10-Mar-2026,CE,23100.0,1438.95,910.0,24450.45
06-Mar-2026,10-Mar-2026,CE,23150.0,,,24450.45
06-Mar-2026,10-Mar-2026,CE,23200.0,,,24450.45
06-Mar-2026,10-Mar-2026,CE,23250.0,,,24450.45
06-Mar-2026,10-Mar-2026,CE,23300.0,1178.25,18525.0,24450.45
06-Mar-2026,10-Mar-2026,CE,23350.0,1120.9,845.0,24450.45
06-Mar-2026,10-Mar-2026,CE,23400.0,1100.4,30485.0,24450.45
06-Mar-2026,10-Mar-2026,CE,23450.0,1158.2,845.0,24450.45
06-Mar-2026,10-Mar-2026,CE,23500.0,1004.65,61620.0,24450.45
06-Mar-2026,10-Mar-2026,CE,23550.0,935.25,975.0,24450.45
06-Mar-2026,10-Mar-2026,CE,23600.0,899.0,14690.0,24450.45
06-Mar-2026,10-Mar-2026,CE,23650.0,835.9,9880.0,24450.45
06-Mar-2026,10-Mar-2026,CE,23700.0,822.9,34970.0,24450.45
06-Mar-2026,10-Mar-2026,CE,23750.0,776.6,3965.0,24450.45
06-Mar-2026,10-Mar-2026,CE,23800.0,722.35,53820.0,24450.45
06-Mar-2026,10-Mar-2026,CE,23850.0,676.8,21450.0,24450.45
06-Mar-2026,10-Mar-2026,CE,23900.0,631.4,39845.0,24450.45
06-Mar-2026,10-Mar-2026,CE,23950.0,592.0,19435.0,24450.45
06-Mar-2026,10-Mar-2026,CE,24000.0,547.4,587665.0,24450.45
06-Mar-2026,10-Mar-2026,CE,24050.0,508.4,33215.0,24450.45
06-Mar-2026,10-Mar-2026,CE,24100.0,470.0,79300.0,24450.45
06-Mar-2026,10-Mar-2026,CE,24150.0,432.2,51025.0,24450.45
06-Mar-2026,10-Mar-2026,CE,24200.0,393.0,213720.0,24450.45
06-Mar-2026,10-Mar-2026,CE,24250.0,355.0,86450.0,24450.45
06-Mar-2026,10-Mar-2026,CE,24300.0,319.3,636675.0,24450.45
06-Mar-2026,10-Mar-2026,CE,24350.0,286.3,491140.0,24450.45
06-Mar-2026,10-Mar-2026,CE,24400.0,254.65,1451970.0,24450.45
06-Mar-2026,10-Mar-2026,CE,24450.0,223.9,1548105.0,24450.45
06-Mar-2026,10-Mar-2026,CE,24500.0,195.75,3458325.0,24450.45
06-Mar-2026,10-Mar-2026,CE,24550.0,169.3,1509885.0,24450.45
06-Mar-2026,10-Mar-2026,CE,24600.0,144.9,4723615.0,24450.45
06-Mar-2026,10-Mar-2026,CE,24650.0,123.85,2676895.0,24450.45
06-Mar-2026,10-Mar-2026,CE,24700.0,104.45,5140330.0,24450.45
06-Mar-2026,10-Mar-2026,CE,24750.0,87.4,1984060.0,24450.45
06-Mar-2026,10-Mar-2026,CE,24800.0,73.05,4991155.0,24450.45
06-Mar-2026,10-Mar-2026,CE,24850.0,60.8,1667770.0,24450.45
06-Mar-2026,10-Mar-2026,CE,24900.0,50.4,3768765.0,24450.45
06-Mar-2026,10-Mar-2026,CE,24950.0,41.25,1632150.0,24450.45
06-Mar-2026,10-Mar-2026,CE,25000.0,34.0,10001355.0,24450.45
06-Mar-2026,10-Mar-2026,CE,25050.0,27.8,1765465.0,24450.45
06-Mar-2026,10-Mar-2026,CE,25100.0,23.5,3183245.0,24450.45
06-Mar-2026,10-Mar-2026,CE,25150.0,19.35,1736930.0,24450.45
06-Mar-2026,10-Mar-2026,CE,25200.0,16.15,4645485.0,24450.45
06-Mar-2026,10-Mar-2026,CE,25250.0,13.7,1884935.0,24450.45
06-Mar-2026,10-Mar-2026,CE,25300.0,11.6,5986630.0,24450.45
06-Mar-2026,10-Mar-2026,CE,25350.0,9.95,1749865.0,24450.45
06-Mar-2026,10-Mar-2026,CE,25400.0,8.55,5092750.0,24450.45
06-Mar-2026,10-Mar-2026,CE,25450.0,7.45,2118415.0,24450.45
06-Mar-2026,10-Mar-2026,CE,25500.0,6.75,10279945.0,24450.45
06-Mar-2026,10-Mar-2026,CE,25550.0,6.05,2193945.0,24450.45
06-Mar-2026,10-Mar-2026,CE,25600.0,5.25,4575350.0,24450.45
06-Mar-2026,10-Mar-2026,CE,25650.0,4.7,1489085.0,24450.45
06-Mar-2026,10-Mar-2026,CE,25700.0,4.1,5029115.0,24450.45
06-Mar-2026,10-Mar-2026,CE,25750.0,3.65,1705990.0,24450.45
06-Mar-2026,10-Mar-2026,CE,25800.0,3.45,4530825.0,24450.45
06-Mar-2026,10-Mar-2026,CE,25850.0,3.1,874835.0,24450.45
06-Mar-2026,10-Mar-2026,CE,25900.0,2.85,3482180.0,24450.45
06-Mar-2026,10-Mar-2026,CE,25950.0,2.65,802230.0,24450.45
06-Mar-2026,10-Mar-2026,CE,26000.0,2.6,14017835.0,24450.45
06-Mar-2026,10-Mar-2026,CE,26050.0,2.1,1475435.0,24450.45
06-Mar-2026,10-Mar-2026,CE,26100.0,1.95,3877900.0,24450.45
06-Mar-2026,10-Mar-2026,CE,26150.0,1.7,874250.0,24450.45
06-Mar-2026,10-Mar-2026,CE,26200.0,1.7,3264365.0,24450.45
06-Mar-2026,10-Mar-2026,CE,26250.0,1.65,636610.0,24450.45
06-Mar-2026,10-Mar-2026,CE,26300.0,1.35,1890980.0,24450.45
06-Mar-2026,10-Mar-2026,CE,26350.0,1.35,537680.0,24450.45
06-Mar-2026,10-Mar-2026,CE,26400.0,1.35,1053000.0,24450.45
06-Mar-2026,10-Mar-2026,CE,26450.0,1.3,244790.0,24450.45
06-Mar-2026,10-Mar-2026,CE,26500.0,1.25,3491475.0,24450.45
06-Mar-2026,10-Mar-2026,CE,26550.0,1.15,157170.0,24450.45
06-Mar-2026,10-Mar-2026,CE,26600.0,1.05,707980.0,24450.45
06-Mar-2026,10-Mar-2026,CE,26650.0,1.05,182195.0,24450.45
06-Mar-2026,10-Mar-2026,CE,26700.0,1.05,512720.0,24450.45
06-Mar-2026,10-Mar-2026,CE,26750.0,1.0,221000.0,24450.45
06-Mar-2026,10-Mar-2026,CE,26800.0,0.95,865475.0,24450.45
06-Mar-2026,10-Mar-2026,CE,26850.0,0.9,165880.0,24450.45
06-Mar-2026,10-Mar-2026,CE,26900.0,0.95,286130.0,24450.45
06-Mar-2026,10-Mar-2026,CE,26950.0,0.9,92625.0,24450.45
06-Mar-2026,10-Mar-2026,CE,27000.0,0.9,3464565.0,24450.45
06-Mar-2026,10-Mar-2026,CE,27050.0,0.85,87685.0,24450.45
06-Mar-2026,10-Mar-2026,CE,27100.0,0.85,238095.0,24450.45
06-Mar-2026,10-Mar-2026,CE,27150.0,0.8,142480.0,24450.45
06-Mar-2026,10-Mar-2026,CE,27200.0,0.75,984685.0,24450.45
06-Mar-2026,10-Mar-2026,CE,27250.0,0.75,82745.0,24450.45
06-Mar-2026,10-Mar-2026,CE,27300.0,0.75,180050.0,24450.45
06-Mar-2026,10-Mar-2026,CE,27350.0,0.75,69225.0,24450.45
06-Mar-2026,10-Mar-2026,CE,27400.0,0.75,180050.0,24450.45
06-Mar-2026,10-Mar-2026,CE,27450.0,0.75,68705.0,24450.45
06-Mar-2026,10-Mar-2026,CE,27500.0,0.75,1243450.0,24450.45
06-Mar-2026,10-Mar-2026,CE,27550.0,0.7,111475.0,24450.45
06-Mar-2026,10-Mar-2026,CE,27600.0,0.75,353860.0,24450.45
06-Mar-2026,10-Mar-2026,CE,27650.0,0.65,177060.0,24450.45
06-Mar-2026,10-Mar-2026,CE,27700.0,0.7,1612780.0,24450.45
06-Mar-2026,10-Mar-2026,PE,22750.0,5.7,10025600.0,24450.45
06-Mar-2026,10-Mar-2026,PE,22800.0,6.15,3351530.0,24450.45
06-Mar-2026,10-Mar-2026,PE,22850.0,6.55,390325.0,24450.45
06-Mar-2026,10-Mar-2026,PE,22900.0,7.35,985270.0,24450.45
06-Mar-2026,10-Mar-2026,PE,22950.0,8.25,428805.0,24450.45
06-Mar-2026,10-Mar-2026,PE,23000.0,9.3,4346485.0,24450.45
06-Mar-2026,10-Mar-2026,PE,23050.0,10.45,598520.0,24450.45
06-Mar-2026,10-Mar-2026,PE,23100.0,11.45,4082715.0,24450.45
06-Mar-2026,10-Mar-2026,PE,23150.0,12.85,590915.0,24450.45
06-Mar-2026,10-Mar-2026,PE,23200.0,14.1,3353480.0,24450.45
06-Mar-2026,10-Mar-2026,PE,23250.0,15.85,689325.0,24450.45
06-Mar-2026,10-Mar-2026,PE,23300.0,17.05,3979755.0,24450.45
06-Mar-2026,10-Mar-2026,PE,23350.0,19.65,1140750.0,24450.45
06-Mar-2026,10-Mar-2026,PE,23400.0,21.85,2824900.0,24450.45
06-Mar-2026,10-Mar-2026,PE,23450.0,23.95,1393145.0,24450.45
06-Mar-2026,10-Mar-2026,PE,23500.0,26.75,6842225.0,24450.45
06-Mar-2026,10-Mar-2026,PE,23550.0,29.8,621985.0,24450.45
06-Mar-2026,10-Mar-2026,PE,23600.0,33.3,2291120.0,24450.45
06-Mar-2026,10-Mar-2026,PE,23650.0,36.85,733720.0,24450.45
06-Mar-2026,10-Mar-2026,PE,23700.0,40.8,1915745.0,24450.45
06-Mar-2026,10-Mar-2026,PE,23750.0,46.2,1139775.0,24450.45
06-Mar-2026,10-Mar-2026,PE,23800.0,51.45,3207100.0,24450.45
06-Mar-2026,10-Mar-2026,PE,23850.0,57.25,960570.0,24450.45
06-Mar-2026,10-Mar-2026,PE,23900.0,63.3,2423655.0,24450.45
06-Mar-2026,10-Mar-2026,PE,23950.0,71.15,671840.0,24450.45
06-Mar-2026,10-Mar-2026,PE,24000.0,79.35,6425965.0,24450.45
06-Mar-2026,10-Mar-2026,PE,24050.0,88.4,994760.0,24450.45
06-Mar-2026,10-Mar-2026,PE,24100.0,97.75,2470325.0,24450.45
06-Mar-2026,10-Mar-2026,PE,24150.0,108.75,774930.0,24450.45
06-Mar-2026,10-Mar-2026,PE,24200.0,120.1,3135275.0,24450.45
06-Mar-2026,10-Mar-2026,PE,24250.0,133.5,1055340.0,24450.45
06-Mar-2026,10-Mar-2026,PE,24300.0,148.35,3105830.0,24450.45
06-Mar-2026,10-Mar-2026,PE,24350.0,164.0,1389245.0,24450.45
06-Mar-2026,10-Mar-2026,PE,24400.0,182.3,3035890.0,24450.45
06-Mar-2026,10-Mar-2026,PE,24450.0,202.95,1939860.0,24450.45
06-Mar-2026,10-Mar-2026,PE,24500.0,224.2,3891875.0,24450.45
06-Mar-2026,10-Mar-2026,PE,24550.0,247.1,1068015.0,24450.45
06-Mar-2026,10-Mar-2026,PE,24600.0,272.4,2789215.0,24450.45
06-Mar-2026,10-Mar-2026,PE,24650.0,300.0,1505595.0,24450.45
06-Mar-2026,10-Mar-2026,PE,24700.0,330.4,1471015.0,24450.45
06-Mar-2026,10-Mar-2026,PE,24750.0,363.75,539500.0,24450.45
06-Mar-2026,10-Mar-2026,PE,24800.0,399.3,1312220.0,24450.45
06-Mar-2026,10-Mar-2026,PE,24850.0,439.85,373035.0,24450.45
06-Mar-2026,10-Mar-2026,PE,24900.0,475.5,671125.0,24450.45
06-Mar-2026,10-Mar-2026,PE,24950.0,512.4,161850.0,24450.45
06-Mar-2026,10-Mar-2026,PE,25000.0,560.0,1585480.0,24450.45
06-Mar-2026,10-Mar-2026,PE,25050.0,601.0,95615.0,24450.45
06-Mar-2026,10-Mar-2026,PE,25100.0,650.1,290550.0,24450.45
06-Mar-2026,10-Mar-2026,PE,25150.0,692.4,60190.0,24450.45
06-Mar-2026,10-Mar-2026,PE,25200.0,737.65,458120.0,24450.45
06-Mar-2026,10-Mar-2026,PE,25250.0,784.4,67860.0,24450.45
06-Mar-2026,10-Mar-2026,PE,25300.0,833.8,370240.0,24450.45
06-Mar-2026,10-Mar-2026,PE,25350.0,882.9,74685.0,24450.45
06-Mar-2026,10-Mar-2026,PE,25400.0,932.1,418080.0,24450.45
06-Mar-2026,10-Mar-2026,PE,25450.0,980.0,126945.0,24450.45
06-Mar-2026,10-Mar-2026,PE,25500.0,1027.6,1179100.0,24450.45
06-Mar-2026,10-Mar-2026,PE,25550.0,1075.65,62335.0,24450.45
06-Mar-2026,10-Mar-2026,PE,25600.0,1126.45,233220.0,24450.45
06-Mar-2026,10-Mar-2026,PE,25650.0,1192.0,101465.0,24450.45
06-Mar-2026,10-Mar-2026,PE,25700.0,1229.55,223275.0,24450.45
06-Mar-2026,10-Mar-2026,PE,25750.0,1303.2,32890.0,24450.45
06-Mar-2026,10-Mar-2026,PE,25800.0,1326.3,162175.0,24450.45
06-Mar-2026,10-Mar-2026,PE,25850.0,1391.15,45500.0,24450.45
06-Mar-2026,10-Mar-2026,PE,25900.0,1438.6,101920.0,24450.45
06-Mar-2026,10-Mar-2026,PE,25950.0,1441.75,8060.0,24450.45
06-Mar-2026,10-Mar-2026,PE,26000.0,1523.5,594880.0,24450.45
06-Mar-2026,10-Mar-2026,PE,26050.0,1407.95,12610.0,24450.45
06-Mar-2026,10-Mar-2026,PE,26100.0,1639.15,241215.0,24450.45
06-Mar-2026,10-Mar-2026,PE,26150.0,1455.1,5590.0,24450.45
06-Mar-2026,10-Mar-2026,PE,26200.0,1740.0,68315.0,24450.45
06-Mar-2026,10-Mar-2026,PE,26250.0,1620.0,3120.0,24450.45
06-Mar-2026,10-Mar-2026,PE,26300.0,1845.0,35620.0,24450.45
06-Mar-2026,10-Mar-2026,PE,26350.0,1470.0,1170.0,24450.45
06-Mar-2026,10-Mar-2026,PE,26400.0,1931.0,30745.0,24450.45
06-Mar-2026,10-Mar-2026,PE,26450.0,1000.0,390.0,24450.45
06-Mar-2026,10-Mar-2026,PE,26500.0,2035.75,153725.0,24450.45
06-Mar-2026,10-Mar-2026,PE,26550.0,943.65,325.0,24450.45
06-Mar-2026,10-Mar-2026,PE,26600.0,1985.0,29445.0,24450.45
06-Mar-2026,10-Mar-2026,PE,26650.0,1643.65,325.0,24450.45
06-Mar-2026,10-Mar-2026,PE,26700.0,2065.0,4160.0,24450.45
06-Mar-2026,10-Mar-2026,PE,26750.0,2101.2,325.0,24450.45
06-Mar-2026,10-Mar-2026,PE,26800.0,2369.2,845.0,24450.45
06-Mar-2026,10-Mar-2026,PE,26850.0,1353.3,65.0,24450.45
06-Mar-2026,10-Mar-2026,PE,26900.0,2240.0,455.0,24450.45
06-Mar-2026,10-Mar-2026,PE,26950.0,2569.55,130.0,24450.45
06-Mar-2026,10-Mar-2026,PE,27000.0,2476.65,52845.0,24450.45
06-Mar-2026,10-Mar-2026,PE,27050.0,1564.7,195.0,24450.45
06-Mar-2026,10-Mar-2026,PE,27100.0,2485.75,260.0,24450.45
06-Mar-2026,10-Mar-2026,PE,27150.0,2585.7,195.0,24450.45
06-Mar-2026,10-Mar-2026,PE,27200.0,2580.0,130.0,24450.45
06-Mar-2026,10-Mar-2026,PE,27250.0,2022.2,260.0,24450.45
06-Mar-2026,10-Mar-2026,PE,27300.0,2033.45,195.0,24450.45
06-Mar-2026,10-Mar-2026,PE,27350.0,1863.0,195.0,24450.45
06-Mar-2026,10-Mar-2026,PE,27400.0,2174.05,195.0,24450.45
06-Mar-2026,10-Mar-2026,PE,27450.0,1957.75,195.0,24450.45
06-Mar-2026,10-Mar-2026,PE,27500.0,2832.3,11960.0,24450.45
06-Mar-2026,10-Mar-2026,PE,27550.0,2045.05,65.0,24450.45
06-Mar-2026,10-Mar-2026,PE,27600.0,2091.75,130.0,24450.45
06-Mar-2026,10-Mar-2026,PE,27650.0,2750.0,195.0,24450.45
06-Mar-2026,10-Mar-2026,PE,27700.0,2320.0,195.0,24450.45
09-Mar-2026,10-Mar-2026,CE,21450.0,,,24028.05
09-Mar-2026,10-Mar-2026,CE,21500.0,,,24028.05
09-Mar-2026,10-Mar-2026,CE,21550.0,,,24028.05
09-Mar-2026,10-Mar-2026,CE,21600.0,,,24028.05
09-Mar-2026,10-Mar-2026,CE,21650.0,,,24028.05
09-Mar-2026,10-Mar-2026,CE,21700.0,,,24028.05
09-Mar-2026,10-Mar-2026,CE,21750.0,,,24028.05
09-Mar-2026,10-Mar-2026,CE,21800.0,,,24028.05
09-Mar-2026,10-Mar-2026,CE,21850.0,,,24028.05
09-Mar-2026,10-Mar-2026,CE,21900.0,,,24028.05
09-Mar-2026,10-Mar-2026,CE,21950.0,,,24028.05
09-Mar-2026,10-Mar-2026,CE,22000.0,,,24028.05
09-Mar-2026,10-Mar-2026,CE,22050.0,,,24028.05
09-Mar-2026,10-Mar-2026,CE,22100.0,,,24028.05
09-Mar-2026,10-Mar-2026,CE,22150.0,,,24028.05
09-Mar-2026,10-Mar-2026,CE,22200.0,,,24028.05
09-Mar-2026,10-Mar-2026,CE,22250.0,,,24028.05
09-Mar-2026,10-Mar-2026,CE,22300.0,,,24028.05
09-Mar-2026,10-Mar-2026,CE,22350.0,,,24028.05
09-Mar-2026,10-Mar-2026,CE,22400.0,,,24028.05
09-Mar-2026,10-Mar-2026,CE,22450.0,,,24028.05
09-Mar-2026,10-Mar-2026,CE,22500.0,1500.0,130.0,24028.05
09-Mar-2026,10-Mar-2026,CE,22550.0,,,24028.05
09-Mar-2026,10-Mar-2026,CE,22600.0,,,24028.05
09-Mar-2026,10-Mar-2026,CE,22650.0,,,24028.05
09-Mar-2026,10-Mar-2026,CE,22700.0,,,24028.05
09-Mar-2026,10-Mar-2026,CE,22750.0,1273.9,455.0,24028.05
09-Mar-2026,10-Mar-2026,CE,22800.0,,,24028.05
09-Mar-2026,10-Mar-2026,CE,22850.0,,,24028.05
09-Mar-2026,10-Mar-2026,CE,22900.0,1032.85,1170.0,24028.05
09-Mar-2026,10-Mar-2026,CE,22950.0,1091.65,4160.0,24028.05
09-Mar-2026,10-Mar-2026,CE,23000.0,1034.55,75465.0,24028.05
09-Mar-2026,10-Mar-2026,CE,23050.0,988.95,3315.0,24028.05
09-Mar-2026,10-Mar-2026,CE,23100.0,944.4,11830.0,24028.05
09-Mar-2026,10-Mar-2026,CE,23150.0,899.9,4615.0,24028.05
09-Mar-2026,10-Mar-2026,CE,23200.0,845.0,16965.0,24028.05
09-Mar-2026,10-Mar-2026,CE,23250.0,793.05,21450.0,24028.05
09-Mar-2026,10-Mar-2026,CE,23300.0,755.55,46670.0,24028.05
09-Mar-2026,10-Mar-2026,CE,23350.0,706.75,39715.0,24028.05
09-Mar-2026,10-Mar-2026,CE,23400.0,657.6,62855.0,24028.05
09-Mar-2026,10-Mar-2026,CE,23450.0,613.2,45760.0,24028.05
09-Mar-2026,10-Mar-2026,CE,23500.0,565.0,344110.0,24028.05
09-Mar-2026,10-Mar-2026,CE,23550.0,535.45,60190.0,24028.05
09-Mar-2026,10-Mar-2026,CE,23600.0,488.85,156520.0,24028.05
09-Mar-2026,10-Mar-2026,CE,23650.0,441.95,122980.0,24028.05
09-Mar-2026,10-Mar-2026,CE,23700.0,401.85,649350.0,24028.05
09-Mar-2026,10-Mar-2026,CE,23750.0,363.45,847405.0,24028.05
09-Mar-2026,10-Mar-2026,CE,23800.0,328.1,2552225.0,24028.05
09-Mar-2026,10-Mar-2026,CE,23850.0,285.45,873145.0,24028.05
09-Mar-2026,10-Mar-2026,CE,23900.0,253.05,1797185.0,24028.05
09-Mar-2026,10-Mar-2026,CE,23950.0,225.0,780585.0,24028.05
09-Mar-2026,10-Mar-2026,CE,24000.0,191.1,4390815.0,24028.05
09-Mar-2026,10-Mar-2026,CE,24050.0,162.05,1116050.0,24028.05
09-Mar-2026,10-Mar-2026,CE,24100.0,138.35,2160080.0,24028.05
09-Mar-2026,10-Mar-2026,CE,24150.0,115.95,960765.0,24028.05
09-Mar-2026,10-Mar-2026,CE,24200.0,96.4,2966990.0,24028.05
09-Mar-2026,10-Mar-2026,CE,24250.0,80.05,1504100.0,24028.05
09-Mar-2026,10-Mar-2026,CE,24300.0,67.0,2898285.0,24028.05
09-Mar-2026,10-Mar-2026,CE,24350.0,54.85,1087385.0,24028.05
09-Mar-2026,10-Mar-2026,CE,24400.0,45.05,2477085.0,24028.05
09-Mar-2026,10-Mar-2026,CE,24450.0,36.1,1326065.0,24028.05
09-Mar-2026,10-Mar-2026,CE,24500.0,30.55,6423885.0,24028.05
09-Mar-2026,10-Mar-2026,CE,24550.0,25.4,1762605.0,24028.05
09-Mar-2026,10-Mar-2026,CE,24600.0,20.85,4877145.0,24028.05
09-Mar-2026,10-Mar-2026,CE,24650.0,17.2,2660905.0,24028.05
09-Mar-2026,10-Mar-2026,CE,24700.0,14.65,5103410.0,24028.05
09-Mar-2026,10-Mar-2026,CE,24750.0,12.35,2134990.0,24028.05
09-Mar-2026,10-Mar-2026,CE,24800.0,11.05,6335355.0,24028.05
09-Mar-2026,10-Mar-2026,CE,24850.0,9.5,2296320.0,24028.05
09-Mar-2026,10-Mar-2026,CE,24900.0,8.2,3568240.0,24028.05
09-Mar-2026,10-Mar-2026,CE,24950.0,7.45,1341080.0,24028.05
09-Mar-2026,10-Mar-2026,CE,25000.0,6.3,11939395.0,24028.05
09-Mar-2026,10-Mar-2026,CE,25050.0,5.7,1455480.0,24028.05
09-Mar-2026,10-Mar-2026,CE,25100.0,4.95,3271775.0,24028.05
09-Mar-2026,10-Mar-2026,CE,25150.0,4.0,1327170.0,24028.05
09-Mar-2026,10-Mar-2026,CE,25200.0,3.1,4497090.0,24028.05
09-Mar-2026,10-Mar-2026,CE,25250.0,3.45,1301755.0,24028.05
09-Mar-2026,10-Mar-2026,CE,25300.0,2.95,4119180.0,24028.05
09-Mar-2026,10-Mar-2026,CE,25350.0,2.05,1132755.0,24028.05
09-Mar-2026,10-Mar-2026,CE,25400.0,2.2,2774070.0,24028.05
09-Mar-2026,10-Mar-2026,CE,25450.0,1.9,1400685.0,24028.05
09-Mar-2026,10-Mar-2026,CE,25500.0,1.7,10374260.0,24028.05
09-Mar-2026,10-Mar-2026,CE,25550.0,1.75,1317615.0,24028.05
09-Mar-2026,10-Mar-2026,CE,25600.0,1.75,2661425.0,24028.05
09-Mar-2026,10-Mar-2026,CE,25650.0,1.55,913900.0,24028.05
09-Mar-2026,10-Mar-2026,CE,25700.0,1.2,3412760.0,24028.05
09-Mar-2026,10-Mar-2026,CE,25750.0,1.1,755690.0,24028.05
09-Mar-2026,10-Mar-2026,CE,25800.0,1.15,2955030.0,24028.05
09-Mar-2026,10-Mar-2026,CE,25850.0,1.2,583180.0,24028.05
09-Mar-2026,10-Mar-2026,CE,25900.0,1.0,1611610.0,24028.05
09-Mar-2026,10-Mar-2026,CE,25950.0,1.2,370045.0,24028.05
09-Mar-2026,10-Mar-2026,CE,26000.0,1.2,8141120.0,24028.05
09-Mar-2026,10-Mar-2026,CE,26050.0,1.1,404495.0,24028.05
09-Mar-2026,10-Mar-2026,CE,26100.0,0.9,1870505.0,24028.05
09-Mar-2026,10-Mar-2026,CE,26150.0,1.1,373425.0,24028.05
09-Mar-2026,10-Mar-2026,CE,26200.0,0.85,1797705.0,24028.05
09-Mar-2026,10-Mar-2026,CE,26250.0,0.9,296010.0,24028.05
09-Mar-2026,10-Mar-2026,CE,26300.0,0.85,883090.0,24028.05
09-Mar-2026,10-Mar-2026,CE,26350.0,0.8,154960.0,24028.05
09-Mar-2026,10-Mar-2026,CE,26400.0,0.8,509795.0,24028.05
09-Mar-2026,10-Mar-2026,CE,26450.0,0.8,124930.0,24028.05
09-Mar-2026,10-Mar-2026,CE,26500.0,0.8,1949090.0,24028.05
09-Mar-2026,10-Mar-2026,CE,26550.0,0.7,154830.0,24028.05
09-Mar-2026,10-Mar-2026,CE,26600.0,0.65,412360.0,24028.05
09-Mar-2026,10-Mar-2026,CE,26650.0,0.6,150280.0,24028.05
09-Mar-2026,10-Mar-2026,CE,26700.0,0.6,369005.0,24028.05
09-Mar-2026,10-Mar-2026,CE,26750.0,0.7,112450.0,24028.05
09-Mar-2026,10-Mar-2026,CE,26800.0,0.65,446810.0,24028.05
09-Mar-2026,10-Mar-2026,CE,26850.0,0.65,91585.0,24028.05
09-Mar-2026,10-Mar-2026,CE,26900.0,0.65,164125.0,24028.05
09-Mar-2026,10-Mar-2026,CE,26950.0,0.65,85800.0,24028.05
09-Mar-2026,10-Mar-2026,CE,27000.0,0.6,2309645.0,24028.05
09-Mar-2026,10-Mar-2026,CE,27050.0,0.6,52390.0,24028.05
09-Mar-2026,10-Mar-2026,CE,27100.0,0.55,151255.0,24028.05
09-Mar-2026,10-Mar-2026,CE,27150.0,0.55,106080.0,24028.05
09-Mar-2026,10-Mar-2026,CE,27200.0,0.55,301925.0,24028.05
09-Mar-2026,10-Mar-2026,CE,27250.0,0.5,70005.0,24028.05
09-Mar-2026,10-Mar-2026,CE,27300.0,0.45,179790.0,24028.05
09-Mar-2026,10-Mar-2026,CE,27350.0,0.55,54665.0,24028.05
09-Mar-2026,10-Mar-2026,CE,27400.0,0.55,121615.0,24028.05
09-Mar-2026,10-Mar-2026,CE,27450.0,0.5,73710.0,24028.05
09-Mar-2026,10-Mar-2026,CE,27500.0,0.4,1338350.0,24028.05
09-Mar-2026,10-Mar-2026,CE,27550.0,0.55,135590.0,24028.05
09-Mar-2026,10-Mar-2026,CE,27600.0,0.5,242190.0,24028.05
09-Mar-2026,10-Mar-2026,CE,27650.0,0.5,172250.0,24028.05
09-Mar-2026,10-Mar-2026,CE,27700.0,0.55,1472705.0,24028.05
09-Mar-2026,10-Mar-2026,PE,21450.0,3.05,3620630.0,24028.05
09-Mar-2026,10-Mar-2026,PE,21500.0,3.4,4872855.0,24028.05
09-Mar-2026,10-Mar-2026,PE,21550.0,2.95,255580.0,24028.05
09-Mar-2026,10-Mar-2026,PE,21600.0,2.0,360555.0,24028.05
09-Mar-2026,10-Mar-2026,PE,21650.0,4.0,266500.0,24028.05
09-Mar-2026,10-Mar-2026,PE,21700.0,1.5,376610.0,24028.05
09-Mar-2026,10-Mar-2026,PE,21750.0,4.5,192985.0,24028.05
09-Mar-2026,10-Mar-2026,PE,21800.0,3.45,676910.0,24028.05
09-Mar-2026,10-Mar-2026,PE,21850.0,4.05,220155.0,24028.05
09-Mar-2026,10-Mar-2026,PE,21900.0,5.2,620035.0,24028.05
09-Mar-2026,10-Mar-2026,PE,21950.0,3.9,174915.0,24028.05
09-Mar-2026,10-Mar-2026,PE,22000.0,4.45,3888560.0,24028.05
09-Mar-2026,10-Mar-2026,PE,22050.0,4.5,274625.0,24028.05
09-Mar-2026,10-Mar-2026,PE,22100.0,4.5,562640.0,24028.05
09-Mar-2026,10-Mar-2026,PE,22150.0,4.9,301795.0,24028.05
09-Mar-2026,10-Mar-2026,PE,22200.0,3.75,1157715.0,24028.05
09-Mar-2026,10-Mar-2026,PE,22250.0,5.15,445250.0,24028.05
09-Mar-2026,10-Mar-2026,PE,22300.0,5.65,937495.0,24028.05
09-Mar-2026,10-Mar-2026,PE,22350.0,6.0,356395.0,24028.05
09-Mar-2026,10-Mar-2026,PE,22400.0,5.35,737425.0,24028.05
09-Mar-2026,10-Mar-2026,PE,22450.0,5.3,389610.0,24028.05
09-Mar-2026,10-Mar-2026,PE,22500.0,6.85,4697420.0,24028.05
09-Mar-2026,10-Mar-2026,PE,22550.0,7.2,435695.0,24028.05
09-Mar-2026,10-Mar-2026,PE,22600.0,6.7,766545.0,24028.05
09-Mar-2026,10-Mar-2026,PE,22650.0,7.0,362765.0,24028.05
09-Mar-2026,10-Mar-2026,PE,22700.0,8.2,3692000.0,24028.05
09-Mar-2026,10-Mar-2026,PE,22750.0,9.0,9211345.0,24028.05
09-Mar-2026,10-Mar-2026,PE,22800.0,9.3,4476355.0,24028.05
09-Mar-2026,10-Mar-2026,PE,22850.0,10.9,1026610.0,24028.05
09-Mar-2026,10-Mar-2026,PE,22900.0,12.1,2483585.0,24028.05
09-Mar-2026,10-Mar-2026,PE,22950.0,14.5,1216215.0,24028.05
09-Mar-2026,10-Mar-2026,PE,23000.0,15.7,9860110.0,24028.05
09-Mar-2026,10-Mar-2026,PE,23050.0,17.65,1509690.0,24028.05
09-Mar-2026,10-Mar-2026,PE,23100.0,19.75,6133205.0,24028.05
09-Mar-2026,10-Mar-2026,PE,23150.0,22.15,1140555.0,24028.05
09-Mar-2026,10-Mar-2026,PE,23200.0,25.2,5129670.0,24028.05
09-Mar-2026,10-Mar-2026,PE,23250.0,29.0,1588990.0,24028.05
09-Mar-2026,10-Mar-2026,PE,23300.0,31.5,3451370.0,24028.05
09-Mar-2026,10-Mar-2026,PE,23350.0,36.55,2128165.0,24028.05
09-Mar-2026,10-Mar-2026,PE,23400.0,42.5,4647045.0,24028.05
09-Mar-2026,10-Mar-2026,PE,23450.0,46.9,2327910.0,24028.05
09-Mar-2026,10-Mar-2026,PE,23500.0,53.8,8252920.0,24028.05
09-Mar-2026,10-Mar-2026,PE,23550.0,59.05,1582685.0,24028.05
09-Mar-2026,10-Mar-2026,PE,23600.0,67.0,3213275.0,24028.05
09-Mar-2026,10-Mar-2026,PE,23650.0,75.9,1665625.0,24028.05
09-Mar-2026,10-Mar-2026,PE,23700.0,85.65,5951855.0,24028.05
09-Mar-2026,10-Mar-2026,PE,23750.0,96.65,3238300.0,24028.05
09-Mar-2026,10-Mar-2026,PE,23800.0,109.0,6725095.0,24028.05
09-Mar-2026,10-Mar-2026,PE,23850.0,122.05,2355665.0,24028.05
09-Mar-2026,10-Mar-2026,PE,23900.0,138.2,4125680.0,24028.05
09-Mar-2026,10-Mar-2026,PE,23950.0,155.05,1512810.0,24028.05
09-Mar-2026,10-Mar-2026,PE,24000.0,173.1,5533905.0,24028.05
09-Mar-2026,10-Mar-2026,PE,24050.0,197.4,1104610.0,24028.05
09-Mar-2026,10-Mar-2026,PE,24100.0,222.5,1661855.0,24028.05
09-Mar-2026,10-Mar-2026,PE,24150.0,247.9,435110.0,24028.05
09-Mar-2026,10-Mar-2026,PE,24200.0,280.0,1174745.0,24028.05
09-Mar-2026,10-Mar-2026,PE,24250.0,309.55,294060.0,24028.05
09-Mar-2026,10-Mar-2026,PE,24300.0,346.3,1042730.0,24028.05
09-Mar-2026,10-Mar-2026,PE,24350.0,386.9,382785.0,24028.05
09-Mar-2026,10-Mar-2026,PE,24400.0,422.55,885755.0,24028.05
09-Mar-2026,10-Mar-2026,PE,24450.0,467.8,665535.0,24028.05
09-Mar-2026,10-Mar-2026,PE,24500.0,511.0,1300130.0,24028.05
09-Mar-2026,10-Mar-2026,PE,24550.0,555.0,541190.0,24028.05
09-Mar-2026,10-Mar-2026,PE,24600.0,600.0,1254370.0,24028.05
09-Mar-2026,10-Mar-2026,PE,24650.0,645.8,1142245.0,24028.05
09-Mar-2026,10-Mar-2026,PE,24700.0,690.45,472355.0,24028.05
09-Mar-2026,10-Mar-2026,PE,24750.0,744.0,254345.0,24028.05
09-Mar-2026,10-Mar-2026,PE,24800.0,785.8,811785.0,24028.05
09-Mar-2026,10-Mar-2026,PE,24850.0,831.75,277810.0,24028.05
09-Mar-2026,10-Mar-2026,PE,24900.0,887.8,373230.0,24028.05
09-Mar-2026,10-Mar-2026,PE,24950.0,935.75,111215.0,24028.05
09-Mar-2026,10-Mar-2026,PE,25000.0,986.35,1088880.0,24028.05
09-Mar-2026,10-Mar-2026,PE,25050.0,1038.15,56485.0,24028.05
09-Mar-2026,10-Mar-2026,PE,25100.0,1073.95,183755.0,24028.05
09-Mar-2026,10-Mar-2026,PE,25150.0,1123.45,50830.0,24028.05
09-Mar-2026,10-Mar-2026,PE,25200.0,1187.2,332865.0,24028.05
09-Mar-2026,10-Mar-2026,PE,25250.0,1223.05,60255.0,24028.05
09-Mar-2026,10-Mar-2026,PE,25300.0,1275.5,226525.0,24028.05
09-Mar-2026,10-Mar-2026,PE,25350.0,1340.0,47580.0,24028.05
09-Mar-2026,10-Mar-2026,PE,25400.0,1372.7,288535.0,24028.05
09-Mar-2026,10-Mar-2026,PE,25450.0,1438.1,103090.0,24028.05
09-Mar-2026,10-Mar-2026,PE,25500.0,1485.0,748670.0,24028.05
09-Mar-2026,10-Mar-2026,PE,25550.0,1539.45,37115.0,24028.05
09-Mar-2026,10-Mar-2026,PE,25600.0,1588.0,175500.0,24028.05
09-Mar-2026,10-Mar-2026,PE,25650.0,1639.35,92430.0,24028.05
09-Mar-2026,10-Mar-2026,PE,25700.0,1688.45,154765.0,24028.05
09-Mar-2026,10-Mar-2026,PE,25750.0,1744.0,24895.0,24028.05
09-Mar-2026,10-Mar-2026,PE,25800.0,1778.05,101725.0,24028.05
09-Mar-2026,10-Mar-2026,PE,25850.0,1829.3,40300.0,24028.05
09-Mar-2026,10-Mar-2026,PE,25900.0,1898.45,80925.0,24028.05
09-Mar-2026,10-Mar-2026,PE,25950.0,1888.45,7410.0,24028.05
09-Mar-2026,10-Mar-2026,PE,26000.0,1988.25,229125.0,24028.05
09-Mar-2026,10-Mar-2026,PE,26050.0,1991.8,11115.0,24028.05
09-Mar-2026,10-Mar-2026,PE,26100.0,2089.25,73190.0,24028.05
09-Mar-2026,10-Mar-2026,PE,26150.0,2225.0,5395.0,24028.05
09-Mar-2026,10-Mar-2026,PE,26200.0,2186.0,38545.0,24028.05
09-Mar-2026,10-Mar-2026,PE,26250.0,2230.0,2015.0,24028.05
09-Mar-2026,10-Mar-2026,PE,26300.0,2296.65,24115.0,24028.05
09-Mar-2026,10-Mar-2026,PE,26350.0,2320.0,910.0,24028.05
09-Mar-2026,10-Mar-2026,PE,26400.0,2383.05,15145.0,24028.05
09-Mar-2026,10-Mar-2026,PE,26450.0,1000.0,390.0,24028.05
09-Mar-2026,10-Mar-2026,PE,26500.0,2484.5,67145.0,24028.05
09-Mar-2026,10-Mar-2026,PE,26550.0,943.65,325.0,24028.05
09-Mar-2026,10-Mar-2026,PE,26600.0,2580.2,22360.0,24028.05
09-Mar-2026,10-Mar-2026,PE,26650.0,1643.65,325.0,24028.05
09-Mar-2026,10-Mar-2026,PE,26700.0,2625.0,2990.0,24028.05
09-Mar-2026,10-Mar-2026,PE,26750.0,2705.0,325.0,24028.05
09-Mar-2026,10-Mar-2026,PE,26800.0,2730.0,390.0,24028.05
09-Mar-2026,10-Mar-2026,PE,26850.0,1353.3,65.0,24028.05
09-Mar-2026,10-Mar-2026,PE,26900.0,2830.0,130.0,24028.05
09-Mar-2026,10-Mar-2026,PE,26950.0,2569.55,130.0,24028.05
09-Mar-2026,10-Mar-2026,PE,27000.0,2979.15,33345.0,24028.05
09-Mar-2026,10-Mar-2026,PE,27050.0,1564.7,195.0,24028.05
09-Mar-2026,10-Mar-2026,PE,27100.0,3245.0,195.0,24028.05
09-Mar-2026,10-Mar-2026,PE,27150.0,2585.7,195.0,24028.05
09-Mar-2026,10-Mar-2026,PE,27200.0,2580.0,130.0,24028.05
09-Mar-2026,10-Mar-2026,PE,27250.0,3339.0,195.0,24028.05
09-Mar-2026,10-Mar-2026,PE,27300.0,2033.45,195.0,24028.05
09-Mar-2026,10-Mar-2026,PE,27350.0,1863.0,195.0,24028.05
09-Mar-2026,10-Mar-2026,PE,27400.0,2174.05,195.0,24028.05
09-Mar-2026,10-Mar-2026,PE,27450.0,1957.75,195.0,24028.05
09-Mar-2026,10-Mar-2026,PE,27500.0,3480.0,4485.0,24028.05
09-Mar-2026,10-Mar-2026,PE,27550.0,2045.05,65.0,24028.05
09-Mar-2026,10-Mar-2026,PE,27600.0,2091.75,130.0,24028.05
09-Mar-2026,10-Mar-2026,PE,27650.0,2750.0,195.0,24028.05
09-Mar-2026,10-Mar-2026,PE,27700.0,3770.0,130.0,24028.05
10-Mar-2026,10-Mar-2026,CE,21450.0,,,24261.6
10-Mar-2026,10-Mar-2026,CE,21500.0,,,24261.6
10-Mar-2026,10-Mar-2026,CE,21550.0,,,24261.6
10-Mar-2026,10-Mar-2026,CE,21600.0,,,24261.6
10-Mar-2026,10-Mar-2026,CE,21650.0,,,24261.6
10-Mar-2026,10-Mar-2026,CE,21700.0,2600.75,195.0,24261.6
10-Mar-2026,10-Mar-2026,CE,21750.0,,,24261.6
10-Mar-2026,10-Mar-2026,CE,21800.0,2477.05,780.0,24261.6
10-Mar-2026,10-Mar-2026,CE,21850.0,,,24261.6
10-Mar-2026,10-Mar-2026,CE,21900.0,,,24261.6
10-Mar-2026,10-Mar-2026,CE,21950.0,,,24261.6
10-Mar-2026,10-Mar-2026,CE,22000.0,,,24261.6
10-Mar-2026,10-Mar-2026,CE,22050.0,,,24261.6
10-Mar-2026,10-Mar-2026,CE,22100.0,,,24261.6
10-Mar-2026,10-Mar-2026,CE,22150.0,,,24261.6
10-Mar-2026,10-Mar-2026,CE,22200.0,,,24261.6
10-Mar-2026,10-Mar-2026,CE,22250.0,,,24261.6
10-Mar-2026,10-Mar-2026,CE,22300.0,,,24261.6
10-Mar-2026,10-Mar-2026,CE,22350.0,,,24261.6
10-Mar-2026,10-Mar-2026,CE,22400.0,1873.2,65.0,24261.6
10-Mar-2026,10-Mar-2026,CE,22450.0,,,24261.6
10-Mar-2026,10-Mar-2026,CE,22500.0,1769.0,650.0,24261.6
10-Mar-2026,10-Mar-2026,CE,22550.0,,,24261.6
10-Mar-2026,10-Mar-2026,CE,22600.0,,,24261.6
10-Mar-2026,10-Mar-2026,CE,22650.0,,,24261.6
10-Mar-2026,10-Mar-2026,CE,22700.0,,,24261.6
10-Mar-2026,10-Mar-2026,CE,22750.0,1413.4,650.0,24261.6
10-Mar-2026,10-Mar-2026,CE,22800.0,1471.9,1950.0,24261.6
10-Mar-2026,10-Mar-2026,CE,22850.0,,,24261.6
10-Mar-2026,10-Mar-2026,CE,22900.0,1337.35,975.0,24261.6
10-Mar-2026,10-Mar-2026,CE,22950.0,1315.0,3640.0,24261.6
10-Mar-2026,10-Mar-2026,CE,23000.0,1263.65,41600.0,24261.6
10-Mar-2026,10-Mar-2026,CE,23050.0,1354.75,2990.0,24261.6
10-Mar-2026,10-Mar-2026,CE,23100.0,1164.05,10530.0,24261.6
10-Mar-2026,10-Mar-2026,CE,23150.0,1110.25,3770.0,24261.6
10-Mar-2026,10-Mar-2026,CE,23200.0,1063.7,16380.0,24261.6
10-Mar-2026,10-Mar-2026,CE,23250.0,1013.2,24310.0,24261.6
10-Mar-2026,10-Mar-2026,CE,23300.0,960.65,38870.0,24261.6
10-Mar-2026,10-Mar-2026,CE,23350.0,910.15,31330.0,24261.6
10-Mar-2026,10-Mar-2026,CE,23400.0,861.5,45955.0,24261.6
10-Mar-2026,10-Mar-2026,CE,23450.0,813.0,34320.0,24261.6
10-Mar-2026,10-Mar-2026,CE,23500.0,763.25,161265.0,24261.6
10-Mar-2026,10-Mar-2026,CE,23550.0,712.95,48945.0,24261.6
10-Mar-2026,10-Mar-2026,CE,23600.0,661.3,105170.0,24261.6
10-Mar-2026,10-Mar-2026,CE,23650.0,610.7,79755.0,24261.6
10-Mar-2026,10-Mar-2026,CE,23700.0,561.35,317135.0,24261.6
10-Mar-2026,10-Mar-2026,CE,23750.0,511.4,412295.0,24261.6
10-Mar-2026,10-Mar-2026,CE,23800.0,462.15,1374815.0,24261.6
10-Mar-2026,10-Mar-2026,CE,23850.0,411.0,405340.0,24261.6
10-Mar-2026,10-Mar-2026,CE,23900.0,361.45,564265.0,24261.6
10-Mar-2026,10-Mar-2026,CE,23950.0,311.35,216190.0,24261.6
10-Mar-2026,10-Mar-2026,CE,24000.0,261.2,993720.0,24261.6
10-Mar-2026,10-Mar-2026,CE,24050.0,211.2,369330.0,24261.6
10-Mar-2026,10-Mar-2026,CE,24100.0,161.25,2393950.0,24261.6
10-Mar-2026,10-Mar-2026,CE,24150.0,111.45,2462655.0,24261.6
10-Mar-2026,10-Mar-2026,CE,24200.0,61.5,4857905.0,24261.6
10-Mar-2026,10-Mar-2026,CE,24250.0,11.65,10259860.0,24261.6
10-Mar-2026,10-Mar-2026,CE,24300.0,0.05,19241560.0,24261.6
10-Mar-2026,10-Mar-2026,CE,24350.0,0.05,7282470.0,24261.6
10-Mar-2026,10-Mar-2026,CE,24400.0,0.05,9872070.0,24261.6
10-Mar-2026,10-Mar-2026,CE,24450.0,0.05,3864185.0,24261.6
10-Mar-2026,10-Mar-2026,CE,24500.0,0.05,8563815.0,24261.6
10-Mar-2026,10-Mar-2026,CE,24550.0,0.05,3600155.0,24261.6
10-Mar-2026,10-Mar-2026,CE,24600.0,0.05,8414445.0,24261.6
10-Mar-2026,10-Mar-2026,CE,24650.0,0.05,3479125.0,24261.6
10-Mar-2026,10-Mar-2026,CE,24700.0,0.05,6133985.0,24261.6
10-Mar-2026,10-Mar-2026,CE,24750.0,0.05,4257565.0,24261.6
10-Mar-2026,10-Mar-2026,CE,24800.0,0.05,7209085.0,24261.6
10-Mar-2026,10-Mar-2026,CE,24850.0,0.05,1815710.0,24261.6
10-Mar-2026,10-Mar-2026,CE,24900.0,0.05,5099445.0,24261.6
10-Mar-2026,10-Mar-2026,CE,24950.0,0.05,1933815.0,24261.6
10-Mar-2026,10-Mar-2026,CE,25000.0,0.05,10703160.0,24261.6
10-Mar-2026,10-Mar-2026,CE,25050.0,0.05,2019810.0,24261.6
10-Mar-2026,10-Mar-2026,CE,25100.0,0.05,4172350.0,24261.6
10-Mar-2026,10-Mar-2026,CE,25150.0,0.05,1169285.0,24261.6
10-Mar-2026,10-Mar-2026,CE,25200.0,0.05,3821740.0,24261.6
10-Mar-2026,10-Mar-2026,CE,25250.0,0.05,1649700.0,24261.6
10-Mar-2026,10-Mar-2026,CE,25300.0,0.05,2527070.0,24261.6
10-Mar-2026,10-Mar-2026,CE,25350.0,0.05,1081795.0,24261.6
10-Mar-2026,10-Mar-2026,CE,25400.0,0.05,3175315.0,24261.6
10-Mar-2026,10-Mar-2026,CE,25450.0,0.05,1134380.0,24261.6
10-Mar-2026,10-Mar-2026,CE,25500.0,0.05,6202365.0,24261.6
10-Mar-2026,10-Mar-2026,CE,25550.0,0.05,1264055.0,24261.6
10-Mar-2026,10-Mar-2026,CE,25600.0,0.05,1786525.0,24261.6
10-Mar-2026,10-Mar-2026,CE,25650.0,0.05,955630.0,24261.6
10-Mar-2026,10-Mar-2026,CE,25700.0,0.05,2273570.0,24261.6
10-Mar-2026,10-Mar-2026,CE,25750.0,0.05,657735.0,24261.6
10-Mar-2026,10-Mar-2026,CE,25800.0,0.05,1239745.0,24261.6
10-Mar-2026,10-Mar-2026,CE,25850.0,0.05,302835.0,24261.6
10-Mar-2026,10-Mar-2026,CE,25900.0,0.05,619840.0,24261.6
10-Mar-2026,10-Mar-2026,CE,25950.0,0.05,243685.0,24261.6
10-Mar-2026,10-Mar-2026,CE,26000.0,0.05,3839030.0,24261.6
10-Mar-2026,10-Mar-2026,CE,26050.0,0.05,230425.0,24261.6
10-Mar-2026,10-Mar-2026,CE,26100.0,0.05,908115.0,24261.6
10-Mar-2026,10-Mar-2026,CE,26150.0,0.05,243620.0,24261.6
10-Mar-2026,10-Mar-2026,CE,26200.0,0.05,1090115.0,24261.6
10-Mar-2026,10-Mar-2026,CE,26250.0,0.05,183105.0,24261.6
10-Mar-2026,10-Mar-2026,CE,26300.0,0.05,478855.0,24261.6
10-Mar-2026,10-Mar-2026,CE,26350.0,0.05,154700.0,24261.6
10-Mar-2026,10-Mar-2026,CE,26400.0,0.1,288210.0,24261.6
10-Mar-2026,10-Mar-2026,CE,26450.0,0.05,92105.0,24261.6
10-Mar-2026,10-Mar-2026,CE,26500.0,0.05,1271205.0,24261.6
10-Mar-2026,10-Mar-2026,CE,26550.0,0.05,95810.0,24261.6
10-Mar-2026,10-Mar-2026,CE,26600.0,0.05,211315.0,24261.6
10-Mar-2026,10-Mar-2026,CE,26650.0,0.05,144625.0,24261.6
10-Mar-2026,10-Mar-2026,CE,26700.0,0.05,222690.0,24261.6
10-Mar-2026,10-Mar-2026,CE,26750.0,0.05,92820.0,24261.6
10-Mar-2026,10-Mar-2026,CE,26800.0,0.05,297180.0,24261.6
10-Mar-2026,10-Mar-2026,CE,26850.0,0.05,122265.0,24261.6
10-Mar-2026,10-Mar-2026,CE,26900.0,0.05,106015.0,24261.6
10-Mar-2026,10-Mar-2026,CE,26950.0,0.05,96005.0,24261.6
10-Mar-2026,10-Mar-2026,CE,27000.0,0.05,1281475.0,24261.6
10-Mar-2026,10-Mar-2026,CE,27050.0,0.1,74295.0,24261.6
10-Mar-2026,10-Mar-2026,CE,27100.0,0.05,108095.0,24261.6
10-Mar-2026,10-Mar-2026,CE,27150.0,0.05,108030.0,24261.6
10-Mar-2026,10-Mar-2026,CE,27200.0,0.05,183235.0,24261.6
10-Mar-2026,10-Mar-2026,CE,27250.0,0.05,85150.0,24261.6
10-Mar-2026,10-Mar-2026,CE,27300.0,0.05,141180.0,24261.6
10-Mar-2026,10-Mar-2026,CE,27350.0,0.05,69615.0,24261.6
10-Mar-2026,10-Mar-2026,CE,27400.0,0.05,127595.0,24261.6
10-Mar-2026,10-Mar-2026,CE,27450.0,0.05,58175.0,24261.6
10-Mar-2026,10-Mar-2026,CE,27500.0,0.05,739635.0,24261.6
10-Mar-2026,10-Mar-2026,CE,27550.0,0.05,103480.0,24261.6
10-Mar-2026,10-Mar-2026,CE,27600.0,0.05,203515.0,24261.6
10-Mar-2026,10-Mar-2026,CE,27650.0,0.05,167050.0,24261.6
10-Mar-2026,10-Mar-2026,CE,27700.0,0.05,988260.0,24261.6
10-Mar-2026,10-Mar-2026,PE,21450.0,0.05,1126840.0,24261.6
10-Mar-2026,10-Mar-2026,PE,21500.0,0.05,1097525.0,24261.6
10-Mar-2026,10-Mar-2026,PE,21550.0,0.05,76505.0,24261.6
10-Mar-2026,10-Mar-2026,PE,21600.0,0.05,217230.0,24261.6
10-Mar-2026,10-Mar-2026,PE,21650.0,0.05,109070.0,24261.6
10-Mar-2026,10-Mar-2026,PE,21700.0,0.05,216190.0,24261.6
10-Mar-2026,10-Mar-2026,PE,21750.0,0.05,144300.0,24261.6
10-Mar-2026,10-Mar-2026,PE,21800.0,0.05,396695.0,24261.6
10-Mar-2026,10-Mar-2026,PE,21850.0,0.05,101010.0,24261.6
10-Mar-2026,10-Mar-2026,PE,21900.0,0.05,439335.0,24261.6
10-Mar-2026,10-Mar-2026,PE,21950.0,0.05,79560.0,24261.6
10-Mar-2026,10-Mar-2026,PE,22000.0,0.05,1698645.0,24261.6
10-Mar-2026,10-Mar-2026,PE,22050.0,0.05,131755.0,24261.6
10-Mar-2026,10-Mar-2026,PE,22100.0,0.1,188240.0,24261.6
10-Mar-2026,10-Mar-2026,PE,22150.0,0.05,148005.0,24261.6
10-Mar-2026,10-Mar-2026,PE,22200.0,0.05,357435.0,24261.6
10-Mar-2026,10-Mar-2026,PE,22250.0,0.05,195585.0,24261.6
10-Mar-2026,10-Mar-2026,PE,22300.0,0.05,523315.0,24261.6
10-Mar-2026,10-Mar-2026,PE,22350.0,0.05,230360.0,24261.6
10-Mar-2026,10-Mar-2026,PE,22400.0,0.05,361075.0,24261.6
10-Mar-2026,10-Mar-2026,PE,22450.0,0.1,271440.0,24261.6
10-Mar-2026,10-Mar-2026,PE,22500.0,0.05,2529345.0,24261.6
10-Mar-2026,10-Mar-2026,PE,22550.0,0.1,327990.0,24261.6
10-Mar-2026,10-Mar-2026,PE,22600.0,0.05,691535.0,24261.6
10-Mar-2026,10-Mar-2026,PE,22650.0,0.05,815230.0,24261.6
10-Mar-2026,10-Mar-2026,PE,22700.0,0.05,1486290.0,24261.6
10-Mar-2026,10-Mar-2026,PE,22750.0,0.05,3677440.0,24261.6
10-Mar-2026,10-Mar-2026,PE,22800.0,0.05,2471235.0,24261.6
10-Mar-2026,10-Mar-2026,PE,22850.0,0.05,822640.0,24261.6
10-Mar-2026,10-Mar-2026,PE,22900.0,0.05,1513785.0,24261.6
10-Mar-2026,10-Mar-2026,PE,22950.0,0.05,1269320.0,24261.6
10-Mar-2026,10-Mar-2026,PE,23000.0,0.05,10028265.0,24261.6
10-Mar-2026,10-Mar-2026,PE,23050.0,0.05,1142765.0,24261.6
10-Mar-2026,10-Mar-2026,PE,23100.0,0.05,2777255.0,24261.6
10-Mar-2026,10-Mar-2026,PE,23150.0,0.05,907205.0,24261.6
10-Mar-2026,10-Mar-2026,PE,23200.0,0.05,4584190.0,24261.6
10-Mar-2026,10-Mar-2026,PE,23250.0,0.05,1612455.0,24261.6
10-Mar-2026,10-Mar-2026,PE,23300.0,0.05,2921685.0,24261.6
10-Mar-2026,10-Mar-2026,PE,23350.0,0.05,1673750.0,24261.6
10-Mar-2026,10-Mar-2026,PE,23400.0,0.05,3889405.0,24261.6
10-Mar-2026,10-Mar-2026,PE,23450.0,0.05,2443805.0,24261.6
10-Mar-2026,10-Mar-2026,PE,23500.0,0.05,9157525.0,24261.6
10-Mar-2026,10-Mar-2026,PE,23550.0,0.05,2495610.0,24261.6
10-Mar-2026,10-Mar-2026,PE,23600.0,0.05,4085900.0,24261.6
10-Mar-2026,10-Mar-2026,PE,23650.0,0.05,2546765.0,24261.6
10-Mar-2026,10-Mar-2026,PE,23700.0,0.05,5119140.0,24261.6
10-Mar-2026,10-Mar-2026,PE,23750.0,0.05,3481530.0,24261.6
10-Mar-2026,10-Mar-2026,PE,23800.0,0.05,5986565.0,24261.6
10-Mar-2026,10-Mar-2026,PE,23850.0,0.05,3362125.0,24261.6
10-Mar-2026,10-Mar-2026,PE,23900.0,0.05,4441775.0,24261.6
10-Mar-2026,10-Mar-2026,PE,23950.0,0.05,2394340.0,24261.6
10-Mar-2026,10-Mar-2026,PE,24000.0,0.05,8394035.0,24261.6
10-Mar-2026,10-Mar-2026,PE,24050.0,0.05,3394040.0,24261.6
10-Mar-2026,10-Mar-2026,PE,24100.0,0.05,8460985.0,24261.6
10-Mar-2026,10-Mar-2026,PE,24150.0,0.05,8123180.0,24261.6
10-Mar-2026,10-Mar-2026,PE,24200.0,0.05,16770195.0,24261.6
10-Mar-2026,10-Mar-2026,PE,24250.0,0.05,22230975.0,24261.6
10-Mar-2026,10-Mar-2026,PE,24300.0,38.2,5663710.0,24261.6
10-Mar-2026,10-Mar-2026,PE,24350.0,88.1,922935.0,24261.6
10-Mar-2026,10-Mar-2026,PE,24400.0,138.0,753545.0,24261.6
10-Mar-2026,10-Mar-2026,PE,24450.0,187.85,616980.0,24261.6
10-Mar-2026,10-Mar-2026,PE,24500.0,237.7,865735.0,24261.6
10-Mar-2026,10-Mar-2026,PE,24550.0,287.65,470860.0,24261.6
10-Mar-2026,10-Mar-2026,PE,24600.0,337.95,749515.0,24261.6
10-Mar-2026,10-Mar-2026,PE,24650.0,388.7,896090.0,24261.6
10-Mar-2026,10-Mar-2026,PE,24700.0,439.0,272935.0,24261.6
10-Mar-2026,10-Mar-2026,PE,24750.0,489.0,188890.0,24261.6
10-Mar-2026,10-Mar-2026,PE,24800.0,538.65,563615.0,24261.6
10-Mar-2026,10-Mar-2026,PE,24850.0,588.5,227110.0,24261.6
10-Mar-2026,10-Mar-2026,PE,24900.0,639.35,248365.0,24261.6
10-Mar-2026,10-Mar-2026,PE,24950.0,689.45,92235.0,24261.6
10-Mar-2026,10-Mar-2026,PE,25000.0,739.85,674375.0,24261.6
10-Mar-2026,10-Mar-2026,PE,25050.0,788.25,38870.0,24261.6
10-Mar-2026,10-Mar-2026,PE,25100.0,839.9,138125.0,24261.6
10-Mar-2026,10-Mar-2026,PE,25150.0,890.4,41080.0,24261.6
10-Mar-2026,10-Mar-2026,PE,25200.0,940.0,274235.0,24261.6
10-Mar-2026,10-Mar-2026,PE,25250.0,988.0,54990.0,24261.6
10-Mar-2026,10-Mar-2026,PE,25300.0,1038.4,139295.0,24261.6
10-Mar-2026,10-Mar-2026,PE,25350.0,1091.05,33540.0,24261.6
10-Mar-2026,10-Mar-2026,PE,25400.0,1139.3,136045.0,24261.6
10-Mar-2026,10-Mar-2026,PE,25450.0,1190.35,78455.0,24261.6
10-Mar-2026,10-Mar-2026,PE,25500.0,1238.0,417235.0,24261.6
10-Mar-2026,10-Mar-2026,PE,25550.0,1289.7,32240.0,24261.6
10-Mar-2026,10-Mar-2026,PE,25600.0,1338.0,157170.0,24261.6
10-Mar-2026,10-Mar-2026,PE,25650.0,1390.05,85280.0,24261.6
10-Mar-2026,10-Mar-2026,PE,25700.0,1441.25,123045.0,24261.6
10-Mar-2026,10-Mar-2026,PE,25750.0,1491.55,19695.0,24261.6
10-Mar-2026,10-Mar-2026,PE,25800.0,1539.2,60060.0,24261.6
10-Mar-2026,10-Mar-2026,PE,25850.0,1589.15,33150.0,24261.6
10-Mar-2026,10-Mar-2026,PE,25900.0,1641.55,57200.0,24261.6
10-Mar-2026,10-Mar-2026,PE,25950.0,1691.15,6825.0,24261.6
10-Mar-2026,10-Mar-2026,PE,26000.0,1746.0,200915.0,24261.6
10-Mar-2026,10-Mar-2026,PE,26050.0,1789.1,9685.0,24261.6
10-Mar-2026,10-Mar-2026,PE,26100.0,1840.0,46410.0,24261.6
10-Mar-2026,10-Mar-2026,PE,26150.0,1885.7,4745.0,24261.6
10-Mar-2026,10-Mar-2026,PE,26200.0,1942.0,26130.0,24261.6
10-Mar-2026,10-Mar-2026,PE,26250.0,1968.6,390.0,24261.6
10-Mar-2026,10-Mar-2026,PE,26300.0,2042.2,12480.0,24261.6
10-Mar-2026,10-Mar-2026,PE,26350.0,2080.0,650.0,24261.6
10-Mar-2026,10-Mar-2026,PE,26400.0,2141.9,7280.0,24261.6
10-Mar-2026,10-Mar-2026,PE,26450.0,1000.0,390.0,24261.6
10-Mar-2026,10-Mar-2026,PE,26500.0,2242.0,24115.0,24261.6
10-Mar-2026,10-Mar-2026,PE,26550.0,943.65,325.0,24261.6
10-Mar-2026,10-Mar-2026,PE,26600.0,2343.05,10465.0,24261.6
10-Mar-2026,10-Mar-2026,PE,26650.0,1643.65,325.0,24261.6
10-Mar-2026,10-Mar-2026,PE,26700.0,2443.4,1365.0,24261.6
10-Mar-2026,10-Mar-2026,PE,26750.0,2488.95,325.0,24261.6
10-Mar-2026,10-Mar-2026,PE,26800.0,2558.75,260.0,24261.6
10-Mar-2026,10-Mar-2026,PE,26850.0,1353.3,65.0,24261.6
10-Mar-2026,10-Mar-2026,PE,26900.0,2700.0,65.0,24261.6
10-Mar-2026,10-Mar-2026,PE,26950.0,2772.4,130.0,24261.6
10-Mar-2026,10-Mar-2026,PE,27000.0,2736.8,9100.0,24261.6
10-Mar-2026,10-Mar-2026,PE,27050.0,1564.7,195.0,24261.6
10-Mar-2026,10-Mar-2026,PE,27100.0,3245.0,195.0,24261.6
10-Mar-2026,10-Mar-2026,PE,27150.0,2585.7,195.0,24261.6
10-Mar-2026,10-Mar-2026,PE,27200.0,2580.0,130.0,24261.6
10-Mar-2026,10-Mar-2026,PE,27250.0,3010.0,195.0,24261.6
10-Mar-2026,10-Mar-2026,PE,27300.0,2033.45,195.0,24261.6
10-Mar-2026,10-Mar-2026,PE,27350.0,1863.0,195.0,24261.6
10-Mar-2026,10-Mar-2026,PE,27400.0,2174.05,195.0,24261.6
10-Mar-2026,10-Mar-2026,PE,27450.0,1957.75,195.0,24261.6
10-Mar-2026,10-Mar-2026,PE,27500.0,3244.3,3510.0,24261.6
10-Mar-2026,10-Mar-2026,PE,27550.0,2045.05,65.0,24261.6
10-Mar-2026,10-Mar-2026,PE,27600.0,2091.75,130.0,24261.6
10-Mar-2026,10-Mar-2026,PE,27650.0,2750.0,195.0,24261.6
10-Mar-2026,10-Mar-2026,PE,27700.0,3770.0,130.0,24261.6
